{
    "2019": {
        "Revenue": 43215013000.0,
        "Revenue Growth": 0.038736831974519,
        "Cost of Revenue": 29900325000.0,
        "Gross Profit": 13314688000.0,
        "R&D Expenses": 799734000.0,
        "SG&A Expense": 7009614000.0,
        "Operating Expenses": 7009614000.0,
        "Operating Income": 6305074000.0,
        "Interest Expense": 22963000.0,
        "Earnings before Tax": 6251797000.0,
        "Income Tax Expense": 1405556000.0,
        "Net Income - Non-Controlling int": 0.0,
        "Net Income - Discontinued ops": 0.0,
        "Net Income": 4779112000.0,
        "Preferred Dividends": 0.0,
        "Net Income Com": 4779112000.0,
        "EPS": 7.49,
        "EPS Diluted": 7.36,
        "Weighted Average Shs Out": 638098125.0,
        "Weighted Average Shs Out (Dil)": 650204873.0,
        "Dividend per Share": 2.86733163256,
        "Gross Margin": 0.308103297343,
        "EBITDA Margin": 0.166558644793,
        "EBIT Margin": 0.145900083381,
        "Profit Margin": 0.110589160299,
        "Free Cash Flow margin": 0.139487265687,
        "EBITDA": 7197834000.0,
        "EBIT": 6305074000.0,
        "Consolidated Income": 4779112000.0,
        "Earnings Before Tax Margin": 0.144667247931,
        "Net Profit Margin": 0.110589160299
    },
    "2018": {
        "Revenue": 41603428000.0,
        "Revenue Growth": 0.131589476410452,
        "Cost of Revenue": 27130537000.0,
        "Gross Profit": 14472891000.0,
        "R&D Expenses": 790779000.0,
        "SG&A Expense": 6601872000.0,
        "Operating Expenses": 8631850000.0,
        "Operating Income": 5841041000.0,
        "Interest Expense": 19539000.0,
        "Earnings before Tax": 5808093000.0,
        "Income Tax Expense": 1593499000.0,
        "Net Income - Non-Controlling int": 0.0,
        "Net Income - Discontinued ops": 0.0,
        "Net Income": 4059907000.0,
        "Preferred Dividends": 0.0,
        "Net Income Com": 4059907000.0,
        "EPS": 6.46,
        "EPS Diluted": 6.34,
        "Weighted Average Shs Out": 628451742.0,
        "Weighted Average Shs Out (Dil)": 655296150.0,
        "Dividend per Share": 2.60755995591,
        "Gross Margin": 0.347877367221,
        "EBITDA Margin": 0.162674503649,
        "EBIT Margin": 0.140398070082,
        "Profit Margin": 0.0975858768177,
        "Free Cash Flow margin": 0.129977366288,
        "EBITDA": 6767817000.0,
        "EBIT": 5841041000.0,
        "Consolidated Income": 4059907000.0,
        "Earnings Before Tax Margin": 0.139606116111,
        "Net Profit Margin": 0.0975858768177
    },
    "2017": {
        "Revenue": 36765478000.0,
        "Revenue Growth": 0.0565502664101475,
        "Cost of Revenue": 24329483000.0,
        "Gross Profit": 12435995000.0,
        "R&D Expenses": 704317000.0,
        "SG&A Expense": 5888090000.0,
        "Operating Expenses": 7803386000.0,
        "Operating Income": 4632609000.0,
        "Interest Expense": 15545000.0,
        "Earnings before Tax": 4616032000.0,
        "Income Tax Expense": 981100000.0,
        "Net Income - Non-Controlling int": 0.0,
        "Net Income - Discontinued ops": 0.0,
        "Net Income": 3445149000.0,
        "Preferred Dividends": 0.0,
        "Net Income Com": 3445149000.0,
        "EPS": 5.56,
        "EPS Diluted": 5.44,
        "Weighted Average Shs Out": 620104250.0,
        "Weighted Average Shs Out (Dil)": 660463227.0,
        "Dividend per Share": 2.37345235271,
        "Gross Margin": 0.338251960168,
        "EBITDA Margin": 0.147812521301,
        "EBIT Margin": 0.126004318508,
        "Profit Margin": 0.0937060848223,
        "Free Cash Flow margin": 0.121231117953,
        "EBITDA": 5434398000.0,
        "EBIT": 4632609000.0,
        "Consolidated Income": 3445149000.0,
        "Earnings Before Tax Margin": 0.125553433577,
        "Net Profit Margin": 0.0937060848223
    },
    "2016": {
        "Revenue": 34797661000.0,
        "Revenue Growth": 0.0572161615223769,
        "Cost of Revenue": 22605296000.0,
        "Gross Profit": 12192365000.0,
        "R&D Expenses": 643407000.0,
        "SG&A Expense": 5466982000.0,
        "Operating Expenses": 7381920000.0,
        "Operating Income": 4810445000.0,
        "Interest Expense": 16258000.0,
        "Earnings before Tax": 5603572000.0,
        "Income Tax Expense": 1253969000.0,
        "Net Income - Non-Controlling int": 0.0,
        "Net Income - Discontinued ops": 0.0,
        "Net Income": 4111892000.0,
        "Preferred Dividends": 0.0,
        "Net Income Com": 4111892000.0,
        "EPS": 6.58,
        "EPS Diluted": 6.45,
        "Weighted Average Shs Out": 624797820.0,
        "Weighted Average Shs Out (Dil)": 667770274.0,
        "Dividend per Share": 2.15364183761,
        "Gross Margin": 0.350378865982,
        "EBITDA Margin": 0.159191647967,
        "EBIT Margin": 0.138240469668,
        "Profit Margin": 0.118165758325,
        "Free Cash Flow margin": 0.117207561738,
        "EBITDA": 5539497000.0,
        "EBIT": 4810445000.0,
        "Consolidated Income": 4111892000.0,
        "Earnings Before Tax Margin": 0.161033007362,
        "Net Profit Margin": 0.118165758325
    },
    "2015": {
        "Revenue": 32914424000.0,
        "Revenue Growth": 0.0326198118770015,
        "Cost of Revenue": 21303074000.0,
        "Gross Profit": 11611350000.0,
        "R&D Expenses": 625541000.0,
        "SG&A Expense": 5308988000.0,
        "Operating Expenses": 7175481000.0,
        "Operating Income": 4435869000.0,
        "Interest Expense": 14578000.0,
        "Earnings before Tax": 4410530000.0,
        "Income Tax Expense": 1136741000.0,
        "Net Income - Non-Controlling int": 0.0,
        "Net Income - Discontinued ops": 0.0,
        "Net Income": 3053581000.0,
        "Preferred Dividends": 0.0,
        "Net Income Com": 3053581000.0,
        "EPS": 4.87,
        "EPS Diluted": 4.76,
        "Weighted Average Shs Out": 626799586.0,
        "Weighted Average Shs Out (Dil)": 678757070.0,
        "Dividend per Share": 1.99404331803,
        "Gross Margin": 0.352773908485,
        "EBITDA Margin": 0.154394073553,
        "EBIT Margin": 0.134769759301,
        "Profit Margin": 0.0927733385217,
        "Free Cash Flow margin": 0.112325222523,
        "EBITDA": 5081792000.0,
        "EBIT": 4435869000.0,
        "Consolidated Income": 3053581000.0,
        "Earnings Before Tax Margin": 0.133999914445,
        "Net Profit Margin": 0.0927733385217
    },
    "2014": {
        "Revenue": 31874678000.0,
        "Revenue Growth": 0.0487062946208473,
        "Cost of Revenue": 20299913000.0,
        "Gross Profit": 11574765000.0,
        "R&D Expenses": 639513000.0,
        "SG&A Expense": 5401969000.0,
        "Operating Expenses": 7274253000.0,
        "Operating Income": 4300512000.0,
        "Interest Expense": 17621000.0,
        "Earnings before Tax": 3175958000.0,
        "Income Tax Expense": 1121743000.0,
        "Net Income - Non-Controlling int": 0.0,
        "Net Income - Discontinued ops": 0.0,
        "Net Income": 2941498000.0,
        "Preferred Dividends": 0.0,
        "Net Income Com": 2941498000.0,
        "EPS": 4.64,
        "EPS Diluted": 4.52,
        "Weighted Average Shs Out": 634216250.0,
        "Weighted Average Shs Out (Dil)": 692389966.0,
        "Dividend per Share": 1.81244105435,
        "Gross Margin": 0.363133550714,
        "EBITDA Margin": 0.154393873406,
        "EBIT Margin": 0.13491938648,
        "Profit Margin": 0.0922832224376,
        "Free Cash Flow margin": 0.0992704930227,
        "EBITDA": 4921255000.0,
        "EBIT": 4300512000.0,
        "Consolidated Income": 2941498000.0,
        "Earnings Before Tax Margin": 0.0996389045875,
        "Net Profit Margin": 0.0922832224376
    },
    "2013": {
        "Revenue": 30394285000.0,
        "Revenue Growth": 0.0206964977650435,
        "Cost of Revenue": 18906593000.0,
        "Gross Profit": 11487692000.0,
        "R&D Expenses": 715094000.0,