{
    "2018": {
        "Revenue": 137321395.0,
        "Revenue Growth": 0.0518653994559601,
        "Cost of Revenue": 86672413.0,
        "Gross Profit": 50648982.0,
        "R&D Expenses": 734000.0,
        "SG&A Expense": 43192076.0,
        "Operating Expenses": 43926076.0,
        "Operating Income": 7456906.0,
        "Interest Expense": 0.0,
        "Earnings before Tax": 5531224.0,
        "Income Tax Expense": 932874.0,
        "Net Income - Non-Controlling int": 0.0,
        "Net Income - Discontinued ops": 0.0,
        "Net Income": 4598350.0,
        "Preferred Dividends": 0.0,
        "Net Income Com": 4598350.0,
        "EPS": 1.36,
        "EPS Diluted": 1.3,
        "Weighted Average Shs Out": 3370744.0,
        "Weighted Average Shs Out (Dil)": 3541910.0,
        "Dividend per Share": 0.419217032618,
        "Gross Margin": 0.368835329702,
        "EBITDA Margin": 0.0778182161636,
        "EBIT Margin": 0.0543025797255,
        "Profit Margin": 0.0334860419966,
        "Free Cash Flow margin": 0.011828280655,
        "EBITDA": 10686106.0,
        "EBIT": 7456906.0,
        "Consolidated Income": 4598350.0,
        "Earnings Before Tax Margin": 0.0402794043856,
        "Net Profit Margin": 0.0334860419966
    },
    "2017": {
        "Revenue": 130550349.0,
        "Revenue Growth": 0.0479711673599379,
        "Cost of Revenue": 82651076.0,
        "Gross Profit": 47899273.0,
        "R&D Expenses": 752000.0,
        "SG&A Expense": 40103220.0,
        "Operating Expenses": 40855220.0,
        "Operating Income": 7796053.0,
        "Interest Expense": 0.0,
        "Earnings before Tax": 6493297.0,
        "Income Tax Expense": 2440818.0,
        "Net Income - Non-Controlling int": 0.0,
        "Net Income - Discontinued ops": 0.0,
        "Net Income": 4052479.0,
        "Preferred Dividends": 0.0,
        "Net Income Com": 4052479.0,
        "EPS": 1.21,
        "EPS Diluted": 1.09,
        "Weighted Average Shs Out": 3356383.0,
        "Weighted Average Shs Out (Dil)": 3724603.0,
        "Dividend per Share": 0.378141777795,
        "Gross Margin": 0.36690268059,
        "EBITDA Margin": 0.0818911100728,
        "EBIT Margin": 0.0597168300178,
        "Profit Margin": 0.031041502616,
        "Free Cash Flow margin": 0.0127512642651,
        "EBITDA": 10690913.0,
        "EBIT": 7796053.0,
        "Consolidated Income": 4052479.0,
        "Earnings Before Tax Margin": 0.0497378754614,
        "Net Profit Margin": 0.031041502616
    },
    "2016": {
        "Revenue": 124574371.0,
        "Revenue Growth": 0.134435527893513,
        "Cost of Revenue": 79019315.0,
        "Gross Profit": 45555056.0,
        "R&D Expenses": 750000.0,
        "SG&A Expense": 37113000.0,
        "Operating Expenses": 37863000.0,
        "Operating Income": 8442056.0,
        "Interest Expense": 0.0,
        "Earnings before Tax": 7496703.0,
        "Income Tax Expense": 1645705.0,
        "Net Income - Non-Controlling int": 0.0,
        "Net Income - Discontinued ops": 0.0,
        "Net Income": 5850998.0,
        "Preferred Dividends": 0.0,
        "Net Income Com": 5850998.0,
        "EPS": 1.76,
        "EPS Diluted": 1.64,
        "Weighted Average Shs Out": 3327867.0,
        "Weighted Average Shs Out (Dil)": 3577823.0,
        "Dividend per Share": 0.372505012126,
        "Gross Margin": 0.365685619235,
        "EBITDA Margin": 0.0872073598509,
        "EBIT Margin": 0.067767197476,
        "Profit Margin": 0.0469679112407,
        "Free Cash Flow margin": 0.0565717325597,
        "EBITDA": 10863802.0,
        "EBIT": 8442056.0,
        "Consolidated Income": 5850998.0,
        "Earnings Before Tax Margin": 0.0601785338334,
        "Net Profit Margin": 0.0469679112407
    },
    "2015": {
        "Revenue": 109811768.0,
        "Revenue Growth": 0.0241504039280782,
        "Cost of Revenue": 70250550.0,
        "Gross Profit": 39561218.0,
        "R&D Expenses": 690000.0,
        "SG&A Expense": 32214212.0,
        "Operating Expenses": 32904212.0,
        "Operating Income": 7347006.0,
        "Interest Expense": 0.0,
        "Earnings before Tax": 6614397.0,
        "Income Tax Expense": 1820872.0,
        "Net Income - Non-Controlling int": 0.0,
        "Net Income - Discontinued ops": 0.0,
        "Net Income": 4793525.0,
        "Preferred Dividends": 0.0,
        "Net Income Com": 4793525.0,
        "EPS": 1.44,
        "EPS Diluted": 1.3,
        "Weighted Average Shs Out": 3334790.0,
        "Weighted Average Shs Out (Dil)": 3687336.0,
        "Dividend per Share": 0.325125781865,
        "Gross Margin": 0.360263919984,
        "EBITDA Margin": 0.0855997419147,
        "EBIT Margin": 0.0669054522462,
        "Profit Margin": 0.0436521976406,
        "Free Cash Flow margin": -0.00616504052644,
        "EBITDA": 9399859.0,
        "EBIT": 7347006.0,
        "Consolidated Income": 4793525.0,
        "Earnings Before Tax Margin": 0.0602339541605,
        "Net Profit Margin": 0.0436521976406
    },
    "2014": {
        "Revenue": 107222306.0,
        "Revenue Growth": 0.196987763915641,
        "Cost of Revenue": 69036695.0,
        "Gross Profit": 38185611.0,
        "R&D Expenses": 665000.0,
        "SG&A Expense": 30791150.0,
        "Operating Expenses": 31456150.0,
        "Operating Income": 7394461.0,
        "Interest Expense": 0.0,
        "Earnings before Tax": 6802725.0,
        "Income Tax Expense": 2013720.0,
        "Net Income - Non-Controlling int": 0.0,
        "Net Income - Discontinued ops": 0.0,
        "Net Income": 4789005.0,
        "Preferred Dividends": 0.0,
        "Net Income Com": 4789005.0,
        "EPS": 1.48,
        "EPS Diluted": 1.36,
        "Weighted Average Shs Out": 3239753.0,
        "Weighted Average Shs Out (Dil)": 3525504.0,
        "Dividend per Share": 0.301815002905,
        "Gross Margin": 0.356134953859,
        "EBITDA Margin": 0.0848192819132,
        "EBIT Margin": 0.0689638310894,
        "Profit Margin": 0.0446642604385,
        "Free Cash Flow margin": 0.0243125436978,
        "EBITDA": 9094519.0,
        "EBIT": 7394461.0,
        "Consolidated Income": 4789005.0,
        "Earnings Before Tax Margin": 0.0634450540543,
        "Net Profit Margin": 0.0446642604385
    },
    "2013": {
        "Revenue": 89576777.0,
        "Revenue Growth": 0.0,
        "Cost of Revenue": 57752733.0,
        "Gross Profit": 31824044.0,
        "R&D Expenses": 602985.0,
        "SG&A Expense": 25944948.0,
        "Operating Expenses": 26547933.0,
        "Operating Income": 5879096.0,
        "Interest Expense": 0.0,
        "Earnings before Tax": 5493891.0,
        "Income Tax Expense": 1490986.0,
        "Net Income - Non-Controlling int": 0.0,
        "Net Income - Discontinued ops": 0.0,
        "Net Income": 4002905.0,
        "Preferred Dividends": 0.0,
        "Net Income Com": 4002905.0,
        "EPS": 1.26,
        "EPS Diluted": 1.22,
        "Weighted Average Shs Out": 3167764.0,
        "Weighted Average Shs Out (Dil)": 3283461.0,
        "Dividend per Share": 0.221836653458,
        "Gross Margin": 0.355271143547,
        "EBITDA Margin": 0.0790827515484,
        "EBIT Margin": 0.0656319215415,
        "Profit Margin": 0.0446868611939,
        "Free Cash Flow margin": 0.0210270682099,
        "EBITDA": 7083978.0,
        "EBIT": 5879096.0,
        "Consolidated Income": 4002905.0,
        "Earnings Before Tax Margin": 0.0613316440264,
        "Net Profit Margin": 0.0446868611939
    },
    "2012": {
        "Revenue": 0.0,
        "Revenue Growth": 0.0,
        "Cost of Revenue": 0.0,
        "Gross Profit": 0.0,
        "R&D Expenses": 0.0,
        "SG&A Expense": 0.0,
        "Operating Expenses": 0.0,
        "Operating Income": 0.0,
        "Interest Expense": 0.0,
        "Earnings before Tax": 0.0,
        "Income Tax Expense": 0.0,
        "Net Income - Non-Controlling int": 0.0,
        "Net Income - Discontinued ops": 0.0,
        "Net Income": 0.0,
        "Preferred Dividends": 0.0,