{
    "2018": {
        "Revenue": 15086643.0,
        "Revenue Growth": 0.154007810906217,
        "Cost of Revenue": 9797988.0,
        "Gross Profit": 5288655.0,
        "R&D Expenses": 18793836.0,
        "SG&A Expense": 25948062.0,
        "Operating Expenses": 44741898.0,
        "Operating Income": -39463760.0,
        "Interest Expense": 157765.0,
        "Earnings before Tax": -39376122.0,
        "Income Tax Expense": -369340.0,
        "Net Income - Non-Controlling int": 0.0,
        "Net Income - Discontinued ops": 0.0,
        "Net Income": -39006782.0,
        "Preferred Dividends": 0.0,
        "Net Income Com": -39006782.0,
        "EPS": -1.0,
        "EPS Diluted": -1.0,
        "Weighted Average Shs Out": 39085490.0,
        "Weighted Average Shs Out (Dil)": 39085490.0,
        "Dividend per Share": 0.0,
        "Gross Margin": 0.350552140725,
        "EBITDA Margin": -2.41039998096,
        "EBIT Margin": -2.61580790372,
        "Profit Margin": -2.58551766619,
        "Free Cash Flow margin": -2.39900374126,
        "EBITDA": -36364844.0,
        "EBIT": -39463760.0,
        "Consolidated Income": -39006782.0,
        "Earnings Before Tax Margin": -2.60999892421,
        "Net Profit Margin": -2.58551766619
    },
    "2017": {
        "Revenue": 13073259.0,
        "Revenue Growth": 1.01935486960258,
        "Cost of Revenue": 7419988.0,
        "Gross Profit": 5653271.0,
        "R&D Expenses": 7526784.0,
        "SG&A Expense": 22819224.0,
        "Operating Expenses": 30346008.0,
        "Operating Income": -24789083.0,
        "Interest Expense": 231291.0,
        "Earnings before Tax": -25878371.0,
        "Income Tax Expense": -339391.0,
        "Net Income - Non-Controlling int": 0.0,
        "Net Income - Discontinued ops": 0.0,
        "Net Income": -25538980.0,
        "Preferred Dividends": 0.0,
        "Net Income Com": -25538980.0,
        "EPS": -0.9,
        "EPS Diluted": -0.9,
        "Weighted Average Shs Out": 28349368.0,
        "Weighted Average Shs Out (Dil)": 28349368.0,
        "Dividend per Share": 0.0,
        "Gross Margin": 0.4324301232,
        "EBITDA Margin": -1.66182969373,
        "EBIT Margin": -1.89616705368,
        "Profit Margin": -1.95352819064,
        "Free Cash Flow margin": -1.31534118616,
        "EBITDA": -21725530.0,
        "EBIT": -24789083.0,
        "Consolidated Income": -25538980.0,
        "Earnings Before Tax Margin": -1.97948889409,
        "Net Profit Margin": -1.95352819064
    },
    "2016": {
        "Revenue": 6473978.0,
        "Revenue Growth": 0.0,
        "Cost of Revenue": 4853664.0,
        "Gross Profit": 1620314.0,
        "R&D Expenses": 9697136.0,
        "SG&A Expense": 17127555.0,
        "Operating Expenses": 26824691.0,
        "Operating Income": -25204377.0,
        "Interest Expense": 214396.0,
        "Earnings before Tax": -24012017.0,
        "Income Tax Expense": -4574765.0,
        "Net Income - Non-Controlling int": 0.0,
        "Net Income - Discontinued ops": 0.0,
        "Net Income": -19437252.0,
        "Preferred Dividends": 1374229.0,
        "Net Income Com": -19437252.0,
        "EPS": -1.19,
        "EPS Diluted": -1.19,
        "Weighted Average Shs Out": 17500827.0,
        "Weighted Average Shs Out (Dil)": 17500827.0,
        "Dividend per Share": 0.0,
        "Gross Margin": 0.250281048221,
        "EBITDA Margin": -3.50167223305,
        "EBIT Margin": -3.89318236794,
        "Profit Margin": -3.00236608774,
        "Free Cash Flow margin": -3.28721691671,
        "EBITDA": -22669749.0,
        "EBIT": -25204377.0,
        "Consolidated Income": -19437252.0,
        "Earnings Before Tax Margin": -3.70900503523,
        "Net Profit Margin": -3.00236608774
    },
    "2015": {
        "Revenue": 0.0,
        "Revenue Growth": 0.0,
        "Cost of Revenue": 0.0,
        "Gross Profit": 0.0,
        "R&D Expenses": 4843139.0,
        "SG&A Expense": 9007289.0,
        "Operating Expenses": 13850428.0,
        "Operating Income": -13850428.0,
        "Interest Expense": 0.0,
        "Earnings before Tax": 0.0,
        "Income Tax Expense": -5904000.0,
        "Net Income - Non-Controlling int": 0.0,
        "Net Income - Discontinued ops": 0.0,
        "Net Income": -13571997.0,
        "Preferred Dividends": 0.0,
        "Net Income Com": -13571997.0,
        "EPS": -1.02,
        "EPS Diluted": -1.03,
        "Weighted Average Shs Out": 13275847.0,
        "Weighted Average Shs Out (Dil)": 13436683.0,
        "Dividend per Share": 0.0,
        "Gross Margin": 0.0,
        "EBITDA Margin": 0.0,
        "EBIT Margin": 0.0,
        "Profit Margin": 0.0,
        "Free Cash Flow margin": 0.0,
        "EBITDA": -12860138.0,
        "EBIT": -13850428.0,
        "Consolidated Income": -13571997.0,
        "Earnings Before Tax Margin": 0.0,
        "Net Profit Margin": 0.0
    },
    "2014": {
        "Revenue": 0.0,
        "Revenue Growth": 0.0,
        "Cost of Revenue": 0.0,
        "Gross Profit": 0.0,
        "R&D Expenses": 0.0,
        "SG&A Expense": 0.0,
        "Operating Expenses": 0.0,
        "Operating Income": 0.0,
        "Interest Expense": 0.0,
        "Earnings before Tax": 0.0,
        "Income Tax Expense": 0.0,
        "Net Income - Non-Controlling int": 0.0,
        "Net Income - Discontinued ops": 0.0,
        "Net Income": 0.0,
        "Preferred Dividends": 0.0,
        "Net Income Com": 0.0,
        "EPS": 0.0,
        "EPS Diluted": 0.0,
        "Weighted Average Shs Out": 0.0,
        "Weighted Average Shs Out (Dil)": 0.0,
        "Dividend per Share": 0.0,
        "Gross Margin": 0.0,
        "EBITDA Margin": 0.0,
        "EBIT Margin": 0.0,
        "Profit Margin": 0.0,
        "Free Cash Flow margin": 0.0,
        "EBITDA": 0.0,
        "EBIT": 0.0,
        "Consolidated Income": 0.0,
        "Earnings Before Tax Margin": 0.0,
        "Net Profit Margin": 0.0
    },
    "2013": {
        "Revenue": 0.0,
        "Revenue Growth": 0.0,
        "Cost of Revenue": 0.0,
        "Gross Profit": 0.0,
        "R&D Expenses": 0.0,
        "SG&A Expense": 0.0,
        "Operating Expenses": 0.0,
        "Operating Income": 0.0,
        "Interest Expense": 0.0,
        "Earnings before Tax": 0.0,
        "Income Tax Expense": 0.0,
        "Net Income - Non-Controlling int": 0.0,
        "Net Income - Discontinued ops": 0.0,
        "Net Income": 0.0,
        "Preferred Dividends": 0.0,
        "Net Income Com": 0.0,
        "EPS": 0.0,
        "EPS Diluted": 0.0,
        "Weighted Average Shs Out": 0.0,
        "Weighted Average Shs Out (Dil)": 0.0,
        "Dividend per Share": 0.0,
        "Gross Margin": 0.0,
        "EBITDA Margin": 0.0,
        "EBIT Margin": 0.0,
        "Profit Margin": 0.0,
        "Free Cash Flow margin": 0.0,
        "EBITDA": 0.0,
        "EBIT": 0.0,
        "Consolidated Income": 0.0,
        "Earnings Before Tax Margin": 0.0,
        "Net Profit Margin": 0.0
    },
    "2012": {
        "Revenue": 0.0,
        "Revenue Growth": 0.0,
        "Cost of Revenue": 0.0,
        "Gross Profit": 0.0,
        "R&D Expenses": 2165968.0,
        "SG&A Expense": 2649234.0,
        "Operating Expenses": 4815202.0,
        "Operating Income": -4815202.0,
        "Interest Expense": 35390.0,
        "Earnings before Tax": -4915295.0,
        "Income Tax Expense": 0.0,
        "Net Income - Non-Controlling int": 0.0,
        "Net Income - Discontinued ops": 70000.0,
        "Net Income": -4915295.0,
        "Preferred Dividends": 0.0,
        "Net Income Com": -4915295.0,
        "EPS": -1.02,
        "EPS Diluted": -1.02,
        "Weighted Average Shs Out": 5596115.0,
        "Weighted Average Shs Out (Dil)": 5263396.0,
        "Dividend per Share": 0.0,
        "Gross Margin": 0.0,
        "EBITDA Margin": NaN,
        "EBIT Margin": 0.0,
        "Profit Margin": NaN,
        "Free Cash Flow margin": 0.0,
        "EBITDA": -4879905.0,
        "EBIT": -4879905.0,
        "Consolidated Income": -4915295.0,