{
    "2019": {
        "Revenue": 14175200000.0,
        "Revenue Growth": 0.0637410136727251,
        "Cost of Revenue": 8216500000.0,
        "Gross Profit": 5958700000.0,
        "R&D Expenses": 0.0,
        "SG&A Expense": 3064200000.0,
        "Operating Expenses": 3064200000.0,
        "Operating Income": 3005600000.0,
        "Interest Expense": 129900000.0,
        "Earnings before Tax": 3005600000.0,
        "Income Tax Expense": 712800000.0,
        "Net Income - Non-Controlling int": 0.0,
        "Net Income - Discontinued ops": 0.0,
        "Net Income": 2292800000.0,
        "Preferred Dividends": 0.0,
        "Net Income Com": 2292800000.0,
        "EPS": 5.27,
        "EPS Diluted": 5.24,
        "Weighted Average Shs Out": 435000000.0,
        "Weighted Average Shs Out (Dil)": 437600000.0,
        "Dividend per Share": 2.95475319927,
        "Gross Margin": 0.420360912015,
        "EBITDA Margin": 0.299008126869,
        "EBIT Margin": 0.212032281731,
        "Profit Margin": 0.161747276934,
        "Free Cash Flow margin": 0.18964811784,
        "EBITDA": 4238500000.0,
        "EBIT": 3005600000.0,
        "Consolidated Income": 2292800000.0,
        "Earnings Before Tax Margin": 0.212032281731,
        "Net Profit Margin": 0.161747276934
    },
    "2018": {
        "Revenue": 13325800000.0,
        "Revenue Growth": 0.0764148047625971,
        "Cost of Revenue": 7945300000.0,
        "Gross Profit": 5380500000.0,
        "R&D Expenses": 0.0,
        "SG&A Expense": 2971500000.0,
        "Operating Expenses": 2971500000.0,
        "Operating Income": 2171100000.0,
        "Interest Expense": 102700000.0,
        "Earnings before Tax": 2171100000.0,
        "Income Tax Expense": 550300000.0,
        "Net Income - Non-Controlling int": 0.0,
        "Net Income - Discontinued ops": 0.0,
        "Net Income": 1620800000.0,
        "Preferred Dividends": 0.0,
        "Net Income Com": 1620800000.0,
        "EPS": 3.68,
        "EPS Diluted": 3.66,
        "Weighted Average Shs Out": 440600000.0,
        "Weighted Average Shs Out (Dil)": 443300000.0,
        "Dividend per Share": 2.39950372208,
        "Gross Margin": 0.40376562758,
        "EBITDA Margin": 0.185895030692,
        "EBIT Margin": 0.162924552372,
        "Profit Margin": 0.121628720227,
        "Free Cash Flow margin": 0.188746641853,
        "EBITDA": 2477200000.0,
        "EBIT": 2171100000.0,
        "Consolidated Income": 1620800000.0,
        "Earnings Before Tax Margin": 0.162924552372,
        "Net Profit Margin": 0.121628720227
    },
    "2017": {
        "Revenue": 12379800000.0,
        "Revenue Growth": 0.06102264351463,
        "Cost of Revenue": 7349800000.0,
        "Gross Profit": 5030000000.0,
        "R&D Expenses": 0.0,
        "SG&A Expense": 2783200000.0,
        "Operating Expenses": 2783200000.0,
        "Operating Income": 2531100000.0,
        "Interest Expense": 80000000.0,
        "Earnings before Tax": 2531100000.0,
        "Income Tax Expense": 797700000.0,
        "Net Income - Non-Controlling int": 0.0,
        "Net Income - Discontinued ops": 0.0,
        "Net Income": 1733400000.0,
        "Preferred Dividends": 0.0,
        "Net Income Com": 1733400000.0,
        "EPS": 3.87,
        "EPS Diluted": 3.85,
        "Weighted Average Shs Out": 447800000.0,
        "Weighted Average Shs Out (Dil)": 450300000.0,
        "Dividend per Share": 2.21008216744,
        "Gross Margin": 0.406307048579,
        "EBITDA Margin": 0.223048837623,
        "EBIT Margin": 0.204454029952,
        "Profit Margin": 0.140018417099,
        "Free Cash Flow margin": 0.171723291168,
        "EBITDA": 2761300000.0,
        "EBIT": 2531100000.0,
        "Consolidated Income": 1733400000.0,
        "Earnings Before Tax Margin": 0.204454029952,
        "Net Profit Margin": 0.140018417099
    },
    "2016": {
        "Revenue": 11667800000.0,
        "Revenue Growth": 0.0666727613475339,
        "Cost of Revenue": 6896500000.0,
        "Gross Profit": 4771300000.0,
        "R&D Expenses": 0.0,
        "SG&A Expense": 2637000000.0,
        "Operating Expenses": 2637000000.0,
        "Operating Income": 2234700000.0,
        "Interest Expense": 56200000.0,
        "Earnings before Tax": 2234700000.0,
        "Income Tax Expense": 741300000.0,
        "Net Income - Non-Controlling int": 0.0,
        "Net Income - Discontinued ops": 0.0,
        "Net Income": 1492500000.0,
        "Preferred Dividends": 0.0,
        "Net Income Com": 1492500000.0,
        "EPS": 3.27,
        "EPS Diluted": 3.25,
        "Weighted Average Shs Out": 457000000.0,
        "Weighted Average Shs Out (Dil)": 459100000.0,
        "Dividend per Share": 2.05532563712,
        "Gross Margin": 0.408928846912,
        "EBITDA Margin": 0.208196918014,
        "EBIT Margin": 0.191527108795,
        "Profit Margin": 0.127916145289,
        "Free Cash Flow margin": 0.15940451499,
        "EBITDA": 2429200000.0,
        "EBIT": 2234700000.0,
        "Consolidated Income": 1492500000.0,
        "Earnings Before Tax Margin": 0.191527108795,
        "Net Profit Margin": 0.127916145289
    },
    "2015": {
        "Revenue": 10938500000.0,
        "Revenue Growth": -0.103879080817597,
        "Cost of Revenue": 6434100000.0,
        "Gross Profit": 4504400000.0,
        "R&D Expenses": 0.0,
        "SG&A Expense": 2496900000.0,
        "Operating Expenses": 2496900000.0,
        "Operating Income": 2070700000.0,
        "Interest Expense": 6500000.0,
        "Earnings before Tax": 2070700000.0,
        "Income Tax Expense": 694200000.0,
        "Net Income - Non-Controlling int": 0.0,
        "Net Income - Discontinued ops": 0.0,
        "Net Income": 1452500000.0,
        "Preferred Dividends": 0.0,
        "Net Income Com": 1452500000.0,
        "EPS": 3.07,
        "EPS Diluted": 3.05,
        "Weighted Average Shs Out": 472600000.0,
        "Weighted Average Shs Out (Dil)": 475800000.0,
        "Dividend per Share": 1.94955863808,
        "Gross Margin": 0.411793207478,
        "EBITDA Margin": 0.205540064908,
        "EBIT Margin": 0.189303835078,
        "Profit Margin": 0.132787859396,
        "Free Cash Flow margin": 0.17421035791,
        "EBITDA": 2248300000.0,
        "EBIT": 2070700000.0,
        "Consolidated Income": 1452500000.0,
        "Earnings Before Tax Margin": 0.189303835078,
        "Net Profit Margin": 0.132787859396
    },
    "2014": {
        "Revenue": 12206500000.0,
        "Revenue Growth": 0.0792565936640702,
        "Cost of Revenue": 7221400000.0,
        "Gross Profit": 4985100000.0,
        "R&D Expenses": 0.0,
        "SG&A Expense": 2762400000.0,
        "Operating Expenses": 10004800000.0,
        "Operating Income": 2274600000.0,
        "Interest Expense": 6100000.0,
        "Earnings before Tax": 2274600000.0,
        "Income Tax Expense": 772000000.0,
        "Net Income - Non-Controlling int": 0.0,
        "Net Income - Discontinued ops": 0.0,
        "Net Income": 1515900000.0,
        "Preferred Dividends": 0.0,
        "Net Income Com": 1515900000.0,
        "EPS": 3.17,
        "EPS Diluted": 3.14,
        "Weighted Average Shs Out": 478900000.0,
        "Weighted Average Shs Out (Dil)": 483100000.0,
        "Dividend per Share": 1.82798592424,
        "Gross Margin": 0.408397165445,
        "EBITDA Margin": 0.221619628886,
        "EBIT Margin": 0.186343341662,
        "Profit Margin": 0.124187932659,
        "Free Cash Flow margin": 0.149215581862,
        "EBITDA": 2705200000.0,
        "EBIT": 2274600000.0,
        "Consolidated Income": 1515900000.0,
        "Earnings Before Tax Margin": 0.186343341662,
        "Net Profit Margin": 0.124187932659
    },
    "2013": {
        "Revenue": 11310100000.0,
        "Revenue Growth": 0.0604676893072797,
        "Cost of Revenue": 6649600000.0,
        "Gross Profit": 4660500000.0,
        "R&D Expenses": 0.0,
        "SG&A Expense": 2620600000.0,
        "Operating Expenses": 9322000000.0,