{
    "2018": {
        "Revenue": 6291000000.0,
        "Revenue Growth": 0.0184555609519184,
        "Cost of Revenue": 0.0,
        "Gross Profit": 0.0,
        "R&D Expenses": 0.0,
        "SG&A Expense": 0.0,
        "Operating Expenses": 4934000000.0,
        "Operating Income": 1357000000.0,
        "Interest Expense": 401000000.0,
        "Earnings before Tax": 1058000000.0,
        "Income Tax Expense": 237000000.0,
        "Net Income - Non-Controlling int": 0.0,
        "Net Income - Discontinued ops": 0.0,
        "Net Income": 478000000.0,
        "Preferred Dividends": 3000000.0,
        "Net Income Com": 478000000.0,
        "EPS": 3.34,
        "EPS Diluted": 3.32,
        "Weighted Average Shs Out": 243800000.0,
        "Weighted Average Shs Out (Dil)": 245800000.0,
        "Dividend per Share": 1.83482506103,
        "Gross Margin": 0.0,
        "EBITDA Margin": 0.383086949611,
        "EBIT Margin": 0.215704975362,
        "Profit Margin": 0.0759815609601,
        "Free Cash Flow margin": -0.0184390398983,
        "EBITDA": 2410000000.0,
        "EBIT": 1357000000.0,
        "Consolidated Income": 478000000.0,
        "Earnings Before Tax Margin": 0.168176760451,
        "Net Profit Margin": 0.0759815609601
    },
    "2017": {
        "Revenue": 6177000000.0,
        "Revenue Growth": 0.0166227781435155,
        "Cost of Revenue": 0.0,
        "Gross Profit": 0.0,
        "R&D Expenses": 0.0,
        "SG&A Expense": 0.0,
        "Operating Expenses": 4719000000.0,
        "Operating Income": 1458000000.0,
        "Interest Expense": 391000000.0,
        "Earnings before Tax": 1105000000.0,
        "Income Tax Expense": 576000000.0,
        "Net Income - Non-Controlling int": 0.0,
        "Net Income - Discontinued ops": 0.0,
        "Net Income": 523000000.0,
        "Preferred Dividends": 3000000.0,
        "Net Income Com": 523000000.0,
        "EPS": 2.16,
        "EPS Diluted": 2.14,
        "Weighted Average Shs Out": 242600000.0,
        "Weighted Average Shs Out (Dil)": 244200000.0,
        "Dividend per Share": 1.76494676495,
        "Gross Margin": 0.0,
        "EBITDA Margin": 0.393718633641,
        "EBIT Margin": 0.236036911122,
        "Profit Margin": 0.0846689331391,
        "Free Cash Flow margin": -0.00453294479521,
        "EBITDA": 2432000000.0,
        "EBIT": 1458000000.0,
        "Consolidated Income": 523000000.0,
        "Earnings Before Tax Margin": 0.178889428525,
        "Net Profit Margin": 0.0846689331391
    },
    "2016": {
        "Revenue": 6076000000.0,
        "Revenue Growth": -0.00360774024270253,
        "Cost of Revenue": 0.0,
        "Gross Profit": 0.0,
        "R&D Expenses": 0.0,
        "SG&A Expense": 0.0,
        "Operating Expenses": 4695000000.0,
        "Operating Income": 1381000000.0,
        "Interest Expense": 382000000.0,
        "Earnings before Tax": 1041000000.0,
        "Income Tax Expense": 382000000.0,
        "Net Income - Non-Controlling int": 0.0,
        "Net Income - Discontinued ops": 0.0,
        "Net Income": 653000000.0,
        "Preferred Dividends": 3000000.0,
        "Net Income Com": 653000000.0,
        "EPS": 2.69,
        "EPS Diluted": 2.68,
        "Weighted Average Shs Out": 242600000.0,
        "Weighted Average Shs Out (Dil)": 243400000.0,
        "Dividend per Share": 1.70912078882,
        "Gross Margin": 0.0,
        "EBITDA Margin": 0.382817643186,
        "EBIT Margin": 0.227287689269,
        "Profit Margin": 0.107472021066,
        "Free Cash Flow margin": 0.0077353522054,
        "EBITDA": 2326000000.0,
        "EBIT": 1381000000.0,
        "Consolidated Income": 653000000.0,
        "Earnings Before Tax Margin": 0.171329822251,
        "Net Profit Margin": 0.107472021066
    },
    "2015": {
        "Revenue": 6098000000.0,
        "Revenue Growth": 0.00743433008425574,
        "Cost of Revenue": 0.0,
        "Gross Profit": 0.0,
        "R&D Expenses": 0.0,
        "SG&A Expense": 0.0,
        "Operating Expenses": 4839000000.0,
        "Operating Income": 1259000000.0,
        "Interest Expense": 355000000.0,
        "Earnings before Tax": 948000000.0,
        "Income Tax Expense": 363000000.0,
        "Net Income - Non-Controlling int": 0.0,
        "Net Income - Discontinued ops": 0.0,
        "Net Income": 630000000.0,
        "Preferred Dividends": 3000000.0,
        "Net Income Com": 630000000.0,
        "EPS": 2.6,
        "EPS Diluted": 2.59,
        "Weighted Average Shs Out": 242600000.0,
        "Weighted Average Shs Out (Dil)": 243600000.0,
        "Dividend per Share": 1.65024630542,
        "Gross Margin": 0.0,
        "EBITDA Margin": 0.353394555592,
        "EBIT Margin": 0.206461134798,
        "Profit Margin": 0.103312561496,
        "Free Cash Flow margin": 0.016398819285,
        "EBITDA": 2155000000.0,
        "EBIT": 1259000000.0,
        "Consolidated Income": 630000000.0,
        "Earnings Before Tax Margin": 0.155460806822,
        "Net Profit Margin": 0.103312561496
    },
    "2014": {
        "Revenue": 6053000000.0,
        "Revenue Growth": 0.0368276807125728,
        "Cost of Revenue": 0.0,
        "Gross Profit": 0.0,
        "R&D Expenses": 0.0,
        "SG&A Expense": 0.0,
        "Operating Expenses": 4799000000.0,
        "Operating Income": 1254000000.0,
        "Interest Expense": 341000000.0,
        "Earnings before Tax": 970000000.0,
        "Income Tax Expense": 377000000.0,
        "Net Income - Non-Controlling int": 0.0,
        "Net Income - Discontinued ops": 0.0,
        "Net Income": 586000000.0,
        "Preferred Dividends": 3000000.0,
        "Net Income Com": 586000000.0,
        "EPS": 2.42,
        "EPS Diluted": 2.4,
        "Weighted Average Shs Out": 242600000.0,
        "Weighted Average Shs Out (Dil)": 244400000.0,
        "Dividend per Share": 1.59574468085,
        "Gross Margin": 0.0,
        "EBITDA Margin": 0.34148356187,
        "EBIT Margin": 0.207169998348,
        "Profit Margin": 0.0968114984305,
        "Free Cash Flow margin": -0.0386585164381,
        "EBITDA": 2067000000.0,
        "EBIT": 1254000000.0,
        "Consolidated Income": 586000000.0,
        "Earnings Before Tax Margin": 0.16025111515,
        "Net Profit Margin": 0.0968114984305
    },
    "2013": {
        "Revenue": 5838000000.0,
        "Revenue Growth": -0.144991212653779,
        "Cost of Revenue": 0.0,
        "Gross Profit": 0.0,
        "R&D Expenses": 0.0,
        "SG&A Expense": 0.0,
        "Operating Expenses": 4654000000.0,
        "Operating Income": 1184000000.0,
        "Interest Expense": 398000000.0,
        "Earnings before Tax": 518000000.0,
        "Income Tax Expense": 311000000.0,
        "Net Income - Non-Controlling int": 0.0,
        "Net Income - Discontinued ops": 0.0,
        "Net Income": 289000000.0,
        "Preferred Dividends": 3000000.0,
        "Net Income Com": 289000000.0,
        "EPS": 1.19,
        "EPS Diluted": 1.18,
        "Weighted Average Shs Out": 242600000.0,
        "Weighted Average Shs Out (Dil)": 244500000.0,
        "Dividend per Share": 1.58691206544,
        "Gross Margin": 0.0,
        "EBITDA Margin": 0.333162041795,
        "EBIT Margin": 0.202809181226,
        "Profit Margin": 0.0495032545392,
        "Free Cash Flow margin": 0.0537855429942,
        "EBITDA": 1945000000.0,
        "EBIT": 1184000000.0,
        "Consolidated Income": 289000000.0,
        "Earnings Before Tax Margin": 0.0887290167866,
        "Net Profit Margin": 0.0495032545392
    },
    "2012": {
        "Revenue": 6828000000.0,
        "Revenue Growth": 0.11060507482108,
        "Cost of Revenue": 0.0,
        "Gross Profit": 0.0,
        "R&D Expenses": 0.0,
        "SG&A Expense": 0.0,
        "Operating Expenses": 8068000000.0,
        "Operating Income": -1240000000.0,
        "Interest Expense": 448000000.0,
        "Earnings before Tax": -924000000.0,
        "Income Tax Expense": -680000000.0,
        "Net Income - Non-Controlling int": 0.0,