{
    "2018": {
        "Revenue": 1333568000.0,
        "Revenue Growth": -0.0187274791595997,
        "Cost of Revenue": 1066642000.0,
        "Gross Profit": 266926000.0,
        "R&D Expenses": 5600000.0,
        "SG&A Expense": 0.0,
        "Operating Expenses": 219823000.0,
        "Operating Income": 29647000.0,
        "Interest Expense": 17327000.0,
        "Earnings before Tax": 2955000.0,
        "Income Tax Expense": -132000.0,
        "Net Income - Non-Controlling int": 0.0,
        "Net Income - Discontinued ops": 0.0,
        "Net Income": 2928000.0,
        "Preferred Dividends": 0.0,
        "Net Income Com": 2928000.0,
        "EPS": 0.09,
        "EPS Diluted": 0.09,
        "Weighted Average Shs Out": 32345382.0,
        "Weighted Average Shs Out (Dil)": 32998003.0,
        "Dividend per Share": 0.0,
        "Gross Margin": 0.200159271968,
        "EBITDA Margin": 0.0506175913039,
        "EBIT Margin": 0.0222313372846,
        "Profit Margin": 0.00219561357201,
        "Free Cash Flow margin": 0.00686504175265,
        "EBITDA": 67502000.0,
        "EBIT": 29647000.0,
        "Consolidated Income": 2928000.0,
        "Earnings Before Tax Margin": 0.00221586000864,
        "Net Profit Margin": 0.00219561357201
    },
    "2017": {
        "Revenue": 1359019000.0,
        "Revenue Growth": 0.112199653005107,
        "Cost of Revenue": 1074207000.0,
        "Gross Profit": 284812000.0,
        "R&D Expenses": 4200000.0,
        "SG&A Expense": 0.0,
        "Operating Expenses": 225826000.0,
        "Operating Income": -43173000.0,
        "Interest Expense": 16001000.0,
        "Earnings before Tax": -61230000.0,
        "Income Tax Expense": 5005000.0,
        "Net Income - Non-Controlling int": 0.0,
        "Net Income - Discontinued ops": 0.0,
        "Net Income": -69054000.0,
        "Preferred Dividends": 0.0,
        "Net Income Com": -69054000.0,
        "EPS": -2.08,
        "EPS Diluted": -2.08,
        "Weighted Average Shs Out": 33150949.0,
        "Weighted Average Shs Out (Dil)": 33150949.0,
        "Dividend per Share": 0.0,
        "Gross Margin": 0.209571757275,
        "EBITDA Margin": 0.000916837807271,
        "EBIT Margin": -0.0317677677796,
        "Profit Margin": -0.0508116516399,
        "Free Cash Flow margin": 0.0261004445118,
        "EBITDA": 1246000.0,
        "EBIT": -43173000.0,
        "Consolidated Income": -69054000.0,
        "Earnings Before Tax Margin": -0.0450545577361,
        "Net Profit Margin": -0.0508116516399
    },
    "2016": {
        "Revenue": 1221920000.0,
        "Revenue Growth": -0.0837226392315364,
        "Cost of Revenue": 968756000.0,
        "Gross Profit": 253164000.0,
        "R&D Expenses": 4700000.0,
        "SG&A Expense": 0.0,
        "Operating Expenses": 197099000.0,
        "Operating Income": 50826000.0,
        "Interest Expense": 15029000.0,
        "Earnings before Tax": 35269000.0,
        "Income Tax Expense": 6109000.0,
        "Net Income - Non-Controlling int": 0.0,
        "Net Income - Discontinued ops": 0.0,
        "Net Income": 29488000.0,
        "Preferred Dividends": 0.0,
        "Net Income Com": 29488000.0,
        "EPS": 0.85,
        "EPS Diluted": 0.84,
        "Weighted Average Shs Out": 34713937.0,
        "Weighted Average Shs Out (Dil)": 35210430.0,
        "Dividend per Share": 0.0,
        "Gross Margin": 0.20718541312,
        "EBITDA Margin": 0.0798292850596,
        "EBIT Margin": 0.0415951944481,
        "Profit Margin": 0.0241325127668,
        "Free Cash Flow margin": 0.0281982453843,
        "EBITDA": 97545000.0,
        "EBIT": 50826000.0,
        "Consolidated Income": 29488000.0,
        "Earnings Before Tax Margin": 0.0288635917245,
        "Net Profit Margin": 0.0241325127668
    },
    "2015": {
        "Revenue": 1333570000.0,
        "Revenue Growth": 0.00161406497268708,
        "Cost of Revenue": 1057783000.0,
        "Gross Profit": 275787000.0,
        "R&D Expenses": 2800000.0,
        "SG&A Expense": 0.0,
        "Operating Expenses": 209477000.0,
        "Operating Income": 19946000.0,
        "Interest Expense": 16044000.0,
        "Earnings before Tax": 1215000.0,
        "Income Tax Expense": 9205000.0,
        "Net Income - Non-Controlling int": 0.0,
        "Net Income - Discontinued ops": 0.0,
        "Net Income": -8067000.0,
        "Preferred Dividends": 0.0,
        "Net Income Com": -8067000.0,
        "EPS": -0.22,
        "EPS Diluted": -0.22,
        "Weighted Average Shs Out": 36554437.0,
        "Weighted Average Shs Out (Dil)": 36554437.0,
        "Dividend per Share": 0.0,
        "Gross Margin": 0.206803542371,
        "EBITDA Margin": 0.0477942665177,
        "EBIT Margin": 0.01495684516,
        "Profit Margin": -0.00604917627121,
        "Free Cash Flow margin": 0.0769130979251,
        "EBITDA": 63737000.0,
        "EBIT": 19946000.0,
        "Consolidated Income": -8067000.0,
        "Earnings Before Tax Margin": 0.00091108828183,
        "Net Profit Margin": -0.00604917627121
    },
    "2014": {
        "Revenue": 1331421000.0,
        "Revenue Growth": 0.219897931135585,
        "Cost of Revenue": 1051438000.0,
        "Gross Profit": 279983000.0,
        "R&D Expenses": 0.0,
        "SG&A Expense": 0.0,
        "Operating Expenses": 234105000.0,
        "Operating Income": -19812000.0,
        "Interest Expense": 12943000.0,
        "Earnings before Tax": -35975000.0,
        "Income Tax Expense": -3840000.0,
        "Net Income - Non-Controlling int": 0.0,
        "Net Income - Discontinued ops": 0.0,
        "Net Income": -37167000.0,
        "Preferred Dividends": 0.0,
        "Net Income Com": -37167000.0,
        "EPS": -0.98,
        "EPS Diluted": -0.98,
        "Weighted Average Shs Out": 37651492.0,
        "Weighted Average Shs Out (Dil)": 37651492.0,
        "Dividend per Share": 0.0,
        "Gross Margin": 0.210288856793,
        "EBITDA Margin": 0.0184013921968,
        "EBIT Margin": -0.0148803421307,
        "Profit Margin": -0.0279152875011,
        "Free Cash Flow margin": 0.0359946252913,
        "EBITDA": 24500000.0,
        "EBIT": -19812000.0,
        "Consolidated Income": -37167000.0,
        "Earnings Before Tax Margin": -0.0270200034399,
        "Net Profit Margin": -0.0279152875011
    },
    "2013": {
        "Revenue": 1091420000.0,
        "Revenue Growth": 0.0617308210509522,
        "Cost of Revenue": 844399000.0,
        "Gross Profit": 247021000.0,
        "R&D Expenses": 2600000.0,
        "SG&A Expense": 0.0,
        "Operating Expenses": 178483000.0,
        "Operating Income": 66882000.0,
        "Interest Expense": 13169000.0,
        "Earnings before Tax": 59002000.0,
        "Income Tax Expense": 12154000.0,
        "Net Income - Non-Controlling int": 0.0,
        "Net Income - Discontinued ops": 0.0,
        "Net Income": 44351000.0,
        "Preferred Dividends": 0.0,
        "Net Income Com": 44351000.0,
        "EPS": 1.14,
        "EPS Diluted": 1.13,
        "Weighted Average Shs Out": 38692658.0,
        "Weighted Average Shs Out (Dil)": 39082342.0,
        "Dividend per Share": 0.0,
        "Gross Margin": 0.226329918821,
        "EBITDA Margin": 0.0982307452676,
        "EBIT Margin": 0.0612798006267,
        "Profit Margin": 0.0406360521156,
        "Free Cash Flow margin": 0.0533424346264,
        "EBITDA": 107211000.0,
        "EBIT": 66882000.0,
        "Consolidated Income": 44351000.0,
        "Earnings Before Tax Margin": 0.0540598486376,
        "Net Profit Margin": 0.0406360521156
    },
    "2012": {
        "Revenue": 1027963000.0,
        "Revenue Growth": 0.0952263247335084,
        "Cost of Revenue": 784854000.0,
        "Gross Profit": 243109000.0,
        "R&D Expenses": 1800000.0,
        "SG&A Expense": 0.0,
        "Operating Expenses": 170882000.0,
        "Operating Income": 79122000.0,
        "Interest Expense": 10208000.0,
        "Earnings before Tax": 67963000.0,
        "Income Tax Expense": 17473000.0,