{
    "2018": {
        "Revenue": 285299000.0,
        "Revenue Growth": 0.346035715128211,
        "Cost of Revenue": 39670000.0,
        "Gross Profit": 245629000.0,
        "R&D Expenses": 31745000.0,
        "SG&A Expense": 63038000.0,
        "Operating Expenses": 260009000.0,
        "Operating Income": 25290000.0,
        "Interest Expense": 37607000.0,
        "Earnings before Tax": -29223000.0,
        "Income Tax Expense": -8377000.0,
        "Net Income - Non-Controlling int": 0.0,
        "Net Income - Discontinued ops": 0.0,
        "Net Income": -20846000.0,
        "Preferred Dividends": 0.0,
        "Net Income Com": -20846000.0,
        "EPS": -0.61,
        "EPS Diluted": -0.61,
        "Weighted Average Shs Out": 34404000.0,
        "Weighted Average Shs Out (Dil)": 34404000.0,
        "Dividend per Share": 0.0,
        "Gross Margin": 0.860952895033,
        "EBITDA Margin": 0.366811660749,
        "EBIT Margin": 0.088643843827,
        "Profit Margin": -0.0730672031798,
        "Free Cash Flow margin": -0.0318648155093,
        "EBITDA": 104651000.0,
        "EBIT": 25290000.0,
        "Consolidated Income": -20846000.0,
        "Earnings Before Tax Margin": -0.102429381105,
        "Net Profit Margin": -0.0730672031798
    },
    "2017": {
        "Revenue": 211955000.0,
        "Revenue Growth": 0.270667721784588,
        "Cost of Revenue": 19847000.0,
        "Gross Profit": 192108000.0,
        "R&D Expenses": 25715000.0,
        "SG&A Expense": 44015000.0,
        "Operating Expenses": 197453000.0,
        "Operating Income": 14502000.0,
        "Interest Expense": 55511000.0,
        "Earnings before Tax": -46995000.0,
        "Income Tax Expense": -1889000.0,
        "Net Income - Non-Controlling int": 0.0,
        "Net Income - Discontinued ops": 0.0,
        "Net Income": -45106000.0,
        "Preferred Dividends": 0.0,
        "Net Income Com": -45106000.0,
        "EPS": -1.94,
        "EPS Diluted": -1.94,
        "Weighted Average Shs Out": 23208000.0,
        "Weighted Average Shs Out (Dil)": 23208000.0,
        "Dividend per Share": 0.0,
        "Gross Margin": 0.906362199523,
        "EBITDA Margin": 0.420499634356,
        "EBIT Margin": 0.0684201835295,
        "Profit Margin": -0.212809322734,
        "Free Cash Flow margin": -0.0215942063174,
        "EBITDA": 89127000.0,
        "EBIT": 14502000.0,
        "Consolidated Income": -45106000.0,
        "Earnings Before Tax Margin": -0.221721591847,
        "Net Profit Margin": -0.212809322734
    },
    "2016": {
        "Revenue": 166806000.0,
        "Revenue Growth": 0.352934496966551,
        "Cost of Revenue": 6237000.0,
        "Gross Profit": 160569000.0,
        "R&D Expenses": 21346000.0,
        "SG&A Expense": 46108000.0,
        "Operating Expenses": 183870000.0,
        "Operating Income": -17064000.0,
        "Interest Expense": 59963000.0,
        "Earnings before Tax": -84374000.0,
        "Income Tax Expense": -3000000.0,
        "Net Income - Non-Controlling int": 0.0,
        "Net Income - Discontinued ops": 0.0,
        "Net Income": -81374000.0,
        "Preferred Dividends": 0.0,
        "Net Income Com": -81374000.0,
        "EPS": -5.45,
        "EPS Diluted": -5.45,
        "Weighted Average Shs Out": 14932000.0,
        "Weighted Average Shs Out (Dil)": 14932000.0,
        "Dividend per Share": 0.0,
        "Gross Margin": 0.96260925866,
        "EBITDA Margin": 0.399619917749,
        "EBIT Margin": -0.102298478472,
        "Profit Margin": -0.487836168963,
        "Free Cash Flow margin": 0.00967591093846,
        "EBITDA": 66659000.0,
        "EBIT": -17064000.0,
        "Consolidated Income": -81374000.0,
        "Earnings Before Tax Margin": -0.505821133532,
        "Net Profit Margin": -0.487836168963
    },
    "2015": {
        "Revenue": 123292000.0,
        "Revenue Growth": 0.709065705572498,
        "Cost of Revenue": 1548000.0,
        "Gross Profit": 121744000.0,
        "R&D Expenses": 14376000.0,
        "SG&A Expense": 546000.0,
        "Operating Expenses": 14922000.0,
        "Operating Income": -546000.0,
        "Interest Expense": 8123000.0,
        "Earnings before Tax": -74634000.0,
        "Income Tax Expense": -3528000.0,
        "Net Income - Non-Controlling int": 0.0,
        "Net Income - Discontinued ops": 0.0,
        "Net Income": -38545000.0,
        "Preferred Dividends": 0.0,
        "Net Income Com": -38545000.0,
        "EPS": -2.98,
        "EPS Diluted": -2.98,
        "Weighted Average Shs Out": 12918000.0,
        "Weighted Average Shs Out (Dil)": 12918000.0,
        "Dividend per Share": 0.0,
        "Gross Margin": 0.98744444084,
        "EBITDA Margin": 0.49686111021,
        "EBIT Margin": -0.00442851117672,
        "Profit Margin": -0.312631800928,
        "Free Cash Flow margin": -0.124785063102,
        "EBITDA": 61259000.0,
        "EBIT": -546000.0,
        "Consolidated Income": -38545000.0,
        "Earnings Before Tax Margin": -0.605343412387,
        "Net Profit Margin": -0.312631800928
    },
    "2014": {
        "Revenue": 72140000.0,
        "Revenue Growth": 0.232001847422122,
        "Cost of Revenue": 1607000.0,
        "Gross Profit": 70533000.0,
        "R&D Expenses": 1800000.0,
        "SG&A Expense": 26238000.0,
        "Operating Expenses": 80561000.0,
        "Operating Income": -8421000.0,
        "Interest Expense": 17235000.0,
        "Earnings before Tax": -26187000.0,
        "Income Tax Expense": 2189000.0,
        "Net Income - Non-Controlling int": 0.0,
        "Net Income - Discontinued ops": 0.0,
        "Net Income": -28376000.0,
        "Preferred Dividends": 0.0,
        "Net Income Com": -28376000.0,
        "EPS": -2.84,
        "EPS Diluted": -2.84,
        "Weighted Average Shs Out": 10000000.0,
        "Weighted Average Shs Out (Dil)": 10000000.0,
        "Dividend per Share": 0.0,
        "Gross Margin": 0.977723870252,
        "EBITDA Margin": 0.363543110618,
        "EBIT Margin": -0.116731355697,
        "Profit Margin": -0.393346271139,
        "Free Cash Flow margin": 0.173024674245,
        "EBITDA": 26226000.0,
        "EBIT": -8421000.0,
        "Consolidated Income": -28376000.0,
        "Earnings Before Tax Margin": -0.363002495148,
        "Net Profit Margin": -0.393346271139
    },
    "2012": {
        "Revenue": 58555107.0,
        "Revenue Growth": -0.0182865280991517,
        "Cost of Revenue": 11910385.0,
        "Gross Profit": 46644722.0,
        "R&D Expenses": 0.0,
        "SG&A Expense": 17792298.0,
        "Operating Expenses": 73427586.0,
        "Operating Income": -26782864.0,
        "Interest Expense": 10269667.0,
        "Earnings before Tax": -40210985.0,
        "Income Tax Expense": 0.0,
        "Net Income - Non-Controlling int": 0.0,
        "Net Income - Discontinued ops": 0.0,
        "Net Income": -40210985.0,
        "Preferred Dividends": 0.0,
        "Net Income Com": -40210985.0,
        "EPS": NaN,
        "EPS Diluted": NaN,
        "Weighted Average Shs Out": 10000000.0,
        "Weighted Average Shs Out (Dil)": 10000000.0,
        "Dividend per Share": 0.0,
        "Gross Margin": 0.7966,
        "EBITDA Margin": -0.008,
        "EBIT Margin": -0.5113,
        "Profit Margin": -0.687,
        "Free Cash Flow margin": -0.1037,
        "EBITDA": -487280.0,
        "EBIT": -29941318.0,
        "Consolidated Income": -40210985.0,
        "Earnings Before Tax Margin": -0.6867,
        "Net Profit Margin": -0.6867
    },
    "2011": {
        "Revenue": 59645822.0,
        "Revenue Growth": -0.0349138269774249,
        "Cost of Revenue": 17151788.0,
        "Gross Profit": 42494034.0,
        "R&D Expenses": 0.0,
        "SG&A Expense": 16690738.0,
        "Operating Expenses": 42242672.0,
        "Operating Income": 251362.0,
        "Interest Expense": 5832937.0,
        "Earnings before Tax": -7612442.0,
        "Income Tax Expense": 0.0,
        "Net Income - Non-Controlling int": 0.0,