{
    "2019": {
        "Revenue": 3472739000.0,
        "Revenue Growth": 0.129980275107263,
        "Cost of Revenue": 2465116000.0,
        "Gross Profit": 1007623000.0,
        "R&D Expenses": 0.0,
        "SG&A Expense": 742241000.0,
        "Operating Expenses": 742241000.0,
        "Operating Income": 233788000.0,
        "Interest Expense": 40788000.0,
        "Earnings before Tax": 194481000.0,
        "Income Tax Expense": 50488000.0,
        "Net Income - Non-Controlling int": 0.0,
        "Net Income - Discontinued ops": 0.0,
        "Net Income": 143993000.0,
        "Preferred Dividends": 0.0,
        "Net Income Com": 143993000.0,
        "EPS": 3.72,
        "EPS Diluted": 3.68,
        "Weighted Average Shs Out": 38670000.0,
        "Weighted Average Shs Out (Dil)": 39160000.0,
        "Dividend per Share": 1.20699693565,
        "Gross Margin": 0.290152240062,
        "EBITDA Margin": 0.0852085342434,
        "EBIT Margin": 0.0673209244922,
        "Profit Margin": 0.0414638128578,
        "Free Cash Flow margin": 0.0465428009419,
        "EBITDA": 295907000.0,
        "EBIT": 233788000.0,
        "Consolidated Income": 143993000.0,
        "Earnings Before Tax Margin": 0.0560021930816,
        "Net Profit Margin": 0.0414638128578
    },
    "2018": {
        "Revenue": 3073274000.0,
        "Revenue Growth": 0.18487855017415,
        "Cost of Revenue": 2189279000.0,
        "Gross Profit": 883995000.0,
        "R&D Expenses": 0.0,
        "SG&A Expense": 658168000.0,
        "Operating Expenses": 658168000.0,
        "Operating Income": 225827000.0,
        "Interest Expense": 24142000.0,
        "Earnings before Tax": 204718000.0,
        "Income Tax Expense": 63093000.0,
        "Net Income - Non-Controlling int": 0.0,
        "Net Income - Discontinued ops": 0.0,
        "Net Income": 141625000.0,
        "Preferred Dividends": 0.0,
        "Net Income Com": 141625000.0,
        "EPS": 3.65,
        "EPS Diluted": 3.61,
        "Weighted Average Shs Out": 38752000.0,
        "Weighted Average Shs Out (Dil)": 39281000.0,
        "Dividend per Share": 1.16743463761,
        "Gross Margin": 0.287639501066,
        "EBITDA Margin": 0.0897056363995,
        "EBIT Margin": 0.0734809196967,
        "Profit Margin": 0.0460827768692,
        "Free Cash Flow margin": 0.0403719290893,
        "EBITDA": 275690000.0,
        "EBIT": 225827000.0,
        "Consolidated Income": 141625000.0,
        "Earnings Before Tax Margin": 0.0666123489152,
        "Net Profit Margin": 0.0460827768692
    },
    "2017": {
        "Revenue": 2593746000.0,
        "Revenue Growth": 0.0294979654111965,
        "Cost of Revenue": 1856051000.0,
        "Gross Profit": 737695000.0,
        "R&D Expenses": 0.0,
        "SG&A Expense": 563105000.0,
        "Operating Expenses": 563105000.0,
        "Operating Income": 174590000.0,
        "Interest Expense": 8831000.0,
        "Earnings before Tax": 166966000.0,
        "Income Tax Expense": 33056000.0,
        "Net Income - Non-Controlling int": 0.0,
        "Net Income - Discontinued ops": 0.0,
        "Net Income": 133910000.0,
        "Preferred Dividends": 0.0,
        "Net Income Com": 133910000.0,
        "EPS": 3.43,
        "EPS Diluted": 3.4,
        "Weighted Average Shs Out": 39013000.0,
        "Weighted Average Shs Out (Dil)": 39404000.0,
        "Dividend per Share": 1.13234696985,
        "Gross Margin": 0.284412968733,
        "EBITDA Margin": 0.0826090912526,
        "EBIT Margin": 0.0673119110352,
        "Profit Margin": 0.0516280314264,
        "Free Cash Flow margin": 0.0568960877434,
        "EBITDA": 214267000.0,
        "EBIT": 174590000.0,
        "Consolidated Income": 133910000.0,
        "Earnings Before Tax Margin": 0.0643725330082,
        "Net Profit Margin": 0.0516280314264
    },
    "2016": {
        "Revenue": 2519428000.0,
        "Revenue Growth": -0.0843641118623211,
        "Cost of Revenue": 1812006000.0,
        "Gross Profit": 707422000.0,
        "R&D Expenses": 0.0,
        "SG&A Expense": 553827000.0,
        "Operating Expenses": 553827000.0,
        "Operating Income": 88801000.0,
        "Interest Expense": 9004000.0,
        "Earnings before Tax": 78978000.0,
        "Income Tax Expense": 49401000.0,
        "Net Income - Non-Controlling int": 0.0,
        "Net Income - Discontinued ops": 0.0,
        "Net Income": 29577000.0,
        "Preferred Dividends": 0.0,
        "Net Income Com": 29577000.0,
        "EPS": 0.75,
        "EPS Diluted": 0.75,
        "Weighted Average Shs Out": 39254000.0,
        "Weighted Average Shs Out (Dil)": 39466000.0,
        "Dividend per Share": 1.09790705924,
        "Gross Margin": 0.280786750008,
        "EBITDA Margin": 0.0517367434195,
        "EBIT Margin": 0.0352464924578,
        "Profit Margin": 0.0117395694578,
        "Free Cash Flow margin": 0.0586887182329,
        "EBITDA": 130347000.0,
        "EBIT": 88801000.0,
        "Consolidated Income": 29577000.0,
        "Earnings Before Tax Margin": 0.0313475915962,
        "Net Profit Margin": 0.0117395694578
    },
    "2015": {
        "Revenue": 2751561000.0,
        "Revenue Growth": 0.118576205811833,
        "Cost of Revenue": 1981747000.0,
        "Gross Profit": 769814000.0,
        "R&D Expenses": 0.0,
        "SG&A Expense": 585195000.0,
        "Operating Expenses": 585195000.0,
        "Operating Income": 184619000.0,
        "Interest Expense": 8121000.0,
        "Earnings before Tax": 175871000.0,
        "Income Tax Expense": 60387000.0,
        "Net Income - Non-Controlling int": 0.0,
        "Net Income - Discontinued ops": 0.0,
        "Net Income": 115484000.0,
        "Preferred Dividends": 0.0,
        "Net Income Com": 115484000.0,
        "EPS": 2.82,
        "EPS Diluted": 2.8,
        "Weighted Average Shs Out": 40892000.0,
        "Weighted Average Shs Out (Dil)": 41187000.0,
        "Dividend per Share": 1.03583655037,
        "Gross Margin": 0.279773553994,
        "EBITDA Margin": 0.0824964447454,
        "EBIT Margin": 0.0670960956344,
        "Profit Margin": 0.0419703579168,
        "Free Cash Flow margin": 0.0507366545753,
        "EBITDA": 226994000.0,
        "EBIT": 184619000.0,
        "Consolidated Income": 115484000.0,
        "Earnings Before Tax Margin": 0.0639168094038,
        "Net Profit Margin": 0.0419703579168
    },
    "2014": {
        "Revenue": 2459878000.0,
        "Revenue Growth": -0.000931291937075045,
        "Cost of Revenue": 1772952000.0,
        "Gross Profit": 686926000.0,
        "R&D Expenses": 0.0,
        "SG&A Expense": 522568000.0,
        "Operating Expenses": 522568000.0,
        "Operating Income": 164358000.0,
        "Interest Expense": 900000.0,
        "Earnings before Tax": 166262000.0,
        "Income Tax Expense": 53441000.0,
        "Net Income - Non-Controlling int": 0.0,
        "Net Income - Discontinued ops": 0.0,
        "Net Income": 112821000.0,
        "Preferred Dividends": 0.0,
        "Net Income Com": 112821000.0,
        "EPS": 2.69,
        "EPS Diluted": 2.67,
        "Weighted Average Shs Out": 41942000.0,
        "Weighted Average Shs Out (Dil)": 42331000.0,
        "Dividend per Share": 0.954619545959,
        "Gross Margin": 0.279252060468,
        "EBITDA Margin": 0.0781981870646,
        "EBIT Margin": 0.0668155087366,
        "Profit Margin": 0.0458644697013,
        "Free Cash Flow margin": 0.0365546584018,
        "EBITDA": 192358000.0,
        "EBIT": 164358000.0,
        "Consolidated Income": 112821000.0,
        "Earnings Before Tax Margin": 0.0675895308629,
        "Net Profit Margin": 0.0458644697013
    },
    "2013": {
        "Revenue": 2462171000.0,
        "Revenue Growth": 0.0365093698233384,
        "Cost of Revenue": 1779209000.0,
        "Gross Profit": 682962000.0,
        "R&D Expenses": 0.0,
        "SG&A Expense": 506563000.0,
        "Operating Expenses": 506563000.0,
        "Operating Income": 176399000.0,
        "Interest Expense": 621000.0,