{
    "2018": {
        "Revenue": 1498600000.0,
        "Revenue Growth": 0.0558726132600578,
        "Cost of Revenue": 954900000.0,
        "Gross Profit": 543700000.0,
        "R&D Expenses": 0.0,
        "SG&A Expense": 0.0,
        "Operating Expenses": 342500000.0,
        "Operating Income": 201200000.0,
        "Interest Expense": 67900000.0,
        "Earnings before Tax": 158600000.0,
        "Income Tax Expense": -15500000.0,
        "Net Income - Non-Controlling int": 0.0,
        "Net Income - Discontinued ops": 0.0,
        "Net Income": 174100000.0,
        "Preferred Dividends": 0.0,
        "Net Income Com": 174100000.0,
        "EPS": 3.39,
        "EPS Diluted": 3.38,
        "Weighted Average Shs Out": 51300000.0,
        "Weighted Average Shs Out (Dil)": 51500000.0,
        "Dividend per Share": 2.23300970874,
        "Gross Margin": 0.362805284933,
        "EBITDA Margin": 0.290471106366,
        "EBIT Margin": 0.134258641399,
        "Profit Margin": 0.116175096757,
        "Free Cash Flow margin": 0.0805418390498,
        "EBITDA": 435300000.0,
        "EBIT": 201200000.0,
        "Consolidated Income": 174100000.0,
        "Earnings Before Tax Margin": 0.105832109969,
        "Net Profit Margin": 0.116175096757
    },
    "2017": {
        "Revenue": 1419300000.0,
        "Revenue Growth": 0.059416287228484,
        "Cost of Revenue": 848900000.0,
        "Gross Profit": 570400000.0,
        "R&D Expenses": 0.0,
        "SG&A Expense": 0.0,
        "Operating Expenses": 340600000.0,
        "Operating Income": 229800000.0,
        "Interest Expense": 67800000.0,
        "Earnings before Tax": 186900000.0,
        "Income Tax Expense": 14700000.0,
        "Net Income - Non-Controlling int": 0.0,
        "Net Income - Discontinued ops": 0.0,
        "Net Income": 172200000.0,
        "Preferred Dividends": 0.0,
        "Net Income Com": 172200000.0,
        "EPS": 3.39,
        "EPS Diluted": 3.38,
        "Weighted Average Shs Out": 50800000.0,
        "Weighted Average Shs Out (Dil)": 51000000.0,
        "Dividend per Share": 2.13137254902,
        "Gross Margin": 0.401888254773,
        "EBITDA Margin": 0.30684140069,
        "EBIT Margin": 0.161910801099,
        "Profit Margin": 0.121327414923,
        "Free Cash Flow margin": 0.136968928345,
        "EBITDA": 435500000.0,
        "EBIT": 229800000.0,
        "Consolidated Income": 172200000.0,
        "Earnings Before Tax Margin": 0.13168463327,
        "Net Profit Margin": 0.121327414923
    },
    "2016": {
        "Revenue": 1339700000.0,
        "Revenue Growth": -0.098694833153929,
        "Cost of Revenue": 771800000.0,
        "Gross Profit": 567900000.0,
        "R&D Expenses": 0.0,
        "SG&A Expense": 0.0,
        "Operating Expenses": 344400000.0,
        "Operating Income": 223500000.0,
        "Interest Expense": 70300000.0,
        "Earnings before Tax": 175600000.0,
        "Income Tax Expense": 19800000.0,
        "Net Income - Non-Controlling int": 0.0,
        "Net Income - Discontinued ops": 0.0,
        "Net Income": 155300000.0,
        "Preferred Dividends": 0.0,
        "Net Income Com": 155300000.0,
        "EPS": 3.15,
        "EPS Diluted": 3.14,
        "Weighted Average Shs Out": 49300000.0,
        "Weighted Average Shs Out (Dil)": 49500000.0,
        "Dividend per Share": 2.07474747475,
        "Gross Margin": 0.42390087333,
        "EBITDA Margin": 0.333432858103,
        "EBIT Margin": 0.166828394417,
        "Profit Margin": 0.115921474957,
        "Free Cash Flow margin": 0.049563335075,
        "EBITDA": 446700000.0,
        "EBIT": 223500000.0,
        "Consolidated Income": 155300000.0,
        "Earnings Before Tax Margin": 0.131074121072,
        "Net Profit Margin": 0.115921474957
    },
    "2015": {
        "Revenue": 1486400000.0,
        "Revenue Growth": 0.30752990851513,
        "Cost of Revenue": 302300000.0,
        "Gross Profit": 1184100000.0,
        "R&D Expenses": 0.0,
        "SG&A Expense": 0.0,
        "Operating Expenses": 333500000.0,
        "Operating Income": 210700000.0,
        "Interest Expense": 64900000.0,
        "Earnings before Tax": 138100000.0,
        "Income Tax Expense": 25300000.0,
        "Net Income - Non-Controlling int": 0.0,
        "Net Income - Discontinued ops": 0.0,
        "Net Income": 141500000.0,
        "Preferred Dividends": 0.0,
        "Net Income Com": 141500000.0,
        "EPS": 2.92,
        "EPS Diluted": 2.92,
        "Weighted Average Shs Out": 48300000.0,
        "Weighted Average Shs Out (Dil)": 48400000.0,
        "Dividend per Share": 2.02272727273,
        "Gross Margin": 0.796622712594,
        "EBITDA Margin": 0.272739504844,
        "EBIT Margin": 0.141751883746,
        "Profit Margin": 0.0951964477933,
        "Free Cash Flow margin": 0.0358584499462,
        "EBITDA": 405400000.0,
        "EBIT": 210700000.0,
        "Consolidated Income": 141500000.0,
        "Earnings Before Tax Margin": 0.0929090419806,
        "Net Profit Margin": 0.0951964477933
    },
    "2014": {
        "Revenue": 1136800000.0,
        "Revenue Growth": 0.116260801256874,
        "Cost of Revenue": 0.0,
        "Gross Profit": 0.0,
        "R&D Expenses": 0.0,
        "SG&A Expense": 0.0,
        "Operating Expenses": 456200000.0,
        "Operating Income": 188800000.0,
        "Interest Expense": 54800000.0,
        "Earnings before Tax": 121500000.0,
        "Income Tax Expense": 36700000.0,
        "Net Income - Non-Controlling int": 0.0,
        "Net Income - Discontinued ops": 0.0,
        "Net Income": 125500000.0,
        "Preferred Dividends": 0.0,
        "Net Income Com": 125500000.0,
        "EPS": 2.91,
        "EPS Diluted": 2.9,
        "Weighted Average Shs Out": 42900000.0,
        "Weighted Average Shs Out (Dil)": 43100000.0,
        "Dividend per Share": 1.94431554524,
        "Gross Margin": 0.0,
        "EBITDA Margin": 0.297237860662,
        "EBIT Margin": 0.166080225194,
        "Profit Margin": 0.110397607319,
        "Free Cash Flow margin": -0.266537649543,
        "EBITDA": 337900000.0,
        "EBIT": 188800000.0,
        "Consolidated Income": 125500000.0,
        "Earnings Before Tax Margin": 0.10687895848,
        "Net Profit Margin": 0.110397607319
    },
    "2013": {
        "Revenue": 1018400000.0,
        "Revenue Growth": 0.0595089471493966,
        "Cost of Revenue": 0.0,
        "Gross Profit": 0.0,
        "R&D Expenses": 0.0,
        "SG&A Expense": 0.0,
        "Operating Expenses": 0.0,
        "Operating Income": 154100000.0,
        "Interest Expense": 50300000.0,
        "Earnings before Tax": 109600000.0,
        "Income Tax Expense": 28700000.0,
        "Net Income - Non-Controlling int": 0.0,
        "Net Income - Discontinued ops": 0.0,
        "Net Income": 104700000.0,
        "Preferred Dividends": 0.0,
        "Net Income Com": 104700000.0,
        "EPS": 2.64,
        "EPS Diluted": 2.63,
        "Weighted Average Shs Out": 39700000.0,
        "Weighted Average Shs Out (Dil)": 39800000.0,
        "Dividend per Share": 1.88944723618,
        "Gross Margin": 0.0,
        "EBITDA Margin": 0.266791044776,
        "EBIT Margin": 0.151315789474,
        "Profit Margin": 0.102808326787,
        "Free Cash Flow margin": -0.0874901806756,
        "EBITDA": 271700000.0,
        "EBIT": 154100000.0,
        "Consolidated Income": 104700000.0,
        "Earnings Before Tax Margin": 0.107619795758,
        "Net Profit Margin": 0.102808326787
    },
    "2012": {
        "Revenue": 961200000.0,
        "Revenue Growth": 0.0355526826115061,
        "Cost of Revenue": 0.0,
        "Gross Profit": 0.0,
        "R&D Expenses": 0.0,
        "SG&A Expense": 0.0,
        "Operating Expenses": 0.0,
        "Operating Income": 155200000.0,
        "Interest Expense": 45500000.0,
        "Earnings before Tax": 104000000.0,
        "Income Tax Expense": 38000000.0,
        "Net Income - Non-Controlling int": 0.0,