{
    "2018": {
        "Revenue": 598930000.0,
        "Revenue Growth": -0.343552028759947,
        "Cost of Revenue": 752707000.0,
        "Gross Profit": 256115000.0,
        "R&D Expenses": 10429000.0,
        "SG&A Expense": 155027000.0,
        "Operating Expenses": 165456000.0,
        "Operating Income": 101088000.0,
        "Interest Expense": 5493000.0,
        "Earnings before Tax": 94531000.0,
        "Income Tax Expense": 21045000.0,
        "Net Income - Non-Controlling int": 0.0,
        "Net Income - Discontinued ops": 0.0,
        "Net Income": 73486000.0,
        "Preferred Dividends": 0.0,
        "Net Income Com": 73486000.0,
        "EPS": 6.3,
        "EPS Diluted": 6.25,
        "Weighted Average Shs Out": 11660000.0,
        "Weighted Average Shs Out (Dil)": 11761000.0,
        "Dividend per Share": 0.43567723833,
        "Gross Margin": 0.427620923981,
        "EBITDA Margin": 0.196513782913,
        "EBIT Margin": 0.16878099277,
        "Profit Margin": 0.122695473595,
        "Free Cash Flow margin": -0.0228357237073,
        "EBITDA": 117698000.0,
        "EBIT": 101088000.0,
        "Consolidated Income": 73486000.0,
        "Earnings Before Tax Margin": 0.157833135759,
        "Net Profit Margin": 0.122695473595
    },
    "2017": {
        "Revenue": 912380000.0,
        "Revenue Growth": 0.0800617462249097,
        "Cost of Revenue": 677687000.0,
        "Gross Profit": 234693000.0,
        "R&D Expenses": 9849000.0,
        "SG&A Expense": 145955000.0,
        "Operating Expenses": 155804000.0,
        "Operating Income": 88738000.0,
        "Interest Expense": 4839000.0,
        "Earnings before Tax": 82367000.0,
        "Income Tax Expense": 38052000.0,
        "Net Income - Non-Controlling int": 0.0,
        "Net Income - Discontinued ops": 0.0,
        "Net Income": 44315000.0,
        "Preferred Dividends": 0.0,
        "Net Income Com": 44315000.0,
        "EPS": 3.84,
        "EPS Diluted": 3.79,
        "Weighted Average Shs Out": 11549000.0,
        "Weighted Average Shs Out (Dil)": 11682000.0,
        "Dividend per Share": 0.394966615306,
        "Gross Margin": 0.257231635941,
        "EBITDA Margin": 0.113849492536,
        "EBIT Margin": 0.0972599136325,
        "Profit Margin": 0.0485707709507,
        "Free Cash Flow margin": 0.0628181240273,
        "EBITDA": 103874000.0,
        "EBIT": 88738000.0,
        "Consolidated Income": 44315000.0,
        "Earnings Before Tax Margin": 0.0902770775335,
        "Net Profit Margin": 0.0485707709507
    },
    "2016": {
        "Revenue": 844748000.0,
        "Revenue Growth": -0.0395974428617392,
        "Cost of Revenue": 639649000.0,
        "Gross Profit": 205099000.0,
        "R&D Expenses": 8847000.0,
        "SG&A Expense": 137479000.0,
        "Operating Expenses": 146326000.0,
        "Operating Income": 67620000.0,
        "Interest Expense": 5914000.0,
        "Earnings before Tax": 62189000.0,
        "Income Tax Expense": 22144000.0,
        "Net Income - Non-Controlling int": 0.0,
        "Net Income - Discontinued ops": 0.0,
        "Net Income": 40045000.0,
        "Preferred Dividends": 0.0,
        "Net Income Com": 40045000.0,
        "EPS": 3.5,
        "EPS Diluted": 3.46,
        "Weighted Average Shs Out": 11434000.0,
        "Weighted Average Shs Out (Dil)": 11565000.0,
        "Dividend per Share": 0.355728491137,
        "Gross Margin": 0.242793117001,
        "EBITDA Margin": 0.104922414732,
        "EBIT Margin": 0.0800475408051,
        "Profit Margin": 0.047404669795,
        "Free Cash Flow margin": 0.0779439548836,
        "EBITDA": 88633000.0,
        "EBIT": 67620000.0,
        "Consolidated Income": 40045000.0,
        "Earnings Before Tax Margin": 0.0736184045419,
        "Net Profit Margin": 0.047404669795
    },
    "2015": {
        "Revenue": 879577000.0,
        "Revenue Growth": 0.0482948078493067,
        "Cost of Revenue": 677129000.0,
        "Gross Profit": 202448000.0,
        "R&D Expenses": 8590000.0,
        "SG&A Expense": 135920000.0,
        "Operating Expenses": 144510000.0,
        "Operating Income": 66528000.0,
        "Interest Expense": 6724000.0,
        "Earnings before Tax": 66867000.0,
        "Income Tax Expense": 23658000.0,
        "Net Income - Non-Controlling int": 0.0,
        "Net Income - Discontinued ops": 0.0,
        "Net Income": 43209000.0,
        "Preferred Dividends": 0.0,
        "Net Income Com": 43209000.0,
        "EPS": 3.81,
        "EPS Diluted": 3.76,
        "Weighted Average Shs Out": 11349000.0,
        "Weighted Average Shs Out (Dil)": 11482000.0,
        "Dividend per Share": 0.315972827034,
        "Gross Margin": 0.230165181673,
        "EBITDA Margin": 0.101006506537,
        "EBIT Margin": 0.0756363570216,
        "Profit Margin": 0.0491247497377,
        "Free Cash Flow margin": 0.0421577644709,
        "EBITDA": 88843000.0,
        "EBIT": 66528000.0,
        "Consolidated Income": 43209000.0,
        "Earnings Before Tax Margin": 0.0760217695551,
        "Net Profit Margin": 0.0491247497377
    },
    "2014": {
        "Revenue": 839055000.0,
        "Revenue Growth": 0.23967253514884,
        "Cost of Revenue": 649827000.0,
        "Gross Profit": 189228000.0,
        "R&D Expenses": 8427000.0,
        "SG&A Expense": 126564000.0,
        "Operating Expenses": 134991000.0,
        "Operating Income": 62664000.0,
        "Interest Expense": 4037000.0,
        "Earnings before Tax": 60605000.0,
        "Income Tax Expense": 19454000.0,
        "Net Income - Non-Controlling int": 0.0,
        "Net Income - Discontinued ops": 0.0,
        "Net Income": 41151000.0,
        "Preferred Dividends": 0.0,
        "Net Income Com": 41151000.0,
        "EPS": 3.47,
        "EPS Diluted": 3.42,
        "Weighted Average Shs Out": 11875000.0,
        "Weighted Average Shs Out (Dil)": 12039000.0,
        "Dividend per Share": 0.276434919844,
        "Gross Margin": 0.225525144359,
        "EBITDA Margin": 0.0899786068851,
        "EBIT Margin": 0.074684019522,
        "Profit Margin": 0.0490444607326,
        "Free Cash Flow margin": 0.0243178337534,
        "EBITDA": 75497000.0,
        "EBIT": 62664000.0,
        "Consolidated Income": 41151000.0,
        "Earnings Before Tax Margin": 0.0722300683507,
        "Net Profit Margin": 0.0490444607326
    },
    "2013": {
        "Revenue": 676836000.0,
        "Revenue Growth": 0.0770748660889049,
        "Cost of Revenue": 518326000.0,
        "Gross Profit": 158510000.0,
        "R&D Expenses": 7164000.0,
        "SG&A Expense": 107773000.0,
        "Operating Expenses": 114937000.0,
        "Operating Income": 50737000.0,
        "Interest Expense": 1161000.0,
        "Earnings before Tax": 16241000.0,
        "Income Tax Expense": 15294000.0,
        "Net Income - Non-Controlling int": 0.0,
        "Net Income - Discontinued ops": 0.0,
        "Net Income": 36094000.0,
        "Preferred Dividends": 0.0,
        "Net Income Com": 36094000.0,
        "EPS": 3.0,
        "EPS Diluted": 2.96,
        "Weighted Average Shs Out": 12050000.0,
        "Weighted Average Shs Out (Dil)": 12212000.0,
        "Dividend per Share": 0.276039960694,
        "Gross Margin": 0.234192625688,
        "EBITDA Margin": 0.0882946533577,
        "EBIT Margin": 0.0749620292065,
        "Profit Margin": 0.0533275416792,
        "Free Cash Flow margin": 0.0265766005354,
        "EBITDA": 59761000.0,
        "EBIT": 50737000.0,
        "Consolidated Income": 36094000.0,
        "Earnings Before Tax Margin": 0.023995473054,
        "Net Profit Margin": 0.0533275416792
    },
    "2012": {
        "Revenue": 628402000.0,
        "Revenue Growth": 0.0411021996610299,
        "Cost of Revenue": 484890000.0,
        "Gross Profit": 143512000.0,
        "R&D Expenses": 5686000.0,
        "SG&A Expense": 97507000.0,
        "Operating Expenses": 103193000.0,
        "Operating Income": 45349000.0,
        "Interest Expense": 1620000.0,