{
    "2018": {
        "Revenue": 46970000.0,
        "Revenue Growth": 0.307919358431722,
        "Cost of Revenue": 4679000.0,
        "Gross Profit": 42291000.0,
        "R&D Expenses": 11274000.0,
        "SG&A Expense": 14525000.0,
        "Operating Expenses": 51961000.0,
        "Operating Income": -9670000.0,
        "Interest Expense": 4775000.0,
        "Earnings before Tax": -16276000.0,
        "Income Tax Expense": 106000.0,
        "Net Income - Non-Controlling int": 0.0,
        "Net Income - Discontinued ops": 0.0,
        "Net Income": -16382000.0,
        "Preferred Dividends": 0.0,
        "Net Income Com": -16382000.0,
        "EPS": 0.25,
        "EPS Diluted": 0.25,
        "Weighted Average Shs Out": 70002901.0,
        "Weighted Average Shs Out (Dil)": 70738481.0,
        "Dividend per Share": 0.0,
        "Gross Margin": 0.900383223334,
        "EBITDA Margin": -0.131637215244,
        "EBIT Margin": -0.205876091122,
        "Profit Margin": -0.34877581435,
        "Free Cash Flow margin": -0.249691292314,
        "EBITDA": -6183000.0,
        "EBIT": -9670000.0,
        "Consolidated Income": -16382000.0,
        "Earnings Before Tax Margin": -0.346519054716,
        "Net Profit Margin": -0.34877581435
    },
    "2017": {
        "Revenue": 35912000.0,
        "Revenue Growth": 0.0459907377741531,
        "Cost of Revenue": 3438000.0,
        "Gross Profit": 32474000.0,
        "R&D Expenses": 12844000.0,
        "SG&A Expense": 13039000.0,
        "Operating Expenses": 48926000.0,
        "Operating Income": -16452000.0,
        "Interest Expense": 5579000.0,
        "Earnings before Tax": -21838000.0,
        "Income Tax Expense": 163000.0,
        "Net Income - Non-Controlling int": 0.0,
        "Net Income - Discontinued ops": 0.0,
        "Net Income": -22001000.0,
        "Preferred Dividends": 0.0,
        "Net Income Com": -22001000.0,
        "EPS": -0.33,
        "EPS Diluted": -0.33,
        "Weighted Average Shs Out": 66993649.0,
        "Weighted Average Shs Out (Dil)": 66993649.0,
        "Dividend per Share": 0.0,
        "Gross Margin": 0.904265983515,
        "EBITDA Margin": -0.343951882379,
        "EBIT Margin": -0.458119848519,
        "Profit Margin": -0.612636444642,
        "Free Cash Flow margin": -0.365114724883,
        "EBITDA": -12352000.0,
        "EBIT": -16452000.0,
        "Consolidated Income": -22001000.0,
        "Earnings Before Tax Margin": -0.608097571842,
        "Net Profit Margin": -0.612636444642
    },
    "2016": {
        "Revenue": 34333000.0,
        "Revenue Growth": 0.530127462340672,
        "Cost of Revenue": 2344000.0,
        "Gross Profit": 31989000.0,
        "R&D Expenses": 12375000.0,
        "SG&A Expense": 15263000.0,
        "Operating Expenses": 59836000.0,
        "Operating Income": -27847000.0,
        "Interest Expense": 5178000.0,
        "Earnings before Tax": -33002000.0,
        "Income Tax Expense": 172000.0,
        "Net Income - Non-Controlling int": 0.0,
        "Net Income - Discontinued ops": 0.0,
        "Net Income": -33174000.0,
        "Preferred Dividends": 0.0,
        "Net Income Com": -33174000.0,
        "EPS": -0.63,
        "EPS Diluted": -0.63,
        "Weighted Average Shs Out": 52801603.0,
        "Weighted Average Shs Out (Dil)": 52801603.0,
        "Dividend per Share": 0.0,
        "Gross Margin": 0.9317274925,
        "EBITDA Margin": -0.700259225818,
        "EBIT Margin": -0.81108554452,
        "Profit Margin": -0.966242390703,
        "Free Cash Flow margin": -0.73646346081,
        "EBITDA": -24042000.0,
        "EBIT": -27847000.0,
        "Consolidated Income": -33174000.0,
        "Earnings Before Tax Margin": -0.961232633327,
        "Net Profit Margin": -0.966242390703
    },
    "2015": {
        "Revenue": 22438000.0,
        "Revenue Growth": 1.6638964739404,
        "Cost of Revenue": 1762000.0,
        "Gross Profit": 20676000.0,
        "R&D Expenses": 14840000.0,
        "SG&A Expense": 14190000.0,
        "Operating Expenses": 59675000.0,
        "Operating Income": -38999000.0,
        "Interest Expense": 4693000.0,
        "Earnings before Tax": -30515000.0,
        "Income Tax Expense": 130000.0,
        "Net Income - Non-Controlling int": 0.0,
        "Net Income - Discontinued ops": 0.0,
        "Net Income": -30645000.0,
        "Preferred Dividends": 0.0,
        "Net Income Com": -30645000.0,
        "EPS": -0.69,
        "EPS Diluted": -0.69,
        "Weighted Average Shs Out": 44450216.0,
        "Weighted Average Shs Out (Dil)": 44450216.0,
        "Dividend per Share": 0.0,
        "Gross Margin": 0.921472502006,
        "EBITDA Margin": -1.58695070862,
        "EBIT Margin": -1.73807826009,
        "Profit Margin": -1.36576343703,
        "Free Cash Flow margin": -2.04184864961,
        "EBITDA": -35608000.0,
        "EBIT": -38999000.0,
        "Consolidated Income": -30645000.0,
        "Earnings Before Tax Margin": -1.35996969427,
        "Net Profit Margin": -1.36576343703
    },
    "2014": {
        "Revenue": 8423000.0,
        "Revenue Growth": 3.49946581196581,
        "Cost of Revenue": 1442000.0,
        "Gross Profit": 6981000.0,
        "R&D Expenses": 11363000.0,
        "SG&A Expense": 12371000.0,
        "Operating Expenses": 39928000.0,
        "Operating Income": -32947000.0,
        "Interest Expense": 2090000.0,
        "Earnings before Tax": -35736000.0,
        "Income Tax Expense": 174000.0,
        "Net Income - Non-Controlling int": 0.0,
        "Net Income - Discontinued ops": 0.0,
        "Net Income": -35910000.0,
        "Preferred Dividends": 0.0,
        "Net Income Com": -35910000.0,
        "EPS": -0.91,
        "EPS Diluted": -0.91,
        "Weighted Average Shs Out": 40397224.0,
        "Weighted Average Shs Out (Dil)": 40397224.0,
        "Dividend per Share": 0.0,
        "Gross Margin": 0.828802089517,
        "EBITDA Margin": -3.77798884008,
        "EBIT Margin": -3.91155170367,
        "Profit Margin": -4.26332660572,
        "Free Cash Flow margin": -2.98504095928,
        "EBITDA": -31822000.0,
        "EBIT": -32947000.0,
        "Consolidated Income": -35910000.0,
        "Earnings Before Tax Margin": -4.24266888282,
        "Net Profit Margin": -4.26332660572
    },
    "2013": {
        "Revenue": 1872000.0,
        "Revenue Growth": 0.0,
        "Cost of Revenue": 1863000.0,
        "Gross Profit": 9000.0,
        "R&D Expenses": 8429000.0,
        "SG&A Expense": 9613000.0,
        "Operating Expenses": 34413000.0,
        "Operating Income": -46229000.0,
        "Interest Expense": 533000.0,
        "Earnings before Tax": -29303000.0,
        "Income Tax Expense": 0.0,
        "Net Income - Non-Controlling int": 0.0,
        "Net Income - Discontinued ops": 0.0,
        "Net Income": -46229000.0,
        "Preferred Dividends": 0.0,
        "Net Income Com": -46229000.0,
        "EPS": -1.62,
        "EPS Diluted": -1.62,
        "Weighted Average Shs Out": 31579553.0,
        "Weighted Average Shs Out (Dil)": 31579553.0,
        "Dividend per Share": 0.0,
        "Gross Margin": 0.00480769230769,
        "EBITDA Margin": -24.5363247863,
        "EBIT Margin": -24.6949786325,
        "Profit Margin": -24.6949786325,
        "Free Cash Flow margin": -20.7232905983,
        "EBITDA": -45932000.0,
        "EBIT": -46229000.0,
        "Consolidated Income": -46229000.0,
        "Earnings Before Tax Margin": -15.6533119658,
        "Net Profit Margin": -24.6949786325
    },
    "2012": {
        "Revenue": 0.0,
        "Revenue Growth": 0.0,
        "Cost of Revenue": 0.0,
        "Gross Profit": 0.0,
        "R&D Expenses": 7935000.0,
        "SG&A Expense": 6575000.0,
        "Operating Expenses": 22039000.0,
        "Operating Income": -19746000.0,
        "Interest Expense": 795000.0,
        "Earnings before Tax": 0.0,
        "Income Tax Expense": 0.0,
        "Net Income - Non-Controlling int": 0.0,
        "Net Income - Discontinued ops": 0.0,