{
    "2018": {
        "Revenue": 8264000000.0,
        "Revenue Growth": 0.0417244422034539,
        "Cost of Revenue": 0.0,
        "Gross Profit": 0.0,
        "R&D Expenses": 0.0,
        "SG&A Expense": 2190000000.0,
        "Operating Expenses": 7621000000.0,
        "Operating Income": 643000000.0,
        "Interest Expense": 91000000.0,
        "Earnings before Tax": 585000000.0,
        "Income Tax Expense": 148000000.0,
        "Net Income - Non-Controlling int": 0.0,
        "Net Income - Discontinued ops": 0.0,
        "Net Income": 437000000.0,
        "Preferred Dividends": 0.0,
        "Net Income Com": 437000000.0,
        "EPS": 3.55,
        "EPS Diluted": 3.52,
        "Weighted Average Shs Out": 123230000.0,
        "Weighted Average Shs Out (Dil)": 123975000.0,
        "Dividend per Share": 1.27445049405,
        "Gross Margin": 0.0,
        "EBITDA Margin": 0.125968054211,
        "EBIT Margin": 0.077807357212,
        "Profit Margin": 0.0528799612778,
        "Free Cash Flow margin": 0.0284365924492,
        "EBITDA": 1041000000.0,
        "EBIT": 643000000.0,
        "Consolidated Income": 437000000.0,
        "Earnings Before Tax Margin": 0.070788964182,
        "Net Profit Margin": 0.0528799612778
    },
    "2017": {
        "Revenue": 7933000000.0,
        "Revenue Growth": 0.337548474119036,
        "Cost of Revenue": 195000000.0,
        "Gross Profit": 7738000000.0,
        "R&D Expenses": 0.0,
        "SG&A Expense": 1924000000.0,
        "Operating Expenses": 6673000000.0,
        "Operating Income": 1260000000.0,
        "Interest Expense": 103000000.0,
        "Earnings before Tax": 1207000000.0,
        "Income Tax Expense": 173000000.0,
        "Net Income - Non-Controlling int": 0.0,
        "Net Income - Discontinued ops": 0.0,
        "Net Income": 1034000000.0,
        "Preferred Dividends": 0.0,
        "Net Income Com": 1034000000.0,
        "EPS": 8.39,
        "EPS Diluted": 8.35,
        "Weighted Average Shs Out": 123211000.0,
        "Weighted Average Shs Out (Dil)": 123854000.0,
        "Dividend per Share": 1.19495535065,
        "Gross Margin": 0.975419135258,
        "EBITDA Margin": 0.205722929535,
        "EBIT Margin": 0.15883020295,
        "Profit Margin": 0.130341610992,
        "Free Cash Flow margin": 0.0710954241775,
        "EBITDA": 1632000000.0,
        "EBIT": 1260000000.0,
        "Consolidated Income": 1034000000.0,
        "Earnings Before Tax Margin": 0.152149249968,
        "Net Profit Margin": 0.130341610992
    },
    "2016": {
        "Revenue": 5931000000.0,
        "Revenue Growth": 0.0594855305466238,
        "Cost of Revenue": 126000000.0,
        "Gross Profit": 5805000000.0,
        "R&D Expenses": 0.0,
        "SG&A Expense": 1382000000.0,
        "Operating Expenses": 4582000000.0,
        "Operating Income": 1349000000.0,
        "Interest Expense": 55000000.0,
        "Earnings before Tax": 1345000000.0,
        "Income Tax Expense": 531000000.0,
        "Net Income - Non-Controlling int": 0.0,
        "Net Income - Discontinued ops": 0.0,
        "Net Income": 814000000.0,
        "Preferred Dividends": 0.0,
        "Net Income Com": 814000000.0,
        "EPS": 6.59,
        "EPS Diluted": 6.54,
        "Weighted Average Shs Out": 123557000.0,
        "Weighted Average Shs Out (Dil)": 124389000.0,
        "Dividend per Share": 1.09334426678,
        "Gross Margin": 0.97875569044,
        "EBITDA Margin": 0.288652841005,
        "EBIT Margin": 0.227448996796,
        "Profit Margin": 0.137244983982,
        "Free Cash Flow margin": 0.119372787051,
        "EBITDA": 1712000000.0,
        "EBIT": 1349000000.0,
        "Consolidated Income": 814000000.0,
        "Earnings Before Tax Margin": 0.226774574271,
        "Net Profit Margin": 0.137244983982
    },
    "2015": {
        "Revenue": 5598000000.0,
        "Revenue Growth": 0.0428464977645306,
        "Cost of Revenue": 113000000.0,
        "Gross Profit": 5485000000.0,
        "R&D Expenses": 0.0,
        "SG&A Expense": 1254000000.0,
        "Operating Expenses": 4300000000.0,
        "Operating Income": 1298000000.0,
        "Interest Expense": 42000000.0,
        "Earnings before Tax": 1312000000.0,
        "Income Tax Expense": 464000000.0,
        "Net Income - Non-Controlling int": 0.0,
        "Net Income - Discontinued ops": 0.0,
        "Net Income": 848000000.0,
        "Preferred Dividends": 0.0,
        "Net Income Com": 848000000.0,
        "EPS": 6.61,
        "EPS Diluted": 6.56,
        "Weighted Average Shs Out": 128373000.0,
        "Weighted Average Shs Out (Dil)": 129372000.0,
        "Dividend per Share": 0.788424079399,
        "Gross Margin": 0.979814219364,
        "EBITDA Margin": 0.28903179707,
        "EBIT Margin": 0.231868524473,
        "Profit Margin": 0.151482672383,
        "Free Cash Flow margin": 0.134512325831,
        "EBITDA": 1618000000.0,
        "EBIT": 1298000000.0,
        "Consolidated Income": 848000000.0,
        "Earnings Before Tax Margin": 0.234369417649,
        "Net Profit Margin": 0.151482672383
    },
    "2014": {
        "Revenue": 5368000000.0,
        "Revenue Growth": 0.0411171450737005,
        "Cost of Revenue": 93000000.0,
        "Gross Profit": 5275000000.0,
        "R&D Expenses": 0.0,
        "SG&A Expense": 1136000000.0,
        "Operating Expenses": 4406000000.0,
        "Operating Income": 962000000.0,
        "Interest Expense": 48000000.0,
        "Earnings before Tax": 975000000.0,
        "Income Tax Expense": 370000000.0,
        "Net Income - Non-Controlling int": 0.0,
        "Net Income - Discontinued ops": 0.0,
        "Net Income": 605000000.0,
        "Preferred Dividends": 0.0,
        "Net Income Com": 605000000.0,
        "EPS": 4.47,
        "EPS Diluted": 4.42,
        "Weighted Average Shs Out": 135445000.0,
        "Weighted Average Shs Out (Dil)": 136801000.0,
        "Dividend per Share": 0.497072389822,
        "Gross Margin": 0.982675111773,
        "EBITDA Margin": 0.233979135618,
        "EBIT Margin": 0.179210134128,
        "Profit Margin": 0.112704918033,
        "Free Cash Flow margin": 0.0625931445604,
        "EBITDA": 1256000000.0,
        "EBIT": 962000000.0,
        "Consolidated Income": 605000000.0,
        "Earnings Before Tax Margin": 0.181631892697,
        "Net Profit Margin": 0.112704918033
    },
    "2013": {
        "Revenue": 5156000000.0,
        "Revenue Growth": 0.107150526089757,
        "Cost of Revenue": 84000000.0,
        "Gross Profit": 5072000000.0,
        "R&D Expenses": 0.0,
        "SG&A Expense": 1086000000.0,
        "Operating Expenses": 4318000000.0,
        "Operating Income": 838000000.0,
        "Interest Expense": 56000000.0,
        "Earnings before Tax": 0.0,
        "Income Tax Expense": 308000000.0,
        "Net Income - Non-Controlling int": 0.0,
        "Net Income - Discontinued ops": 0.0,
        "Net Income": 508000000.0,
        "Preferred Dividends": 0.0,
        "Net Income Com": 508000000.0,
        "EPS": 7.26,
        "EPS Diluted": 7.16,
        "Weighted Average Shs Out": 69955000.0,
        "Weighted Average Shs Out (Dil)": 70939000.0,
        "Dividend per Share": 0.394705310196,
        "Gross Margin": 0.983708301009,
        "EBITDA Margin": 0.214895267649,
        "EBIT Margin": 0.16252909232,
        "Profit Margin": 0.0985259891389,
        "Free Cash Flow margin": 0.0804887509697,
        "EBITDA": 1108000000.0,
        "EBIT": 838000000.0,
        "Consolidated Income": 508000000.0,
        "Earnings Before Tax Margin": 0.0,
        "Net Profit Margin": 0.0985259891389
    },
    "2012": {
        "Revenue": 4657000000.0,
        "Revenue Growth": 0.0785585251748576,
        "Cost of Revenue": 79000000.0,
        "Gross Profit": 4578000000.0,
        "R&D Expenses": 0.0,
        "SG&A Expense": 1038000000.0,
        "Operating Expenses": 4125000000.0,
        "Operating Income": 532000000.0,
        "Interest Expense": 64000000.0,