{
    "2019": {
        "Revenue": 136657000.0,
        "Revenue Growth": 0.205077556635303,
        "Cost of Revenue": 82658000.0,
        "Gross Profit": 53999000.0,
        "R&D Expenses": 7813000.0,
        "SG&A Expense": 37466000.0,
        "Operating Expenses": 45279000.0,
        "Operating Income": 8720000.0,
        "Interest Expense": 876000.0,
        "Earnings before Tax": 7308000.0,
        "Income Tax Expense": 1578000.0,
        "Net Income - Non-Controlling int": 0.0,
        "Net Income - Discontinued ops": 0.0,
        "Net Income": 5730000.0,
        "Preferred Dividends": 0.0,
        "Net Income Com": 5730000.0,
        "EPS": 0.83,
        "EPS Diluted": 0.81,
        "Weighted Average Shs Out": 6881000.0,
        "Weighted Average Shs Out (Dil)": 7084000.0,
        "Dividend per Share": 0.272868435912,
        "Gross Margin": 0.395142583256,
        "EBITDA Margin": 0.109200406858,
        "EBIT Margin": 0.063809391396,
        "Profit Margin": 0.0419297950343,
        "Free Cash Flow margin": 0.00537842920597,
        "EBITDA": 14923000.0,
        "EBIT": 8720000.0,
        "Consolidated Income": 5730000.0,
        "Earnings Before Tax Margin": 0.0534769532479,
        "Net Profit Margin": 0.0419297950343
    },
    "2018": {
        "Revenue": 113401000.0,
        "Revenue Growth": 0.151887290752478,
        "Cost of Revenue": 69399000.0,
        "Gross Profit": 44002000.0,
        "R&D Expenses": 7453000.0,
        "SG&A Expense": 31137000.0,
        "Operating Expenses": 38590000.0,
        "Operating Income": 5412000.0,
        "Interest Expense": 402000.0,
        "Earnings before Tax": 5157000.0,
        "Income Tax Expense": 1871000.0,
        "Net Income - Non-Controlling int": 0.0,
        "Net Income - Discontinued ops": 0.0,
        "Net Income": 3286000.0,
        "Preferred Dividends": 0.0,
        "Net Income Com": 3286000.0,
        "EPS": 0.48,
        "EPS Diluted": 0.47,
        "Weighted Average Shs Out": 6911.0,
        "Weighted Average Shs Out (Dil)": 7015.0,
        "Dividend per Share": 277.120456165,
        "Gross Margin": 0.388021269654,
        "EBITDA Margin": 0.0832444158341,
        "EBIT Margin": 0.0477244468744,
        "Profit Margin": 0.0289768167829,
        "Free Cash Flow margin": 0.0134037618716,
        "EBITDA": 9440000.0,
        "EBIT": 5412000.0,
        "Consolidated Income": 3286000.0,
        "Earnings Before Tax Margin": 0.0454757894551,
        "Net Profit Margin": 0.0289768167829
    },
    "2017": {
        "Revenue": 98448000.0,
        "Revenue Growth": 0.0400388767985802,
        "Cost of Revenue": 58959000.0,
        "Gross Profit": 39489000.0,
        "R&D Expenses": 6314000.0,
        "SG&A Expense": 26894000.0,
        "Operating Expenses": 33208000.0,
        "Operating Income": 6281000.0,
        "Interest Expense": 0.0,
        "Earnings before Tax": 6605000.0,
        "Income Tax Expense": 2377000.0,
        "Net Income - Non-Controlling int": 0.0,
        "Net Income - Discontinued ops": 0.0,
        "Net Income": 4228000.0,
        "Preferred Dividends": 0.0,
        "Net Income Com": 4228000.0,
        "EPS": 0.57,
        "EPS Diluted": 0.56,
        "Weighted Average Shs Out": 7421.0,
        "Weighted Average Shs Out (Dil)": 7572.0,
        "Dividend per Share": 274.960380349,
        "Gross Margin": 0.401115309605,
        "EBITDA Margin": 0.088493417845,
        "EBIT Margin": 0.0638001787746,
        "Profit Margin": 0.0429465301479,
        "Free Cash Flow margin": 0.0580509507557,
        "EBITDA": 8712000.0,
        "EBIT": 6281000.0,
        "Consolidated Income": 4228000.0,
        "Earnings Before Tax Margin": 0.0670912562977,
        "Net Profit Margin": 0.0429465301479
    },
    "2016": {
        "Revenue": 94658000.0,
        "Revenue Growth": 0.0714342309303089,
        "Cost of Revenue": 56500000.0,
        "Gross Profit": 38158000.0,
        "R&D Expenses": 6945000.0,
        "SG&A Expense": 25279000.0,
        "Operating Expenses": 32224000.0,
        "Operating Income": 5934000.0,
        "Interest Expense": 0.0,
        "Earnings before Tax": 6909000.0,
        "Income Tax Expense": 2384000.0,
        "Net Income - Non-Controlling int": 0.0,
        "Net Income - Discontinued ops": 0.0,
        "Net Income": 4525000.0,
        "Preferred Dividends": 0.0,
        "Net Income Com": 4525000.0,
        "EPS": 0.62,
        "EPS Diluted": 0.61,
        "Weighted Average Shs Out": 7288000.0,
        "Weighted Average Shs Out (Dil)": 7471000.0,
        "Dividend per Share": 0.274126622942,
        "Gross Margin": 0.403114369625,
        "EBITDA Margin": 0.0845042151746,
        "EBIT Margin": 0.0626888377105,
        "Profit Margin": 0.0478036721672,
        "Free Cash Flow margin": 0.0492932451562,
        "EBITDA": 7999000.0,
        "EBIT": 5934000.0,
        "Consolidated Income": 4525000.0,
        "Earnings Before Tax Margin": 0.0729890764647,
        "Net Profit Margin": 0.0478036721672
    },
    "2015": {
        "Revenue": 88347000.0,
        "Revenue Growth": 0.288007347795661,
        "Cost of Revenue": 51370000.0,
        "Gross Profit": 36977000.0,
        "R&D Expenses": 5802000.0,
        "SG&A Expense": 23944000.0,
        "Operating Expenses": 29746000.0,
        "Operating Income": 7231000.0,
        "Interest Expense": 0.0,
        "Earnings before Tax": 6932000.0,
        "Income Tax Expense": 2270000.0,
        "Net Income - Non-Controlling int": 0.0,
        "Net Income - Discontinued ops": 0.0,
        "Net Income": 4662000.0,
        "Preferred Dividends": 0.0,
        "Net Income Com": 4662000.0,
        "EPS": 0.61,
        "EPS Diluted": 0.6,
        "Weighted Average Shs Out": 7612000.0,
        "Weighted Average Shs Out (Dil)": 7834000.0,
        "Dividend per Share": 0.271636456472,
        "Gross Margin": 0.418542791493,
        "EBITDA Margin": 0.105198818296,
        "EBIT Margin": 0.0818477141272,
        "Profit Margin": 0.0527691942001,
        "Free Cash Flow margin": -0.00855716662705,
        "EBITDA": 9294000.0,
        "EBIT": 7231000.0,
        "Consolidated Income": 4662000.0,
        "Earnings Before Tax Margin": 0.0784633320882,
        "Net Profit Margin": 0.0527691942001
    },
    "2014": {
        "Revenue": 68592000.0,
        "Revenue Growth": 0.120344962759702,
        "Cost of Revenue": 41609000.0,
        "Gross Profit": 26983000.0,
        "R&D Expenses": 5072000.0,
        "SG&A Expense": 20378000.0,
        "Operating Expenses": 25450000.0,
        "Operating Income": 1533000.0,
        "Interest Expense": 0.0,
        "Earnings before Tax": 1412000.0,
        "Income Tax Expense": 175000.0,
        "Net Income - Non-Controlling int": 0.0,
        "Net Income - Discontinued ops": 0.0,
        "Net Income": 3212000.0,
        "Preferred Dividends": 0.0,
        "Net Income Com": 3212000.0,
        "EPS": 0.43,
        "EPS Diluted": 0.42,
        "Weighted Average Shs Out": 7470.0,
        "Weighted Average Shs Out (Dil)": 7697.0,
        "Dividend per Share": 273.223333766,
        "Gross Margin": 0.393384068113,
        "EBITDA Margin": 0.040996034523,
        "EBIT Margin": 0.0223495451365,
        "Profit Margin": 0.0468276183812,
        "Free Cash Flow margin": -0.0684482155353,
        "EBITDA": 2812000.0,
        "EBIT": 1533000.0,
        "Consolidated Income": 3212000.0,
        "Earnings Before Tax Margin": 0.0205854910194,
        "Net Profit Margin": 0.0468276183812
    },
    "2013": {
        "Revenue": 61224000.0,
        "Revenue Growth": -0.226903339506338,
        "Cost of Revenue": 37496000.0,
        "Gross Profit": 23728000.0,
        "R&D Expenses": 3816000.0,
        "SG&A Expense": 16986000.0,
        "Operating Expenses": 20802000.0,
        "Operating Income": 2926000.0,
        "Interest Expense": 0.0,
        "Earnings before Tax": 2885000.0,
        "Income Tax Expense": 847000.0,
        "Net Income - Non-Controlling int": 0.0,