{
    "2018": {
        "Revenue": 396379000.0,
        "Revenue Growth": 0.189138189138189,
        "Cost of Revenue": 115973000.0,
        "Gross Profit": 280406000.0,
        "R&D Expenses": 97592000.0,
        "SG&A Expense": 160028000.0,
        "Operating Expenses": 257620000.0,
        "Operating Income": 24644000.0,
        "Interest Expense": 200000.0,
        "Earnings before Tax": 27024000.0,
        "Income Tax Expense": 13309000.0,
        "Net Income - Non-Controlling int": 0.0,
        "Net Income - Discontinued ops": 0.0,
        "Net Income": 13715000.0,
        "Preferred Dividends": 0.0,
        "Net Income Com": 13715000.0,
        "EPS": 0.2,
        "EPS Diluted": 0.18,
        "Weighted Average Shs Out": 67468000.0,
        "Weighted Average Shs Out (Dil)": 74878000.0,
        "Dividend per Share": 0.0,
        "Gross Margin": 0.70741890968,
        "EBITDA Margin": 0.0993443144062,
        "EBIT Margin": 0.0621728194481,
        "Profit Margin": 0.0346007230454,
        "Free Cash Flow margin": 0.0746028422293,
        "EBITDA": 39378000.0,
        "EBIT": 24644000.0,
        "Consolidated Income": 13715000.0,
        "Earnings Before Tax Margin": 0.0681771738664,
        "Net Profit Margin": 0.0346007230454
    },
    "2017": {
        "Revenue": 333333000.0,
        "Revenue Growth": 0.0641457029753544,
        "Cost of Revenue": 106591000.0,
        "Gross Profit": 226742000.0,
        "R&D Expenses": 93234000.0,
        "SG&A Expense": 167937000.0,
        "Operating Expenses": 261171000.0,
        "Operating Income": -33257000.0,
        "Interest Expense": 2160000.0,
        "Earnings before Tax": -36411000.0,
        "Income Tax Expense": 62996000.0,
        "Net Income - Non-Controlling int": 0.0,
        "Net Income - Discontinued ops": 0.0,
        "Net Income": -99407000.0,
        "Preferred Dividends": 0.0,
        "Net Income Com": -99407000.0,
        "EPS": -1.89,
        "EPS Diluted": -1.89,
        "Weighted Average Shs Out": 52466000.0,
        "Weighted Average Shs Out (Dil)": 52466000.0,
        "Dividend per Share": 0.0,
        "Gross Margin": 0.680226680227,
        "EBITDA Margin": -0.0645300645301,
        "EBIT Margin": -0.0997710997711,
        "Profit Margin": -0.298221298221,
        "Free Cash Flow margin": 0.025707025707,
        "EBITDA": -21510000.0,
        "EBIT": -33257000.0,
        "Consolidated Income": -99407000.0,
        "Earnings Before Tax Margin": -0.109233109233,
        "Net Profit Margin": -0.298221298221
    },
    "2016": {
        "Revenue": 313240000.0,
        "Revenue Growth": 0.06497489196917,
        "Cost of Revenue": 102600000.0,
        "Gross Profit": 210640000.0,
        "R&D Expenses": 71325000.0,
        "SG&A Expense": 123288000.0,
        "Operating Expenses": 195193000.0,
        "Operating Income": 15447000.0,
        "Interest Expense": 2265000.0,
        "Earnings before Tax": 13702000.0,
        "Income Tax Expense": 3539000.0,
        "Net Income - Non-Controlling int": 0.0,
        "Net Income - Discontinued ops": 0.0,
        "Net Income": 10163000.0,
        "Preferred Dividends": 0.0,
        "Net Income Com": 10163000.0,
        "EPS": 0.21,
        "EPS Diluted": 0.18,
        "Weighted Average Shs Out": 60391000.0,
        "Weighted Average Shs Out (Dil)": 48852000.0,
        "Dividend per Share": 0.0,
        "Gross Margin": 0.6725,
        "EBITDA Margin": 0.083,
        "EBIT Margin": 0.051,
        "Profit Margin": 0.032,
        "Free Cash Flow margin": 0.0381,
        "EBITDA": 25947000.0,
        "EBIT": 15967000.0,
        "Consolidated Income": 10163000.0,
        "Earnings Before Tax Margin": 0.0437,
        "Net Profit Margin": 0.0324
    },
    "2015": {
        "Revenue": 294129000.0,
        "Revenue Growth": NaN,
        "Cost of Revenue": 99208000.0,
        "Gross Profit": 194921000.0,
        "R&D Expenses": 62777000.0,
        "SG&A Expense": 117149000.0,
        "Operating Expenses": 179974000.0,
        "Operating Income": 14947000.0,
        "Interest Expense": 2416000.0,
        "Earnings before Tax": 11749000.0,
        "Income Tax Expense": 818000.0,
        "Net Income - Non-Controlling int": 0.0,
        "Net Income - Discontinued ops": 0.0,
        "Net Income": 10931000.0,
        "Preferred Dividends": 0.0,
        "Net Income Com": 10931000.0,
        "EPS": 0.23,
        "EPS Diluted": 0.19,
        "Weighted Average Shs Out": 60391000.0,
        "Weighted Average Shs Out (Dil)": 46609000.0,
        "Dividend per Share": 0.0,
        "Gross Margin": 0.6627,
        "EBITDA Margin": 0.077,
        "EBIT Margin": 0.0482,
        "Profit Margin": 0.037,
        "Free Cash Flow margin": 0.0191,
        "EBITDA": 22543000.0,
        "EBIT": 14165000.0,
        "Consolidated Income": 10931000.0,
        "Earnings Before Tax Margin": 0.0399,
        "Net Profit Margin": 0.0372
    }
}