{
    "2018": {
        "Revenue": 8678200000.0,
        "Revenue Growth": -0.164159266465047,
        "Cost of Revenue": 6966900000.0,
        "Gross Profit": 1711300000.0,
        "R&D Expenses": 0.0,
        "SG&A Expense": 390300000.0,
        "Operating Expenses": 401600000.0,
        "Operating Income": 686000000.0,
        "Interest Expense": 66100000.0,
        "Earnings before Tax": 612400000.0,
        "Income Tax Expense": 234900000.0,
        "Net Income - Non-Controlling int": 0.0,
        "Net Income - Discontinued ops": 0.0,
        "Net Income": 190400000.0,
        "Preferred Dividends": 0.0,
        "Net Income Com": 190400000.0,
        "EPS": 2.19,
        "EPS Diluted": 2.18,
        "Weighted Average Shs Out": 87100000.0,
        "Weighted Average Shs Out (Dil)": 87300000.0,
        "Dividend per Share": 2.45475372279,
        "Gross Margin": 0.197195270909,
        "EBITDA Margin": 0.124806987624,
        "EBIT Margin": 0.0790486506418,
        "Profit Margin": 0.0219400336475,
        "Free Cash Flow margin": 0.00352607683621,
        "EBITDA": 1083100000.0,
        "EBIT": 686000000.0,
        "Consolidated Income": 190400000.0,
        "Earnings Before Tax Margin": 0.0705676292319,
        "Net Profit Margin": 0.0219400336475
    },
    "2017": {
        "Revenue": 10382600000.0,
        "Revenue Growth": 0.0306742376111817,
        "Cost of Revenue": 8233600000.0,
        "Gross Profit": 2149000000.0,
        "R&D Expenses": 0.0,
        "SG&A Expense": 489700000.0,
        "Operating Expenses": 536700000.0,
        "Operating Income": 605300000.0,
        "Interest Expense": 61200000.0,
        "Earnings before Tax": 506500000.0,
        "Income Tax Expense": 203500000.0,
        "Net Income - Non-Controlling int": 0.0,
        "Net Income - Discontinued ops": 0.0,
        "Net Income": 427100000.0,
        "Preferred Dividends": 0.0,
        "Net Income Com": 427100000.0,
        "EPS": 4.88,
        "EPS Diluted": 4.87,
        "Weighted Average Shs Out": 87500000.0,
        "Weighted Average Shs Out (Dil)": 87700000.0,
        "Dividend per Share": 2.37970353478,
        "Gross Margin": 0.206980910369,
        "EBITDA Margin": 0.0993103846821,
        "EBIT Margin": 0.0582994625624,
        "Profit Margin": 0.0411361316048,
        "Free Cash Flow margin": 0.034268872922,
        "EBITDA": 1031100000.0,
        "EBIT": 605300000.0,
        "Consolidated Income": 427100000.0,
        "Earnings Before Tax Margin": 0.0487835416948,
        "Net Profit Margin": 0.0411361316048
    },
    "2016": {
        "Revenue": 10073600000.0,
        "Revenue Growth": 0.0985866340952713,
        "Cost of Revenue": 8016600000.0,
        "Gross Profit": 2057000000.0,
        "R&D Expenses": 0.0,
        "SG&A Expense": 476100000.0,
        "Operating Expenses": 519800000.0,
        "Operating Income": 847700000.0,
        "Interest Expense": 62400000.0,
        "Earnings before Tax": 803800000.0,
        "Income Tax Expense": 242200000.0,
        "Net Income - Non-Controlling int": 0.0,
        "Net Income - Discontinued ops": 0.0,
        "Net Income": 567100000.0,
        "Preferred Dividends": 0.0,
        "Net Income Com": 567100000.0,
        "EPS": 6.43,
        "EPS Diluted": 6.42,
        "Weighted Average Shs Out": 88200000.0,
        "Weighted Average Shs Out (Dil)": 88400000.0,
        "Dividend per Share": 2.29411764706,
        "Gross Margin": 0.204197109276,
        "EBITDA Margin": 0.122170822745,
        "EBIT Margin": 0.0841506512071,
        "Profit Margin": 0.0562956639136,
        "Free Cash Flow margin": 0.0358958068615,
        "EBITDA": 1230700000.0,
        "EBIT": 847700000.0,
        "Consolidated Income": 567100000.0,
        "Earnings Before Tax Margin": 0.07979272554,
        "Net Profit Margin": 0.0562956639136
    },
    "2015": {
        "Revenue": 9169600000.0,
        "Revenue Growth": -0.00767274498133218,
        "Cost of Revenue": 7325500000.0,
        "Gross Profit": 1844100000.0,
        "R&D Expenses": 0.0,
        "SG&A Expense": 411500000.0,
        "Operating Expenses": 431100000.0,
        "Operating Income": 727800000.0,
        "Interest Expense": 65100000.0,
        "Earnings before Tax": 675700000.0,
        "Income Tax Expense": 218200000.0,
        "Net Income - Non-Controlling int": 0.0,
        "Net Income - Discontinued ops": 0.0,
        "Net Income": 456800000.0,
        "Preferred Dividends": 0.0,
        "Net Income Com": 456800000.0,
        "EPS": 5.18,
        "EPS Diluted": 5.17,
        "Weighted Average Shs Out": 88200000.0,
        "Weighted Average Shs Out (Dil)": 88400000.0,
        "Dividend per Share": 2.21380090498,
        "Gross Margin": 0.201110190194,
        "EBITDA Margin": 0.114170738091,
        "EBIT Margin": 0.0793709649276,
        "Profit Margin": 0.0498167859012,
        "Free Cash Flow margin": 0.0310482463793,
        "EBITDA": 1046900000.0,
        "EBIT": 727800000.0,
        "Consolidated Income": 456800000.0,
        "Earnings Before Tax Margin": 0.0736891467458,
        "Net Profit Margin": 0.0498167859012
    },
    "2014": {
        "Revenue": 9240500000.0,
        "Revenue Growth": 0.0496512710998024,
        "Cost of Revenue": 7436700000.0,
        "Gross Profit": 1803800000.0,
        "R&D Expenses": 0.0,
        "SG&A Expense": 414900000.0,
        "Operating Expenses": 430900000.0,
        "Operating Income": 722600000.0,
        "Interest Expense": 63400000.0,
        "Earnings before Tax": 667000000.0,
        "Income Tax Expense": 198000000.0,
        "Net Income - Non-Controlling int": 0.0,
        "Net Income - Discontinued ops": 0.0,
        "Net Income": 467800000.0,
        "Preferred Dividends": 0.0,
        "Net Income Com": 467800000.0,
        "EPS": 5.08,
        "EPS Diluted": 5.06,
        "Weighted Average Shs Out": 92100000.0,
        "Weighted Average Shs Out (Dil)": 92400000.0,
        "Dividend per Share": 2.10930735931,
        "Gross Margin": 0.195205887127,
        "EBITDA Margin": 0.111249391267,
        "EBIT Margin": 0.0781992316433,
        "Profit Margin": 0.0506249661815,
        "Free Cash Flow margin": 0.027779882041,
        "EBITDA": 1028000000.0,
        "EBIT": 722600000.0,
        "Consolidated Income": 467800000.0,
        "Earnings Before Tax Margin": 0.0721822412207,
        "Net Profit Margin": 0.0506249661815
    },
    "2013": {
        "Revenue": 8803400000.0,
        "Revenue Growth": 0.0649231253099786,
        "Cost of Revenue": 7098800000.0,
        "Gross Profit": 1704600000.0,
        "R&D Expenses": 0.0,
        "SG&A Expense": 389900000.0,
        "Operating Expenses": 410300000.0,
        "Operating Income": 761400000.0,
        "Interest Expense": 32900000.0,
        "Earnings before Tax": 734000000.0,
        "Income Tax Expense": 244100000.0,
        "Net Income - Non-Controlling int": 0.0,
        "Net Income - Discontinued ops": 0.0,
        "Net Income": 485800000.0,
        "Preferred Dividends": 0.0,
        "Net Income Com": 485800000.0,
        "EPS": 5.09,
        "EPS Diluted": 5.07,
        "Weighted Average Shs Out": 95500000.0,
        "Weighted Average Shs Out (Dil)": 95900000.0,
        "Dividend per Share": 1.99165797706,
        "Gross Margin": 0.193629733966,
        "EBITDA Margin": 0.118976758979,
        "EBIT Margin": 0.086489310948,
        "Profit Margin": 0.0551832246632,
        "Free Cash Flow margin": 0.0513778767294,
        "EBITDA": 1047400000.0,
        "EBIT": 761400000.0,
        "Consolidated Income": 485800000.0,
        "Earnings Before Tax Margin": 0.0833768771157,
        "Net Profit Margin": 0.0551832246632
    },
    "2012": {
        "Revenue": 8266700000.0,
        "Revenue Growth": 0.00416646421456683,
        "Cost of Revenue": 6620500000.0,
        "Gross Profit": 1646200000.0,
        "R&D Expenses": 0.0,
        "SG&A Expense": 366700000.0,
        "Operating Expenses": 386900000.0,
        "Operating Income": 705400000.0,