{
    "2019": {
        "Revenue": 14608000000.0,
        "Revenue Growth": -0.153306671303541,
        "Cost of Revenue": 8222000000.0,
        "Gross Profit": 6386000000.0,
        "R&D Expenses": 2054000000.0,
        "SG&A Expense": 982000000.0,
        "Operating Expenses": 3036000000.0,
        "Operating Income": 3350000000.0,
        "Interest Expense": 237000000.0,
        "Earnings before Tax": 3269000000.0,
        "Income Tax Expense": 563000000.0,
        "Net Income - Non-Controlling int": 0.0,
        "Net Income - Discontinued ops": 0.0,
        "Net Income": 2706000000.0,
        "Preferred Dividends": 0.0,
        "Net Income Com": 2706000000.0,
        "EPS": 2.89,
        "EPS Diluted": 2.86,
        "Weighted Average Shs Out": 937000000.0,
        "Weighted Average Shs Out (Dil)": 945000000.0,
        "Dividend per Share": 0.815873015873,
        "Gross Margin": 0.437157721796,
        "EBITDA Margin": 0.254175794085,
        "EBIT Margin": 0.229326396495,
        "Profit Margin": 0.185240963855,
        "Free Cash Flow margin": 0.19208652793,
        "EBITDA": 3713000000.0,
        "EBIT": 3350000000.0,
        "Consolidated Income": 2706000000.0,
        "Earnings Before Tax Margin": 0.223781489595,
        "Net Profit Margin": 0.185240963855
    },
    "2018": {
        "Revenue": 17253000000.0,
        "Revenue Growth": 0.186833597028273,
        "Cost of Revenue": 9436000000.0,
        "Gross Profit": 7817000000.0,
        "R&D Expenses": 2019000000.0,
        "SG&A Expense": 1002000000.0,
        "Operating Expenses": 3021000000.0,
        "Operating Income": 4796000000.0,
        "Interest Expense": 234000000.0,
        "Earnings before Tax": 4694000000.0,
        "Income Tax Expense": 1381000000.0,
        "Net Income - Non-Controlling int": 0.0,
        "Net Income - Discontinued ops": 0.0,
        "Net Income": 3313000000.0,
        "Preferred Dividends": 0.0,
        "Net Income Com": 3313000000.0,
        "EPS": 3.27,
        "EPS Diluted": 3.23,
        "Weighted Average Shs Out": 1013000000.0,
        "Weighted Average Shs Out (Dil)": 1026000000.0,
        "Dividend per Share": 0.589668615984,
        "Gross Margin": 0.45308062366,
        "EBITDA Margin": 0.304468788037,
        "EBIT Margin": 0.277980641048,
        "Profit Margin": 0.192024575436,
        "Free Cash Flow margin": 0.183446357155,
        "EBITDA": 5253000000.0,
        "EBIT": 4796000000.0,
        "Consolidated Income": 3313000000.0,
        "Earnings Before Tax Margin": 0.272068625746,
        "Net Profit Margin": 0.192024575436
    },
    "2017": {
        "Revenue": 14537000000.0,
        "Revenue Growth": 0.342909930715935,
        "Cost of Revenue": 8005000000.0,
        "Gross Profit": 6532000000.0,
        "R&D Expenses": 1774000000.0,
        "SG&A Expense": 890000000.0,
        "Operating Expenses": 2664000000.0,
        "Operating Income": 3868000000.0,
        "Interest Expense": 198000000.0,
        "Earnings before Tax": 3731000000.0,
        "Income Tax Expense": 297000000.0,
        "Net Income - Non-Controlling int": 0.0,
        "Net Income - Discontinued ops": 0.0,
        "Net Income": 3434000000.0,
        "Preferred Dividends": 0.0,
        "Net Income Com": 3434000000.0,
        "EPS": 3.2,
        "EPS Diluted": 3.17,
        "Weighted Average Shs Out": 1073000000.0,
        "Weighted Average Shs Out (Dil)": 1084000000.0,
        "Dividend per Share": 0.39667896679,
        "Gross Margin": 0.449336176653,
        "EBITDA Margin": 0.294077182362,
        "EBIT Margin": 0.266079658802,
        "Profit Margin": 0.236224805668,
        "Free Cash Flow margin": 0.224530508358,
        "EBITDA": 4275000000.0,
        "EBIT": 3868000000.0,
        "Consolidated Income": 3434000000.0,
        "Earnings Before Tax Margin": 0.256655430969,
        "Net Profit Margin": 0.236224805668
    },
    "2016": {
        "Revenue": 10825000000.0,
        "Revenue Growth": 0.120716430272285,
        "Cost of Revenue": 6314000000.0,
        "Gross Profit": 4511000000.0,
        "R&D Expenses": 1540000000.0,
        "SG&A Expense": 819000000.0,
        "Operating Expenses": 2359000000.0,
        "Operating Income": 2152000000.0,
        "Interest Expense": 155000000.0,
        "Earnings before Tax": 2013000000.0,
        "Income Tax Expense": 292000000.0,
        "Net Income - Non-Controlling int": 0.0,
        "Net Income - Discontinued ops": 0.0,
        "Net Income": 1721000000.0,
        "Preferred Dividends": 0.0,
        "Net Income Com": 1721000000.0,
        "EPS": 1.56,
        "EPS Diluted": 1.54,
        "Weighted Average Shs Out": 1107000000.0,
        "Weighted Average Shs Out (Dil)": 1116000000.0,
        "Dividend per Share": 0.397849462366,
        "Gross Margin": 0.416720554273,
        "EBITDA Margin": 0.234734411085,
        "EBIT Margin": 0.198799076212,
        "Profit Margin": 0.158983833718,
        "Free Cash Flow margin": 0.204434180139,
        "EBITDA": 2541000000.0,
        "EBIT": 2152000000.0,
        "Consolidated Income": 1721000000.0,
        "Earnings Before Tax Margin": 0.185958429561,
        "Net Profit Margin": 0.158983833718
    },
    "2015": {
        "Revenue": 9659000000.0,
        "Revenue Growth": 0.0647045855379189,
        "Cost of Revenue": 5707000000.0,
        "Gross Profit": 3952000000.0,
        "R&D Expenses": 1451000000.0,
        "SG&A Expense": 883000000.0,
        "Operating Expenses": 2334000000.0,
        "Operating Income": 1693000000.0,
        "Interest Expense": 103000000.0,
        "Earnings before Tax": 1598000000.0,
        "Income Tax Expense": 221000000.0,
        "Net Income - Non-Controlling int": 0.0,
        "Net Income - Discontinued ops": 0.0,
        "Net Income": 1377000000.0,
        "Preferred Dividends": 0.0,
        "Net Income Com": 1377000000.0,
        "EPS": 1.13,
        "EPS Diluted": 1.12,
        "Weighted Average Shs Out": 1214000000.0,
        "Weighted Average Shs Out (Dil)": 1226000000.0,
        "Dividend per Share": 0.39722675367,
        "Gross Margin": 0.409152086137,
        "EBITDA Margin": 0.213686717051,
        "EBIT Margin": 0.175276943783,
        "Profit Margin": 0.142561341754,
        "Free Cash Flow margin": 0.0981468060876,
        "EBITDA": 2064000000.0,
        "EBIT": 1693000000.0,
        "Consolidated Income": 1377000000.0,
        "Earnings Before Tax Margin": 0.165441557097,
        "Net Profit Margin": 0.142561341754
    },
    "2014": {
        "Revenue": 9072000000.0,
        "Revenue Growth": 0.208150219736316,
        "Cost of Revenue": 5229000000.0,
        "Gross Profit": 3843000000.0,
        "R&D Expenses": 1428000000.0,
        "SG&A Expense": 890000000.0,
        "Operating Expenses": 2323000000.0,
        "Operating Income": 1520000000.0,
        "Interest Expense": 95000000.0,
        "Earnings before Tax": 1448000000.0,
        "Income Tax Expense": 376000000.0,
        "Net Income - Non-Controlling int": 0.0,
        "Net Income - Discontinued ops": 0.0,
        "Net Income": 1072000000.0,
        "Preferred Dividends": 0.0,
        "Net Income Com": 1072000000.0,
        "EPS": 0.88,
        "EPS Diluted": 0.87,
        "Weighted Average Shs Out": 1215000000.0,
        "Weighted Average Shs Out (Dil)": 1231000000.0,
        "Dividend per Share": 0.393988627132,
        "Gross Margin": 0.423611111111,
        "EBITDA Margin": 0.208884479718,
        "EBIT Margin": 0.167548500882,
        "Profit Margin": 0.118165784832,
        "Free Cash Flow margin": 0.171847442681,
        "EBITDA": 1895000000.0,
        "EBIT": 1520000000.0,
        "Consolidated Income": 1072000000.0,
        "Earnings Before Tax Margin": 0.159611992945,
        "Net Profit Margin": 0.118165784832
    },
    "2013": {
        "Revenue": 7509000000.0,
        "Revenue Growth": -0.138777382727377,
        "Cost of Revenue": 4518000000.0,
        "Gross Profit": 2991000000.0,
        "R&D Expenses": 1320000000.0,