{
    "2019": {
        "Revenue": 4783157000.0,
        "Revenue Growth": 0.0,
        "Cost of Revenue": 4751199000.0,
        "Gross Profit": 31958000.0,
        "R&D Expenses": 0.0,
        "SG&A Expense": 32502000.0,
        "Operating Expenses": 32502000.0,
        "Operating Income": 3277000.0,
        "Interest Expense": 17146000.0,
        "Earnings before Tax": 3277000.0,
        "Income Tax Expense": 1015000.0,
        "Net Income - Non-Controlling int": 0.0,
        "Net Income - Discontinued ops": 0.0,
        "Net Income": 3277000.0,
        "Preferred Dividends": 0.0,
        "Net Income Com": 3277000.0,
        "EPS": 0.32,
        "EPS Diluted": 0.31,
        "Weighted Average Shs Out": 7031400.0,
        "Weighted Average Shs Out (Dil)": 7085300.0,
        "Dividend per Share": 0.0,
        "Gross Margin": 0.00668136128503,
        "EBITDA Margin": 0.0015211710592,
        "EBIT Margin": 0.000685112364073,
        "Profit Margin": 0.000685112364073,
        "Free Cash Flow margin": -0.00314081264738,
        "EBITDA": 7276000.0,
        "EBIT": 3277000.0,
        "Consolidated Income": 3277000.0,
        "Earnings Before Tax Margin": 0.000685112364073,
        "Net Profit Margin": 0.000685112364073
    },
    "2018": {
        "Revenue": 7606248000.0,
        "Revenue Growth": 0.0,
        "Cost of Revenue": 7576805000.0,
        "Gross Profit": 29443000.0,
        "R&D Expenses": 0.0,
        "SG&A Expense": 33398000.0,
        "Operating Expenses": 33398000.0,
        "Operating Income": -3411000.0,
        "Interest Expense": 13891000.0,
        "Earnings before Tax": -3411000.0,
        "Income Tax Expense": 8000.0,
        "Net Income - Non-Controlling int": 0.0,
        "Net Income - Discontinued ops": 0.0,
        "Net Income": -3411000.0,
        "Preferred Dividends": 0.0,
        "Net Income Com": -3411000.0,
        "EPS": -0.48,
        "EPS Diluted": -0.48,
        "Weighted Average Shs Out": 7031000.0,
        "Weighted Average Shs Out (Dil)": 7031000.0,
        "Dividend per Share": 0.239937419997,
        "Gross Margin": 0.00387089666285,
        "EBITDA Margin": 8.91372461166e-05,
        "EBIT Margin": -0.000448447118737,
        "Profit Margin": -0.000448447118737,
        "Free Cash Flow margin": 0.000832079101286,
        "EBITDA": 678000.0,
        "EBIT": -3411000.0,
        "Consolidated Income": -3411000.0,
        "Earnings Before Tax Margin": -0.000448447118737,
        "Net Profit Margin": -0.000448447118737
    },
    "2017": {
        "Revenue": 6989624000.0,
        "Revenue Growth": 0.0,
        "Cost of Revenue": 6958290000.0,
        "Gross Profit": 31334000.0,
        "R&D Expenses": 0.0,
        "SG&A Expense": 23343000.0,
        "Operating Expenses": 23343000.0,
        "Operating Income": 10785000.0,
        "Interest Expense": 10117000.0,
        "Earnings before Tax": 10785000.0,
        "Income Tax Expense": 3721000.0,
        "Net Income - Non-Controlling int": 0.0,
        "Net Income - Discontinued ops": 0.0,
        "Net Income": 10785000.0,
        "Preferred Dividends": 0.0,
        "Net Income Com": 10785000.0,
        "EPS": 1.01,
        "EPS Diluted": 1.0,
        "Weighted Average Shs Out": 7029400.0,
        "Weighted Average Shs Out (Dil)": 7121500.0,
        "Dividend per Share": 0.296285894826,
        "Gross Margin": 0.00448293069842,
        "EBITDA Margin": 0.00188822746402,
        "EBIT Margin": 0.00154300145473,
        "Profit Margin": 0.00154300145473,
        "Free Cash Flow margin": -0.00172341173145,
        "EBITDA": 13198000.0,
        "EBIT": 10785000.0,
        "Consolidated Income": 10785000.0,
        "Earnings Before Tax Margin": 0.00154300145473,
        "Net Profit Margin": 0.00154300145473
    },
    "2016": {
        "Revenue": 6784039000.0,
        "Revenue Growth": 0.0,
        "Cost of Revenue": 6749518000.0,
        "Gross Profit": 34521000.0,
        "R&D Expenses": 0.0,
        "SG&A Expense": 22233000.0,
        "Operating Expenses": 22233000.0,
        "Operating Income": 15564000.0,
        "Interest Expense": 6319000.0,
        "Earnings before Tax": 15564000.0,
        "Income Tax Expense": 6293000.0,
        "Net Income - Non-Controlling int": 0.0,
        "Net Income - Discontinued ops": 0.0,
        "Net Income": 15564000.0,
        "Preferred Dividends": 0.0,
        "Net Income Com": 15564000.0,
        "EPS": 1.33,
        "EPS Diluted": 1.3,
        "Weighted Average Shs Out": 6982000.0,
        "Weighted Average Shs Out (Dil)": 7120000.0,
        "Dividend per Share": 0.235252808989,
        "Gross Margin": 0.00508856154866,
        "EBITDA Margin": 0.00250352334354,
        "EBIT Margin": 0.00229420850912,
        "Profit Margin": 0.00229420850912,
        "Free Cash Flow margin": -0.00849376013316,
        "EBITDA": 16984000.0,
        "EBIT": 15564000.0,
        "Consolidated Income": 15564000.0,
        "Earnings Before Tax Margin": 0.00229420850912,
        "Net Profit Margin": 0.00229420850912
    },
    "2015": {
        "Revenue": 6070234000.0,
        "Revenue Growth": 0.0,
        "Cost of Revenue": 6045736000.0,
        "Gross Profit": 24498000.0,
        "R&D Expenses": 0.0,
        "SG&A Expense": 17131000.0,
        "Operating Expenses": 17131000.0,
        "Operating Income": 9148000.0,
        "Interest Expense": 4311000.0,
        "Earnings before Tax": 9148000.0,
        "Income Tax Expense": 2097000.0,
        "Net Income - Non-Controlling int": 0.0,
        "Net Income - Discontinued ops": 0.0,
        "Net Income": 9148000.0,
        "Preferred Dividends": 0.0,
        "Net Income Com": 9148000.0,
        "EPS": 1.01,
        "EPS Diluted": 1.0,
        "Weighted Average Shs Out": 6962800.0,
        "Weighted Average Shs Out (Dil)": 7062600.0,
        "Dividend per Share": 0.0988304590377,
        "Gross Margin": 0.00403575875329,
        "EBITDA Margin": 0.00165446669766,
        "EBIT Margin": 0.00150702592355,
        "Profit Margin": 0.00150702592355,
        "Free Cash Flow margin": -0.000937196160807,
        "EBITDA": 10043000.0,
        "EBIT": 9148000.0,
        "Consolidated Income": 9148000.0,
        "Earnings Before Tax Margin": 0.00150702592355,
        "Net Profit Margin": 0.00150702592355
    },
    "2014": {
        "Revenue": 5979354000.0,
        "Revenue Growth": 0.0,
        "Cost of Revenue": 5951913000.0,
        "Gross Profit": 27441000.0,
        "R&D Expenses": 0.0,
        "SG&A Expense": 15570000.0,
        "Operating Expenses": 15570000.0,
        "Operating Income": 13531000.0,
        "Interest Expense": 3926000.0,
        "Earnings before Tax": 13531000.0,
        "Income Tax Expense": 5272000.0,
        "Net Income - Non-Controlling int": 0.0,
        "Net Income - Discontinued ops": 0.0,
        "Net Income": 13531000.0,
        "Preferred Dividends": 0.0,
        "Net Income Com": 13531000.0,
        "EPS": 1.1,
        "EPS Diluted": 1.09,
        "Weighted Average Shs Out": 7530300.0,
        "Weighted Average Shs Out (Dil)": 7590400.0,
        "Dividend per Share": 1.31745362563,
        "Gross Margin": 0.00458929175292,
        "EBITDA Margin": 0.00241915765482,
        "EBIT Margin": 0.00226295348962,
        "Profit Margin": 0.00226295348962,
        "Free Cash Flow margin": -0.00296955156025,
        "EBITDA": 14465000.0,
        "EBIT": 13531000.0,
        "Consolidated Income": 13531000.0,
        "Earnings Before Tax Margin": 0.00226295348962,
        "Net Profit Margin": 0.00226295348962
    },
    "2013": {
        "Revenue": 7247717000.0,
        "Revenue Growth": -0.0686969471906907,
        "Cost of Revenue": 7217370000.0,
        "Gross Profit": 30347000.0,
        "R&D Expenses": 0.0,
        "SG&A Expense": 14120000.0,
        "Operating Expenses": 14120000.0,
        "Operating Income": 16227000.0,
        "Interest Expense": 3484000.0,
        "Earnings before Tax": 20566000.0,
        "Income Tax Expense": 8052000.0,