{
    "2018": {
        "Revenue": 171526000.0,
        "Revenue Growth": 0.142311047770001,
        "Cost of Revenue": 166121000.0,
        "Gross Profit": 5405000.0,
        "R&D Expenses": 246000.0,
        "SG&A Expense": 16085000.0,
        "Operating Expenses": 16331000.0,
        "Operating Income": -10926000.0,
        "Interest Expense": 25690000.0,
        "Earnings before Tax": -36280000.0,
        "Income Tax Expense": 7000.0,
        "Net Income - Non-Controlling int": 0.0,
        "Net Income - Discontinued ops": 0.0,
        "Net Income": -36287000.0,
        "Preferred Dividends": 0.0,
        "Net Income Com": -36287000.0,
        "EPS": -1.63,
        "EPS Diluted": -1.63,
        "Weighted Average Shs Out": 20252.0,
        "Weighted Average Shs Out (Dil)": 20252.0,
        "Dividend per Share": 0.0,
        "Gross Margin": 0.0315112577685,
        "EBITDA Margin": 0.00766064619941,
        "EBIT Margin": -0.0636987978499,
        "Profit Margin": -0.211553933514,
        "Free Cash Flow margin": -0.0558515910124,
        "EBITDA": 1314000.0,
        "EBIT": -10926000.0,
        "Consolidated Income": -36287000.0,
        "Earnings Before Tax Margin": -0.211513123375,
        "Net Profit Margin": -0.211553933514
    },
    "2017": {
        "Revenue": 150157000.0,
        "Revenue Growth": 0.0488900375808547,
        "Cost of Revenue": 146782000.0,
        "Gross Profit": 3375000.0,
        "R&D Expenses": 2367000.0,
        "SG&A Expense": 13191000.0,
        "Operating Expenses": 15558000.0,
        "Operating Income": -12183000.0,
        "Interest Expense": 19304000.0,
        "Earnings before Tax": -31764000.0,
        "Income Tax Expense": 6000.0,
        "Net Income - Non-Controlling int": 0.0,
        "Net Income - Discontinued ops": 0.0,
        "Net Income": -31770000.0,
        "Preferred Dividends": 0.0,
        "Net Income Com": -31770000.0,
        "EPS": -1.53,
        "EPS Diluted": -1.53,
        "Weighted Average Shs Out": 19833.0,
        "Weighted Average Shs Out (Dil)": 19833.0,
        "Dividend per Share": 0.0,
        "Gross Margin": 0.0224764746232,
        "EBITDA Margin": -0.0117876622468,
        "EBIT Margin": -0.0811350786177,
        "Profit Margin": -0.211578547787,
        "Free Cash Flow margin": -0.0652916613944,
        "EBITDA": -1770000.0,
        "EBIT": -12183000.0,
        "Consolidated Income": -31770000.0,
        "Earnings Before Tax Margin": -0.21153858961,
        "Net Profit Margin": -0.211578547787
    },
    "2016": {
        "Revenue": 143158000.0,
        "Revenue Growth": -0.0238051401646107,
        "Cost of Revenue": 131559000.0,
        "Gross Profit": 11599000.0,
        "R&D Expenses": 369000.0,
        "SG&A Expense": 12011000.0,
        "Operating Expenses": 12380000.0,
        "Operating Income": -781000.0,
        "Interest Expense": 278000.0,
        "Earnings before Tax": -15630000.0,
        "Income Tax Expense": 6000.0,
        "Net Income - Non-Controlling int": 0.0,
        "Net Income - Discontinued ops": 0.0,
        "Net Income": -15636000.0,
        "Preferred Dividends": 0.0,
        "Net Income Com": -15636000.0,
        "EPS": -0.79,
        "EPS Diluted": -0.79,
        "Weighted Average Shs Out": 19771.0,
        "Weighted Average Shs Out (Dil)": 19771.0,
        "Dividend per Share": 0.0,
        "Gross Margin": 0.0810223668953,
        "EBITDA Margin": 0.0680227441009,
        "EBIT Margin": -0.00545551069448,
        "Profit Margin": -0.109221978513,
        "Free Cash Flow margin": -0.0018022045572,
        "EBITDA": 9738000.0,
        "EBIT": -781000.0,
        "Consolidated Income": -15636000.0,
        "Earnings Before Tax Margin": -0.109180066779,
        "Net Profit Margin": -0.109221978513
    },
    "2015": {
        "Revenue": 146649000.0,
        "Revenue Growth": -0.293880577611071,
        "Cost of Revenue": 142450000.0,
        "Gross Profit": 4199000.0,
        "R&D Expenses": 447000.0,
        "SG&A Expense": 12361000.0,
        "Operating Expenses": 12808000.0,
        "Operating Income": -8609000.0,
        "Interest Expense": 10164000.0,
        "Earnings before Tax": -27132000.0,
        "Income Tax Expense": 6000.0,
        "Net Income - Non-Controlling int": 0.0,
        "Net Income - Discontinued ops": 0.0,
        "Net Income": -27138000.0,
        "Preferred Dividends": 0.0,
        "Net Income Com": -27138000.0,
        "EPS": -1.37,
        "EPS Diluted": -1.37,
        "Weighted Average Shs Out": 19823.0,
        "Weighted Average Shs Out (Dil)": 19823.0,
        "Dividend per Share": 0.0,
        "Gross Margin": 0.0286329944289,
        "EBITDA Margin": 0.0202183444824,
        "EBIT Margin": -0.0587047985326,
        "Profit Margin": -0.18505410879,
        "Free Cash Flow margin": -0.00584388574078,
        "EBITDA": 2965000.0,
        "EBIT": -8609000.0,
        "Consolidated Income": -27138000.0,
        "Earnings Before Tax Margin": -0.185013194771,
        "Net Profit Margin": -0.18505410879
    },
    "2014": {
        "Revenue": 207683000.0,
        "Revenue Growth": 0.169952976997213,
        "Cost of Revenue": 170539000.0,
        "Gross Profit": 37144000.0,
        "R&D Expenses": 459000.0,
        "SG&A Expense": 12595000.0,
        "Operating Expenses": 13054000.0,
        "Operating Income": 24090000.0,
        "Interest Expense": 10052000.0,
        "Earnings before Tax": 7139000.0,
        "Income Tax Expense": 6000.0,
        "Net Income - Non-Controlling int": 0.0,
        "Net Income - Discontinued ops": 0.0,
        "Net Income": 7133000.0,
        "Preferred Dividends": 0.0,
        "Net Income Com": 7133000.0,
        "EPS": 0.35,
        "EPS Diluted": 0.34,
        "Weighted Average Shs Out": 20371.0,
        "Weighted Average Shs Out (Dil)": 21047.0,
        "Dividend per Share": 0.0,
        "Gross Margin": 0.178849496589,
        "EBITDA Margin": 0.168213093994,
        "EBIT Margin": 0.115994087142,
        "Profit Margin": 0.0343456132664,
        "Free Cash Flow margin": 0.0896895749772,
        "EBITDA": 34935000.0,
        "EBIT": 24090000.0,
        "Consolidated Income": 7133000.0,
        "Earnings Before Tax Margin": 0.03437450345,
        "Net Profit Margin": 0.0343456132664
    },
    "2013": {
        "Revenue": 177513972.0,
        "Revenue Growth": 0.0,
        "Cost of Revenue": 159220212.0,
        "Gross Profit": 18293760.0,
        "R&D Expenses": 538922.0,
        "SG&A Expense": 15275108.0,
        "Operating Expenses": 15814030.0,
        "Operating Income": 2479730.0,
        "Interest Expense": 11807144.0,
        "Earnings before Tax": -24431444.0,
        "Income Tax Expense": 5765.0,
        "Net Income - Non-Controlling int": 0.0,
        "Net Income - Discontinued ops": 0.0,
        "Net Income": -24437209.0,
        "Preferred Dividends": 0.0,
        "Net Income Com": -24437209.0,
        "EPS": -0.13,
        "EPS Diluted": -0.13,
        "Weighted Average Shs Out": 191008919.0,
        "Weighted Average Shs Out (Dil)": 191008919.0,
        "Dividend per Share": 0.0,
        "Gross Margin": 0.103055324569,
        "EBITDA Margin": 0.111753879295,
        "EBIT Margin": 0.0139692102659,
        "Profit Margin": -0.137663580645,
        "Free Cash Flow margin": -0.0166689977508,
        "EBITDA": 19837875.0,
        "EBIT": 2479730.0,
        "Consolidated Income": -24437209.0,
        "Earnings Before Tax Margin": -0.137631104328,
        "Net Profit Margin": -0.137663580645
    },
    "2012": {
        "Revenue": 0.0,
        "Revenue Growth": 0.0,
        "Cost of Revenue": 0.0,
        "Gross Profit": 0.0,
        "R&D Expenses": 0.0,
        "SG&A Expense": 0.0,
        "Operating Expenses": 0.0,
        "Operating Income": 0.0,
        "Interest Expense": 0.0,
        "Earnings before Tax": 0.0,
        "Income Tax Expense": 0.0,
        "Net Income - Non-Controlling int": 0.0,
        "Net Income - Discontinued ops": 0.0,
        "Net Income": 0.0,