{
    "2018": {
        "Revenue": 2151369000.0,
        "Revenue Growth": 0.306880874943658,
        "Cost of Revenue": 777992000.0,
        "Gross Profit": 1373377000.0,
        "R&D Expenses": 442468000.0,
        "SG&A Expense": 252562000.0,
        "Operating Expenses": 1100030000.0,
        "Operating Income": 273347000.0,
        "Interest Expense": 2701000.0,
        "Earnings before Tax": 288801000.0,
        "Income Tax Expense": -39314000.0,
        "Net Income - Non-Controlling int": 0.0,
        "Net Income - Discontinued ops": 0.0,
        "Net Income": 328115000.0,
        "Preferred Dividends": 0.0,
        "Net Income Com": 328115000.0,
        "EPS": 4.39,
        "EPS Diluted": 4.06,
        "Weighted Average Shs Out": 74750000.0,
        "Weighted Average Shs Out (Dil)": 80844000.0,
        "Dividend per Share": 0.0,
        "Gross Margin": 0.638373519373,
        "EBITDA Margin": 0.141481075538,
        "EBIT Margin": 0.127057236578,
        "Profit Margin": 0.152514515176,
        "Free Cash Flow margin": 0.222783260333,
        "EBITDA": 304378000.0,
        "EBIT": 273347000.0,
        "Consolidated Income": 328115000.0,
        "Earnings Before Tax Margin": 0.134240569609,
        "Net Profit Margin": 0.152514515176
    },
    "2017": {
        "Revenue": 1646186000.0,
        "Revenue Growth": 0.457876469999566,
        "Cost of Revenue": 584417000.0,
        "Gross Profit": 1061769000.0,
        "R&D Expenses": 349594000.0,
        "SG&A Expense": 241903000.0,
        "Operating Expenses": 591497000.0,
        "Operating Income": 470272000.0,
        "Interest Expense": 0.0,
        "Earnings before Tax": 474760000.0,
        "Income Tax Expense": 51559000.0,
        "Net Income - Non-Controlling int": 0.0,
        "Net Income - Discontinued ops": 0.0,
        "Net Income": 423201000.0,
        "Preferred Dividends": 0.0,
        "Net Income Com": 423201000.0,
        "EPS": 5.85,
        "EPS Diluted": 5.35,
        "Weighted Average Shs Out": 72258000.0,
        "Weighted Average Shs Out (Dil)": 78977000.0,
        "Dividend per Share": 0.0,
        "Gross Margin": 0.644987261464,
        "EBITDA Margin": 0.299093784056,
        "EBIT Margin": 0.285673672355,
        "Profit Margin": 0.257079698163,
        "Free Cash Flow margin": 0.37440969611,
        "EBITDA": 492364000.0,
        "EBIT": 470272000.0,
        "Consolidated Income": 423201000.0,
        "Earnings Before Tax Margin": 0.288399974243,
        "Net Profit Margin": 0.257079698163
    },
    "2016": {
        "Revenue": 1129167000.0,
        "Revenue Growth": 0.348112622986637,
        "Cost of Revenue": 406051000.0,
        "Gross Profit": 723116000.0,
        "R&D Expenses": 273581000.0,
        "SG&A Expense": 206126000.0,
        "Operating Expenses": 479707000.0,
        "Operating Income": 243409000.0,
        "Interest Expense": 0.0,
        "Earnings before Tax": 242225000.0,
        "Income Tax Expense": 58036000.0,
        "Net Income - Non-Controlling int": 0.0,
        "Net Income - Discontinued ops": 0.0,
        "Net Income": 184189000.0,
        "Preferred Dividends": 0.0,
        "Net Income Com": 184189000.0,
        "EPS": 2.66,
        "EPS Diluted": 2.5,
        "Weighted Average Shs Out": 68771000.0,
        "Weighted Average Shs Out (Dil)": 73222000.0,
        "Dividend per Share": 0.0,
        "Gross Margin": 0.640397744532,
        "EBITDA Margin": 0.23173277292,
        "EBIT Margin": 0.215565102416,
        "Profit Margin": 0.163119361441,
        "Free Cash Flow margin": 0.0974355431925,
        "EBITDA": 261665000.0,
        "EBIT": 243409000.0,
        "Consolidated Income": 184189000.0,
        "Earnings Before Tax Margin": 0.21451654184,
        "Net Profit Margin": 0.163119361441
    },
    "2015": {
        "Revenue": 837591000.0,
        "Revenue Growth": 0.433970888845518,
        "Cost of Revenue": 294031000.0,
        "Gross Profit": 543560000.0,
        "R&D Expenses": 209448000.0,
        "SG&A Expense": 184804000.0,
        "Operating Expenses": 394252000.0,
        "Operating Income": 149308000.0,
        "Interest Expense": 0.0,
        "Earnings before Tax": 146009000.0,
        "Income Tax Expense": 24907000.0,
        "Net Income - Non-Controlling int": 0.0,
        "Net Income - Discontinued ops": 0.0,
        "Net Income": 121102000.0,
        "Preferred Dividends": 0.0,
        "Net Income Com": 121102000.0,
        "EPS": 1.81,
        "EPS Diluted": 1.67,
        "Weighted Average Shs Out": 65964000.0,
        "Weighted Average Shs Out (Dil)": 71411000.0,
        "Dividend per Share": 0.0,
        "Gross Margin": 0.648956352205,
        "EBITDA Margin": 0.192824421466,
        "EBIT Margin": 0.178258839935,
        "Profit Margin": 0.144583692996,
        "Free Cash Flow margin": 0.215551504254,
        "EBITDA": 161508000.0,
        "EBIT": 149308000.0,
        "Consolidated Income": 121102000.0,
        "Earnings Before Tax Margin": 0.174320163421,
        "Net Profit Margin": 0.144583692996
    },
    "2014": {
        "Revenue": 584106000.0,
        "Revenue Growth": 0.61701880273736,
        "Cost of Revenue": 192015000.0,
        "Gross Profit": 392091000.0,
        "R&D Expenses": 148909000.0,
        "SG&A Expense": 117669000.0,
        "Operating Expenses": 266578000.0,
        "Operating Income": 125513000.0,
        "Interest Expense": 0.0,
        "Earnings before Tax": 121508000.0,
        "Income Tax Expense": 34658000.0,
        "Net Income - Non-Controlling int": 0.0,
        "Net Income - Discontinued ops": 0.0,
        "Net Income": 86850000.0,
        "Preferred Dividends": 0.0,
        "Net Income Com": 86850000.0,
        "EPS": 1.42,
        "EPS Diluted": 1.29,
        "Weighted Average Shs Out": 48427000.0,
        "Weighted Average Shs Out (Dil)": 54590000.0,
        "Dividend per Share": 0.0,
        "Gross Margin": 0.671266859097,
        "EBITDA Margin": 0.232938884381,
        "EBIT Margin": 0.214880518262,
        "Profit Margin": 0.148688765395,
        "Free Cash Flow margin": 0.203286732203,
        "EBITDA": 136061000.0,
        "EBIT": 125513000.0,
        "Consolidated Income": 86850000.0,
        "Earnings Before Tax Margin": 0.208023886075,
        "Net Profit Margin": 0.148688765395
    },
    "2013": {
        "Revenue": 361224000.0,
        "Revenue Growth": 0.86767868960953,
        "Cost of Revenue": 122686000.0,
        "Gross Profit": 238538000.0,
        "R&D Expenses": 98587000.0,
        "SG&A Expense": 73803000.0,
        "Operating Expenses": 172390000.0,
        "Operating Income": 66148000.0,
        "Interest Expense": 7119000.0,
        "Earnings before Tax": 36592000.0,
        "Income Tax Expense": 15815000.0,
        "Net Income - Non-Controlling int": 21683000.0,
        "Net Income - Discontinued ops": 0.0,
        "Net Income": 20777000.0,
        "Preferred Dividends": 0.0,
        "Net Income Com": 20777000.0,
        "EPS": 0.76,
        "EPS Diluted": 0.72,
        "Weighted Average Shs Out": NaN,
        "Weighted Average Shs Out (Dil)": 27320000.0,
        "Dividend per Share": 0.0,
        "Gross Margin": 0.6604,
        "EBITDA Margin": 0.135,
        "EBIT Margin": 0.121,
        "Profit Margin": 0.058,
        "Free Cash Flow margin": 0.0397,
        "EBITDA": 48755000.0,
        "EBIT": 43711000.0,
        "Consolidated Income": 42460000.0,
        "Earnings Before Tax Margin": 0.1013,
        "Net Profit Margin": 0.0575
    },
    "2012": {
        "Revenue": 193408000.0,
        "Revenue Growth": 0.382987243292718,
        "Cost of Revenue": 61252000.0,
        "Gross Profit": 132156000.0,
        "R&D Expenses": 55155000.0,
        "SG&A Expense": 37104000.0,
        "Operating Expenses": 92259000.0,
        "Operating Income": 39897000.0,
        "Interest Expense": 7057000.0,
        "Earnings before Tax": 21248000.0,
        "Income Tax Expense": 11626000.0,
        "Net Income - Non-Controlling int": 11727000.0,