{
    "2018": {
        "Revenue": 400784000.0,
        "Revenue Growth": 0.0157256214851779,
        "Cost of Revenue": 269934000.0,
        "Gross Profit": 130850000.0,
        "R&D Expenses": 8400000.0,
        "SG&A Expense": 109122000.0,
        "Operating Expenses": 121390000.0,
        "Operating Income": 17860000.0,
        "Interest Expense": 5880000.0,
        "Earnings before Tax": 12061000.0,
        "Income Tax Expense": 3334000.0,
        "Net Income - Non-Controlling int": 0.0,
        "Net Income - Discontinued ops": 0.0,
        "Net Income": 8873000.0,
        "Preferred Dividends": 0.0,
        "Net Income Com": 8873000.0,
        "EPS": 0.2,
        "EPS Diluted": 0.2,
        "Weighted Average Shs Out": 44918000.0,
        "Weighted Average Shs Out (Dil)": 45050000.0,
        "Dividend per Share": 0.0,
        "Gross Margin": 0.326485089225,
        "EBITDA Margin": 0.127150784462,
        "EBIT Margin": 0.0445626571919,
        "Profit Margin": 0.0221391073496,
        "Free Cash Flow margin": 0.0998892171344,
        "EBITDA": 50960000.0,
        "EBIT": 17860000.0,
        "Consolidated Income": 8873000.0,
        "Earnings Before Tax Margin": 0.0300935167073,
        "Net Profit Margin": 0.0221391073496
    },
    "2017": {
        "Revenue": 394579000.0,
        "Revenue Growth": -0.0288983340757677,
        "Cost of Revenue": 270556000.0,
        "Gross Profit": 124023000.0,
        "R&D Expenses": 6900000.0,
        "SG&A Expense": 101889000.0,
        "Operating Expenses": 113069000.0,
        "Operating Income": 217000.0,
        "Interest Expense": 6179000.0,
        "Earnings before Tax": -6111000.0,
        "Income Tax Expense": 15244000.0,
        "Net Income - Non-Controlling int": 0.0,
        "Net Income - Discontinued ops": 0.0,
        "Net Income": -21511000.0,
        "Preferred Dividends": 0.0,
        "Net Income Com": -21511000.0,
        "EPS": -0.47,
        "EPS Diluted": -0.47,
        "Weighted Average Shs Out": 45669000.0,
        "Weighted Average Shs Out (Dil)": 45669000.0,
        "Dividend per Share": 0.0,
        "Gross Margin": 0.314317285005,
        "EBITDA Margin": 0.0856685226533,
        "EBIT Margin": 0.000549953241303,
        "Profit Margin": -0.0545163325975,
        "Free Cash Flow margin": 0.109645977105,
        "EBITDA": 33803000.0,
        "EBIT": 217000.0,
        "Consolidated Income": -21511000.0,
        "Earnings Before Tax Margin": -0.0154873928922,
        "Net Profit Margin": -0.0545163325975
    },
    "2016": {
        "Revenue": 406321000.0,
        "Revenue Growth": -0.052124619458085,
        "Cost of Revenue": 273078000.0,
        "Gross Profit": 133243000.0,
        "R&D Expenses": 6200000.0,
        "SG&A Expense": 100214000.0,
        "Operating Expenses": 111247000.0,
        "Operating Income": -45731000.0,
        "Interest Expense": 5996000.0,
        "Earnings before Tax": -51863000.0,
        "Income Tax Expense": -4364000.0,
        "Net Income - Non-Controlling int": 0.0,
        "Net Income - Discontinued ops": 0.0,
        "Net Income": -47865000.0,
        "Preferred Dividends": 0.0,
        "Net Income Com": -47865000.0,
        "EPS": -1.04,
        "EPS Diluted": -1.04,
        "Weighted Average Shs Out": 45932000.0,
        "Weighted Average Shs Out (Dil)": 45932000.0,
        "Dividend per Share": 0.0,
        "Gross Margin": 0.327925457951,
        "EBITDA Margin": -0.0333111013214,
        "EBIT Margin": -0.112548945292,
        "Profit Margin": -0.11780095048,
        "Free Cash Flow margin": 0.101016191632,
        "EBITDA": -13535000.0,
        "EBIT": -45731000.0,
        "Consolidated Income": -47865000.0,
        "Earnings Before Tax Margin": -0.127640461605,
        "Net Profit Margin": -0.11780095048
    },
    "2015": {
        "Revenue": 428665000.0,
        "Revenue Growth": 0.0115844967386892,
        "Cost of Revenue": 280541000.0,
        "Gross Profit": 148124000.0,
        "R&D Expenses": 5800000.0,
        "SG&A Expense": 107280000.0,
        "Operating Expenses": 118722000.0,
        "Operating Income": 35113000.0,
        "Interest Expense": 6974000.0,
        "Earnings before Tax": 27956000.0,
        "Income Tax Expense": -69432000.0,
        "Net Income - Non-Controlling int": 0.0,
        "Net Income - Discontinued ops": 0.0,
        "Net Income": 97040000.0,
        "Preferred Dividends": 0.0,
        "Net Income Com": 97040000.0,
        "EPS": 2.08,
        "EPS Diluted": 2.04,
        "Weighted Average Shs Out": 46631000.0,
        "Weighted Average Shs Out (Dil)": 47532000.0,
        "Dividend per Share": 0.0,
        "Gross Margin": 0.34554722219,
        "EBITDA Margin": 0.161767347462,
        "EBIT Margin": 0.0819124491153,
        "Profit Margin": 0.226377240969,
        "Free Cash Flow margin": 0.106694038468,
        "EBITDA": 69344000.0,
        "EBIT": 35113000.0,
        "Consolidated Income": 97040000.0,
        "Earnings Before Tax Margin": 0.0652164277466,
        "Net Profit Margin": 0.226377240969
    },
    "2014": {
        "Revenue": 423756000.0,
        "Revenue Growth": 0.0406709316175297,
        "Cost of Revenue": 279478000.0,
        "Gross Profit": 144278000.0,
        "R&D Expenses": 6300000.0,
        "SG&A Expense": 107672000.0,
        "Operating Expenses": 119959000.0,
        "Operating Income": 29842000.0,
        "Interest Expense": 14560000.0,
        "Earnings before Tax": 9779000.0,
        "Income Tax Expense": 2348000.0,
        "Net Income - Non-Controlling int": 0.0,
        "Net Income - Discontinued ops": 0.0,
        "Net Income": 7275000.0,
        "Preferred Dividends": 0.0,
        "Net Income Com": 7275000.0,
        "EPS": 0.16,
        "EPS Diluted": 0.15,
        "Weighted Average Shs Out": 46245000.0,
        "Weighted Average Shs Out (Dil)": 47088000.0,
        "Dividend per Share": 0.0103211009174,
        "Gross Margin": 0.340474235173,
        "EBITDA Margin": 0.154567722935,
        "EBIT Margin": 0.0704226016859,
        "Profit Margin": 0.0171678985076,
        "Free Cash Flow margin": 0.0867079168201,
        "EBITDA": 65499000.0,
        "EBIT": 29842000.0,
        "Consolidated Income": 7275000.0,
        "Earnings Before Tax Margin": 0.0230769593823,
        "Net Profit Margin": 0.0171678985076
    },
    "2013": {
        "Revenue": 407195000.0,
        "Revenue Growth": 0.00265193859912636,
        "Cost of Revenue": 272858000.0,
        "Gross Profit": 134337000.0,
        "R&D Expenses": 5500000.0,
        "SG&A Expense": 96800000.0,
        "Operating Expenses": 108912000.0,
        "Operating Income": 28381000.0,
        "Interest Expense": 23737000.0,
        "Earnings before Tax": -11589000.0,
        "Income Tax Expense": 2986000.0,
        "Net Income - Non-Controlling int": 0.0,
        "Net Income - Discontinued ops": 0.0,
        "Net Income": -15323000.0,
        "Preferred Dividends": 0.0,
        "Net Income Com": -15323000.0,
        "EPS": -0.33,
        "EPS Diluted": -0.33,
        "Weighted Average Shs Out": 45856000.0,
        "Weighted Average Shs Out (Dil)": 45856000.0,
        "Dividend per Share": 0.0105765875785,
        "Gross Margin": 0.329908274905,
        "EBITDA Margin": 0.159370817422,
        "EBIT Margin": 0.0696987929616,
        "Profit Margin": -0.0376306192365,
        "Free Cash Flow margin": 0.0702538095998,
        "EBITDA": 64895000.0,
        "EBIT": 28381000.0,
        "Consolidated Income": -15323000.0,
        "Earnings Before Tax Margin": -0.0284605655767,
        "Net Profit Margin": -0.0376306192365
    },
    "2012": {
        "Revenue": 406118000.0,
        "Revenue Growth": 0.0,
        "Cost of Revenue": 282599000.0,
        "Gross Profit": 123519000.0,
        "R&D Expenses": 5400000.0,
        "SG&A Expense": 93073000.0,
        "Operating Expenses": 109508000.0,
        "Operating Income": -616000.0,
        "Interest Expense": 28165000.0,
        "Earnings before Tax": -28681000.0,