{
    "2018": {
        "Revenue": 2002857000.0,
        "Revenue Growth": 0.115039917159368,
        "Cost of Revenue": 1562272000.0,
        "Gross Profit": 440585000.0,
        "R&D Expenses": 0.0,
        "SG&A Expense": 68298000.0,
        "Operating Expenses": 68298000.0,
        "Operating Income": 372287000.0,
        "Interest Expense": 40218000.0,
        "Earnings before Tax": 367492000.0,
        "Income Tax Expense": 22000.0,
        "Net Income - Non-Controlling int": 0.0,
        "Net Income - Discontinued ops": 0.0,
        "Net Income": 366604000.0,
        "Preferred Dividends": 1560000.0,
        "Net Income Com": 366604000.0,
        "EPS": 2.74,
        "EPS Diluted": 2.74,
        "Weighted Average Shs Out": 130758169.0,
        "Weighted Average Shs Out (Dil)": 130758169.0,
        "Dividend per Share": 0.0,
        "Gross Margin": 0.219978261054,
        "EBITDA Margin": 0.325790608116,
        "EBIT Margin": 0.185877973315,
        "Profit Margin": 0.183040526608,
        "Free Cash Flow margin": 0.230103796726,
        "EBITDA": 652512000.0,
        "EBIT": 372287000.0,
        "Consolidated Income": 366604000.0,
        "Earnings Before Tax Margin": 0.183483893258,
        "Net Profit Margin": 0.183040526608
    },
    "2017": {
        "Revenue": 1796220000.0,
        "Revenue Growth": -0.0700162002388875,
        "Cost of Revenue": 1405848000.0,
        "Gross Profit": 390372000.0,
        "R&D Expenses": 0.0,
        "SG&A Expense": 61760000.0,
        "Operating Expenses": 61760000.0,
        "Operating Income": 328612000.0,
        "Interest Expense": 39385000.0,
        "Earnings before Tax": 304411000.0,
        "Income Tax Expense": 210000.0,
        "Net Income - Non-Controlling int": 0.0,
        "Net Income - Discontinued ops": 0.0,
        "Net Income": 303638000.0,
        "Preferred Dividends": 21904000.0,
        "Net Income Com": 303638000.0,
        "EPS": 2.8,
        "EPS Diluted": 2.8,
        "Weighted Average Shs Out": 98707696.0,
        "Weighted Average Shs Out (Dil)": 98707696.0,
        "Dividend per Share": 0.0,
        "Gross Margin": 0.217329725757,
        "EBITDA Margin": 0.332694770128,
        "EBIT Margin": 0.182946409683,
        "Profit Margin": 0.16904276759,
        "Free Cash Flow margin": 0.228829430693,
        "EBITDA": 597593000.0,
        "EBIT": 328612000.0,
        "Consolidated Income": 303638000.0,
        "Earnings Before Tax Margin": 0.169473115765,
        "Net Profit Margin": 0.16904276759
    },
    "2016": {
        "Revenue": 1931453000.0,
        "Revenue Growth": -0.150536584550605,
        "Cost of Revenue": 1492982000.0,
        "Gross Profit": 438471000.0,
        "R&D Expenses": 0.0,
        "SG&A Expense": 72529000.0,
        "Operating Expenses": 72529000.0,
        "Operating Income": 365942000.0,
        "Interest Expense": 30669000.0,
        "Earnings before Tax": 339551000.0,
        "Income Tax Expense": 13000.0,
        "Net Income - Non-Controlling int": 0.0,
        "Net Income - Discontinued ops": 0.0,
        "Net Income": 339398000.0,
        "Preferred Dividends": 80911000.0,
        "Net Income Com": 339398000.0,
        "EPS": 3.39,
        "EPS Diluted": 3.39,
        "Weighted Average Shs Out": 74354162.0,
        "Weighted Average Shs Out (Dil)": 74354162.0,
        "Dividend per Share": 0.0,
        "Gross Margin": 0.227016137592,
        "EBITDA Margin": 0.356442015415,
        "EBIT Margin": 0.189464615499,
        "Profit Margin": 0.175721594054,
        "Free Cash Flow margin": 0.31711255723,
        "EBITDA": 688451000.0,
        "EBIT": 365942000.0,
        "Consolidated Income": 339398000.0,
        "Earnings Before Tax Margin": 0.175800809028,
        "Net Profit Margin": 0.175721594054
    },
    "2015": {
        "Revenue": 2273733000.0,
        "Revenue Growth": -0.0117302358695383,
        "Cost of Revenue": 1844820000.0,
        "Gross Profit": 428913000.0,
        "R&D Expenses": 0.0,
        "SG&A Expense": 67484000.0,
        "Operating Expenses": 67484000.0,
        "Operating Income": 361429000.0,
        "Interest Expense": 31153000.0,
        "Earnings before Tax": 306192000.0,
        "Income Tax Expense": 21000.0,
        "Net Income - Non-Controlling int": 0.0,
        "Net Income - Discontinued ops": 0.0,
        "Net Income": 306198000.0,
        "Preferred Dividends": 146338000.0,
        "Net Income Com": 306198000.0,
        "EPS": 2.11,
        "EPS Diluted": 2.11,
        "Weighted Average Shs Out": 74174389.0,
        "Weighted Average Shs Out (Dil)": 74174389.0,
        "Dividend per Share": 0.0,
        "Gross Margin": 0.188638243804,
        "EBITDA Margin": 0.305727189604,
        "EBIT Margin": 0.158958417721,
        "Profit Margin": 0.134667526926,
        "Free Cash Flow margin": 0.221461798725,
        "EBITDA": 695142000.0,
        "EBIT": 361429000.0,
        "Consolidated Income": 306198000.0,
        "Earnings Before Tax Margin": 0.134664888094,
        "Net Profit Margin": 0.134667526926
    },
    "2014": {
        "Revenue": 2300721000.0,
        "Revenue Growth": 0.0431454854343181,
        "Cost of Revenue": 1683961000.0,
        "Gross Profit": 616760000.0,
        "R&D Expenses": 0.0,
        "SG&A Expense": 72552000.0,
        "Operating Expenses": 72552000.0,
        "Operating Income": 544208000.0,
        "Interest Expense": 33584000.0,
        "Earnings before Tax": 497213000.0,
        "Income Tax Expense": 0.0,
        "Net Income - Non-Controlling int": 0.0,
        "Net Income - Discontinued ops": 0.0,
        "Net Income": 497229000.0,
        "Preferred Dividends": -138274000.0,
        "Net Income Com": 497229000.0,
        "EPS": 4.77,
        "EPS Diluted": 4.77,
        "Weighted Average Shs Out": 74044417.0,
        "Weighted Average Shs Out (Dil)": 74044417.0,
        "Dividend per Share": 0.0,
        "Gross Margin": 0.268072486842,
        "EBITDA Margin": 0.355877135907,
        "EBIT Margin": 0.236538024385,
        "Profit Margin": 0.216118773202,
        "Free Cash Flow margin": 0.187686381791,
        "EBITDA": 818774000.0,
        "EBIT": 544208000.0,
        "Consolidated Income": 497229000.0,
        "Earnings Before Tax Margin": 0.21611181886,
        "Net Profit Margin": 0.216118773202
    },
    "2013": {
        "Revenue": 2205561000.0,
        "Revenue Growth": 0.0841861651741802,
        "Cost of Revenue": 1698346000.0,
        "Gross Profit": 507215000.0,
        "R&D Expenses": 0.0,
        "SG&A Expense": 63697000.0,
        "Operating Expenses": 63697000.0,
        "Operating Income": 443518000.0,
        "Interest Expense": 27044000.0,
        "Earnings before Tax": 394886000.0,
        "Income Tax Expense": 1396000.0,
        "Net Income - Non-Controlling int": 0.0,
        "Net Income - Discontinued ops": 0.0,
        "Net Income": 393490000.0,
        "Preferred Dividends": -121349000.0,
        "Net Income Com": 393490000.0,
        "EPS": 7.26,
        "EPS Diluted": 7.26,
        "Weighted Average Shs Out": 36952192.0,
        "Weighted Average Shs Out (Dil)": 36952192.0,
        "Dividend per Share": 0.0,
        "Gross Margin": 0.229970968837,
        "EBITDA Margin": 0.321201272601,
        "EBIT Margin": 0.201090788239,
        "Profit Margin": 0.178408123829,
        "Free Cash Flow margin": 0.1702519223,
        "EBITDA": 708429000.0,
        "EBIT": 443518000.0,
        "Consolidated Income": 393490000.0,
        "Earnings Before Tax Margin": 0.17904106937,
        "Net Profit Margin": 0.178408123829
    },
    "2012": {
        "Revenue": 2034301000.0,
        "Revenue Growth": 0.103463407754562,
        "Cost of Revenue": 1601085000.0,
        "Gross Profit": 433216000.0,
        "R&D Expenses": 0.0,
        "SG&A Expense": 58737000.0,
        "Operating Expenses": 58737000.0,
        "Operating Income": 374479000.0,
        "Interest Expense": 28684000.0,
        "Earnings before Tax": 334489000.0,