{
    "2019": {
        "Revenue": 16227341000.0,
        "Revenue Growth": 0.0277212269594866,
        "Cost of Revenue": 15336182000.0,
        "Gross Profit": 891159000.0,
        "R&D Expenses": 0.0,
        "SG&A Expense": 367256000.0,
        "Operating Expenses": 367256000.0,
        "Operating Income": 891200000.0,
        "Interest Expense": 352812000.0,
        "Earnings before Tax": 556172000.0,
        "Income Tax Expense": 107706000.0,
        "Net Income - Non-Controlling int": 0.0,
        "Net Income - Discontinued ops": 0.0,
        "Net Income": 448549000.0,
        "Preferred Dividends": 0.0,
        "Net Income Com": 448549000.0,
        "EPS": 1.78,
        "EPS Diluted": 1.78,
        "Weighted Average Shs Out": 246854000.0,
        "Weighted Average Shs Out (Dil)": 252010000.0,
        "Dividend per Share": 0.430296416809,
        "Gross Margin": 0.0549171302926,
        "EBITDA Margin": 0.091436606897,
        "EBIT Margin": 0.0549196568926,
        "Profit Margin": 0.0276415587742,
        "Free Cash Flow margin": 0.0296497744147,
        "EBITDA": 1483773000.0,
        "EBIT": 891200000.0,
        "Consolidated Income": 448549000.0,
        "Earnings Before Tax Margin": 0.0342737605625,
        "Net Profit Margin": 0.0276415587742
    },
    "2018": {
        "Revenue": 15789633000.0,
        "Revenue Growth": 0.0811549961751284,
        "Cost of Revenue": 14963496000.0,
        "Gross Profit": 826137000.0,
        "R&D Expenses": 0.0,
        "SG&A Expense": 377129000.0,
        "Operating Expenses": 377129000.0,
        "Operating Income": 826100000.0,
        "Interest Expense": 353048000.0,
        "Earnings before Tax": 471876000.0,
        "Income Tax Expense": -96564000.0,
        "Net Income - Non-Controlling int": 0.0,
        "Net Income - Discontinued ops": 0.0,
        "Net Income": 567885000.0,
        "Preferred Dividends": 0.0,
        "Net Income Com": 567885000.0,
        "EPS": 2.24,
        "EPS Diluted": 2.24,
        "Weighted Average Shs Out": 245771000.0,
        "Weighted Average Shs Out (Dil)": 253352000.0,
        "Dividend per Share": 0.407002905049,
        "Gross Margin": 0.0523214820762,
        "EBITDA Margin": 0.0900769511236,
        "EBIT Margin": 0.0523191387666,
        "Profit Margin": 0.0359656871062,
        "Free Cash Flow margin": 0.0265203757427,
        "EBITDA": 1422282000.0,
        "EBIT": 826100000.0,
        "Consolidated Income": 567885000.0,
        "Earnings Before Tax Margin": 0.0298851784585,
        "Net Profit Margin": 0.0359656871062
    },
    "2017": {
        "Revenue": 14604412000.0,
        "Revenue Growth": 0.0130836998293539,
        "Cost of Revenue": 13497185000.0,
        "Gross Profit": 1107227000.0,
        "R&D Expenses": 0.0,
        "SG&A Expense": 299170000.0,
        "Operating Expenses": 299170000.0,
        "Operating Income": 808100000.0,
        "Interest Expense": 285995000.0,
        "Earnings before Tax": 520642000.0,
        "Income Tax Expense": 146455000.0,
        "Net Income - Non-Controlling int": 0.0,
        "Net Income - Discontinued ops": 0.0,
        "Net Income": 373923000.0,
        "Preferred Dividends": 0.0,
        "Net Income Com": 373923000.0,
        "EPS": 1.49,
        "EPS Diluted": 1.49,
        "Weighted Average Shs Out": 244453000.0,
        "Weighted Average Shs Out (Dil)": 251557000.0,
        "Dividend per Share": 0.400704412916,
        "Gross Margin": 0.075814555218,
        "EBITDA Margin": 0.0901311192809,
        "EBIT Margin": 0.0553325940134,
        "Profit Margin": 0.0256034272383,
        "Free Cash Flow margin": 0.0342812843133,
        "EBITDA": 1316312000.0,
        "EBIT": 808100000.0,
        "Consolidated Income": 373923000.0,
        "Earnings Before Tax Margin": 0.0356496379313,
        "Net Profit Margin": 0.0256034272383
    },
    "2016": {
        "Revenue": 14415800000.0,
        "Revenue Growth": 0.00604816689911847,
        "Cost of Revenue": 13386173000.0,
        "Gross Profit": 1029627000.0,
        "R&D Expenses": 0.0,
        "SG&A Expense": 283342000.0,
        "Operating Expenses": 283342000.0,
        "Operating Income": 746314000.0,
        "Interest Expense": 315166000.0,
        "Earnings before Tax": 430900000.0,
        "Income Tax Expense": 142699000.0,
        "Net Income - Non-Controlling int": 0.0,
        "Net Income - Discontinued ops": 0.0,
        "Net Income": 287806000.0,
        "Preferred Dividends": 0.0,
        "Net Income Com": 287806000.0,
        "EPS": 1.16,
        "EPS Diluted": 1.16,
        "Weighted Average Shs Out": 242286000.0,
        "Weighted Average Shs Out (Dil)": 248763000.0,
        "Dividend per Share": 0.370231907478,
        "Gross Margin": 0.0714235075403,
        "EBITDA Margin": 0.0861609484038,
        "EBIT Margin": 0.0517705573052,
        "Profit Margin": 0.0199646221507,
        "Free Cash Flow margin": 0.0204017813788,
        "EBITDA": 1242079000.0,
        "EBIT": 746314000.0,
        "Consolidated Income": 287806000.0,
        "Earnings Before Tax Margin": 0.0298908142455,
        "Net Profit Margin": 0.0199646221507
    },
    "2015": {
        "Revenue": 14329135000.0,
        "Revenue Growth": -0.0339635242248101,
        "Cost of Revenue": 13384457000.0,
        "Gross Profit": 944678000.0,
        "R&D Expenses": 0.0,
        "SG&A Expense": 316740000.0,
        "Operating Expenses": 316740000.0,
        "Operating Income": 627938000.0,
        "Interest Expense": 286261000.0,
        "Earnings before Tax": 341996000.0,
        "Income Tax Expense": 105020000.0,
        "Net Income - Non-Controlling int": 0.0,
        "Net Income - Discontinued ops": 0.0,
        "Net Income": 235946000.0,
        "Preferred Dividends": 0.0,
        "Net Income Com": 235946000.0,
        "EPS": 0.99,
        "EPS Diluted": 0.96,
        "Weighted Average Shs Out": 237616000.0,
        "Weighted Average Shs Out (Dil)": 246616000.0,
        "Dividend per Share": 0.332087131411,
        "Gross Margin": 0.0659270779429,
        "EBITDA Margin": 0.0789978599546,
        "EBIT Margin": 0.0438224638124,
        "Profit Margin": 0.0164661718938,
        "Free Cash Flow margin": 0.0110719872484,
        "EBITDA": 1131971000.0,
        "EBIT": 627938000.0,
        "Consolidated Income": 235946000.0,
        "Earnings Before Tax Margin": 0.0238671769091,
        "Net Profit Margin": 0.0164661718938
    },
    "2014": {
        "Revenue": 14832913000.0,
        "Revenue Growth": 0.0636223879592048,
        "Cost of Revenue": 13885499000.0,
        "Gross Profit": 947414000.0,
        "R&D Expenses": 0.0,
        "SG&A Expense": 382851000.0,
        "Operating Expenses": 382851000.0,
        "Operating Income": 564563000.0,
        "Interest Expense": 334442000.0,
        "Earnings before Tax": 229677000.0,
        "Income Tax Expense": 80218000.0,
        "Net Income - Non-Controlling int": 0.0,
        "Net Income - Discontinued ops": 0.0,
        "Net Income": 148956000.0,
        "Preferred Dividends": 0.0,
        "Net Income Com": 148956000.0,
        "EPS": 0.66,
        "EPS Diluted": 0.63,
        "Weighted Average Shs Out": 225866000.0,
        "Weighted Average Shs Out (Dil)": 237451000.0,
        "Dividend per Share": 0.219775869548,
        "Gross Margin": 0.0638724166993,
        "EBITDA Margin": 0.0732252660014,
        "EBIT Margin": 0.0380615055182,
        "Profit Margin": 0.0100422620965,
        "Free Cash Flow margin": -0.00991275280857,
        "EBITDA": 1086144000.0,
        "EBIT": 564563000.0,
        "Consolidated Income": 148956000.0,
        "Earnings Before Tax Margin": 0.0154842814759,
        "Net Profit Margin": 0.0100422620965
    },
    "2013": {
        "Revenue": 13945657000.0,
        "Revenue Growth": 0.0325966022841486,
        "Cost of Revenue": 12661145000.0,
        "Gross Profit": 1284512000.0,
        "R&D Expenses": 0.0,
        "SG&A Expense": 227902000.0,
        "Operating Expenses": 770038000.0,