{
    "2018": {
        "Revenue": 803256000.0,
        "Revenue Growth": 0.286312741807374,
        "Cost of Revenue": 622560000.0,
        "Gross Profit": 180696000.0,
        "R&D Expenses": 114300000.0,
        "SG&A Expense": 117033000.0,
        "Operating Expenses": 231333000.0,
        "Operating Income": 63663000.0,
        "Interest Expense": 0.0,
        "Earnings before Tax": 52282000.0,
        "Income Tax Expense": 5479000.0,
        "Net Income - Non-Controlling int": 0.0,
        "Net Income - Discontinued ops": 0.0,
        "Net Income": 46803000.0,
        "Preferred Dividends": 0.0,
        "Net Income Com": 46803000.0,
        "EPS": 1.45,
        "EPS Diluted": 1.41,
        "Weighted Average Shs Out": 32351000.0,
        "Weighted Average Shs Out (Dil)": 33136000.0,
        "Dividend per Share": 0.0,
        "Gross Margin": 0.224954435448,
        "EBITDA Margin": 0.122868674495,
        "EBIT Margin": 0.0792561773582,
        "Profit Margin": 0.058266604918,
        "Free Cash Flow margin": 0.0480096009242,
        "EBITDA": 98695000.0,
        "EBIT": 63663000.0,
        "Consolidated Income": 46803000.0,
        "Earnings Before Tax Margin": 0.0650875934945,
        "Net Profit Margin": 0.058266604918
    },
    "2017": {
        "Revenue": 624464000.0,
        "Revenue Growth": -0.0136766473497251,
        "Cost of Revenue": 487351000.0,
        "Gross Profit": 137113000.0,
        "R&D Expenses": 95000000.0,
        "SG&A Expense": 90516000.0,
        "Operating Expenses": 185516000.0,
        "Operating Income": 30360000.0,
        "Interest Expense": 0.0,
        "Earnings before Tax": 24991000.0,
        "Income Tax Expense": 5312000.0,
        "Net Income - Non-Controlling int": 0.0,
        "Net Income - Discontinued ops": 0.0,
        "Net Income": 19679000.0,
        "Preferred Dividends": 0.0,
        "Net Income Com": 19679000.0,
        "EPS": 0.69,
        "EPS Diluted": 0.67,
        "Weighted Average Shs Out": 28586000.0,
        "Weighted Average Shs Out (Dil)": 29320000.0,
        "Dividend per Share": 0.0,
        "Gross Margin": 0.219569102462,
        "EBITDA Margin": 0.091955661175,
        "EBIT Margin": 0.0486176945348,
        "Profit Margin": 0.0315134259141,
        "Free Cash Flow margin": 0.0389213789746,
        "EBITDA": 57423000.0,
        "EBIT": 30360000.0,
        "Consolidated Income": 19679000.0,
        "Earnings Before Tax Margin": 0.0400199210843,
        "Net Profit Margin": 0.0315134259141
    },
    "2016": {
        "Revenue": 633123000.0,
        "Revenue Growth": -0.0854510970287991,
        "Cost of Revenue": 473656000.0,
        "Gross Profit": 159467000.0,
        "R&D Expenses": 90200000.0,
        "SG&A Expense": 86328000.0,
        "Operating Expenses": 176528000.0,
        "Operating Income": 73139000.0,
        "Interest Expense": 0.0,
        "Earnings before Tax": 68785000.0,
        "Income Tax Expense": 20361000.0,
        "Net Income - Non-Controlling int": 0.0,
        "Net Income - Discontinued ops": 0.0,
        "Net Income": 48424000.0,
        "Preferred Dividends": 0.0,
        "Net Income Com": 48424000.0,
        "EPS": 1.66,
        "EPS Diluted": 1.61,
        "Weighted Average Shs Out": 29163000.0,
        "Weighted Average Shs Out (Dil)": 30032000.0,
        "Dividend per Share": 0.0,
        "Gross Margin": 0.251873648564,
        "EBITDA Margin": 0.15625557751,
        "EBIT Margin": 0.11552099671,
        "Profit Margin": 0.076484348223,
        "Free Cash Flow margin": 0.0565719457357,
        "EBITDA": 98929000.0,
        "EBIT": 73139000.0,
        "Consolidated Income": 48424000.0,
        "Earnings Before Tax Margin": 0.108643975973,
        "Net Profit Margin": 0.076484348223
    },
    "2015": {
        "Revenue": 692279000.0,
        "Revenue Growth": 0.0472589363108682,
        "Cost of Revenue": 504337000.0,
        "Gross Profit": 187942000.0,
        "R&D Expenses": 90100000.0,
        "SG&A Expense": 89141000.0,
        "Operating Expenses": 179241000.0,
        "Operating Income": 98801000.0,
        "Interest Expense": 0.0,
        "Earnings before Tax": 94050000.0,
        "Income Tax Expense": 27076000.0,
        "Net Income - Non-Controlling int": 0.0,
        "Net Income - Discontinued ops": 0.0,
        "Net Income": 66974000.0,
        "Preferred Dividends": 0.0,
        "Net Income Com": 66974000.0,
        "EPS": 2.63,
        "EPS Diluted": 2.55,
        "Weighted Average Shs Out": 25430000.0,
        "Weighted Average Shs Out (Dil)": 26243000.0,
        "Dividend per Share": 0.0,
        "Gross Margin": 0.271483029241,
        "EBITDA Margin": 0.179277430053,
        "EBIT Margin": 0.142718470443,
        "Profit Margin": 0.0967442317332,
        "Free Cash Flow margin": 0.0864680280638,
        "EBITDA": 124110000.0,
        "EBIT": 98801000.0,
        "Consolidated Income": 66974000.0,
        "Earnings Before Tax Margin": 0.135855630461,
        "Net Profit Margin": 0.0967442317332
    },
    "2014": {
        "Revenue": 661039000.0,
        "Revenue Growth": 0.944592674524986,
        "Cost of Revenue": 493997000.0,
        "Gross Profit": 167042000.0,
        "R&D Expenses": 76700000.0,
        "SG&A Expense": 79680000.0,
        "Operating Expenses": 156380000.0,
        "Operating Income": 87362000.0,
        "Interest Expense": 0.0,
        "Earnings before Tax": 79107000.0,
        "Income Tax Expense": 22937000.0,
        "Net Income - Non-Controlling int": 0.0,
        "Net Income - Discontinued ops": 0.0,
        "Net Income": 56170000.0,
        "Preferred Dividends": 0.0,
        "Net Income Com": 56170000.0,
        "EPS": 2.59,
        "EPS Diluted": 2.48,
        "Weighted Average Shs Out": 21713000.0,
        "Weighted Average Shs Out (Dil)": 22662000.0,
        "Dividend per Share": 0.0,
        "Gross Margin": 0.252696134419,
        "EBITDA Margin": 0.173387651863,
        "EBIT Margin": 0.132158616965,
        "Profit Margin": 0.0849722936166,
        "Free Cash Flow margin": 0.089241330693,
        "EBITDA": 114616000.0,
        "EBIT": 87362000.0,
        "Consolidated Income": 56170000.0,
        "Earnings Before Tax Margin": 0.119670700216,
        "Net Profit Margin": 0.0849722936166
    },
    "2013": {
        "Revenue": 339937000.0,
        "Revenue Growth": 0.275819490628495,
        "Cost of Revenue": 252079000.0,
        "Gross Profit": 87858000.0,
        "R&D Expenses": 52800000.0,
        "SG&A Expense": 45553000.0,
        "Operating Expenses": 98353000.0,
        "Operating Income": 42305000.0,
        "Interest Expense": 0.0,
        "Earnings before Tax": 0.0,
        "Income Tax Expense": 10945000.0,
        "Net Income - Non-Controlling int": 0.0,
        "Net Income - Discontinued ops": 0.0,
        "Net Income": 27266000.0,
        "Preferred Dividends": 0.0,
        "Net Income Com": 27266000.0,
        "EPS": 1.56,
        "EPS Diluted": 1.49,
        "Weighted Average Shs Out": 17484000.0,
        "Weighted Average Shs Out (Dil)": 18359000.0,
        "Dividend per Share": 0.0,
        "Gross Margin": 0.258453772317,
        "EBITDA Margin": 0.156982029023,
        "EBIT Margin": 0.124449530354,
        "Profit Margin": 0.0802089798992,
        "Free Cash Flow margin": 0.125555617659,
        "EBITDA": 53364000.0,
        "EBIT": 42305000.0,
        "Consolidated Income": 27266000.0,
        "Earnings Before Tax Margin": 0.0,
        "Net Profit Margin": 0.0802089798992
    },
    "2012": {
        "Revenue": 266446000.0,
        "Revenue Growth": 0.0,
        "Cost of Revenue": 197004000.0,
        "Gross Profit": 69442000.0,
        "R&D Expenses": 0.0,
        "SG&A Expense": 36817000.0,
        "Operating Expenses": 36817000.0,
        "Operating Income": 32625000.0,
        "Interest Expense": 0.0,
        "Earnings before Tax": 31583000.0,
        "Income Tax Expense": 9709000.0,
        "Net Income - Non-Controlling int": 0.0,
        "Net Income - Discontinued ops": 0.0,