{
    "2019": {
        "Revenue": 19518592000.0,
        "Revenue Growth": 0.025303500172192,
        "Cost of Revenue": 17032490000.0,
        "Gross Profit": 2486102000.0,
        "R&D Expenses": 0.0,
        "SG&A Expense": 1874651000.0,
        "Operating Expenses": 1874651000.0,
        "Operating Income": 365900000.0,
        "Interest Expense": 134874000.0,
        "Earnings before Tax": 242268000.0,
        "Income Tax Expense": 62157000.0,
        "Net Income - Non-Controlling int": 0.0,
        "Net Income - Discontinued ops": 0.0,
        "Net Income": 176337000.0,
        "Preferred Dividends": 0.0,
        "Net Income Com": 176337000.0,
        "EPS": 1.61,
        "EPS Diluted": 1.59,
        "Weighted Average Shs Out": 109820000.0,
        "Weighted Average Shs Out (Dil)": 110798000.0,
        "Dividend per Share": 0.786638747992,
        "Gross Margin": 0.127370970201,
        "EBITDA Margin": 0.0280113442609,
        "EBIT Margin": 0.0187462292362,
        "Profit Margin": 0.00903430944199,
        "Free Cash Flow margin": 0.0211121785834,
        "EBITDA": 546742000.0,
        "EBIT": 365900000.0,
        "Consolidated Income": 176337000.0,
        "Earnings Before Tax Margin": 0.0124121657956,
        "Net Profit Margin": 0.00903430944199
    },
    "2018": {
        "Revenue": 19036892000.0,
        "Revenue Growth": 0.0915672240818401,
        "Cost of Revenue": 16509708000.0,
        "Gross Profit": 2527184000.0,
        "R&D Expenses": 0.0,
        "SG&A Expense": 1970103000.0,
        "Operating Expenses": 1970103000.0,
        "Operating Income": 230516000.0,
        "Interest Expense": 102525000.0,
        "Earnings before Tax": 145077000.0,
        "Income Tax Expense": 287966000.0,
        "Net Income - Non-Controlling int": 0.0,
        "Net Income - Discontinued ops": 0.0,
        "Net Income": -156424000.0,
        "Preferred Dividends": 0.0,
        "Net Income Com": -156424000.0,
        "EPS": -1.3,
        "EPS Diluted": -1.3,
        "Weighted Average Shs Out": 119909000.0,
        "Weighted Average Shs Out (Dil)": 119909000.0,
        "Dividend per Share": 0.736016479163,
        "Gross Margin": 0.1327519219,
        "EBITDA Margin": 0.0244466376129,
        "EBIT Margin": 0.0121089093745,
        "Profit Margin": -0.00821688750454,
        "Free Cash Flow margin": 0.00512751766412,
        "EBITDA": 465388000.0,
        "EBIT": 230516000.0,
        "Consolidated Income": -156424000.0,
        "Earnings Before Tax Margin": 0.00762083432527,
        "Net Profit Margin": -0.00821688750454
    },
    "2017": {
        "Revenue": 17439963000.0,
        "Revenue Growth": -0.334842006906445,
        "Cost of Revenue": 15070521000.0,
        "Gross Profit": 2369442000.0,
        "R&D Expenses": 0.0,
        "SG&A Expense": 1770627000.0,
        "Operating Expenses": 1770627000.0,
        "Operating Income": 461400000.0,
        "Interest Expense": 106691000.0,
        "Earnings before Tax": 310404000.0,
        "Income Tax Expense": 47053000.0,
        "Net Income - Non-Controlling int": 0.0,
        "Net Income - Discontinued ops": 0.0,
        "Net Income": 525278000.0,
        "Preferred Dividends": 0.0,
        "Net Income Com": 525278000.0,
        "EPS": 4.13,
        "EPS Diluted": 4.08,
        "Weighted Average Shs Out": 127032000.0,
        "Weighted Average Shs Out (Dil)": 128651000.0,
        "Dividend per Share": 0.689127950813,
        "Gross Margin": 0.135862788241,
        "EBITDA Margin": 0.0353647539275,
        "EBIT Margin": 0.0264564781473,
        "Profit Margin": 0.0301192152759,
        "Free Cash Flow margin": -0.0280440961945,
        "EBITDA": 616760000.0,
        "EBIT": 461400000.0,
        "Consolidated Income": 525278000.0,
        "Earnings Before Tax Margin": 0.0177984322558,
        "Net Profit Margin": 0.0301192152759
    },
    "2016": {
        "Revenue": 26219279000.0,
        "Revenue Growth": -0.0610706874573249,
        "Cost of Revenue": 23181768000.0,
        "Gross Profit": 3037511000.0,
        "R&D Expenses": 0.0,
        "SG&A Expense": 2170524000.0,
        "Operating Expenses": 2170524000.0,
        "Operating Income": 787669000.0,
        "Interest Expense": 99055000.0,
        "Earnings before Tax": 670509000.0,
        "Income Tax Expense": 163978000.0,
        "Net Income - Non-Controlling int": 0.0,
        "Net Income - Discontinued ops": 0.0,
        "Net Income": 506531000.0,
        "Preferred Dividends": 0.0,
        "Net Income Com": 506531000.0,
        "EPS": 3.87,
        "EPS Diluted": 3.8,
        "Weighted Average Shs Out": 130858000.0,
        "Weighted Average Shs Out (Dil)": 133173000.0,
        "Dividend per Share": 0.6652549691,
        "Gross Margin": 0.115850287111,
        "EBITDA Margin": 0.0348654896269,
        "EBIT Margin": 0.0300415964909,
        "Profit Margin": 0.0193190285667,
        "Free Cash Flow margin": 0.00292788371488,
        "EBITDA": 914148000.0,
        "EBIT": 787669000.0,
        "Consolidated Income": 506531000.0,
        "Earnings Before Tax Margin": 0.0255731288416,
        "Net Profit Margin": 0.0193190285667
    },
    "2015": {
        "Revenue": 27924657000.0,
        "Revenue Growth": 0.0154548489955546,
        "Cost of Revenue": 24731537000.0,
        "Gross Profit": 3193120000.0,
        "R&D Expenses": 0.0,
        "SG&A Expense": 2274642000.0,
        "Operating Expenses": 2274642000.0,
        "Operating Income": 827673000.0,
        "Interest Expense": 95665000.0,
        "Earnings before Tax": 712965000.0,
        "Income Tax Expense": 141052000.0,
        "Net Income - Non-Controlling int": 0.0,
        "Net Income - Discontinued ops": 0.0,
        "Net Income": 571913000.0,
        "Preferred Dividends": 0.0,
        "Net Income Com": 571913000.0,
        "EPS": 4.18,
        "EPS Diluted": 4.12,
        "Weighted Average Shs Out": 136688000.0,
        "Weighted Average Shs Out (Dil)": 138791000.0,
        "Dividend per Share": 0.629219473885,
        "Gross Margin": 0.114347689212,
        "EBITDA Margin": 0.0349150931379,
        "EBIT Margin": 0.0296395046141,
        "Profit Margin": 0.0204805738527,
        "Free Cash Flow margin": 0.0146647817375,
        "EBITDA": 974992000.0,
        "EBIT": 827673000.0,
        "Consolidated Income": 571913000.0,
        "Earnings Before Tax Margin": 0.0255317370595,
        "Net Profit Margin": 0.0204805738527
    },
    "2014": {
        "Revenue": 27499654000.0,
        "Revenue Growth": 0.0801577474366159,
        "Cost of Revenue": 24273923000.0,
        "Gross Profit": 3225731000.0,
        "R&D Expenses": 0.0,
        "SG&A Expense": 2341168000.0,
        "Operating Expenses": 2341168000.0,
        "Operating Income": 789940000.0,
        "Interest Expense": 104823000.0,
        "Earnings before Tax": 701127000.0,
        "Income Tax Expense": 155523000.0,
        "Net Income - Non-Controlling int": 0.0,
        "Net Income - Discontinued ops": 0.0,
        "Net Income": 545604000.0,
        "Preferred Dividends": 0.0,
        "Net Income Com": 545604000.0,
        "EPS": 3.95,
        "EPS Diluted": 3.89,
        "Weighted Average Shs Out": 137991000.0,
        "Weighted Average Shs Out (Dil)": 140119000.0,
        "Dividend per Share": 0.590605128498,
        "Gross Margin": 0.117300784948,
        "EBITDA Margin": 0.0337141696401,
        "EBIT Margin": 0.0287254523275,
        "Profit Margin": 0.0198403950828,
        "Free Cash Flow margin": 0.00415190678399,
        "EBITDA": 927128000.0,
        "EBIT": 789940000.0,
        "Consolidated Income": 545604000.0,
        "Earnings Before Tax Margin": 0.0254958480569,
        "Net Profit Margin": 0.0198403950828
    },
    "2013": {
        "Revenue": 25458924000.0,
        "Revenue Growth": -0.00967024359640731,
        "Cost of Revenue": 22479123000.0,
        "Gross Profit": 2979801000.0,
        "R&D Expenses": 0.0,
        "SG&A Expense": 2204319000.0,
        "Operating Expenses": 2204319000.0,