{
    "2018": {
        "Revenue": 7159000000.0,
        "Revenue Growth": 0.082433699234933,
        "Cost of Revenue": 5243500000.0,
        "Gross Profit": 1915500000.0,
        "R&D Expenses": 98200000.0,
        "SG&A Expense": 1127500000.0,
        "Operating Expenses": 1225700000.0,
        "Operating Income": 554800000.0,
        "Interest Expense": 58500000.0,
        "Earnings before Tax": 554800000.0,
        "Income Tax Expense": 85400000.0,
        "Net Income - Non-Controlling int": 0.0,
        "Net Income - Discontinued ops": 0.0,
        "Net Income": 467400000.0,
        "Preferred Dividends": 0.0,
        "Net Income Com": 467400000.0,
        "EPS": 5.35,
        "EPS Diluted": 5.28,
        "Weighted Average Shs Out": 87300000.0,
        "Weighted Average Shs Out (Dil)": 88600000.0,
        "Dividend per Share": 1.97516930023,
        "Gross Margin": 0.267565302417,
        "EBITDA Margin": 0.102779717838,
        "EBIT Margin": 0.0774968571029,
        "Profit Margin": 0.0652884481073,
        "Free Cash Flow margin": 0.03229501327,
        "EBITDA": 735800000.0,
        "EBIT": 554800000.0,
        "Consolidated Income": 467400000.0,
        "Earnings Before Tax Margin": 0.0774968571029,
        "Net Profit Margin": 0.0652884481073
    },
    "2017": {
        "Revenue": 6613800000.0,
        "Revenue Growth": 0.0866343547194611,
        "Cost of Revenue": 4801600000.0,
        "Gross Profit": 1812200000.0,
        "R&D Expenses": 93400000.0,
        "SG&A Expense": 1123200000.0,
        "Operating Expenses": 1216600000.0,
        "Operating Income": 589500000.0,
        "Interest Expense": 63000000.0,
        "Earnings before Tax": 589500000.0,
        "Income Tax Expense": 307700000.0,
        "Net Income - Non-Controlling int": 0.0,
        "Net Income - Discontinued ops": 0.0,
        "Net Income": 281800000.0,
        "Preferred Dividends": 0.0,
        "Net Income Com": 281800000.0,
        "EPS": 3.19,
        "EPS Diluted": 3.13,
        "Weighted Average Shs Out": 88300000.0,
        "Weighted Average Shs Out (Dil)": 90100000.0,
        "Dividend per Share": 1.72586015538,
        "Gross Margin": 0.274002842541,
        "EBITDA Margin": 0.116151078049,
        "EBIT Margin": 0.0891318152953,
        "Profit Margin": 0.0426078804923,
        "Free Cash Flow margin": 0.0694910641386,
        "EBITDA": 768200000.0,
        "EBIT": 589500000.0,
        "Consolidated Income": 281800000.0,
        "Earnings Before Tax Margin": 0.0891318152953,
        "Net Profit Margin": 0.0426078804923
    },
    "2016": {
        "Revenue": 6086500000.0,
        "Revenue Growth": 0.0200439088974174,
        "Cost of Revenue": 4386800000.0,
        "Gross Profit": 1699700000.0,
        "R&D Expenses": 89700000.0,
        "SG&A Expense": 1097500000.0,
        "Operating Expenses": 1187200000.0,
        "Operating Income": 477100000.0,
        "Interest Expense": 59900000.0,
        "Earnings before Tax": 477100000.0,
        "Income Tax Expense": 156400000.0,
        "Net Income - Non-Controlling int": 0.0,
        "Net Income - Discontinued ops": 0.0,
        "Net Income": 320700000.0,
        "Preferred Dividends": 0.0,
        "Net Income Com": 320700000.0,
        "EPS": 3.6,
        "EPS Diluted": 3.54,
        "Weighted Average Shs Out": 89100000.0,
        "Weighted Average Shs Out (Dil)": 90700000.0,
        "Dividend per Share": 1.57111356119,
        "Gross Margin": 0.279257372874,
        "EBITDA Margin": 0.107976669679,
        "EBIT Margin": 0.0783865932802,
        "Profit Margin": 0.05269038035,
        "Free Cash Flow margin": 0.0670993181631,
        "EBITDA": 657200000.0,
        "EBIT": 477100000.0,
        "Consolidated Income": 320700000.0,
        "Earnings Before Tax Margin": 0.0783865932802,
        "Net Profit Margin": 0.05269038035
    },
    "2015": {
        "Revenue": 6330300000.0,
        "Revenue Growth": 0.0309934853420195,
        "Cost of Revenue": 4679100000.0,
        "Gross Profit": 1651200000.0,
        "R&D Expenses": 102500000.0,
        "SG&A Expense": 1155300000.0,
        "Operating Expenses": 1257800000.0,
        "Operating Income": 364400000.0,
        "Interest Expense": 63300000.0,
        "Earnings before Tax": 364400000.0,
        "Income Tax Expense": 113300000.0,
        "Net Income - Non-Controlling int": 0.0,
        "Net Income - Discontinued ops": 0.0,
        "Net Income": 248900000.0,
        "Preferred Dividends": 0.0,
        "Net Income Com": 248900000.0,
        "EPS": 2.65,
        "EPS Diluted": 2.6,
        "Weighted Average Shs Out": 93800000.0,
        "Weighted Average Shs Out (Dil)": 95700000.0,
        "Dividend per Share": 1.30721003135,
        "Gross Margin": 0.260840718449,
        "EBITDA Margin": 0.0894112443328,
        "EBIT Margin": 0.0575644124291,
        "Profit Margin": 0.0393188316509,
        "Free Cash Flow margin": 0.0357487006935,
        "EBITDA": 566000000.0,
        "EBIT": 364400000.0,
        "Consolidated Income": 248900000.0,
        "Earnings Before Tax Margin": 0.0575644124291,
        "Net Profit Margin": 0.0393188316509
    },
    "2013": {
        "Revenue": 6140000000.0,
        "Revenue Growth": 0.017297368944264,
        "Cost of Revenue": 4502300000.0,
        "Gross Profit": 1637700000.0,
        "R&D Expenses": 96000000.0,
        "SG&A Expense": 1179000000.0,
        "Operating Expenses": 1275000000.0,
        "Operating Income": 215800000.0,
        "Interest Expense": 59000000.0,
        "Earnings before Tax": 363100000.0,
        "Income Tax Expense": 118800000.0,
        "Net Income - Non-Controlling int": 0.0,
        "Net Income - Discontinued ops": 0.0,
        "Net Income": 215800000.0,
        "Preferred Dividends": 0.0,
        "Net Income Com": 215800000.0,
        "EPS": 2.19,
        "EPS Diluted": 2.16,
        "Weighted Average Shs Out": 98400000.0,
        "Weighted Average Shs Out (Dil)": 100100000.0,
        "Dividend per Share": 1.11888111888,
        "Gross Margin": 0.266726384365,
        "EBITDA Margin": 0.0684690553746,
        "EBIT Margin": 0.0351465798046,
        "Profit Margin": 0.0351465798046,
        "Free Cash Flow margin": 0.0310912052117,
        "EBITDA": 420400000.0,
        "EBIT": 215800000.0,
        "Consolidated Income": 215800000.0,
        "Earnings Before Tax Margin": 0.0591368078176,
        "Net Profit Margin": 0.0351465798046
    },
    "2012": {
        "Revenue": 6035600000.0,
        "Revenue Growth": 0.0,
        "Cost of Revenue": 4458500000.0,
        "Gross Profit": 1577100000.0,
        "R&D Expenses": 105100000.0,
        "SG&A Expense": 1179400000.0,
        "Operating Expenses": 1284500000.0,
        "Operating Income": 255500000.0,
        "Interest Expense": 72800000.0,
        "Earnings before Tax": 255500000.0,
        "Income Tax Expense": 86400000.0,
        "Net Income - Non-Controlling int": 0.0,
        "Net Income - Discontinued ops": 0.0,
        "Net Income": 215400000.0,
        "Preferred Dividends": 0.0,
        "Net Income Com": 215400000.0,
        "EPS": 2.1,
        "EPS Diluted": 2.08,
        "Weighted Average Shs Out": 102600000.0,
        "Weighted Average Shs Out (Dil)": 103500000.0,
        "Dividend per Share": 1.06666666667,
        "Gross Margin": 0.261299622241,
        "EBITDA Margin": 0.0788819669958,
        "EBIT Margin": 0.0423321625025,
        "Profit Margin": 0.0356882497183,
        "Free Cash Flow margin": 0.0693220226655,
        "EBITDA": 476100000.0,
        "EBIT": 255500000.0,
        "Consolidated Income": 215400000.0,
        "Earnings Before Tax Margin": 0.0423321625025,
        "Net Profit Margin": 0.0356882497183
    },
    "2011": {
        "Revenue": 0.0,
        "Revenue Growth": 0.0,
        "Cost of Revenue": 0.0,
        "Gross Profit": 0.0,
        "R&D Expenses": 0.0,
        "SG&A Expense": 0.0,
        "Operating Expenses": 0.0,
        "Operating Income": 0.0,
        "Interest Expense": 0.0,