{
    "2018": {
        "Revenue": 5090406000.0,
        "Revenue Growth": 0.108635670175614,
        "Cost of Revenue": 3190287000.0,
        "Gross Profit": 1900119000.0,
        "R&D Expenses": 0.0,
        "SG&A Expense": 627389000.0,
        "Operating Expenses": 641203000.0,
        "Operating Income": 12542000.0,
        "Interest Expense": 67432000.0,
        "Earnings before Tax": 12542000.0,
        "Income Tax Expense": -29486000.0,
        "Net Income - Non-Controlling int": 0.0,
        "Net Income - Discontinued ops": 0.0,
        "Net Income": 43021000.0,
        "Preferred Dividends": 42625000.0,
        "Net Income Com": 43021000.0,
        "EPS": 0.0,
        "EPS Diluted": 0.0,
        "Weighted Average Shs Out": 83501000.0,
        "Weighted Average Shs Out (Dil)": 84007000.0,
        "Dividend per Share": 1.58917709239,
        "Gross Margin": 0.373274548238,
        "EBITDA Margin": 0.0333973360867,
        "EBIT Margin": 0.0024638506241,
        "Profit Margin": 0.00845138874974,
        "Free Cash Flow margin": 0.00211633413916,
        "EBITDA": 170006000.0,
        "EBIT": 12542000.0,
        "Consolidated Income": 43021000.0,
        "Earnings Before Tax Margin": 0.0024638506241,
        "Net Profit Margin": 0.00845138874974
    },
    "2017": {
        "Revenue": 4591595000.0,
        "Revenue Growth": 0.146277626866204,
        "Cost of Revenue": 3287772000.0,
        "Gross Profit": 1303823000.0,
        "R&D Expenses": 0.0,
        "SG&A Expense": 579428000.0,
        "Operating Expenses": 581971000.0,
        "Operating Income": -368109000.0,
        "Interest Expense": 54811000.0,
        "Earnings before Tax": -368109000.0,
        "Income Tax Expense": -7542000.0,
        "Net Income - Non-Controlling int": 0.0,
        "Net Income - Discontinued ops": 0.0,
        "Net Income": -368969000.0,
        "Preferred Dividends": 46810000.0,
        "Net Income Com": -368969000.0,
        "EPS": -4.94,
        "EPS Diluted": -4.94,
        "Weighted Average Shs Out": 84108000.0,
        "Weighted Average Shs Out (Dil)": 84108000.0,
        "Dividend per Share": 1.60545964712,
        "Gross Margin": 0.2839586244,
        "EBITDA Margin": -0.0718552049996,
        "EBIT Margin": -0.0801701805146,
        "Profit Margin": -0.0803574792637,
        "Free Cash Flow margin": 0.0564572877181,
        "EBITDA": -329930000.0,
        "EBIT": -368109000.0,
        "Consolidated Income": -368969000.0,
        "Earnings Before Tax Margin": -0.0801701805146,
        "Net Profit Margin": -0.0803574792637
    },
    "2016": {
        "Revenue": 4005657000.0,
        "Revenue Growth": -0.030179824318229,
        "Cost of Revenue": 2204197000.0,
        "Gross Profit": 1801460000.0,
        "R&D Expenses": 0.0,
        "SG&A Expense": 602717000.0,
        "Operating Expenses": 602717000.0,
        "Operating Income": 521802000.0,
        "Interest Expense": 51360000.0,
        "Earnings before Tax": 521802000.0,
        "Income Tax Expense": 6340000.0,
        "Net Income - Non-Controlling int": 0.0,
        "Net Income - Discontinued ops": 0.0,
        "Net Income": 513368000.0,
        "Preferred Dividends": 46597000.0,
        "Net Income Com": 513368000.0,
        "EPS": 5.13,
        "EPS Diluted": 5.08,
        "Weighted Average Shs Out": 90772000.0,
        "Weighted Average Shs Out (Dil)": 91547000.0,
        "Dividend per Share": 1.44541055414,
        "Gross Margin": 0.449728970803,
        "EBITDA Margin": 0.119943869383,
        "EBIT Margin": 0.130266270926,
        "Profit Margin": 0.128160748661,
        "Free Cash Flow margin": 0.101537400731,
        "EBITDA": 480454000.0,
        "EBIT": 521802000.0,
        "Consolidated Income": 513368000.0,
        "Earnings Before Tax Margin": 0.130266270926,
        "Net Profit Margin": 0.128160748661
    },
    "2015": {
        "Revenue": 4130309000.0,
        "Revenue Growth": -0.0497441288128465,
        "Cost of Revenue": 2176199000.0,
        "Gross Profit": 1954110000.0,
        "R&D Expenses": 0.0,
        "SG&A Expense": 596821000.0,
        "Operating Expenses": 596821000.0,
        "Operating Income": 644659000.0,
        "Interest Expense": 50963000.0,
        "Earnings before Tax": 644659000.0,
        "Income Tax Expense": 3028000.0,
        "Net Income - Non-Controlling int": 0.0,
        "Net Income - Discontinued ops": 0.0,
        "Net Income": 641631000.0,
        "Preferred Dividends": 40069000.0,
        "Net Income Com": 641631000.0,
        "EPS": 6.1,
        "EPS Diluted": 6.04,
        "Weighted Average Shs Out": 98609000.0,
        "Weighted Average Shs Out (Dil)": 99629000.0,
        "Dividend per Share": 1.19093838139,
        "Gross Margin": 0.473114723378,
        "EBITDA Margin": 0.138918662018,
        "EBIT Margin": 0.156080089892,
        "Profit Margin": 0.155346972829,
        "Free Cash Flow margin": 0.191559517702,
        "EBITDA": 573777000.0,
        "EBIT": 644659000.0,
        "Consolidated Income": 641631000.0,
        "Earnings Before Tax Margin": 0.156080089892,
        "Net Profit Margin": 0.155346972829
    },
    "2014": {
        "Revenue": 4346523000.0,
        "Revenue Growth": 0.0357828739873676,
        "Cost of Revenue": 2186722000.0,
        "Gross Profit": 2159801000.0,
        "R&D Expenses": 0.0,
        "SG&A Expense": 621876000.0,
        "Operating Expenses": 621876000.0,
        "Operating Income": 830472000.0,
        "Interest Expense": 74695000.0,
        "Earnings before Tax": 830472000.0,
        "Income Tax Expense": 25908000.0,
        "Net Income - Non-Controlling int": 0.0,
        "Net Income - Discontinued ops": 0.0,
        "Net Income": 810745000.0,
        "Preferred Dividends": 40088000.0,
        "Net Income Com": 810745000.0,
        "EPS": 7.38,
        "EPS Diluted": 7.29,
        "Weighted Average Shs Out": 104368000.0,
        "Weighted Average Shs Out (Dil)": 105713000.0,
        "Dividend per Share": 1.1126256941,
        "Gross Margin": 0.496903156845,
        "EBITDA Margin": 0.17061062371,
        "EBIT Margin": 0.191065824338,
        "Profit Margin": 0.186527254083,
        "Free Cash Flow margin": 0.198361310868,
        "EBITDA": 741563000.0,
        "EBIT": 830472000.0,
        "Consolidated Income": 810745000.0,
        "Earnings Before Tax Margin": 0.191065824338,
        "Net Profit Margin": 0.186527254083
    },
    "2013": {
        "Revenue": 4196365000.0,
        "Revenue Growth": 0.068711456451122,
        "Cost of Revenue": 2134195000.0,
        "Gross Profit": 2062170000.0,
        "R&D Expenses": 0.0,
        "SG&A Expense": 575390000.0,
        "Operating Expenses": 575390000.0,
        "Operating Income": 727465000.0,
        "Interest Expense": 61979000.0,
        "Earnings before Tax": 625490000.0,
        "Income Tax Expense": 7002000.0,
        "Net Income - Non-Controlling int": 0.0,
        "Net Income - Discontinued ops": 0.0,
        "Net Income": 727465000.0,
        "Preferred Dividends": 40474000.0,
        "Net Income Com": 727465000.0,
        "EPS": 6.02,
        "EPS Diluted": 5.93,
        "Weighted Average Shs Out": 113636000.0,
        "Weighted Average Shs Out (Dil)": 115328000.0,
        "Dividend per Share": 1.02686251387,
        "Gross Margin": 0.491418167867,
        "EBITDA Margin": 0.178901739958,
        "EBIT Margin": 0.173355987861,
        "Profit Margin": 0.173355987861,
        "Free Cash Flow margin": 0.261409100495,
        "EBITDA": 750737000.0,
        "EBIT": 727465000.0,
        "Consolidated Income": 727465000.0,
        "Earnings Before Tax Margin": 0.149055194198,
        "Net Profit Margin": 0.173355987861
    },
    "2012": {
        "Revenue": 3926565000.0,
        "Revenue Growth": 0.0329733091376309,
        "Cost of Revenue": 2096028000.0,
        "Gross Profit": 1830537000.0,
        "R&D Expenses": 0.0,
        "SG&A Expense": 560981000.0,
        "Operating Expenses": 560981000.0,
        "Operating Income": 547241000.0,