{
    "2018": {
        "Revenue": 4696000000.0,
        "Revenue Growth": 0.0728809687000228,
        "Cost of Revenue": 3106300000.0,
        "Gross Profit": 1589700000.0,
        "R&D Expenses": 73100000.0,
        "SG&A Expense": 959100000.0,
        "Operating Expenses": 1147600000.0,
        "Operating Income": 442100000.0,
        "Interest Expense": 159600000.0,
        "Earnings before Tax": 267500000.0,
        "Income Tax Expense": 54200000.0,
        "Net Income - Non-Controlling int": 0.0,
        "Net Income - Discontinued ops": 0.0,
        "Net Income": 207100000.0,
        "Preferred Dividends": 0.0,
        "Net Income Com": 207100000.0,
        "EPS": 0.87,
        "EPS Diluted": 0.85,
        "Weighted Average Shs Out": 239000000.0,
        "Weighted Average Shs Out (Dil)": 242900000.0,
        "Dividend per Share": 0.00411692054343,
        "Gross Margin": 0.338522146508,
        "EBITDA Margin": 0.174446337308,
        "EBIT Margin": 0.0941439522998,
        "Profit Margin": 0.044101362862,
        "Free Cash Flow margin": 0.0751064735945,
        "EBITDA": 819200000.0,
        "EBIT": 442100000.0,
        "Consolidated Income": 207100000.0,
        "Earnings Before Tax Margin": 0.0569633730835,
        "Net Profit Margin": 0.044101362862
    },
    "2017": {
        "Revenue": 4377000000.0,
        "Revenue Growth": 0.0682383950798067,
        "Cost of Revenue": 2779600000.0,
        "Gross Profit": 1597400000.0,
        "R&D Expenses": 65300000.0,
        "SG&A Expense": 997700000.0,
        "Operating Expenses": 1164200000.0,
        "Operating Income": 362300000.0,
        "Interest Expense": 147000000.0,
        "Earnings before Tax": 189600000.0,
        "Income Tax Expense": 141900000.0,
        "Net Income - Non-Controlling int": 0.0,
        "Net Income - Discontinued ops": 0.0,
        "Net Income": 36700000.0,
        "Preferred Dividends": 0.0,
        "Net Income Com": 36700000.0,
        "EPS": 0.15,
        "EPS Diluted": 0.15,
        "Weighted Average Shs Out": 240400000.0,
        "Weighted Average Shs Out (Dil)": 246100000.0,
        "Dividend per Share": 0.0121901665989,
        "Gross Margin": 0.364953164268,
        "EBITDA Margin": 0.163993602924,
        "EBIT Margin": 0.0827735892164,
        "Profit Margin": 0.0083847384053,
        "Free Cash Flow margin": 0.094813799406,
        "EBITDA": 717800000.0,
        "EBIT": 362300000.0,
        "Consolidated Income": 36700000.0,
        "Earnings Before Tax Margin": 0.0433173406443,
        "Net Profit Margin": 0.0083847384053
    },
    "2016": {
        "Revenue": 4097400000.0,
        "Revenue Growth": -0.00386550944497119,
        "Cost of Revenue": 2527600000.0,
        "Gross Profit": 1569800000.0,
        "R&D Expenses": 57700000.0,
        "SG&A Expense": 962500000.0,
        "Operating Expenses": 1103600000.0,
        "Operating Income": 408300000.0,
        "Interest Expense": 178200000.0,
        "Earnings before Tax": 87400000.0,
        "Income Tax Expense": 39800000.0,
        "Net Income - Non-Controlling int": 0.0,
        "Net Income - Discontinued ops": 0.0,
        "Net Income": 41800000.0,
        "Preferred Dividends": 0.0,
        "Net Income Com": 41800000.0,
        "EPS": 0.18,
        "EPS Diluted": 0.17,
        "Weighted Average Shs Out": 238100000.0,
        "Weighted Average Shs Out (Dil)": 244400000.0,
        "Dividend per Share": 0.0122749590835,
        "Gross Margin": 0.383121003563,
        "EBITDA Margin": 0.182603602284,
        "EBIT Margin": 0.0996485576219,
        "Profit Margin": 0.010201591253,
        "Free Cash Flow margin": 0.103260604286,
        "EBITDA": 748200000.0,
        "EBIT": 408300000.0,
        "Consolidated Income": 41800000.0,
        "Earnings Before Tax Margin": 0.0213305998926,
        "Net Profit Margin": 0.010201591253
    },
    "2015": {
        "Revenue": 4113300000.0,
        "Revenue Growth": -0.0633496527382443,
        "Cost of Revenue": 2597300000.0,
        "Gross Profit": 1516000000.0,
        "R&D Expenses": 51600000.0,
        "SG&A Expense": 914800000.0,
        "Operating Expenses": 1047100000.0,
        "Operating Income": 468900000.0,
        "Interest Expense": 196500000.0,
        "Earnings before Tax": 161200000.0,
        "Income Tax Expense": 63300000.0,
        "Net Income - Non-Controlling int": 0.0,
        "Net Income - Discontinued ops": 0.0,
        "Net Income": 93700000.0,
        "Preferred Dividends": 0.0,
        "Net Income Com": 93700000.0,
        "EPS": 0.4,
        "EPS Diluted": 0.39,
        "Weighted Average Shs Out": 233800000.0,
        "Weighted Average Shs Out (Dil)": 239700000.0,
        "Dividend per Share": 0.0196078431373,
        "Gross Margin": 0.368560523181,
        "EBITDA Margin": 0.193810322612,
        "EBIT Margin": 0.113996061556,
        "Profit Margin": 0.0227797632072,
        "Free Cash Flow margin": 0.0635742591107,
        "EBITDA": 797200000.0,
        "EBIT": 468900000.0,
        "Consolidated Income": 93700000.0,
        "Earnings Before Tax Margin": 0.0391899448132,
        "Net Profit Margin": 0.0227797632072
    },
    "2014": {
        "Revenue": 4391500000.0,
        "Revenue Growth": 0.101509982943714,
        "Cost of Revenue": 2897200000.0,
        "Gross Profit": 1494300000.0,
        "R&D Expenses": 49500000.0,
        "SG&A Expense": 991500000.0,
        "Operating Expenses": 1124800000.0,
        "Operating Income": 369500000.0,
        "Interest Expense": 217700000.0,
        "Earnings before Tax": 36800000.0,
        "Income Tax Expense": 2100000.0,
        "Net Income - Non-Controlling int": 0.0,
        "Net Income - Discontinued ops": 0.0,
        "Net Income": 27400000.0,
        "Preferred Dividends": 0.0,
        "Net Income Com": 27400000.0,
        "EPS": 0.12,
        "EPS Diluted": 0.12,
        "Weighted Average Shs Out": 229300000.0,
        "Weighted Average Shs Out (Dil)": 230300000.0,
        "Dividend per Share": 0.00955275727312,
        "Gross Margin": 0.340270978026,
        "EBITDA Margin": 0.159216668564,
        "EBIT Margin": 0.0841398155528,
        "Profit Margin": 0.00623932597063,
        "Free Cash Flow margin": 0.0143458954799,
        "EBITDA": 699200000.0,
        "EBIT": 369500000.0,
        "Consolidated Income": 27400000.0,
        "Earnings Before Tax Margin": 0.00837982466128,
        "Net Profit Margin": 0.00623932597063
    },
    "2013": {
        "Revenue": 3986800000.0,
        "Revenue Growth": NaN,
        "Cost of Revenue": 2772800000.0,
        "Gross Profit": 1214000000.0,
        "R&D Expenses": 40500000.0,
        "SG&A Expense": 1040600000.0,
        "Operating Expenses": 1189100000.0,
        "Operating Income": 24900000.0,
        "Interest Expense": 215100000.0,
        "Earnings before Tax": -269700000.0,
        "Income Tax Expense": -44800000.0,
        "Net Income - Non-Controlling int": 6000000.0,
        "Net Income - Discontinued ops": 0.0,
        "Net Income": -224900000.0,
        "Preferred Dividends": 0.0,
        "Net Income Com": -224900000.0,
        "EPS": -0.97,
        "EPS Diluted": -0.97,
        "Weighted Average Shs Out": NaN,
        "Weighted Average Shs Out (Dil)": 228300000.0,
        "Dividend per Share": 0.0,
        "Gross Margin": 0.3045,
        "EBITDA Margin": 0.062,
        "EBIT Margin": -0.0137,
        "Profit Margin": -0.056,
        "Free Cash Flow margin": 0.0539,
        "EBITDA": 246100000.0,
        "EBIT": -54600000.0,
        "Consolidated Income": -218900000.0,
        "Earnings Before Tax Margin": -0.0676,
        "Net Profit Margin": -0.0564
    }
}