{
    "2019": {
        "Revenue": 76559000000.0,
        "Revenue Growth": -0.242942043173435,
        "Cost of Revenue": 72093000000.0,
        "Gross Profit": 4466000000.0,
        "R&D Expenses": 3219000000.0,
        "SG&A Expense": 3909000000.0,
        "Operating Expenses": 7128000000.0,
        "Operating Income": -1975000000.0,
        "Interest Expense": 0.0,
        "Earnings before Tax": -2259000000.0,
        "Income Tax Expense": -1623000000.0,
        "Net Income - Non-Controlling int": 0.0,
        "Net Income - Discontinued ops": 0.0,
        "Net Income": -636000000.0,
        "Preferred Dividends": 0.0,
        "Net Income Com": -636000000.0,
        "EPS": -1.12,
        "EPS Diluted": -1.12,
        "Weighted Average Shs Out": 565400000.0,
        "Weighted Average Shs Out (Dil)": 566000000.0,
        "Dividend per Share": 8.18021201413,
        "Gross Margin": 0.0583340952729,
        "EBITDA Margin": 0.00386629919409,
        "EBIT Margin": -0.0257970976632,
        "Profit Margin": -0.00830731853864,
        "Free Cash Flow margin": -0.055904596455,
        "EBITDA": 296000000.0,
        "EBIT": -1975000000.0,
        "Consolidated Income": -636000000.0,
        "Earnings Before Tax Margin": -0.0295066549981,
        "Net Profit Margin": -0.00830731853864
    },
    "2018": {
        "Revenue": 101127000000.0,
        "Revenue Growth": 0.0828229398663697,
        "Cost of Revenue": 81490000000.0,
        "Gross Profit": 19637000000.0,
        "R&D Expenses": 3269000000.0,
        "SG&A Expense": 4567000000.0,
        "Operating Expenses": 7836000000.0,
        "Operating Income": 11987000000.0,
        "Interest Expense": 0.0,
        "Earnings before Tax": 11604000000.0,
        "Income Tax Expense": 1144000000.0,
        "Net Income - Non-Controlling int": 0.0,
        "Net Income - Discontinued ops": 0.0,
        "Net Income": 10460000000.0,
        "Preferred Dividends": 0.0,
        "Net Income Com": 10460000000.0,
        "EPS": 18.05,
        "EPS Diluted": 17.85,
        "Weighted Average Shs Out": 579200000.0,
        "Weighted Average Shs Out (Dil)": 579900000.0,
        "Dividend per Share": 6.80462148646,
        "Gross Margin": 0.194181573665,
        "EBITDA Margin": 0.139438527792,
        "EBIT Margin": 0.118534120462,
        "Profit Margin": 0.10343429549,
        "Free Cash Flow margin": 0.134484361249,
        "EBITDA": 14101000000.0,
        "EBIT": 11987000000.0,
        "Consolidated Income": 10460000000.0,
        "Earnings Before Tax Margin": 0.114746803524,
        "Net Profit Margin": 0.10343429549
    },
    "2017": {
        "Revenue": 93392000000.0,
        "Revenue Growth": -0.0124668238677819,
        "Cost of Revenue": 76066000000.0,
        "Gross Profit": 17326000000.0,
        "R&D Expenses": 3179000000.0,
        "SG&A Expense": 4094000000.0,
        "Operating Expenses": 7273000000.0,
        "Operating Income": 10278000000.0,
        "Interest Expense": 0.0,
        "Earnings before Tax": 10047000000.0,
        "Income Tax Expense": 1850000000.0,
        "Net Income - Non-Controlling int": 0.0,
        "Net Income - Discontinued ops": 0.0,
        "Net Income": 8197000000.0,
        "Preferred Dividends": 0.0,
        "Net Income Com": 8197000000.0,
        "EPS": 13.6,
        "EPS Diluted": 13.43,
        "Weighted Average Shs Out": 602500000.0,
        "Weighted Average Shs Out (Dil)": 603200000.0,
        "Dividend per Share": 5.66478779841,
        "Gross Margin": 0.185519102279,
        "EBITDA Margin": 0.132206184684,
        "EBIT Margin": 0.11005225287,
        "Profit Margin": 0.0877698303923,
        "Free Cash Flow margin": 0.124261178688,
        "EBITDA": 12347000000.0,
        "EBIT": 10278000000.0,
        "Consolidated Income": 8197000000.0,
        "Earnings Before Tax Margin": 0.107578807607,
        "Net Profit Margin": 0.0877698303923
    },
    "2016": {
        "Revenue": 94571000000.0,
        "Revenue Growth": -0.0160538527165657,
        "Cost of Revenue": 80790000000.0,
        "Gross Profit": 13781000000.0,
        "R&D Expenses": 4627000000.0,
        "SG&A Expense": 3616000000.0,
        "Operating Expenses": 8243000000.0,
        "Operating Income": 5834000000.0,
        "Interest Expense": 0.0,
        "Earnings before Tax": 5568000000.0,
        "Income Tax Expense": 673000000.0,
        "Net Income - Non-Controlling int": 0.0,
        "Net Income - Discontinued ops": 0.0,
        "Net Income": 4895000000.0,
        "Preferred Dividends": 0.0,
        "Net Income Com": 4895000000.0,
        "EPS": 7.7,
        "EPS Diluted": 7.61,
        "Weighted Average Shs Out": 635500000.0,
        "Weighted Average Shs Out (Dil)": 636500000.0,
        "Dividend per Share": 4.32992930086,
        "Gross Margin": 0.145721204175,
        "EBITDA Margin": 0.0818855674573,
        "EBIT Margin": 0.0616891013101,
        "Profit Margin": 0.0517600532933,
        "Free Cash Flow margin": 0.0833870848357,
        "EBITDA": 7744000000.0,
        "EBIT": 5834000000.0,
        "Consolidated Income": 4895000000.0,
        "Earnings Before Tax Margin": 0.058876399742,
        "Net Profit Margin": 0.0517600532933
    },
    "2015": {
        "Revenue": 96114000000.0,
        "Revenue Growth": 0.0589674092681959,
        "Cost of Revenue": 82088000000.0,
        "Gross Profit": 14026000000.0,
        "R&D Expenses": 3331000000.0,
        "SG&A Expense": 3525000000.0,
        "Operating Expenses": 6856000000.0,
        "Operating Income": 7443000000.0,
        "Interest Expense": 0.0,
        "Earnings before Tax": 7155000000.0,
        "Income Tax Expense": 1979000000.0,
        "Net Income - Non-Controlling int": 0.0,
        "Net Income - Discontinued ops": 0.0,
        "Net Income": 5176000000.0,
        "Preferred Dividends": 0.0,
        "Net Income Com": 5176000000.0,
        "EPS": 7.52,
        "EPS Diluted": 7.44,
        "Weighted Average Shs Out": 686900000.0,
        "Weighted Average Shs Out (Dil)": 688000000.0,
        "Dividend per Share": 3.61918604651,
        "Gross Margin": 0.145930873754,
        "EBITDA Margin": 0.0965103939072,
        "EBIT Margin": 0.0774392908421,
        "Profit Margin": 0.0538527165657,
        "Free Cash Flow margin": 0.0719250057224,
        "EBITDA": 9276000000.0,
        "EBIT": 7443000000.0,
        "Consolidated Income": 5176000000.0,
        "Earnings Before Tax Margin": 0.0744428491167,
        "Net Profit Margin": 0.0538527165657
    },
    "2014": {
        "Revenue": 90762000000.0,
        "Revenue Growth": 0.0477817669672027,
        "Cost of Revenue": 76752000000.0,
        "Gross Profit": 14010000000.0,
        "R&D Expenses": 3047000000.0,
        "SG&A Expense": 3767000000.0,
        "Operating Expenses": 6814000000.0,
        "Operating Income": 7473000000.0,
        "Interest Expense": 0.0,
        "Earnings before Tax": 7137000000.0,
        "Income Tax Expense": 1691000000.0,
        "Net Income - Non-Controlling int": 0.0,
        "Net Income - Discontinued ops": 0.0,
        "Net Income": 5446000000.0,
        "Preferred Dividends": 0.0,
        "Net Income Com": 5446000000.0,
        "EPS": 7.47,
        "EPS Diluted": 7.38,
        "Weighted Average Shs Out": 727600000.0,
        "Weighted Average Shs Out (Dil)": 728900000.0,
        "Dividend per Share": 2.90163259706,
        "Gross Margin": 0.154359754082,
        "EBITDA Margin": 0.103336197968,
        "EBIT Margin": 0.082336220004,
        "Profit Margin": 0.0600030849915,
        "Free Cash Flow margin": 0.0729600493599,
        "EBITDA": 9379000000.0,
        "EBIT": 7473000000.0,
        "Consolidated Income": 5446000000.0,
        "Earnings Before Tax Margin": 0.0786342301844,
        "Net Profit Margin": 0.0600030849915
    },
    "2013": {
        "Revenue": 86623000000.0,
        "Revenue Growth": 0.0602829934637323,
        "Cost of Revenue": 73268000000.0,
        "Gross Profit": 13355000000.0,
        "R&D Expenses": 3071000000.0,