{
    "2019": {
        "Revenue": 56245373134.3284,
        "Revenue Growth": 0.42059649965273,
        "Cost of Revenue": 30884925373.1343,
        "Gross Profit": 25360447761.194,
        "R&D Expenses": 5587313432.8358,
        "SG&A Expense": 9652089552.2388,
        "Operating Expenses": 16840447761.194,
        "Operating Income": 8520000000.0,
        "Interest Expense": 774626865.6716,
        "Earnings before Tax": 15587910447.7612,
        "Income Tax Expense": 2470597014.9254,
        "Net Income - Non-Controlling int": -1142089552.2388,
        "Net Income - Discontinued ops": 0.0,
        "Net Income": 13117313432.8358,
        "Preferred Dividends": 42686567.1642,
        "Net Income Com": 13074626865.6716,
        "EPS": 5.0672,
        "EPS Diluted": 4.9821,
        "Weighted Average Shs Out": 3070961006.5672,
        "Weighted Average Shs Out (Dil)": 3080597014.9254,
        "Dividend per Share": 0.0,
        "Gross Margin": 0.4509,
        "EBITDA Margin": 0.0494,
        "EBIT Margin": 0.2909,
        "Profit Margin": 0.0346,
        "Free Cash Flow margin": 0.3065,
        "EBITDA": 18595671641.791,
        "EBIT": 16362537313.4328,
        "Consolidated Income": 11975223880.597,
        "Earnings Before Tax Margin": 0.2771,
        "Net Profit Margin": 0.2332
    },
    "2018": {
        "Revenue": 39592785951.5899,
        "Revenue Growth": 0.723818263332385,
        "Cost of Revenue": 16934662236.9878,
        "Gross Profit": 22658123714.6021,
        "R&D Expenses": 3599746875.4944,
        "SG&A Expense": 6888150609.0808,
        "Operating Expenses": 11692453725.6763,
        "Operating Income": 10965669988.9258,
        "Interest Expense": 564151241.8921,
        "Earnings before Tax": 13018826135.1052,
        "Income Tax Expense": 2879133048.5683,
        "Net Income - Non-Controlling int": -424141749.7231,
        "Net Income - Discontinued ops": 0.0,
        "Net Income": 10139693086.5369,
        "Preferred Dividends": 17085904.1291,
        "Net Income Com": 10122607182.4078,
        "EPS": 3.9646,
        "EPS Diluted": 3.8776,
        "Weighted Average Shs Out": 3201220299.3197,
        "Weighted Average Shs Out (Dil)": 3231134314.1908,
        "Dividend per Share": 0.0,
        "Gross Margin": 0.5723,
        "EBITDA Margin": 0.0598,
        "EBIT Margin": 0.3431,
        "Profit Margin": 0.0405,
        "Free Cash Flow margin": 0.4243,
        "EBITDA": 14973421926.9103,
        "EBIT": 13582977376.9973,
        "Consolidated Income": 9715551336.8138,
        "Earnings Before Tax Margin": 0.3288,
        "Net Profit Margin": 0.2561
    },
    "2017": {
        "Revenue": 22968074299.8113,
        "Revenue Growth": 0.468559727285916,
        "Cost of Revenue": 8631983746.9163,
        "Gross Profit": 14336090552.8951,
        "R&D Expenses": 2475692932.8109,
        "SG&A Expense": 4143520534.0299,
        "Operating Expenses": 7362501813.9602,
        "Operating Income": 6973588738.9348,
        "Interest Expense": 387607023.654,
        "Earnings before Tax": 8337106370.6284,
        "Income Tax Expense": 1999129299.0858,
        "Net Income - Non-Controlling int": -355391089.8273,
        "Net Income - Discontinued ops": 0.0,
        "Net Income": 6337977071.5426,
        "Preferred Dividends": 0.0,
        "Net Income Com": 6337977071.5426,
        "EPS": 2.5424,
        "EPS Diluted": 2.4626,
        "Weighted Average Shs Out": 2872068331.4468,
        "Weighted Average Shs Out (Dil)": 2894209838.9203,
        "Dividend per Share": 0.0,
        "Gross Margin": 0.6242,
        "EBITDA Margin": 0.0599,
        "EBIT Margin": 0.3799,
        "Profit Margin": 0.0401,
        "Free Cash Flow margin": 0.4539,
        "EBITDA": 9491510666.0862,
        "EBIT": 8724713394.2824,
        "Consolidated Income": 5982585981.7153,
        "Earnings Before Tax Margin": 0.363,
        "Net Profit Margin": 0.2759
    },
    "2016": {
        "Revenue": 15639863924.54,
        "Revenue Growth": 0.270826169502283,
        "Cost of Revenue": 5312355033.2457,
        "Gross Profit": 10327508891.2943,
        "R&D Expenses": 2132055048.7088,
        "SG&A Expense": 3171795268.2851,
        "Operating Expenses": 5827431575.692,
        "Operating Income": 4500077315.6023,
        "Interest Expense": 300912324.107,
        "Earnings before Tax": 12356424926.5502,
        "Income Tax Expense": 1306479047.4718,
        "Net Income - Non-Controlling int": -26441935.9827,
        "Net Income - Discontinued ops": 0.0,
        "Net Income": 11049945879.0784,
        "Preferred Dividends": 0.0,
        "Net Income Com": 11049945879.0784,
        "EPS": 4.4951,
        "EPS Diluted": 4.3127,
        "Weighted Average Shs Out": 3087056175.661,
        "Weighted Average Shs Out (Dil)": 3040668006.8038,
        "Dividend per Share": 0.0,
        "Gross Margin": 0.6603,
        "EBITDA Margin": 0.131,
        "EBIT Margin": 0.8093,
        "Profit Margin": 0.1093,
        "Free Cash Flow margin": 0.4547,
        "EBITDA": 13240296891.9128,
        "EBIT": 12657337250.6572,
        "Consolidated Income": 11023503943.0957,
        "Earnings Before Tax Margin": 0.7901,
        "Net Profit Margin": 0.7065
    },
    "2015": {
        "Revenue": 12306847545.2196,
        "Revenue Growth": 0.45397256062389,
        "Cost of Revenue": 3849160206.7183,
        "Gross Profit": 8457687338.5013,
        "R&D Expenses": 1721253229.9742,
        "SG&A Expense": 2634528423.7726,
        "Operating Expenses": 4721414728.6822,
        "Operating Income": 3736272609.8191,
        "Interest Expense": 444121447.0284,
        "Earnings before Tax": 4954295865.6331,
        "Income Tax Expense": 1036175710.5943,
        "Net Income - Non-Controlling int": 9528423.7726,
        "Net Income - Discontinued ops": 0.0,
        "Net Income": 3918120155.0388,
        "Preferred Dividends": 18087855.2972,
        "Net Income Com": 3900032299.7416,
        "EPS": 1.6683,
        "EPS Diluted": 1.5665,
        "Weighted Average Shs Out": 3184762229.9742,
        "Weighted Average Shs Out (Dil)": 3019379844.9612,
        "Dividend per Share": 0.0,
        "Gross Margin": 0.6872,
        "EBITDA Margin": 0.0804,
        "EBIT Margin": 0.4387,
        "Profit Margin": 0.0512,
        "Free Cash Flow margin": 0.4398,
        "EBITDA": 6125000000.0,
        "EBIT": 5398417312.6615,
        "Consolidated Income": 3927648578.8114,
        "Earnings Before Tax Margin": 0.4026,
        "Net Profit Margin": 0.3184
    },
    "2014": {
        "Revenue": 8464291471.8685,
        "Revenue Growth": 0.526500403058816,
        "Cost of Revenue": 2155247460.906,
        "Gross Profit": 6309044010.9624,
        "R&D Expenses": 821054328.5507,
        "SG&A Expense": 1412703530.5497,
        "Operating Expenses": 2291633080.7674,
        "Operating Income": 4017410930.1951,
        "Interest Expense": 353861034.9831,
        "Earnings before Tax": 4273899725.9391,
        "Income Tax Expense": 515234563.9207,
        "Net Income - Non-Controlling int": 14186683.8626,
        "Net Income - Discontinued ops": 0.0,
        "Net Income": 3758665162.0184,
        "Preferred Dividends": 38529743.6724,
        "Net Income Com": 3720135418.346,
        "EPS": 1.7105,
        "EPS Diluted": 1.6121,
        "Weighted Average Shs Out": 3179114578.1074,
        "Weighted Average Shs Out (Dil)": 2805094309.2052,
        "Dividend per Share": 0.0,
        "Gross Margin": 0.7454,
        "EBITDA Margin": 0.0932,
        "EBIT Margin": 0.5467,
        "Profit Margin": 0.0709,
        "Free Cash Flow margin": 0.4115,
        "EBITDA": 4894405932.6133,
        "EBIT": 4627760760.9221,
        "Consolidated Income": 3772851845.881,
        "Earnings Before Tax Margin": 0.5049,
        "Net Profit Margin": 0.4441
    },
    "2013": {
        "Revenue": 5544899598.3936,
        "Revenue Growth": 0.744739693856567,
        "Cost of Revenue": 1561285140.5622,
        "Gross Profit": 3983614457.8313,