{
    "2018": {
        "Revenue": 17383703703.7037,
        "Revenue Growth": -0.0275759188462983,
        "Cost of Revenue": 10320740740.7407,
        "Gross Profit": 7062962962.963,
        "R&D Expenses": 0.0,
        "SG&A Expense": 0.0,
        "Operating Expenses": 3074074074.0741,
        "Operating Income": 3988888888.8889,
        "Interest Expense": 740740740.7407,
        "Earnings before Tax": 2906666666.6667,
        "Income Tax Expense": 737037037.037,
        "Net Income - Non-Controlling int": 32592592.5926,
        "Net Income - Discontinued ops": 0.0,
        "Net Income": 2169629629.6296,
        "Preferred Dividends": 106666666.6667,
        "Net Income Com": 2062962962.963,
        "EPS": 2.2963,
        "EPS Diluted": 2.2963,
        "Weighted Average Shs Out": 667404918.5185,
        "Weighted Average Shs Out (Dil)": 665629629.6296,
        "Dividend per Share": 1.7111,
        "Gross Margin": 0.4063,
        "EBITDA Margin": 0.2822,
        "EBIT Margin": 0.2098,
        "Profit Margin": 0.0881,
        "Free Cash Flow margin": 0.1454,
        "EBITDA": 6620740740.7407,
        "EBIT": 3647407407.4074,
        "Consolidated Income": 2202222222.2222,
        "Earnings Before Tax Margin": 0.1672,
        "Net Profit Margin": 0.1248
    },
    "2017": {
        "Revenue": 17876669285.1532,
        "Revenue Growth": 0.106231572321283,
        "Cost of Revenue": 10585231736.0566,
        "Gross Profit": 7291437549.0966,
        "R&D Expenses": 0.0,
        "SG&A Expense": 0.0,
        "Operating Expenses": 3168892380.2042,
        "Operating Income": 4122545168.8924,
        "Interest Expense": 750196386.4886,
        "Earnings before Tax": 3191673212.883,
        "Income Tax Expense": 839748625.2946,
        "Net Income - Non-Controlling int": 43990573.4485,
        "Net Income - Discontinued ops": 0.0,
        "Net Income": 2351924587.5884,
        "Preferred Dividends": 100549882.1681,
        "Net Income Com": 2251374705.4203,
        "EPS": 2.5137,
        "EPS Diluted": 2.5137,
        "Weighted Average Shs Out": 683979836.6064,
        "Weighted Average Shs Out (Dil)": 702513747.0542,
        "Dividend per Share": 1.7384,
        "Gross Margin": 0.4079,
        "EBITDA Margin": 0.3056,
        "EBIT Margin": 0.2205,
        "Profit Margin": 0.099,
        "Free Cash Flow margin": 0.1461,
        "EBITDA": 6961508248.2325,
        "EBIT": 3941869599.3716,
        "Consolidated Income": 2395915161.0369,
        "Earnings Before Tax Margin": 0.1785,
        "Net Profit Margin": 0.1316
    },
    "2016": {
        "Revenue": 16159970238.0952,
        "Revenue Growth": 0.038823037988553,
        "Cost of Revenue": 9621279761.9048,
        "Gross Profit": 6538690476.1905,
        "R&D Expenses": 0.0,
        "SG&A Expense": 0.0,
        "Operating Expenses": 2710565476.1905,
        "Operating Income": 3828125000.0,
        "Interest Expense": 660714285.7143,
        "Earnings before Tax": 3081101190.4762,
        "Income Tax Expense": 825892857.1429,
        "Net Income - Non-Controlling int": 41666666.6667,
        "Net Income - Discontinued ops": 0.0,
        "Net Income": 2255208333.3333,
        "Preferred Dividends": 101934523.8095,
        "Net Income Com": 2153273809.5238,
        "EPS": 2.4777,
        "EPS Diluted": 2.4777,
        "Weighted Average Shs Out": 644058175.5952,
        "Weighted Average Shs Out (Dil)": 646651785.7143,
        "Dividend per Share": 1.5521,
        "Gross Margin": 0.4046,
        "EBITDA Margin": 0.2924,
        "EBIT Margin": 0.2315,
        "Profit Margin": 0.099,
        "Free Cash Flow margin": 0.1322,
        "EBITDA": 6351934523.8095,
        "EBIT": 3741815476.1905,
        "Consolidated Income": 2296875000.0,
        "Earnings Before Tax Margin": 0.1907,
        "Net Profit Margin": 0.1396
    },
    "2015": {
        "Revenue": 15556037599.4215,
        "Revenue Growth": -0.140950684795754,
        "Cost of Revenue": 9373101952.2777,
        "Gross Profit": 6182935647.1439,
        "R&D Expenses": 0.0,
        "SG&A Expense": 0.0,
        "Operating Expenses": 2795372378.8865,
        "Operating Income": 3387563268.2574,
        "Interest Expense": 657266811.2798,
        "Earnings before Tax": 2604483007.9537,
        "Income Tax Expense": 668112798.2646,
        "Net Income - Non-Controlling int": 37599421.5474,
        "Net Income - Discontinued ops": 0.0,
        "Net Income": 1936370209.6891,
        "Preferred Dividends": 109906001.4461,
        "Net Income Com": 1826464208.243,
        "EPS": 2.1547,
        "EPS Diluted": 2.1547,
        "Weighted Average Shs Out": 607614138.1056,
        "Weighted Average Shs Out (Dil)": 612509038.3225,
        "Dividend per Share": 1.449,
        "Gross Margin": 0.3975,
        "EBITDA Margin": 0.2668,
        "EBIT Margin": 0.2097,
        "Profit Margin": 0.0846,
        "Free Cash Flow margin": 0.1231,
        "EBITDA": 5734634851.7715,
        "EBIT": 3261749819.2336,
        "Consolidated Income": 1973969631.2364,
        "Earnings Before Tax Margin": 0.1674,
        "Net Profit Margin": 0.1245
    },
    "2014": {
        "Revenue": 18108433734.9398,
        "Revenue Growth": -0.0555209071580433,
        "Cost of Revenue": 10962994836.4888,
        "Gross Profit": 7145438898.4509,
        "R&D Expenses": 0.0,
        "SG&A Expense": 0.0,
        "Operating Expenses": 3156626506.0241,
        "Operating Income": 3988812392.4269,
        "Interest Expense": 799483648.8812,
        "Earnings before Tax": 2950946643.7177,
        "Income Tax Expense": 799483648.8812,
        "Net Income - Non-Controlling int": 187607573.1497,
        "Net Income - Discontinued ops": 0.0,
        "Net Income": 2151462994.8365,
        "Preferred Dividends": 117900172.117,
        "Net Income Com": 2033562822.7194,
        "EPS": 2.5645,
        "EPS Diluted": 2.5559,
        "Weighted Average Shs Out": 667721648.8812,
        "Weighted Average Shs Out (Dil)": 683046471.6007,
        "Dividend per Share": 1.9131,
        "Gross Margin": 0.3946,
        "EBITDA Margin": 0.3193,
        "EBIT Margin": 0.2071,
        "Profit Margin": 0.0964,
        "Free Cash Flow margin": 0.12,
        "EBITDA": 6721170395.8692,
        "EBIT": 3750430292.599,
        "Consolidated Income": 2339070567.9862,
        "Earnings Before Tax Margin": 0.163,
        "Net Profit Margin": 0.1188
    },
    "2013": {
        "Revenue": 19172932330.8271,
        "Revenue Growth": -0.0460559246750369,
        "Cost of Revenue": 11570488721.8045,
        "Gross Profit": 7602443609.0226,
        "R&D Expenses": 0.0,
        "SG&A Expense": 0.0,
        "Operating Expenses": 3558270676.6917,
        "Operating Income": 4044172932.3308,
        "Interest Expense": 875000000.0,
        "Earnings before Tax": 2757518796.9925,
        "Income Tax Expense": 778195488.7218,
        "Net Income - Non-Controlling int": 265037593.985,
        "Net Income - Discontinued ops": 0.0,
        "Net Income": 1979323308.2707,
        "Preferred Dividends": 123120300.7519,
        "Net Income Com": 1856203007.5188,
        "EPS": 2.3966,
        "EPS Diluted": 2.3872,
        "Weighted Average Shs Out": 728742147.5564,
        "Weighted Average Shs Out (Dil)": 729135338.3459,
        "Dividend per Share": 2.1288,
        "Gross Margin": 0.3965,
        "EBITDA Margin": 0.3336,
        "EBIT Margin": 0.1895,
        "Profit Margin": 0.0912,
        "Free Cash Flow margin": 0.1424,
        "EBITDA": 6809210526.3158,
        "EBIT": 3632518796.9925,
        "Consolidated Income": 2244360902.2556,
        "Earnings Before Tax Margin": 0.1438,
        "Net Profit Margin": 0.1032
    },
    "2012": {
        "Revenue": 20098591549.2958,
        "Revenue Growth": 0.0535344188018799,
        "Cost of Revenue": 12162977867.2032,
        "Gross Profit": 7935613682.0926,
        "R&D Expenses": 0.0,
        "SG&A Expense": 0.0,
        "Operating Expenses": 3546277665.996,