{
    "2018": {
        "Revenue": 987581000.0,
        "Revenue Growth": -0.021843537516033,
        "Cost of Revenue": 686732000.0,
        "Gross Profit": 300849000.0,
        "R&D Expenses": 0.0,
        "SG&A Expense": 302076000.0,
        "Operating Expenses": 302076000.0,
        "Operating Income": -1227000.0,
        "Interest Expense": 3374000.0,
        "Earnings before Tax": -4601000.0,
        "Income Tax Expense": -1070000.0,
        "Net Income - Non-Controlling int": 0.0,
        "Net Income - Discontinued ops": 0.0,
        "Net Income": -3531000.0,
        "Preferred Dividends": 0.0,
        "Net Income Com": -3531000.0,
        "EPS": -0.17,
        "EPS Diluted": -0.17,
        "Weighted Average Shs Out": 20977000.0,
        "Weighted Average Shs Out (Dil)": 20977000.0,
        "Dividend per Share": 0.508175620918,
        "Gross Margin": 0.304632227635,
        "EBITDA Margin": 0.0187407412658,
        "EBIT Margin": -0.00124242973488,
        "Profit Margin": -0.00357540292897,
        "Free Cash Flow margin": 0.00917291847454,
        "EBITDA": 18508000.0,
        "EBIT": -1227000.0,
        "Consolidated Income": -3531000.0,
        "Earnings Before Tax Margin": -0.004658858362,
        "Net Profit Margin": -0.00357540292897
    },
    "2017": {
        "Revenue": 1009635000.0,
        "Revenue Growth": -0.0113587959676274,
        "Cost of Revenue": 686303000.0,
        "Gross Profit": 323332000.0,
        "R&D Expenses": 0.0,
        "SG&A Expense": 306990000.0,
        "Operating Expenses": 306990000.0,
        "Operating Income": 16342000.0,
        "Interest Expense": 1644000.0,
        "Earnings before Tax": 14698000.0,
        "Income Tax Expense": 13594000.0,
        "Net Income - Non-Controlling int": 0.0,
        "Net Income - Discontinued ops": 0.0,
        "Net Income": 1104000.0,
        "Preferred Dividends": 0.0,
        "Net Income Com": 1104000.0,
        "EPS": 0.05,
        "EPS Diluted": 0.05,
        "Weighted Average Shs Out": 21439000.0,
        "Weighted Average Shs Out (Dil)": 21585000.0,
        "Dividend per Share": 0.601575167941,
        "Gross Margin": 0.320246425688,
        "EBITDA Margin": 0.0353771412441,
        "EBIT Margin": 0.016186047433,
        "Profit Margin": 0.00109346446983,
        "Free Cash Flow margin": -0.0206470655237,
        "EBITDA": 35718000.0,
        "EBIT": 16342000.0,
        "Consolidated Income": 1104000.0,
        "Earnings Before Tax Margin": 0.0145577362116,
        "Net Profit Margin": 0.00109346446983
    },
    "2016": {
        "Revenue": 1029098000.0,
        "Revenue Growth": 0.052398093796658,
        "Cost of Revenue": 704134000.0,
        "Gross Profit": 324964000.0,
        "R&D Expenses": 0.0,
        "SG&A Expense": 298425000.0,
        "Operating Expenses": 298425000.0,
        "Operating Income": 26539000.0,
        "Interest Expense": 1791000.0,
        "Earnings before Tax": 24748000.0,
        "Income Tax Expense": 9451000.0,
        "Net Income - Non-Controlling int": 0.0,
        "Net Income - Discontinued ops": 0.0,
        "Net Income": 15297000.0,
        "Preferred Dividends": 0.0,
        "Net Income Com": 15297000.0,
        "EPS": 0.7,
        "EPS Diluted": 0.7,
        "Weighted Average Shs Out": 21741000.0,
        "Weighted Average Shs Out (Dil)": 21927000.0,
        "Dividend per Share": 0.401696538514,
        "Gross Margin": 0.315775562677,
        "EBITDA Margin": 0.0467652254693,
        "EBIT Margin": 0.0257886032234,
        "Profit Margin": 0.0148644735487,
        "Free Cash Flow margin": 0.0146516658277,
        "EBITDA": 48126000.0,
        "EBIT": 26539000.0,
        "Consolidated Income": 15297000.0,
        "Earnings Before Tax Margin": 0.0240482441905,
        "Net Profit Margin": 0.0148644735487
    },
    "2014": {
        "Revenue": 977860000.0,
        "Revenue Growth": -0.0155669404614612,
        "Cost of Revenue": 664411000.0,
        "Gross Profit": 313449000.0,
        "R&D Expenses": 0.0,
        "SG&A Expense": 288274000.0,
        "Operating Expenses": 288274000.0,
        "Operating Income": 25175000.0,
        "Interest Expense": 1667000.0,
        "Earnings before Tax": 23508000.0,
        "Income Tax Expense": 8632000.0,
        "Net Income - Non-Controlling int": 0.0,
        "Net Income - Discontinued ops": 0.0,
        "Net Income": 14876000.0,
        "Preferred Dividends": 0.0,
        "Net Income Com": 14876000.0,
        "EPS": 0.68,
        "EPS Diluted": 0.67,
        "Weighted Average Shs Out": 21933000.0,
        "Weighted Average Shs Out (Dil)": 22133000.0,
        "Dividend per Share": 0.401572312836,
        "Gross Margin": 0.320545885914,
        "EBITDA Margin": 0.0479179023582,
        "EBIT Margin": 0.0257449941709,
        "Profit Margin": 0.0152128116499,
        "Free Cash Flow margin": 0.00610516842902,
        "EBITDA": 46857000.0,
        "EBIT": 25175000.0,
        "Consolidated Income": 14876000.0,
        "Earnings Before Tax Margin": 0.0240402511607,
        "Net Profit Margin": 0.0152128116499
    },
    "2013": {
        "Revenue": 993323000.0,
        "Revenue Growth": 0.0561760358961818,
        "Cost of Revenue": 664583000.0,
        "Gross Profit": 328740000.0,
        "R&D Expenses": 0.0,
        "SG&A Expense": 281313000.0,
        "Operating Expenses": 281313000.0,
        "Operating Income": 47427000.0,
        "Interest Expense": 1745000.0,
        "Earnings before Tax": 45682000.0,
        "Income Tax Expense": 17736000.0,
        "Net Income - Non-Controlling int": 0.0,
        "Net Income - Discontinued ops": 0.0,
        "Net Income": 27946000.0,
        "Preferred Dividends": 0.0,
        "Net Income Com": 27946000.0,
        "EPS": 1.28,
        "EPS Diluted": 1.27,
        "Weighted Average Shs Out": 21765000.0,
        "Weighted Average Shs Out (Dil)": 22083000.0,
        "Dividend per Share": 0.398089027759,
        "Gross Margin": 0.330949751491,
        "EBITDA Margin": 0.0683292342974,
        "EBIT Margin": 0.0477457986979,
        "Profit Margin": 0.0281338497145,
        "Free Cash Flow margin": 0.00428058144229,
        "EBITDA": 67873000.0,
        "EBIT": 47427000.0,
        "Consolidated Income": 27946000.0,
        "Earnings Before Tax Margin": 0.0459890690138,
        "Net Profit Margin": 0.0281338497145
    },
    "2012": {
        "Revenue": 940490000.0,
        "Revenue Growth": 0.0,
        "Cost of Revenue": 637721000.0,
        "Gross Profit": 302769000.0,
        "R&D Expenses": 0.0,
        "SG&A Expense": 276797000.0,
        "Operating Expenses": 276797000.0,
        "Operating Income": 25972000.0,
        "Interest Expense": 2202000.0,
        "Earnings before Tax": 23770000.0,
        "Income Tax Expense": 8855000.0,
        "Net Income - Non-Controlling int": 0.0,
        "Net Income - Discontinued ops": 0.0,
        "Net Income": 14915000.0,
        "Preferred Dividends": 0.0,
        "Net Income Com": 14915000.0,
        "EPS": 0.7,
        "EPS Diluted": 0.69,
        "Weighted Average Shs Out": 21394000.0,
        "Weighted Average Shs Out (Dil)": 21616000.0,
        "Dividend per Share": 0.299500370096,
        "Gross Margin": 0.321926867909,
        "EBITDA Margin": 0.0479760550351,
        "EBIT Margin": 0.0276153919765,
        "Profit Margin": 0.015858754479,
        "Free Cash Flow margin": 0.0283926463865,
        "EBITDA": 45121000.0,
        "EBIT": 25972000.0,
        "Consolidated Income": 14915000.0,
        "Earnings Before Tax Margin": 0.025274059267,
        "Net Profit Margin": 0.015858754479
    },
    "2011": {
        "Revenue": 896813000.0,
        "Revenue Growth": 0.00141925225170902,
        "Cost of Revenue": 599101000.0,
        "Gross Profit": 297712000.0,
        "R&D Expenses": 0.0,
        "SG&A Expense": 263488000.0,
        "Operating Expenses": 263488000.0,
        "Operating Income": 34224000.0,
        "Interest Expense": 2108000.0,
        "Earnings before Tax": 32116000.0,