{
    "2018": {
        "Revenue": 431398000.0,
        "Revenue Growth": 0.0418656098226598,
        "Cost of Revenue": 376821000.0,
        "Gross Profit": 54577000.0,
        "R&D Expenses": 0.0,
        "SG&A Expense": 4237000.0,
        "Operating Expenses": 4490000.0,
        "Operating Income": 65825000.0,
        "Interest Expense": 0.0,
        "Earnings before Tax": 5017000.0,
        "Income Tax Expense": 2432000.0,
        "Net Income - Non-Controlling int": 0.0,
        "Net Income - Discontinued ops": 0.0,
        "Net Income": 1320000.0,
        "Preferred Dividends": 7205000.0,
        "Net Income Com": 1320000.0,
        "EPS": -0.19,
        "EPS Diluted": -0.19,
        "Weighted Average Shs Out": 31944000.0,
        "Weighted Average Shs Out (Dil)": 31944000.0,
        "Dividend per Share": 0.949411470073,
        "Gross Margin": 0.126511944886,
        "EBITDA Margin": 0.296009717245,
        "EBIT Margin": 0.152585315648,
        "Profit Margin": 0.00305981947065,
        "Free Cash Flow margin": 0.163962280771,
        "EBITDA": 127698000.0,
        "EBIT": 65825000.0,
        "Consolidated Income": 1320000.0,
        "Earnings Before Tax Margin": 0.0116296320335,
        "Net Profit Margin": 0.00305981947065
    },
    "2017": {
        "Revenue": 414063000.0,
        "Revenue Growth": 0.0202189441108568,
        "Cost of Revenue": 366698000.0,
        "Gross Profit": 47365000.0,
        "R&D Expenses": 0.0,
        "SG&A Expense": 8146000.0,
        "Operating Expenses": 8523000.0,
        "Operating Income": 38842000.0,
        "Interest Expense": 0.0,
        "Earnings before Tax": 27802000.0,
        "Income Tax Expense": -522000.0,
        "Net Income - Non-Controlling int": 0.0,
        "Net Income - Discontinued ops": 0.0,
        "Net Income": 23022000.0,
        "Preferred Dividends": 6795000.0,
        "Net Income Com": 23022000.0,
        "EPS": 0.52,
        "EPS Diluted": 0.51,
        "Weighted Average Shs Out": 30473000.0,
        "Weighted Average Shs Out (Dil)": 34706000.0,
        "Dividend per Share": 0.780873624157,
        "Gross Margin": 0.114390805264,
        "EBITDA Margin": 0.232300398732,
        "EBIT Margin": 0.0938069810633,
        "Profit Margin": 0.0556002347469,
        "Free Cash Flow margin": 0.170524775215,
        "EBITDA": 96187000.0,
        "EBIT": 38842000.0,
        "Consolidated Income": 23022000.0,
        "Earnings Before Tax Margin": 0.0671443717502,
        "Net Profit Margin": 0.0556002347469
    },
    "2016": {
        "Revenue": 405857000.0,
        "Revenue Growth": 0.161100859689024,
        "Cost of Revenue": 344265000.0,
        "Gross Profit": 61592000.0,
        "R&D Expenses": 0.0,
        "SG&A Expense": 14286000.0,
        "Operating Expenses": 14451000.0,
        "Operating Income": 47141000.0,
        "Interest Expense": 0.0,
        "Earnings before Tax": 25894000.0,
        "Income Tax Expense": 1574000.0,
        "Net Income - Non-Controlling int": 0.0,
        "Net Income - Discontinued ops": 0.0,
        "Net Income": 19316000.0,
        "Preferred Dividends": 3860000.0,
        "Net Income Com": 19316000.0,
        "EPS": 0.57,
        "EPS Diluted": 0.55,
        "Weighted Average Shs Out": 26648000.0,
        "Weighted Average Shs Out (Dil)": 31195000.0,
        "Dividend per Share": 0.54108030133,
        "Gross Margin": 0.151757885166,
        "EBITDA Margin": 0.236782906295,
        "EBIT Margin": 0.116151748029,
        "Profit Margin": 0.047593117773,
        "Free Cash Flow margin": 0.140667772146,
        "EBITDA": 96100000.0,
        "EBIT": 47141000.0,
        "Consolidated Income": 19316000.0,
        "Earnings Before Tax Margin": 0.0638007968324,
        "Net Profit Margin": 0.047593117773
    },
    "2015": {
        "Revenue": 349545000.0,
        "Revenue Growth": 0.137441914951775,
        "Cost of Revenue": 298435000.0,
        "Gross Profit": 51110000.0,
        "R&D Expenses": 0.0,
        "SG&A Expense": 5134000.0,
        "Operating Expenses": 5134000.0,
        "Operating Income": 45976000.0,
        "Interest Expense": 0.0,
        "Earnings before Tax": -4428000.0,
        "Income Tax Expense": 263000.0,
        "Net Income - Non-Controlling int": 0.0,
        "Net Income - Discontinued ops": 0.0,
        "Net Income": -6712000.0,
        "Preferred Dividends": 1986000.0,
        "Net Income Com": -6712000.0,
        "EPS": -0.34,
        "EPS Diluted": -0.34,
        "Weighted Average Shs Out": 25888000.0,
        "Weighted Average Shs Out (Dil)": 25888000.0,
        "Dividend per Share": 0.456543572311,
        "Gross Margin": 0.146218655681,
        "EBITDA Margin": 0.264575376561,
        "EBIT Margin": 0.131530990287,
        "Profit Margin": -0.0192021055944,
        "Free Cash Flow margin": 0.0268634939707,
        "EBITDA": 92481000.0,
        "EBIT": 45976000.0,
        "Consolidated Income": -6712000.0,
        "Earnings Before Tax Margin": -0.0126678968373,
        "Net Profit Margin": -0.0192021055944
    },
    "2014": {
        "Revenue": 307308000.0,
        "Revenue Growth": 0.316116764312879,
        "Cost of Revenue": 260316000.0,
        "Gross Profit": 46992000.0,
        "R&D Expenses": 0.0,
        "SG&A Expense": 3242000.0,
        "Operating Expenses": 3242000.0,
        "Operating Income": 43750000.0,
        "Interest Expense": 0.0,
        "Earnings before Tax": 4635000.0,
        "Income Tax Expense": 1097000.0,
        "Net Income - Non-Controlling int": 0.0,
        "Net Income - Discontinued ops": 0.0,
        "Net Income": 1939000.0,
        "Preferred Dividends": 0.0,
        "Net Income Com": 1939000.0,
        "EPS": 0.08,
        "EPS Diluted": 0.07,
        "Weighted Average Shs Out": 24473000.0,
        "Weighted Average Shs Out (Dil)": 33325000.0,
        "Dividend per Share": 0.192108027007,
        "Gross Margin": 0.152914990824,
        "EBITDA Margin": 0.281404974814,
        "EBIT Margin": 0.142365314278,
        "Profit Margin": 0.00630963072878,
        "Free Cash Flow margin": 0.178498444557,
        "EBITDA": 86478000.0,
        "EBIT": 43750000.0,
        "Consolidated Income": 1939000.0,
        "Earnings Before Tax Margin": 0.0150825881526,
        "Net Profit Margin": 0.00630963072878
    },
    "2013": {
        "Revenue": 233496000.0,
        "Revenue Growth": 0.0556449716982838,
        "Cost of Revenue": 145353000.0,
        "Gross Profit": 88143000.0,
        "R&D Expenses": 0.0,
        "SG&A Expense": 11494000.0,
        "Operating Expenses": 68733000.0,
        "Operating Income": 19410000.0,
        "Interest Expense": 33011000.0,
        "Earnings before Tax": -9439000.0,
        "Income Tax Expense": 2343000.0,
        "Net Income - Non-Controlling int": -6146000.0,
        "Net Income - Discontinued ops": 0.0,
        "Net Income": -11782000.0,
        "Preferred Dividends": 0.0,
        "Net Income Com": -11782000.0,
        "EPS": -0.73,
        "EPS Diluted": -0.73,
        "Weighted Average Shs Out": 25329112.0,
        "Weighted Average Shs Out (Dil)": 16045000.0,
        "Dividend per Share": 0.05,
        "Gross Margin": 0.3775,
        "EBITDA Margin": 0.232,
        "EBIT Margin": 0.101,
        "Profit Margin": -0.05,
        "Free Cash Flow margin": 0.0245,
        "EBITDA": 54218000.0,
        "EBIT": 23572000.0,
        "Consolidated Income": -17928000.0,
        "Earnings Before Tax Margin": -0.0404,
        "Net Profit Margin": -0.0505
    },
    "2012": {
        "Revenue": 221188000.0,
        "Revenue Growth": 0.15207483684131,
        "Cost of Revenue": 138751000.0,
        "Gross Profit": 82437000.0,
        "R&D Expenses": 0.0,
        "SG&A Expense": 10846000.0,
        "Operating Expenses": 50631000.0,
        "Operating Income": 31806000.0,
        "Interest Expense": 31244000.0,
        "Earnings before Tax": -161000.0,
        "Income Tax Expense": 4384000.0,
        "Net Income - Non-Controlling int": 752000.0,