{
    "2018": {
        "Revenue": 14801302460.2026,
        "Revenue Growth": 0.154658315470057,
        "Cost of Revenue": 7488277858.1766,
        "Gross Profit": 7313024602.026,
        "R&D Expenses": 2282489146.165,
        "SG&A Expense": 2783068017.3661,
        "Operating Expenses": 5065557163.5311,
        "Operating Income": 2247467438.4949,
        "Interest Expense": 272503617.945,
        "Earnings before Tax": 4676700434.1534,
        "Income Tax Expense": 686396526.7728,
        "Net Income - Non-Controlling int": -722286541.2446,
        "Net Income - Discontinued ops": 0.0,
        "Net Income": 3990303907.3806,
        "Preferred Dividends": 0.0,
        "Net Income Com": 3990303907.3806,
        "EPS": 11.38,
        "EPS Diluted": 11.2919,
        "Weighted Average Shs Out": 5038528.5094,
        "Weighted Average Shs Out (Dil)": 5050447.0333,
        "Dividend per Share": 0.0,
        "Gross Margin": 0.4941,
        "EBITDA Margin": 0.0537,
        "EBIT Margin": 0.3344,
        "Profit Margin": 0.0391,
        "Free Cash Flow margin": 0.2663,
        "EBITDA": 5489001447.178,
        "EBIT": 4949204052.0984,
        "Consolidated Income": 3268017366.136,
        "Earnings Before Tax Margin": 0.316,
        "Net Profit Margin": 0.2696
    },
    "2017": {
        "Revenue": 12818772672.3096,
        "Revenue Growth": 0.261908407053109,
        "Cost of Revenue": 6508766626.3603,
        "Gross Profit": 6310006045.9492,
        "R&D Expenses": 1954050785.9734,
        "SG&A Expense": 1984280532.0435,
        "Operating Expenses": 3938331318.0169,
        "Operating Income": 2371674727.9323,
        "Interest Expense": 244105199.5163,
        "Earnings before Tax": 3218863361.5478,
        "Income Tax Expense": 452690447.4002,
        "Net Income - Non-Controlling int": -1964933.4946,
        "Net Income - Discontinued ops": 0.0,
        "Net Income": 2766172914.1475,
        "Preferred Dividends": 0.0,
        "Net Income Com": 2766172914.1475,
        "EPS": 7.9732,
        "EPS Diluted": 7.9214,
        "Weighted Average Shs Out": 5248912.4849,
        "Weighted Average Shs Out (Dil)": 5248658.2527,
        "Dividend per Share": 0.0,
        "Gross Margin": 0.4922,
        "EBITDA Margin": 0.0476,
        "EBIT Margin": 0.2701,
        "Profit Margin": 0.0326,
        "Free Cash Flow margin": 0.3313,
        "EBITDA": 4038089480.0484,
        "EBIT": 3462968561.0641,
        "Consolidated Income": 2764207980.653,
        "Earnings Before Tax Margin": 0.2511,
        "Net Profit Margin": 0.2158
    },
    "2016": {
        "Revenue": 10158243340.5328,
        "Revenue Growth": -0.00670125149289389,
        "Cost of Revenue": 5079625629.9496,
        "Gross Profit": 5078617710.5832,
        "R&D Expenses": 1461627069.8344,
        "SG&A Expense": 2170050395.9683,
        "Operating Expenses": 3631677465.8027,
        "Operating Income": 1446940244.7804,
        "Interest Expense": 166738660.9071,
        "Earnings before Tax": 2094312455.0036,
        "Income Tax Expense": 419438444.9244,
        "Net Income - Non-Controlling int": -5183585.3132,
        "Net Income - Discontinued ops": 0.0,
        "Net Income": 1674874010.0792,
        "Preferred Dividends": 0.0,
        "Net Income Com": 1674874010.0792,
        "EPS": 4.6,
        "EPS Diluted": 4.5878,
        "Weighted Average Shs Out": 4982931.8934,
        "Weighted Average Shs Out (Dil)": 4991394.9604,
        "Dividend per Share": 0.0,
        "Gross Margin": 0.5,
        "EBITDA Margin": 0.039,
        "EBIT Margin": 0.2226,
        "Profit Margin": 0.0238,
        "Free Cash Flow margin": 0.26,
        "EBITDA": 2757955363.5709,
        "EBIT": 2261051115.9107,
        "Consolidated Income": 1669690424.766,
        "Earnings Before Tax Margin": 0.2062,
        "Net Profit Margin": 0.1649
    },
    "2015": {
        "Revenue": 10226775535.3566,
        "Revenue Growth": 0.291369098316599,
        "Cost of Revenue": 4230164843.6296,
        "Gross Profit": 5996610691.727,
        "R&D Expenses": 1567709135.7264,
        "SG&A Expense": 2630719457.7107,
        "Operating Expenses": 4198428593.4371,
        "Operating Income": 1798182098.2899,
        "Interest Expense": 160375905.0994,
        "Earnings before Tax": 6029733477.1222,
        "Income Tax Expense": 843475581.5745,
        "Net Income - Non-Controlling int": -189801263.2876,
        "Net Income - Discontinued ops": 0.0,
        "Net Income": 5186257895.5477,
        "Preferred Dividends": 0.0,
        "Net Income Com": 5186257895.5477,
        "EPS": 14.7059,
        "EPS Diluted": 14.6586,
        "Weighted Average Shs Out": 5408448.0049,
        "Weighted Average Shs Out (Dil)": 5380031.12,
        "Dividend per Share": 0.0,
        "Gross Margin": 0.5864,
        "EBITDA Margin": 0.1,
        "EBIT Margin": 0.6053,
        "Profit Margin": 0.0781,
        "Free Cash Flow margin": 0.2191,
        "EBITDA": 6634725003.8515,
        "EBIT": 6190109382.2215,
        "Consolidated Income": 4996456632.2601,
        "Earnings Before Tax Margin": 0.5896,
        "Net Profit Margin": 0.5071
    },
    "2014": {
        "Revenue": 7919328059.4123,
        "Revenue Growth": 0.503842922002775,
        "Cost of Revenue": 3048990958.9926,
        "Gross Profit": 4870337100.4198,
        "R&D Expenses": 1127052308.6858,
        "SG&A Expense": 1676161123.6681,
        "Operating Expenses": 2803213432.3539,
        "Operating Income": 2067123668.0659,
        "Interest Expense": 101480626.4127,
        "Earnings before Tax": 2490814336.4546,
        "Income Tax Expense": 360215046.8195,
        "Net Income - Non-Controlling int": -152356796.9002,
        "Net Income - Discontinued ops": 0.0,
        "Net Income": 2130599289.6351,
        "Preferred Dividends": 0.0,
        "Net Income Com": 2130599289.6351,
        "EPS": 6.0523,
        "EPS Diluted": 6.0289,
        "Weighted Average Shs Out": 5655533.258,
        "Weighted Average Shs Out (Dil)": 5660714.5625,
        "Dividend per Share": 0.0,
        "Gross Margin": 0.615,
        "EBITDA Margin": 0.0602,
        "EBIT Margin": 0.3273,
        "Profit Margin": 0.0434,
        "Free Cash Flow margin": 0.2677,
        "EBITDA": 2951337100.4198,
        "EBIT": 2592294962.8673,
        "Consolidated Income": 1978242492.7349,
        "Earnings Before Tax Margin": 0.3145,
        "Net Profit Margin": 0.269
    },
    "2013": {
        "Revenue": 5266060666.0073,
        "Revenue Growth": 0.47220998994719,
        "Cost of Revenue": 1891170293.4388,
        "Gross Profit": 3374890372.5684,
        "R&D Expenses": 677024727.9921,
        "SG&A Expense": 852873887.2404,
        "Operating Expenses": 1529898615.2324,
        "Operating Income": 1844991757.336,
        "Interest Expense": 73703264.095,
        "Earnings before Tax": 2040815529.179,
        "Income Tax Expense": 301505110.4517,
        "Net Income - Non-Controlling int": -26851302.3409,
        "Net Income - Discontinued ops": 0.0,
        "Net Income": 1739310418.7273,
        "Preferred Dividends": 0.0,
        "Net Income Com": 1739310418.7273,
        "EPS": 4.9565,
        "EPS Diluted": 4.9494,
        "Weighted Average Shs Out": 5764212.0013,
        "Weighted Average Shs Out (Dil)": 5767594.4609,
        "Dividend per Share": 0.0,
        "Gross Margin": 0.6409,
        "EBITDA Margin": 0.075,
        "EBIT Margin": 0.4015,
        "Profit Margin": 0.0544,
        "Free Cash Flow margin": 0.346,
        "EBITDA": 2395122156.2809,
        "EBIT": 2114518793.274,
        "Consolidated Income": 1712459116.3864,
        "Earnings Before Tax Margin": 0.3875,
        "Net Profit Margin": 0.3303
    },
    "2012": {
        "Revenue": 3576976587.5561,
        "Revenue Growth": 0.555037113709133,
        "Cost of Revenue": 1034083547.1456,
        "Gross Profit": 2542893040.4105,
        "R&D Expenses": 369599903.7845,
        "SG&A Expense": 401112251.4432,
        "Operating Expenses": 770712155.2277,