{
    "2018": {
        "Revenue": 46155000.0,
        "Revenue Growth": -0.0164301240250607,
        "Cost of Revenue": 29260000.0,
        "Gross Profit": 16895000.0,
        "R&D Expenses": 5203000.0,
        "SG&A Expense": 29892000.0,
        "Operating Expenses": 37780000.0,
        "Operating Income": -20885000.0,
        "Interest Expense": 0.0,
        "Earnings before Tax": -21453000.0,
        "Income Tax Expense": 63000.0,
        "Net Income - Non-Controlling int": 0.0,
        "Net Income - Discontinued ops": 0.0,
        "Net Income": -21516000.0,
        "Preferred Dividends": 0.0,
        "Net Income Com": -21516000.0,
        "EPS": -1.05,
        "EPS Diluted": -1.05,
        "Weighted Average Shs Out": 20588000.0,
        "Weighted Average Shs Out (Dil)": 20588000.0,
        "Dividend per Share": 0.0,
        "Gross Margin": 0.366049182104,
        "EBITDA Margin": -0.424916043766,
        "EBIT Margin": -0.452497020908,
        "Profit Margin": -0.466168345791,
        "Free Cash Flow margin": -0.318600368324,
        "EBITDA": -19612000.0,
        "EBIT": -20885000.0,
        "Consolidated Income": -21516000.0,
        "Earnings Before Tax Margin": -0.464803379916,
        "Net Profit Margin": -0.466168345791
    },
    "2017": {
        "Revenue": 46926000.0,
        "Revenue Growth": -0.0942675159235669,
        "Cost of Revenue": 31800000.0,
        "Gross Profit": 15126000.0,
        "R&D Expenses": 6229000.0,
        "SG&A Expense": 26430000.0,
        "Operating Expenses": 33164000.0,
        "Operating Income": -18038000.0,
        "Interest Expense": 0.0,
        "Earnings before Tax": -17433000.0,
        "Income Tax Expense": -582000.0,
        "Net Income - Non-Controlling int": 0.0,
        "Net Income - Discontinued ops": 0.0,
        "Net Income": -16851000.0,
        "Preferred Dividends": 0.0,
        "Net Income Com": -16851000.0,
        "EPS": -0.28,
        "EPS Diluted": -0.28,
        "Weighted Average Shs Out": 73759000.0,
        "Weighted Average Shs Out (Dil)": 73759000.0,
        "Dividend per Share": 0.0,
        "Gross Margin": 0.322337297021,
        "EBITDA Margin": -0.358756339769,
        "EBIT Margin": -0.384392447684,
        "Profit Margin": -0.359097302135,
        "Free Cash Flow margin": -0.408281123471,
        "EBITDA": -16835000.0,
        "EBIT": -18038000.0,
        "Consolidated Income": -16851000.0,
        "Earnings Before Tax Margin": -0.371499808209,
        "Net Profit Margin": -0.359097302135
    },
    "2016": {
        "Revenue": 51810000.0,
        "Revenue Growth": 0.0687983496647757,
        "Cost of Revenue": 31502000.0,
        "Gross Profit": 20308000.0,
        "R&D Expenses": 7799000.0,
        "SG&A Expense": 27471000.0,
        "Operating Expenses": 35270000.0,
        "Operating Income": -14962000.0,
        "Interest Expense": 0.0,
        "Earnings before Tax": -15220000.0,
        "Income Tax Expense": 151000.0,
        "Net Income - Non-Controlling int": 0.0,
        "Net Income - Discontinued ops": 0.0,
        "Net Income": -15371000.0,
        "Preferred Dividends": 0.0,
        "Net Income Com": -15371000.0,
        "EPS": -0.29,
        "EPS Diluted": -0.29,
        "Weighted Average Shs Out": 60664000.0,
        "Weighted Average Shs Out (Dil)": 60664000.0,
        "Dividend per Share": 0.0,
        "Gross Margin": 0.391970662034,
        "EBITDA Margin": -0.268558193399,
        "EBIT Margin": -0.288785948659,
        "Profit Margin": -0.296680177572,
        "Free Cash Flow margin": -0.232792897124,
        "EBITDA": -13914000.0,
        "EBIT": -14962000.0,
        "Consolidated Income": -15371000.0,
        "Earnings Before Tax Margin": -0.293765682301,
        "Net Profit Margin": -0.296680177572
    },
    "2015": {
        "Revenue": 48475000.0,
        "Revenue Growth": 0.0171856639247944,
        "Cost of Revenue": 32525000.0,
        "Gross Profit": 15950000.0,
        "R&D Expenses": 7283000.0,
        "SG&A Expense": 28952000.0,
        "Operating Expenses": 36235000.0,
        "Operating Income": -19915000.0,
        "Interest Expense": 0.0,
        "Earnings before Tax": -20100000.0,
        "Income Tax Expense": 178000.0,
        "Net Income - Non-Controlling int": 0.0,
        "Net Income - Discontinued ops": 0.0,
        "Net Income": -20278000.0,
        "Preferred Dividends": 0.0,
        "Net Income Com": -20278000.0,
        "EPS": -0.35,
        "EPS Diluted": -0.35,
        "Weighted Average Shs Out": 58189000.0,
        "Weighted Average Shs Out (Dil)": 58189000.0,
        "Dividend per Share": 0.0,
        "Gross Margin": 0.329035585353,
        "EBITDA Margin": -0.392676637442,
        "EBIT Margin": -0.41083032491,
        "Profit Margin": -0.41831872099,
        "Free Cash Flow margin": -0.403816400206,
        "EBITDA": -19035000.0,
        "EBIT": -19915000.0,
        "Consolidated Income": -20278000.0,
        "Earnings Before Tax Margin": -0.414646725116,
        "Net Profit Margin": -0.41831872099
    },
    "2014": {
        "Revenue": 47656000.0,
        "Revenue Growth": -0.155484671274145,
        "Cost of Revenue": 29484000.0,
        "Gross Profit": 18172000.0,
        "R&D Expenses": 4577000.0,
        "SG&A Expense": 31229000.0,
        "Operating Expenses": 36113000.0,
        "Operating Income": -17941000.0,
        "Interest Expense": 0.0,
        "Earnings before Tax": -18814000.0,
        "Income Tax Expense": 112000.0,
        "Net Income - Non-Controlling int": 0.0,
        "Net Income - Discontinued ops": 0.0,
        "Net Income": -18926000.0,
        "Preferred Dividends": 0.0,
        "Net Income Com": -18926000.0,
        "EPS": -0.45,
        "EPS Diluted": -0.45,
        "Weighted Average Shs Out": 42232000.0,
        "Weighted Average Shs Out (Dil)": 42232000.0,
        "Dividend per Share": 0.0,
        "Gross Margin": 0.381316098707,
        "EBITDA Margin": -0.354981534329,
        "EBIT Margin": -0.376468860165,
        "Profit Margin": -0.397137821051,
        "Free Cash Flow margin": -0.344111969112,
        "EBITDA": -16917000.0,
        "EBIT": -17941000.0,
        "Consolidated Income": -18926000.0,
        "Earnings Before Tax Margin": -0.394787644788,
        "Net Profit Margin": -0.397137821051
    },
    "2013": {
        "Revenue": 56430000.0,
        "Revenue Growth": -0.0161447799707093,
        "Cost of Revenue": 34900000.0,
        "Gross Profit": 21530000.0,
        "R&D Expenses": 4029000.0,
        "SG&A Expense": 28059000.0,
        "Operating Expenses": 32526000.0,
        "Operating Income": -10996000.0,
        "Interest Expense": 0.0,
        "Earnings before Tax": -11646000.0,
        "Income Tax Expense": -164000.0,
        "Net Income - Non-Controlling int": 0.0,
        "Net Income - Discontinued ops": 0.0,
        "Net Income": -11482000.0,
        "Preferred Dividends": 0.0,
        "Net Income Com": -11482000.0,
        "EPS": -0.35,
        "EPS Diluted": -0.35,
        "Weighted Average Shs Out": 32581000.0,
        "Weighted Average Shs Out (Dil)": 32581000.0,
        "Dividend per Share": 0.0,
        "Gross Margin": 0.381534644693,
        "EBITDA Margin": -0.177547403863,
        "EBIT Margin": -0.194860889598,
        "Profit Margin": -0.203473329789,
        "Free Cash Flow margin": -0.176696792486,
        "EBITDA": -10019000.0,
        "EBIT": -10996000.0,
        "Consolidated Income": -11482000.0,
        "Earnings Before Tax Margin": -0.206379585327,
        "Net Profit Margin": -0.203473329789
    },
    "2012": {
        "Revenue": 57356000.0,
        "Revenue Growth": 0.0,
        "Cost of Revenue": 30878000.0,
        "Gross Profit": 26478000.0,
        "R&D Expenses": 4684000.0,
        "SG&A Expense": 24325000.0,
        "Operating Expenses": 29009000.0,
        "Operating Income": -2531000.0,
        "Interest Expense": 239000.0,
        "Earnings before Tax": -2945000.0,
        "Income Tax Expense": 111000.0,