{
    "2018": {
        "Revenue": 2600000000.0,
        "Revenue Growth": 0.0833333333333333,
        "Cost of Revenue": 0.0,
        "Gross Profit": 0.0,
        "R&D Expenses": 0.0,
        "SG&A Expense": 6145000000.0,
        "Operating Expenses": 6325000000.0,
        "Operating Income": 4266000000.0,
        "Interest Expense": 2821000000.0,
        "Earnings before Tax": 5192000000.0,
        "Income Tax Expense": 938000000.0,
        "Net Income - Non-Controlling int": 0.0,
        "Net Income - Discontinued ops": 0.0,
        "Net Income": 4266000000.0,
        "Preferred Dividends": 169000000.0,
        "Net Income Com": 4266000000.0,
        "EPS": 4.06,
        "EPS Diluted": 4.04,
        "Weighted Average Shs Out": 1002922000.0,
        "Weighted Average Shs Out (Dil)": 1007141000.0,
        "Dividend per Share": 1.0445409332,
        "Gross Margin": 0.0,
        "EBITDA Margin": 2.15576923077,
        "EBIT Margin": 1.64076923077,
        "Profit Margin": 1.64076923077,
        "Free Cash Flow margin": 1.88,
        "EBITDA": 5605000000.0,
        "EBIT": 4266000000.0,
        "Consolidated Income": 4266000000.0,
        "Earnings Before Tax Margin": 1.99692307692,
        "Net Profit Margin": 1.64076923077
    },
    "2017": {
        "Revenue": 2400000000.0,
        "Revenue Growth": 0.0909090909090909,
        "Cost of Revenue": 0.0,
        "Gross Profit": 0.0,
        "R&D Expenses": 0.0,
        "SG&A Expense": 5972000000.0,
        "Operating Expenses": 6181000000.0,
        "Operating Income": 4090000000.0,
        "Interest Expense": 1074000000.0,
        "Earnings before Tax": 4610000000.0,
        "Income Tax Expense": 496000000.0,
        "Net Income - Non-Controlling int": 0.0,
        "Net Income - Discontinued ops": 0.0,
        "Net Income": 4090000000.0,
        "Preferred Dividends": 175000000.0,
        "Net Income Com": 4090000000.0,
        "EPS": 3.74,
        "EPS Diluted": 3.72,
        "Weighted Average Shs Out": 1034281000.0,
        "Weighted Average Shs Out (Dil)": 1040290000.0,
        "Dividend per Share": 0.866104643897,
        "Gross Margin": 0.0,
        "EBITDA Margin": 2.31833333333,
        "EBIT Margin": 1.70416666667,
        "Profit Margin": 1.70416666667,
        "Free Cash Flow margin": 1.435,
        "EBITDA": 5564000000.0,
        "EBIT": 4090000000.0,
        "Consolidated Income": 4090000000.0,
        "Earnings Before Tax Margin": 1.92083333333,
        "Net Profit Margin": 1.70416666667
    },
    "2016": {
        "Revenue": 2200000000.0,
        "Revenue Growth": -0.854555070739125,
        "Cost of Revenue": 0.0,
        "Gross Profit": 0.0,
        "R&D Expenses": 0.0,
        "SG&A Expense": 5733000000.0,
        "Operating Expenses": 5970000000.0,
        "Operating Income": 3547000000.0,
        "Interest Expense": 437000000.0,
        "Earnings before Tax": 4725000000.0,
        "Income Tax Expense": 1177000000.0,
        "Net Income - Non-Controlling int": 0.0,
        "Net Income - Discontinued ops": 0.0,
        "Net Income": 3547000000.0,
        "Preferred Dividends": 122000000.0,
        "Net Income Com": 3547000000.0,
        "EPS": 3.16,
        "EPS Diluted": 3.15,
        "Weighted Average Shs Out": 1066286000.0,
        "Weighted Average Shs Out (Dil)": 1072013000.0,
        "Dividend per Share": 0.725737467736,
        "Gross Margin": 0.0,
        "EBITDA Margin": 2.295,
        "EBIT Margin": 1.61227272727,
        "Profit Margin": 1.61227272727,
        "Free Cash Flow margin": 2.46409090909,
        "EBITDA": 5049000000.0,
        "EBIT": 3547000000.0,
        "Consolidated Income": 3547000000.0,
        "Earnings Before Tax Margin": 2.14772727273,
        "Net Profit Margin": 1.61227272727
    },
    "2015": {
        "Revenue": 15126000000.0,
        "Revenue Growth": -0.0308815991799077,
        "Cost of Revenue": 0.0,
        "Gross Profit": 0.0,
        "R&D Expenses": 0.0,
        "SG&A Expense": 5837000000.0,
        "Operating Expenses": 6098000000.0,
        "Operating Income": 3158000000.0,
        "Interest Expense": 300000000.0,
        "Earnings before Tax": 4235000000.0,
        "Income Tax Expense": 1013000000.0,
        "Net Income - Non-Controlling int": 0.0,
        "Net Income - Discontinued ops": 0.0,
        "Net Income": 3158000000.0,
        "Preferred Dividends": 105000000.0,
        "Net Income Com": 3158000000.0,
        "EPS": 2.73,
        "EPS Diluted": 2.71,
        "Weighted Average Shs Out": 1104719000.0,
        "Weighted Average Shs Out (Dil)": 1112511000.0,
        "Dividend per Share": 0.68313931278,
        "Gross Margin": 0.0,
        "EBITDA Margin": 0.30510379479,
        "EBIT Margin": 0.208779584821,
        "Profit Margin": 0.208779584821,
        "Free Cash Flow margin": 0.233108554806,
        "EBITDA": 4615000000.0,
        "EBIT": 3158000000.0,
        "Consolidated Income": 3158000000.0,
        "Earnings Before Tax Margin": 0.279981488827,
        "Net Profit Margin": 0.208779584821
    },
    "2014": {
        "Revenue": 15608000000.0,
        "Revenue Growth": 0.0473059115614306,
        "Cost of Revenue": 0.0,
        "Gross Profit": 0.0,
        "R&D Expenses": 0.0,
        "SG&A Expense": 5845000000.0,
        "Operating Expenses": 6143000000.0,
        "Operating Income": 2567000000.0,
        "Interest Expense": 354000000.0,
        "Earnings before Tax": 3563000000.0,
        "Income Tax Expense": 912000000.0,
        "Net Income - Non-Controlling int": 0.0,
        "Net Income - Discontinued ops": 0.0,
        "Net Income": 2567000000.0,
        "Preferred Dividends": 73000000.0,
        "Net Income Com": 2567000000.0,
        "EPS": 2.17,
        "EPS Diluted": 2.15,
        "Weighted Average Shs Out": 1129897000.0,
        "Weighted Average Shs Out (Dil)": 1137480000.0,
        "Dividend per Share": 0.668143615712,
        "Gross Margin": 0.0,
        "EBITDA Margin": 0.247245002563,
        "EBIT Margin": 0.164466940031,
        "Profit Margin": 0.164466940031,
        "Free Cash Flow margin": 0.236609431061,
        "EBITDA": 3859000000.0,
        "EBIT": 2567000000.0,
        "Consolidated Income": 2567000000.0,
        "Earnings Before Tax Margin": 0.228280369042,
        "Net Profit Margin": 0.164466940031
    },
    "2013": {
        "Revenue": 14903000000.0,
        "Revenue Growth": 0.0292837903170108,
        "Cost of Revenue": 0.0,
        "Gross Profit": 0.0,
        "R&D Expenses": 0.0,
        "SG&A Expense": 6019000000.0,
        "Operating Expenses": 6361000000.0,
        "Operating Income": 2111000000.0,
        "Interest Expense": 343000000.0,
        "Earnings before Tax": 3712000000.0,
        "Income Tax Expense": 1520000000.0,
        "Net Income - Non-Controlling int": 0.0,
        "Net Income - Discontinued ops": 0.0,
        "Net Income": 2111000000.0,
        "Preferred Dividends": 64000000.0,
        "Net Income Com": 2111000000.0,
        "EPS": 1.75,
        "EPS Diluted": 1.74,
        "Weighted Average Shs Out": 1150689000.0,
        "Weighted Average Shs Out (Dil)": 1154441000.0,
        "Dividend per Share": 0.589029668905,
        "Gross Margin": 0.0,
        "EBITDA Margin": 0.234852043213,
        "EBIT Margin": 0.141649332349,
        "Profit Margin": 0.141649332349,
        "Free Cash Flow margin": -0.0839428303026,
        "EBITDA": 3500000000.0,
        "EBIT": 2111000000.0,
        "Consolidated Income": 2111000000.0,
        "Earnings Before Tax Margin": 0.249077366973,
        "Net Profit Margin": 0.141649332349
    },
    "2012": {
        "Revenue": 14479000000.0,
        "Revenue Growth": -0.0136920980926431,
        "Cost of Revenue": 0.0,
        "Gross Profit": 0.0,
        "R&D Expenses": 0.0,
        "SG&A Expense": 5761000000.0,
        "Operating Expenses": 6145000000.0,
        "Operating Income": 2445000000.0,
        "Interest Expense": 534000000.0,
        "Earnings before Tax": 3302000000.0,
        "Income Tax Expense": 779000000.0,