{
    "2018": {
        "Revenue": 384835000.0,
        "Revenue Growth": 1.11518695826623,
        "Cost of Revenue": 113890000.0,
        "Gross Profit": 270945000.0,
        "R&D Expenses": 0.0,
        "SG&A Expense": 15995000.0,
        "Operating Expenses": 412198000.0,
        "Operating Income": -27214000.0,
        "Interest Expense": 16860000.0,
        "Earnings before Tax": -41849000.0,
        "Income Tax Expense": 198000.0,
        "Net Income - Non-Controlling int": 0.0,
        "Net Income - Discontinued ops": 0.0,
        "Net Income": -42047000.0,
        "Preferred Dividends": -512000.0,
        "Net Income Com": -42047000.0,
        "EPS": -1.61,
        "EPS Diluted": -1.61,
        "Weighted Average Shs Out": 40348000.0,
        "Weighted Average Shs Out (Dil)": 40348000.0,
        "Dividend per Share": 0.0,
        "Gross Margin": 0.704054984604,
        "EBITDA Margin": 0.00934426442501,
        "EBIT Margin": -0.0707160211519,
        "Profit Margin": -0.109259812647,
        "Free Cash Flow margin": 0.0373770577001,
        "EBITDA": 3596000.0,
        "EBIT": -27214000.0,
        "Consolidated Income": -42047000.0,
        "Earnings Before Tax Margin": -0.10874530643,
        "Net Profit Margin": -0.109259812647
    },
    "2017": {
        "Revenue": 181939000.0,
        "Revenue Growth": 0.0256209341916863,
        "Cost of Revenue": 123805000.0,
        "Gross Profit": 58134000.0,
        "R&D Expenses": 0.0,
        "SG&A Expense": 17112000.0,
        "Operating Expenses": 152124000.0,
        "Operating Income": 28840000.0,
        "Interest Expense": 14027000.0,
        "Earnings before Tax": 20211000.0,
        "Income Tax Expense": 166000.0,
        "Net Income - Non-Controlling int": 0.0,
        "Net Income - Discontinued ops": 0.0,
        "Net Income": 20045000.0,
        "Preferred Dividends": 944000.0,
        "Net Income Com": 20045000.0,
        "EPS": -0.15,
        "EPS Diluted": -0.15,
        "Weighted Average Shs Out": 38342000.0,
        "Weighted Average Shs Out (Dil)": 38342000.0,
        "Dividend per Share": 0.0,
        "Gross Margin": 0.319524675853,
        "EBITDA Margin": 0.339646804698,
        "EBIT Margin": 0.158514667004,
        "Profit Margin": 0.110174289185,
        "Free Cash Flow margin": 0.196653823534,
        "EBITDA": 61795000.0,
        "EBIT": 28840000.0,
        "Consolidated Income": 20045000.0,
        "Earnings Before Tax Margin": 0.111086682899,
        "Net Profit Margin": 0.110174289185
    },
    "2016": {
        "Revenue": 177394000.0,
        "Revenue Growth": -0.0146365307811519,
        "Cost of Revenue": 111091000.0,
        "Gross Profit": 66303000.0,
        "R&D Expenses": 0.0,
        "SG&A Expense": 20029000.0,
        "Operating Expenses": 171011000.0,
        "Operating Income": 6491000.0,
        "Interest Expense": 12554000.0,
        "Earnings before Tax": -4580000.0,
        "Income Tax Expense": 260000.0,
        "Net Income - Non-Controlling int": 0.0,
        "Net Income - Discontinued ops": 0.0,
        "Net Income": -4840000.0,
        "Preferred Dividends": 433000.0,
        "Net Income Com": -4840000.0,
        "EPS": -0.87,
        "EPS Diluted": -0.87,
        "Weighted Average Shs Out": 35093000.0,
        "Weighted Average Shs Out (Dil)": 35093000.0,
        "Dividend per Share": 0.0,
        "Gross Margin": 0.37376123206,
        "EBITDA Margin": 0.216529307643,
        "EBIT Margin": 0.036590865531,
        "Profit Margin": -0.0272838991172,
        "Free Cash Flow margin": 0.185203558181,
        "EBITDA": 38411000.0,
        "EBIT": 6491000.0,
        "Consolidated Income": -4840000.0,
        "Earnings Before Tax Margin": -0.0258182351151,
        "Net Profit Margin": -0.0272838991172
    },
    "2015": {
        "Revenue": 180029000.0,
        "Revenue Growth": -0.0353487724111324,
        "Cost of Revenue": 131205000.0,
        "Gross Profit": 48824000.0,
        "R&D Expenses": 0.0,
        "SG&A Expense": 18976000.0,
        "Operating Expenses": 172177000.0,
        "Operating Income": 13989000.0,
        "Interest Expense": 11202000.0,
        "Earnings before Tax": 6719000.0,
        "Income Tax Expense": 323000.0,
        "Net Income - Non-Controlling int": 0.0,
        "Net Income - Discontinued ops": 0.0,
        "Net Income": 6396000.0,
        "Preferred Dividends": 554000.0,
        "Net Income Com": 6396000.0,
        "EPS": -0.47,
        "EPS Diluted": -0.47,
        "Weighted Average Shs Out": 32945000.0,
        "Weighted Average Shs Out (Dil)": 32945000.0,
        "Dividend per Share": 0.0,
        "Gross Margin": 0.27120075099,
        "EBITDA Margin": 0.233856767521,
        "EBIT Margin": 0.0777041476651,
        "Profit Margin": 0.0355276094407,
        "Free Cash Flow margin": 0.105110843253,
        "EBITDA": 42101000.0,
        "EBIT": 13989000.0,
        "Consolidated Income": 6396000.0,
        "Earnings Before Tax Margin": 0.0373217648268,
        "Net Profit Margin": 0.0355276094407
    },
    "2014": {
        "Revenue": 186626000.0,
        "Revenue Growth": -0.0413261348634363,
        "Cost of Revenue": 134245000.0,
        "Gross Profit": 52381000.0,
        "R&D Expenses": 0.0,
        "SG&A Expense": 17498000.0,
        "Operating Expenses": 151743000.0,
        "Operating Income": 37347000.0,
        "Interest Expense": 12268000.0,
        "Earnings before Tax": 28041000.0,
        "Income Tax Expense": 469000.0,
        "Net Income - Non-Controlling int": 0.0,
        "Net Income - Discontinued ops": 0.0,
        "Net Income": 27572000.0,
        "Preferred Dividends": 641000.0,
        "Net Income Com": 27572000.0,
        "EPS": 0.2,
        "EPS Diluted": 0.2,
        "Weighted Average Shs Out": 25670000.0,
        "Weighted Average Shs Out (Dil)": 25670000.0,
        "Dividend per Share": 0.0,
        "Gross Margin": 0.280673646759,
        "EBITDA Margin": 0.344073173084,
        "EBIT Margin": 0.200116811162,
        "Profit Margin": 0.147739328925,
        "Free Cash Flow margin": 0.111838650563,
        "EBITDA": 64213000.0,
        "EBIT": 37347000.0,
        "Consolidated Income": 27572000.0,
        "Earnings Before Tax Margin": 0.150252376411,
        "Net Profit Margin": 0.147739328925
    },
    "2013": {
        "Revenue": 194671000.0,
        "Revenue Growth": 0.067304476548151,
        "Cost of Revenue": 133610000.0,
        "Gross Profit": 61061000.0,
        "R&D Expenses": 0.0,
        "SG&A Expense": 17482000.0,
        "Operating Expenses": 151092000.0,
        "Operating Income": 44128000.0,
        "Interest Expense": 11615000.0,
        "Earnings before Tax": 32011000.0,
        "Income Tax Expense": 593000.0,
        "Net Income - Non-Controlling int": 0.0,
        "Net Income - Discontinued ops": 0.0,
        "Net Income": 28035000.0,
        "Preferred Dividends": 647000.0,
        "Net Income Com": 28035000.0,
        "EPS": 0.39,
        "EPS Diluted": 0.39,
        "Weighted Average Shs Out": 22706000.0,
        "Weighted Average Shs Out (Dil)": 22706000.0,
        "Dividend per Share": 0.0,
        "Gross Margin": 0.313662538334,
        "EBITDA Margin": 0.368288034684,
        "EBIT Margin": 0.22667988555,
        "Profit Margin": 0.144012205208,
        "Free Cash Flow margin": -0.0226279209538,
        "EBITDA": 71695000.0,
        "EBIT": 44128000.0,
        "Consolidated Income": 28035000.0,
        "Earnings Before Tax Margin": 0.164436408094,
        "Net Profit Margin": 0.144012205208
    },
    "2012": {
        "Revenue": 182395000.0,
        "Revenue Growth": 0.0321888776335969,
        "Cost of Revenue": 126262000.0,
        "Gross Profit": 56133000.0,
        "R&D Expenses": 0.0,
        "SG&A Expense": 19795000.0,
        "Operating Expenses": 146057000.0,
        "Operating Income": 43588000.0,
        "Interest Expense": 11705000.0,
        "Earnings before Tax": 31883000.0,
        "Income Tax Expense": 318000.0,