{
    "2018": {
        "Revenue": 848606000.0,
        "Revenue Growth": 0.0764931384513121,
        "Cost of Revenue": 381742000.0,
        "Gross Profit": 466864000.0,
        "R&D Expenses": 98811000.0,
        "SG&A Expense": 299202000.0,
        "Operating Expenses": 407447000.0,
        "Operating Income": 59417000.0,
        "Interest Expense": 15898000.0,
        "Earnings before Tax": 47532000.0,
        "Income Tax Expense": -219000.0,
        "Net Income - Non-Controlling int": 0.0,
        "Net Income - Discontinued ops": 0.0,
        "Net Income": 44841000.0,
        "Preferred Dividends": 0.0,
        "Net Income Com": 44841000.0,
        "EPS": 0.95,
        "EPS Diluted": 0.93,
        "Weighted Average Shs Out": 47206669.0,
        "Weighted Average Shs Out (Dil)": 48045084.0,
        "Dividend per Share": 0.485210932299,
        "Gross Margin": 0.550154017294,
        "EBITDA Margin": 0.164664166881,
        "EBIT Margin": 0.0700171811182,
        "Profit Margin": 0.0528407765206,
        "Free Cash Flow margin": 0.219967806025,
        "EBITDA": 139735000.0,
        "EBIT": 59417000.0,
        "Consolidated Income": 44841000.0,
        "Earnings Before Tax Margin": 0.0560118594495,
        "Net Profit Margin": 0.0528407765206
    },
    "2017": {
        "Revenue": 788306000.0,
        "Revenue Growth": 0.078666967700444,
        "Cost of Revenue": 361904000.0,
        "Gross Profit": 426402000.0,
        "R&D Expenses": 89911000.0,
        "SG&A Expense": 268395000.0,
        "Operating Expenses": 362371000.0,
        "Operating Income": 64031000.0,
        "Interest Expense": 12097000.0,
        "Earnings before Tax": 54194000.0,
        "Income Tax Expense": -11739000.0,
        "Net Income - Non-Controlling int": 0.0,
        "Net Income - Discontinued ops": 0.0,
        "Net Income": 65933000.0,
        "Preferred Dividends": 0.0,
        "Net Income Com": 65933000.0,
        "EPS": 1.41,
        "EPS Diluted": 1.38,
        "Weighted Average Shs Out": 46669440.0,
        "Weighted Average Shs Out (Dil)": 47775702.0,
        "Dividend per Share": 0.482860513489,
        "Gross Margin": 0.540909240828,
        "EBITDA Margin": 0.17609532339,
        "EBIT Margin": 0.0812260721091,
        "Profit Margin": 0.0836388407547,
        "Free Cash Flow margin": 0.210682146273,
        "EBITDA": 138817000.0,
        "EBIT": 64031000.0,
        "Consolidated Income": 65933000.0,
        "Earnings Before Tax Margin": 0.0687474153438,
        "Net Profit Margin": 0.0836388407547
    },
    "2016": {
        "Revenue": 730815000.0,
        "Revenue Growth": 0.145585791767251,
        "Cost of Revenue": 339220000.0,
        "Gross Profit": 391595000.0,
        "R&D Expenses": 89870000.0,
        "SG&A Expense": 237085000.0,
        "Operating Expenses": 329795000.0,
        "Operating Income": 61800000.0,
        "Interest Expense": 10583000.0,
        "Earnings before Tax": 50926000.0,
        "Income Tax Expense": 9411000.0,
        "Net Income - Non-Controlling int": 0.0,
        "Net Income - Discontinued ops": 0.0,
        "Net Income": 41515000.0,
        "Preferred Dividends": 0.0,
        "Net Income Com": 41515000.0,
        "EPS": 0.9,
        "EPS Diluted": 0.88,
        "Weighted Average Shs Out": 46132389.0,
        "Weighted Average Shs Out (Dil)": 47316538.0,
        "Dividend per Share": 0.482093596958,
        "Gross Margin": 0.535833282021,
        "EBITDA Margin": 0.182329317269,
        "EBIT Margin": 0.0845631247306,
        "Profit Margin": 0.0568064421228,
        "Free Cash Flow margin": 0.186003297688,
        "EBITDA": 133249000.0,
        "EBIT": 61800000.0,
        "Consolidated Income": 41515000.0,
        "Earnings Before Tax Margin": 0.069683846117,
        "Net Profit Margin": 0.0568064421228
    },
    "2015": {
        "Revenue": 637940000.0,
        "Revenue Growth": 0.130255607073443,
        "Cost of Revenue": 304631000.0,
        "Gross Profit": 333309000.0,
        "R&D Expenses": 84636000.0,
        "SG&A Expense": 199730000.0,
        "Operating Expenses": 286597000.0,
        "Operating Income": 46712000.0,
        "Interest Expense": 8073000.0,
        "Earnings before Tax": 36952000.0,
        "Income Tax Expense": 11303000.0,
        "Net Income - Non-Controlling int": 0.0,
        "Net Income - Discontinued ops": 0.0,
        "Net Income": 25649000.0,
        "Preferred Dividends": 0.0,
        "Net Income Com": 25649000.0,
        "EPS": 0.56,
        "EPS Diluted": 0.55,
        "Weighted Average Shs Out": 45623854.0,
        "Weighted Average Shs Out (Dil)": 46498704.0,
        "Dividend per Share": 0.484056501876,
        "Gross Margin": 0.522477035458,
        "EBITDA Margin": 0.162410258018,
        "EBIT Margin": 0.0732231871336,
        "Profit Margin": 0.0402059754836,
        "Free Cash Flow margin": 0.150025080729,
        "EBITDA": 103608000.0,
        "EBIT": 46712000.0,
        "Consolidated Income": 25649000.0,
        "Earnings Before Tax Margin": 0.0579239426905,
        "Net Profit Margin": 0.0402059754836
    },
    "2014": {
        "Revenue": 564421000.0,
        "Revenue Growth": 0.120289708366331,
        "Cost of Revenue": 273438000.0,
        "Gross Profit": 290983000.0,
        "R&D Expenses": 77179000.0,
        "SG&A Expense": 165637000.0,
        "Operating Expenses": 244619000.0,
        "Operating Income": 46364000.0,
        "Interest Expense": 6011000.0,
        "Earnings before Tax": 39234000.0,
        "Income Tax Expense": 10944000.0,
        "Net Income - Non-Controlling int": 0.0,
        "Net Income - Discontinued ops": 0.0,
        "Net Income": 28290000.0,
        "Preferred Dividends": 0.0,
        "Net Income Com": 28290000.0,
        "EPS": 0.63,
        "EPS Diluted": 0.62,
        "Weighted Average Shs Out": 45215138.0,
        "Weighted Average Shs Out (Dil)": 45799874.0,
        "Dividend per Share": 0.482686917436,
        "Gross Margin": 0.515542476272,
        "EBITDA Margin": 0.163911335687,
        "EBIT Margin": 0.0821443567833,
        "Profit Margin": 0.0501221605858,
        "Free Cash Flow margin": 0.156560439814,
        "EBITDA": 92515000.0,
        "EBIT": 46364000.0,
        "Consolidated Income": 28290000.0,
        "Earnings Before Tax Margin": 0.0695119423267,
        "Net Profit Margin": 0.0501221605858
    },
    "2013": {
        "Revenue": 503817000.0,
        "Revenue Growth": 0.126051866371343,
        "Cost of Revenue": 232663000.0,
        "Gross Profit": 271154000.0,
        "R&D Expenses": 65645000.0,
        "SG&A Expense": 147934000.0,
        "Operating Expenses": 219612000.0,
        "Operating Income": 51542000.0,
        "Interest Expense": 5818000.0,
        "Earnings before Tax": 48137000.0,
        "Income Tax Expense": 14857000.0,
        "Net Income - Non-Controlling int": 0.0,
        "Net Income - Discontinued ops": 0.0,
        "Net Income": 30472000.0,
        "Preferred Dividends": 0.0,
        "Net Income Com": 30472000.0,
        "EPS": 0.68,
        "EPS Diluted": 0.67,
        "Weighted Average Shs Out": 44684812.0,
        "Weighted Average Shs Out (Dil)": 45421140.0,
        "Dividend per Share": 0.486139273475,
        "Gross Margin": 0.538199385888,
        "EBITDA Margin": 0.18919369533,
        "EBIT Margin": 0.102303018755,
        "Profit Margin": 0.0604822782876,
        "Free Cash Flow margin": 0.172995353472,
        "EBITDA": 95319000.0,
        "EBIT": 51542000.0,
        "Consolidated Income": 30472000.0,
        "Earnings Before Tax Margin": 0.0955446124287,
        "Net Profit Margin": 0.0604822782876
    },
    "2012": {
        "Revenue": 447419000.0,
        "Revenue Growth": 0.206410367030857,
        "Cost of Revenue": 202460000.0,
        "Gross Profit": 244959000.0,
        "R&D Expenses": 64692000.0,
        "SG&A Expense": 158526000.0,
        "Operating Expenses": 225524000.0,
        "Operating Income": 19435000.0,
        "Interest Expense": 5864000.0,