{
    "2019": {
        "Revenue": 2484285714.2857,
        "Revenue Growth": 0.135899719193495,
        "Cost of Revenue": 1776390977.4436,
        "Gross Profit": 707894736.8421,
        "R&D Expenses": 76240601.5038,
        "SG&A Expense": 312180451.1278,
        "Operating Expenses": 371654135.3383,
        "Operating Income": 336240601.5038,
        "Interest Expense": 0.0,
        "Earnings before Tax": 292932330.8271,
        "Income Tax Expense": 44812030.0752,
        "Net Income - Non-Controlling int": 7593984.9624,
        "Net Income - Discontinued ops": 0.0,
        "Net Income": 248120300.7519,
        "Preferred Dividends": 0.0,
        "Net Income Com": 248120300.7519,
        "EPS": 0.9323,
        "EPS Diluted": 0.9248,
        "Weighted Average Shs Out": 201307165.4135,
        "Weighted Average Shs Out (Dil)": 201307165.4135,
        "Dividend per Share": 0.2406,
        "Gross Margin": 0.2849,
        "EBITDA Margin": 0.1383,
        "EBIT Margin": 0.1179,
        "Profit Margin": 0.0752,
        "Free Cash Flow margin": 0.0589,
        "EBITDA": 456240601.5038,
        "EBIT": 292932330.8271,
        "Consolidated Income": 255714285.7143,
        "Earnings Before Tax Margin": 0.1179,
        "Net Profit Margin": 0.0999
    },
    "2018": {
        "Revenue": 2187064291.2471,
        "Revenue Growth": 0.0787738082912457,
        "Cost of Revenue": 1507048799.3803,
        "Gross Profit": 680015491.8668,
        "R&D Expenses": 89000774.5933,
        "SG&A Expense": 294965143.2998,
        "Operating Expenses": 354996127.0333,
        "Operating Income": 325019364.8335,
        "Interest Expense": 0.0,
        "Earnings before Tax": 291944229.2796,
        "Income Tax Expense": 23934934.1596,
        "Net Income - Non-Controlling int": 6738962.0449,
        "Net Income - Discontinued ops": 0.0,
        "Net Income": 268009295.1201,
        "Preferred Dividends": 0.0,
        "Net Income Com": 268009295.1201,
        "EPS": 0.9992,
        "EPS Diluted": 0.9915,
        "Weighted Average Shs Out": 207898701.7816,
        "Weighted Average Shs Out (Dil)": 207898701.7816,
        "Dividend per Share": 0.2115,
        "Gross Margin": 0.3109,
        "EBITDA Margin": 0.158,
        "EBIT Margin": 0.1335,
        "Profit Margin": 0.0953,
        "Free Cash Flow margin": 0.0741,
        "EBITDA": 446553059.6437,
        "EBIT": 291944229.2796,
        "Consolidated Income": 274748257.165,
        "Earnings Before Tax Margin": 0.1335,
        "Net Profit Margin": 0.1225
    },
    "2017": {
        "Revenue": 2027361319.3403,
        "Revenue Growth": 0.0489412222965979,
        "Cost of Revenue": 1419265367.3163,
        "Gross Profit": 608095952.024,
        "R&D Expenses": 83208395.8021,
        "SG&A Expense": 273163418.2909,
        "Operating Expenses": 373463268.3658,
        "Operating Income": 234632683.6582,
        "Interest Expense": 0.0,
        "Earnings before Tax": 214917541.2294,
        "Income Tax Expense": 26386806.5967,
        "Net Income - Non-Controlling int": 3823088.4558,
        "Net Income - Discontinued ops": 374812.5937,
        "Net Income": 188530734.6327,
        "Preferred Dividends": 0.0,
        "Net Income Com": 188530734.6327,
        "EPS": 0.7046,
        "EPS Diluted": 0.6972,
        "Weighted Average Shs Out": 202125049.4753,
        "Weighted Average Shs Out (Dil)": 202125049.4753,
        "Dividend per Share": 0.1799,
        "Gross Margin": 0.2999,
        "EBITDA Margin": 0.1379,
        "EBIT Margin": 0.106,
        "Profit Margin": 0.0697,
        "Free Cash Flow margin": 0.0917,
        "EBITDA": 373763118.4408,
        "EBIT": 214917541.2294,
        "Consolidated Income": 192353823.0885,
        "Earnings Before Tax Margin": 0.106,
        "Net Profit Margin": 0.093
    },
    "2016": {
        "Revenue": 1932769230.7692,
        "Revenue Growth": 0.0910169543762136,
        "Cost of Revenue": 1397461538.4615,
        "Gross Profit": 535307692.3077,
        "R&D Expenses": 67384615.3846,
        "SG&A Expense": 239615384.6154,
        "Operating Expenses": 310615384.6154,
        "Operating Income": 224692307.6923,
        "Interest Expense": 65153846.1538,
        "Earnings before Tax": 192384615.3846,
        "Income Tax Expense": 15692307.6923,
        "Net Income - Non-Controlling int": 461538.4615,
        "Net Income - Discontinued ops": 7384615.3846,
        "Net Income": 176692307.6923,
        "Preferred Dividends": 0.0,
        "Net Income Com": 176692307.6923,
        "EPS": 0.6538,
        "EPS Diluted": 0.6538,
        "Weighted Average Shs Out": 205310053.8462,
        "Weighted Average Shs Out (Dil)": 205310053.8462,
        "Dividend per Share": 0.1723,
        "Gross Margin": 0.277,
        "EBITDA Margin": 0.1692,
        "EBIT Margin": 0.1332,
        "Profit Margin": 0.07,
        "Free Cash Flow margin": 0.0915,
        "EBITDA": 425076923.0769,
        "EBIT": 257538461.5385,
        "Consolidated Income": 177153846.1538,
        "Earnings Before Tax Margin": 0.0995,
        "Net Profit Margin": 0.0914
    },
    "2015": {
        "Revenue": 1771529968.4543,
        "Revenue Growth": -0.0570710115450758,
        "Cost of Revenue": 1295425867.5079,
        "Gross Profit": 476104100.9464,
        "R&D Expenses": 50552050.4732,
        "SG&A Expense": 208675078.8644,
        "Operating Expenses": 243217665.6151,
        "Operating Income": 232886435.3312,
        "Interest Expense": 63643533.123,
        "Earnings before Tax": 204731861.1987,
        "Income Tax Expense": 45583596.2145,
        "Net Income - Non-Controlling int": 2287066.2461,
        "Net Income - Discontinued ops": -473186.1199,
        "Net Income": 159148264.9842,
        "Preferred Dividends": 0.0,
        "Net Income Com": 159148264.9842,
        "EPS": 0.5994,
        "EPS Diluted": 0.5994,
        "Weighted Average Shs Out": 208021642.7445,
        "Weighted Average Shs Out (Dil)": 208021642.7445,
        "Dividend per Share": 0.1853,
        "Gross Margin": 0.2688,
        "EBITDA Margin": 0.1861,
        "EBIT Margin": 0.1515,
        "Profit Margin": 0.071,
        "Free Cash Flow margin": 0.0588,
        "EBITDA": 417507886.4353,
        "EBIT": 268375394.3218,
        "Consolidated Income": 161435331.2303,
        "Earnings Before Tax Margin": 0.1156,
        "Net Profit Margin": 0.0898
    },
    "2014": {
        "Revenue": 1878752260.3978,
        "Revenue Growth": -0.0611777472363354,
        "Cost of Revenue": 1367811934.9005,
        "Gross Profit": 510940325.4973,
        "R&D Expenses": 61211573.2369,
        "SG&A Expense": 234448462.9295,
        "Operating Expenses": 276491862.5678,
        "Operating Income": 234448462.9295,
        "Interest Expense": 72784810.1266,
        "Earnings before Tax": 198010849.9096,
        "Income Tax Expense": 26220614.8282,
        "Net Income - Non-Controlling int": 994575.0452,
        "Net Income - Discontinued ops": -1537070.5244,
        "Net Income": 171790235.0814,
        "Preferred Dividends": 0.0,
        "Net Income Com": 171790235.0814,
        "EPS": 0.66,
        "EPS Diluted": 0.66,
        "Weighted Average Shs Out": 235062440.3255,
        "Weighted Average Shs Out (Dil)": 235062440.3255,
        "Dividend per Share": 0.1881,
        "Gross Margin": 0.272,
        "EBITDA Margin": 0.2016,
        "EBIT Margin": 0.1441,
        "Profit Margin": 0.0823,
        "Free Cash Flow margin": 0.0646,
        "EBITDA": 419620253.1646,
        "EBIT": 270795660.0362,
        "Consolidated Income": 172784810.1266,
        "Earnings Before Tax Margin": 0.1054,
        "Net Profit Margin": 0.0914
    },
    "2013": {
        "Revenue": 2001179941.0029,
        "Revenue Growth": 0.094429618514654,
        "Cost of Revenue": 1426155358.8987,
        "Gross Profit": 575024582.1042,
        "R&D Expenses": 59095378.5644,
        "SG&A Expense": 260078662.7335,
        "Operating Expenses": 364700098.3284,