{
    "2019": {
        "Revenue": 1361188000.0,
        "Revenue Growth": -0.09431165215725,
        "Cost of Revenue": 1138329000.0,
        "Gross Profit": 222859000.0,
        "R&D Expenses": 0.0,
        "SG&A Expense": 174795000.0,
        "Operating Expenses": 174795000.0,
        "Operating Income": 45781000.0,
        "Interest Expense": 644000.0,
        "Earnings before Tax": 70805000.0,
        "Income Tax Expense": 15743000.0,
        "Net Income - Non-Controlling int": 0.0,
        "Net Income - Discontinued ops": 0.0,
        "Net Income": 54229000.0,
        "Preferred Dividends": 0.0,
        "Net Income Com": 54229000.0,
        "EPS": 1.12,
        "EPS Diluted": 1.12,
        "Weighted Average Shs Out": 48467000.0,
        "Weighted Average Shs Out (Dil)": 48589000.0,
        "Dividend per Share": 0.858486488711,
        "Gross Margin": 0.163723894128,
        "EBITDA Margin": 0.0730751373065,
        "EBIT Margin": 0.0336331204801,
        "Profit Margin": 0.0398394637625,
        "Free Cash Flow margin": 0.0345991883561,
        "EBITDA": 99469000.0,
        "EBIT": 45781000.0,
        "Consolidated Income": 54229000.0,
        "Earnings Before Tax Margin": 0.0520170615668,
        "Net Profit Margin": 0.0398394637625
    },
    "2018": {
        "Revenue": 1502932000.0,
        "Revenue Growth": 0.398709927194925,
        "Cost of Revenue": 1141886000.0,
        "Gross Profit": 361046000.0,
        "R&D Expenses": 0.0,
        "SG&A Expense": 177148000.0,
        "Operating Expenses": 177148000.0,
        "Operating Income": 102675000.0,
        "Interest Expense": 265000.0,
        "Earnings before Tax": 117337000.0,
        "Income Tax Expense": -8859000.0,
        "Net Income - Non-Controlling int": 0.0,
        "Net Income - Discontinued ops": 0.0,
        "Net Income": 125932000.0,
        "Preferred Dividends": 0.0,
        "Net Income Com": 125932000.0,
        "EPS": 2.6,
        "EPS Diluted": 2.6,
        "Weighted Average Shs Out": 48353000.0,
        "Weighted Average Shs Out (Dil)": 48468000.0,
        "Dividend per Share": 0.0,
        "Gross Margin": 0.240227768123,
        "EBITDA Margin": 0.103145717837,
        "EBIT Margin": 0.0683164640849,
        "Profit Margin": 0.0837908834199,
        "Free Cash Flow margin": 0.120260929969,
        "EBITDA": 155021000.0,
        "EBIT": 102675000.0,
        "Consolidated Income": 125932000.0,
        "Earnings Before Tax Margin": 0.0780720618098,
        "Net Profit Margin": 0.0837908834199
    },
    "2017": {
        "Revenue": 1074513000.0,
        "Revenue Growth": -0.437029837843502,
        "Cost of Revenue": 1028963000.0,
        "Gross Profit": 45550000.0,
        "R&D Expenses": 0.0,
        "SG&A Expense": 173980000.0,
        "Operating Expenses": 173980000.0,
        "Operating Income": -132094000.0,
        "Interest Expense": 318000.0,
        "Earnings before Tax": -114294000.0,
        "Income Tax Expense": -39867000.0,
        "Net Income - Non-Controlling int": 0.0,
        "Net Income - Discontinued ops": 0.0,
        "Net Income": -74278000.0,
        "Preferred Dividends": 0.0,
        "Net Income Com": -74278000.0,
        "EPS": -1.54,
        "EPS Diluted": -1.54,
        "Weighted Average Shs Out": 48362000.0,
        "Weighted Average Shs Out (Dil)": 48362000.0,
        "Dividend per Share": 0.0,
        "Gross Margin": 0.0423912972668,
        "EBITDA Margin": -0.0772266133588,
        "EBIT Margin": -0.122933831419,
        "Profit Margin": -0.0691271301511,
        "Free Cash Flow margin": -0.107930755607,
        "EBITDA": -82981000.0,
        "EBIT": -132094000.0,
        "Consolidated Income": -74278000.0,
        "Earnings Before Tax Margin": -0.106368187263,
        "Net Profit Margin": -0.0691271301511
    },
    "2016": {
        "Revenue": 1908650000.0,
        "Revenue Growth": 0.210973981808584,
        "Cost of Revenue": 1260576000.0,
        "Gross Profit": 648074000.0,
        "R&D Expenses": 0.0,
        "SG&A Expense": 177760000.0,
        "Operating Expenses": 177760000.0,
        "Operating Income": 470314000.0,
        "Interest Expense": 1156000.0,
        "Earnings before Tax": 487249000.0,
        "Income Tax Expense": 169202000.0,
        "Net Income - Non-Controlling int": 0.0,
        "Net Income - Discontinued ops": 0.0,
        "Net Income": 316041000.0,
        "Preferred Dividends": 0.0,
        "Net Income Com": 316041000.0,
        "EPS": 6.56,
        "EPS Diluted": 6.53,
        "Weighted Average Shs Out": 48195000.0,
        "Weighted Average Shs Out (Dil)": 48365000.0,
        "Dividend per Share": 2.50060994521,
        "Gross Margin": 0.339545752233,
        "EBITDA Margin": 0.269774971839,
        "EBIT Margin": 0.246411861787,
        "Profit Margin": 0.165583527624,
        "Free Cash Flow margin": 0.160172373143,
        "EBITDA": 514906000.0,
        "EBIT": 470314000.0,
        "Consolidated Income": 316041000.0,
        "Earnings Before Tax Margin": 0.255284625259,
        "Net Profit Margin": 0.165583527624
    },
    "2015": {
        "Revenue": 1576128000.0,
        "Revenue Growth": 0.093844363307278,
        "Cost of Revenue": 1180407000.0,
        "Gross Profit": 395721000.0,
        "R&D Expenses": 0.0,
        "SG&A Expense": 160386000.0,
        "Operating Expenses": 160386000.0,
        "Operating Income": 235335000.0,
        "Interest Expense": 2313000.0,
        "Earnings before Tax": 246549000.0,
        "Income Tax Expense": 84268000.0,
        "Net Income - Non-Controlling int": 0.0,
        "Net Income - Discontinued ops": 0.0,
        "Net Income": 161254000.0,
        "Preferred Dividends": 0.0,
        "Net Income Com": 161254000.0,
        "EPS": 3.35,
        "EPS Diluted": 3.33,
        "Weighted Average Shs Out": 48136000.0,
        "Weighted Average Shs Out (Dil)": 48437000.0,
        "Dividend per Share": 1.00976526209,
        "Gross Margin": 0.251071613473,
        "EBITDA Margin": 0.175139963252,
        "EBIT Margin": 0.149312111707,
        "Profit Margin": 0.102310218459,
        "Free Cash Flow margin": 0.0717371939335,
        "EBITDA": 276043000.0,
        "EBIT": 235335000.0,
        "Consolidated Income": 161254000.0,
        "Earnings Before Tax Margin": 0.15642701608,
        "Net Profit Margin": 0.102310218459
    },
    "2014": {
        "Revenue": 1440907000.0,
        "Revenue Growth": 0.118626291044822,
        "Cost of Revenue": 1138143000.0,
        "Gross Profit": 302764000.0,
        "R&D Expenses": 0.0,
        "SG&A Expense": 156712000.0,
        "Operating Expenses": 156712000.0,
        "Operating Income": 146052000.0,
        "Interest Expense": 3755000.0,
        "Earnings before Tax": 161842000.0,
        "Income Tax Expense": 52035000.0,
        "Net Income - Non-Controlling int": 0.0,
        "Net Income - Discontinued ops": 0.0,
        "Net Income": 109207000.0,
        "Preferred Dividends": 0.0,
        "Net Income Com": 109207000.0,
        "EPS": 4.54,
        "EPS Diluted": 4.52,
        "Weighted Average Shs Out": 24047000.0,
        "Weighted Average Shs Out (Dil)": 24148000.0,
        "Dividend per Share": 1.01598476064,
        "Gross Margin": 0.21012043109,
        "EBITDA Margin": 0.127180310735,
        "EBIT Margin": 0.101361156549,
        "Profit Margin": 0.075790456983,
        "Free Cash Flow margin": 0.0449244815939,
        "EBITDA": 183255000.0,
        "EBIT": 146052000.0,
        "Consolidated Income": 109207000.0,
        "Earnings Before Tax Margin": 0.112319532073,
        "Net Profit Margin": 0.075790456983
    },
    "2013": {
        "Revenue": 1288104000.0,
        "Revenue Growth": 0.157205538326643,
        "Cost of Revenue": 1073555000.0,
        "Gross Profit": 214549000.0,
        "R&D Expenses": 0.0,
        "SG&A Expense": 126956000.0,
        "Operating Expenses": 126956000.0,
        "Operating Income": 59593000.0,
        "Interest Expense": 4488000.0,
        "Earnings before Tax": 75568000.0,