{
    "2018": {
        "Revenue": 662127000.0,
        "Revenue Growth": 0.0572683637199766,
        "Cost of Revenue": 92367000.0,
        "Gross Profit": 569760000.0,
        "R&D Expenses": 0.0,
        "SG&A Expense": 292568000.0,
        "Operating Expenses": 578203000.0,
        "Operating Income": 83924000.0,
        "Interest Expense": 0.0,
        "Earnings before Tax": 56929000.0,
        "Income Tax Expense": 18120000.0,
        "Net Income - Non-Controlling int": 0.0,
        "Net Income - Discontinued ops": 0.0,
        "Net Income": 38809000.0,
        "Preferred Dividends": 0.0,
        "Net Income Com": 38809000.0,
        "EPS": 0.55,
        "EPS Diluted": 0.55,
        "Weighted Average Shs Out": 70318000.0,
        "Weighted Average Shs Out (Dil)": 70547000.0,
        "Dividend per Share": 0.0,
        "Gross Margin": 0.860499571834,
        "EBITDA Margin": 0.323564814605,
        "EBIT Margin": 0.126749097983,
        "Profit Margin": 0.058612622654,
        "Free Cash Flow margin": 0.225508097389,
        "EBITDA": 214241000.0,
        "EBIT": 83924000.0,
        "Consolidated Income": 38809000.0,
        "Earnings Before Tax Margin": 0.0859789738222,
        "Net Profit Margin": 0.058612622654
    },
    "2017": {
        "Revenue": 626262000.0,
        "Revenue Growth": -0.010810196080909,
        "Cost of Revenue": 65541000.0,
        "Gross Profit": 560721000.0,
        "R&D Expenses": 0.0,
        "SG&A Expense": 254716000.0,
        "Operating Expenses": 492006000.0,
        "Operating Income": 134256000.0,
        "Interest Expense": 0.0,
        "Earnings before Tax": 122162000.0,
        "Income Tax Expense": -102281000.0,
        "Net Income - Non-Controlling int": 0.0,
        "Net Income - Discontinued ops": 0.0,
        "Net Income": 224443000.0,
        "Preferred Dividends": 0.0,
        "Net Income Com": 224443000.0,
        "EPS": 3.13,
        "EPS Diluted": 3.13,
        "Weighted Average Shs Out": 71661000.0,
        "Weighted Average Shs Out (Dil)": 71727000.0,
        "Dividend per Share": 0.0,
        "Gross Margin": 0.895345717926,
        "EBITDA Margin": 0.397445478091,
        "EBIT Margin": 0.214376730506,
        "Profit Margin": 0.358385148708,
        "Free Cash Flow margin": 0.244554196167,
        "EBITDA": 248905000.0,
        "EBIT": 134256000.0,
        "Consolidated Income": 224443000.0,
        "Earnings Before Tax Margin": 0.195065324098,
        "Net Profit Margin": 0.358385148708
    },
    "2016": {
        "Revenue": 633106000.0,
        "Revenue Growth": 0.0613501869205881,
        "Cost of Revenue": 56794000.0,
        "Gross Profit": 576312000.0,
        "R&D Expenses": 73070000.0,
        "SG&A Expense": 234957000.0,
        "Operating Expenses": 399662000.0,
        "Operating Income": 176650000.0,
        "Interest Expense": -94000.0,
        "Earnings before Tax": 176958000.0,
        "Income Tax Expense": 588000.0,
        "Net Income - Non-Controlling int": 0.0,
        "Net Income - Discontinued ops": 0.0,
        "Net Income": 176370000.0,
        "Preferred Dividends": 0.0,
        "Net Income Com": 176370000.0,
        "EPS": 2.46,
        "EPS Diluted": 2.46,
        "Weighted Average Shs Out": 71589655.0,
        "Weighted Average Shs Out (Dil)": 71588000.0,
        "Dividend per Share": 0.0,
        "Gross Margin": 0.9103,
        "EBITDA Margin": 0.411,
        "EBIT Margin": 0.2794,
        "Profit Margin": 0.279,
        "Free Cash Flow margin": 0.2993,
        "EBITDA": 259970000.0,
        "EBIT": 176864000.0,
        "Consolidated Income": 176370000.0,
        "Earnings Before Tax Margin": 0.2795,
        "Net Profit Margin": 0.2786
    },
    "2015": {
        "Revenue": 596510000.0,
        "Revenue Growth": NaN,
        "Cost of Revenue": 46462000.0,
        "Gross Profit": 550048000.0,
        "R&D Expenses": 70228000.0,
        "SG&A Expense": 234543000.0,
        "Operating Expenses": 392315000.0,
        "Operating Income": 157733000.0,
        "Interest Expense": -4000.0,
        "Earnings before Tax": 157838000.0,
        "Income Tax Expense": 0.0,
        "Net Income - Non-Controlling int": 0.0,
        "Net Income - Discontinued ops": 0.0,
        "Net Income": 157838000.0,
        "Preferred Dividends": 0.0,
        "Net Income Com": 157838000.0,
        "EPS": 2.2,
        "EPS Diluted": 2.2,
        "Weighted Average Shs Out": 71589655.0,
        "Weighted Average Shs Out (Dil)": 71588000.0,
        "Dividend per Share": 0.0,
        "Gross Margin": 0.9221,
        "EBITDA Margin": 0.4,
        "EBIT Margin": 0.2646,
        "Profit Margin": 0.265,
        "Free Cash Flow margin": 0.3034,
        "EBITDA": 238652000.0,
        "EBIT": 157834000.0,
        "Consolidated Income": 157838000.0,
        "Earnings Before Tax Margin": 0.2646,
        "Net Profit Margin": 0.2646
    }
}