{
    "2018": {
        "Revenue": 21340088000.0,
        "Revenue Growth": 0.501806946398521,
        "Cost of Revenue": 16901200000.0,
        "Gross Profit": 4438888000.0,
        "R&D Expenses": 0.0,
        "SG&A Expense": 0.0,
        "Operating Expenses": 3365773000.0,
        "Operating Income": 1087989000.0,
        "Interest Expense": 107270000.0,
        "Earnings before Tax": 1379006000.0,
        "Income Tax Expense": 313058000.0,
        "Net Income - Non-Controlling int": 0.0,
        "Net Income - Discontinued ops": 0.0,
        "Net Income": 1063219000.0,
        "Preferred Dividends": 0.0,
        "Net Income Com": 1063219000.0,
        "EPS": 3.13,
        "EPS Diluted": 3.1,
        "Weighted Average Shs Out": 339321056.0,
        "Weighted Average Shs Out (Dil)": 343122741.0,
        "Dividend per Share": 0.0,
        "Gross Margin": 0.208007014779,
        "EBITDA Margin": 0.0738118793137,
        "EBIT Margin": 0.0509833417744,
        "Profit Margin": 0.0498226155394,
        "Free Cash Flow margin": 0.0423356267322,
        "EBITDA": 1575152000.0,
        "EBIT": 1087989000.0,
        "Consolidated Income": 1063219000.0,
        "Earnings Before Tax Margin": 0.0646204458013,
        "Net Profit Margin": 0.0498226155394
    },
    "2017": {
        "Revenue": 14209608000.0,
        "Revenue Growth": 0.0870604943285778,
        "Cost of Revenue": 10299340000.0,
        "Gross Profit": 3910268000.0,
        "R&D Expenses": 0.0,
        "SG&A Expense": 0.0,
        "Operating Expenses": 2858654000.0,
        "Operating Income": 1071442000.0,
        "Interest Expense": 136814000.0,
        "Earnings before Tax": 1164093000.0,
        "Income Tax Expense": 466147000.0,
        "Net Income - Non-Controlling int": 0.0,
        "Net Income - Discontinued ops": 0.0,
        "Net Income": 691479000.0,
        "Preferred Dividends": 0.0,
        "Net Income Com": 691479000.0,
        "EPS": 2.05,
        "EPS Diluted": 2.03,
        "Weighted Average Shs Out": 337658017.0,
        "Weighted Average Shs Out (Dil)": 340783556.0,
        "Dividend per Share": 0.0,
        "Gross Margin": 0.27518479046,
        "EBITDA Margin": 0.10474173531,
        "EBIT Margin": 0.0754026430567,
        "Profit Margin": 0.0486627780302,
        "Free Cash Flow margin": 0.037472040045,
        "EBITDA": 1488339000.0,
        "EBIT": 1071442000.0,
        "Consolidated Income": 691479000.0,
        "Earnings Before Tax Margin": 0.0819229495986,
        "Net Profit Margin": 0.0486627780302
    },
    "2016": {
        "Revenue": 13071589000.0,
        "Revenue Growth": 0.204109965078608,
        "Cost of Revenue": 9305632000.0,
        "Gross Profit": 3765957000.0,
        "R&D Expenses": 0.0,
        "SG&A Expense": 0.0,
        "Operating Expenses": 2966332000.0,
        "Operating Income": 815487000.0,
        "Interest Expense": 144851000.0,
        "Earnings before Tax": 880726000.0,
        "Income Tax Expense": 296662000.0,
        "Net Income - Non-Controlling int": 0.0,
        "Net Income - Discontinued ops": 0.0,
        "Net Income": 571973000.0,
        "Preferred Dividends": 0.0,
        "Net Income Com": 571973000.0,
        "EPS": 1.71,
        "EPS Diluted": 1.69,
        "Weighted Average Shs Out": 335414831.0,
        "Weighted Average Shs Out (Dil)": 338424563.0,
        "Dividend per Share": 0.0,
        "Gross Margin": 0.288102464054,
        "EBITDA Margin": 0.0912933385528,
        "EBIT Margin": 0.0623862179265,
        "Profit Margin": 0.0437569602288,
        "Free Cash Flow margin": 0.0198223796663,
        "EBITDA": 1193349000.0,
        "EBIT": 815487000.0,
        "Consolidated Income": 571973000.0,
        "Earnings Before Tax Margin": 0.0673771184207,
        "Net Profit Margin": 0.0437569602288
    },
    "2015": {
        "Revenue": 10855810000.0,
        "Revenue Growth": 0.199547885406255,
        "Cost of Revenue": 7214304000.0,
        "Gross Profit": 3641506000.0,
        "R&D Expenses": 0.0,
        "SG&A Expense": 0.0,
        "Operating Expenses": 2816333000.0,
        "Operating Income": 835944000.0,
        "Interest Expense": 118880000.0,
        "Earnings before Tax": 879730000.0,
        "Income Tax Expense": 320853000.0,
        "Net Income - Non-Controlling int": 0.0,
        "Net Income - Discontinued ops": 0.0,
        "Net Income": 547132000.0,
        "Preferred Dividends": 0.0,
        "Net Income Com": 547132000.0,
        "EPS": 1.64,
        "EPS Diluted": 1.63,
        "Weighted Average Shs Out": 332616301.0,
        "Weighted Average Shs Out (Dil)": 336414856.0,
        "Dividend per Share": 0.0,
        "Gross Margin": 0.335443048469,
        "EBITDA Margin": 0.107071789208,
        "EBIT Margin": 0.0770042953957,
        "Profit Margin": 0.0503999240959,
        "Free Cash Flow margin": 0.0472035711753,
        "EBITDA": 1162351000.0,
        "EBIT": 835944000.0,
        "Consolidated Income": 547132000.0,
        "Earnings Before Tax Margin": 0.0810377116033,
        "Net Profit Margin": 0.0503999240959
    },
    "2014": {
        "Revenue": 9049918000.0,
        "Revenue Growth": 0.259593246514792,
        "Cost of Revenue": 5726223000.0,
        "Gross Profit": 3323695000.0,
        "R&D Expenses": 0.0,
        "SG&A Expense": 0.0,
        "Operating Expenses": 2589100000.0,
        "Operating Income": 792254000.0,
        "Interest Expense": 112035000.0,
        "Earnings before Tax": 777262000.0,
        "Income Tax Expense": 263759000.0,
        "Net Income - Non-Controlling int": 0.0,
        "Net Income - Discontinued ops": 0.0,
        "Net Income": 484503000.0,
        "Preferred Dividends": 0.0,
        "Net Income Com": 484503000.0,
        "EPS": 1.47,
        "EPS Diluted": 1.45,
        "Weighted Average Shs Out": 330620206.0,
        "Weighted Average Shs Out (Dil)": 334171509.0,
        "Dividend per Share": 0.0,
        "Gross Margin": 0.367262443704,
        "EBITDA Margin": 0.118289469584,
        "EBIT Margin": 0.0875426716574,
        "Profit Margin": 0.0535367281781,
        "Free Cash Flow margin": 0.0542035850491,
        "EBITDA": 1070510000.0,
        "EBIT": 792254000.0,
        "Consolidated Income": 484503000.0,
        "Earnings Before Tax Margin": 0.0858860820617,
        "Net Profit Margin": 0.0535367281781
    },
    "2013": {
        "Revenue": 7184794000.0,
        "Revenue Growth": 0.102960516872709,
        "Cost of Revenue": 4337086000.0,
        "Gross Profit": 2847708000.0,
        "R&D Expenses": 0.0,
        "SG&A Expense": 0.0,
        "Operating Expenses": 2245132000.0,
        "Operating Income": 616128000.0,
        "Interest Expense": 135082000.0,
        "Earnings before Tax": 321798000.0,
        "Income Tax Expense": 187187000.0,
        "Net Income - Non-Controlling int": 0.0,
        "Net Income - Discontinued ops": 0.0,
        "Net Income": 316538000.0,
        "Preferred Dividends": 0.0,
        "Net Income Com": 316538000.0,
        "EPS": 0.96,
        "EPS Diluted": 0.95,
        "Weighted Average Shs Out": 328110004.0,
        "Weighted Average Shs Out (Dil)": 331762854.0,
        "Dividend per Share": 0.0,
        "Gross Margin": 0.39635207356,
        "EBITDA Margin": 0.117713326228,
        "EBIT Margin": 0.0857544419506,
        "Profit Margin": 0.0440566563217,
        "Free Cash Flow margin": 0.0819438942856,
        "EBITDA": 845746000.0,
        "EBIT": 616128000.0,
        "Consolidated Income": 316538000.0,
        "Earnings Before Tax Margin": 0.0447887580354,
        "Net Profit Margin": 0.0440566563217
    },
    "2012": {
        "Revenue": 6514099000.0,
        "Revenue Growth": 0.103072927523588,
        "Cost of Revenue": 3830368000.0,
        "Gross Profit": 2683731000.0,
        "R&D Expenses": 0.0,
        "SG&A Expense": 0.0,
        "Operating Expenses": 2104531000.0,
        "Operating Income": 585081000.0,
        "Interest Expense": 175068000.0,
        "Earnings before Tax": 304156000.0,