{
    "2018": {
        "Revenue": 5423000000.0,
        "Revenue Growth": 0.2450623966131,
        "Cost of Revenue": 3428000000.0,
        "Gross Profit": 1995000000.0,
        "R&D Expenses": 0.0,
        "SG&A Expense": 563000000.0,
        "Operating Expenses": 563000000.0,
        "Operating Income": 1432000000.0,
        "Interest Expense": 0.0,
        "Earnings before Tax": 690000000.0,
        "Income Tax Expense": -19000000.0,
        "Net Income - Non-Controlling int": 0.0,
        "Net Income - Discontinued ops": 0.0,
        "Net Income": 558000000.0,
        "Preferred Dividends": -113000000.0,
        "Net Income Com": 558000000.0,
        "EPS": 1.35,
        "EPS Diluted": 1.34,
        "Weighted Average Shs Out": 413000000.0,
        "Weighted Average Shs Out (Dil)": 415000000.0,
        "Dividend per Share": 4.29397590361,
        "Gross Margin": 0.367877558547,
        "EBITDA Margin": 0.547114143463,
        "EBIT Margin": 0.264060483127,
        "Profit Margin": 0.102895076526,
        "Free Cash Flow margin": 0.140328231606,
        "EBITDA": 2967000000.0,
        "EBIT": 1432000000.0,
        "Consolidated Income": 558000000.0,
        "Earnings Before Tax Margin": 0.127235847317,
        "Net Profit Margin": 0.102895076526
    },
    "2017": {
        "Revenue": 4355605000.0,
        "Revenue Growth": 0.110776606800171,
        "Cost of Revenue": 2884862000.0,
        "Gross Profit": 1470743000.0,
        "R&D Expenses": 0.0,
        "SG&A Expense": 426698000.0,
        "Operating Expenses": 426698000.0,
        "Operating Income": 1044045000.0,
        "Interest Expense": 0.0,
        "Earnings before Tax": 470593000.0,
        "Income Tax Expense": 26043000.0,
        "Net Income - Non-Controlling int": 0.0,
        "Net Income - Discontinued ops": 0.0,
        "Net Income": 444550000.0,
        "Preferred Dividends": 58294000.0,
        "Net Income Com": 444550000.0,
        "EPS": 1.01,
        "EPS Diluted": 1.01,
        "Weighted Average Shs Out": 381740000.0,
        "Weighted Average Shs Out (Dil)": 383221000.0,
        "Dividend per Share": 3.9369058585,
        "Gross Margin": 0.337666753528,
        "EBITDA Margin": 0.527095776591,
        "EBIT Margin": 0.239701488083,
        "Profit Margin": 0.102063892387,
        "Free Cash Flow margin": 0.187371214791,
        "EBITDA": 2295821000.0,
        "EBIT": 1044045000.0,
        "Consolidated Income": 444550000.0,
        "Earnings Before Tax Margin": 0.108043084715,
        "Net Profit Margin": 0.102063892387
    },
    "2016": {
        "Revenue": 3921225000.0,
        "Revenue Growth": 0.0702468522873883,
        "Cost of Revenue": 2600978000.0,
        "Gross Profit": 1320247000.0,
        "R&D Expenses": 0.0,
        "SG&A Expense": 371031000.0,
        "Operating Expenses": 371031000.0,
        "Operating Income": 949216000.0,
        "Interest Expense": 0.0,
        "Earnings before Tax": 373854000.0,
        "Income Tax Expense": 16881000.0,
        "Net Income - Non-Controlling int": 0.0,
        "Net Income - Discontinued ops": 0.0,
        "Net Income": 356973000.0,
        "Preferred Dividends": 32991000.0,
        "Net Income Com": 356973000.0,
        "EPS": 0.95,
        "EPS Diluted": 0.95,
        "Weighted Average Shs Out": 340349000.0,
        "Weighted Average Shs Out (Dil)": 340879000.0,
        "Dividend per Share": 3.63518433227,
        "Gross Margin": 0.336692487679,
        "EBITDA Margin": 0.528431803837,
        "EBIT Margin": 0.242071291497,
        "Profit Margin": 0.0910360920376,
        "Free Cash Flow margin": 0.231657453984,
        "EBITDA": 2072100000.0,
        "EBIT": 949216000.0,
        "Consolidated Income": 356973000.0,
        "Earnings Before Tax Margin": 0.095341124266,
        "Net Profit Margin": 0.0910360920376
    },
    "2015": {
        "Revenue": 3663851000.0,
        "Revenue Growth": -0.00705523534073158,
        "Cost of Revenue": 2406750000.0,
        "Gross Profit": 1257101000.0,
        "R&D Expenses": 0.0,
        "SG&A Expense": 310921000.0,
        "Operating Expenses": 310921000.0,
        "Operating Income": 946180000.0,
        "Interest Expense": 18725000.0,
        "Earnings before Tax": 473829000.0,
        "Income Tax Expense": -51457000.0,
        "Net Income - Non-Controlling int": 0.0,
        "Net Income - Discontinued ops": 0.0,
        "Net Income": 1520992000.0,
        "Preferred Dividends": 43988000.0,
        "Net Income Com": 1520992000.0,
        "EPS": 4.44,
        "EPS Diluted": 4.42,
        "Weighted Average Shs Out": 333002000.0,
        "Weighted Average Shs Out (Dil)": 334062000.0,
        "Dividend per Share": 3.34202633044,
        "Gross Margin": 0.34310920395,
        "EBITDA Margin": 0.551191628699,
        "EBIT Margin": 0.258247401436,
        "Profit Margin": 0.415134785776,
        "Free Cash Flow margin": 0.241585424735,
        "EBITDA": 2019484000.0,
        "EBIT": 946180000.0,
        "Consolidated Income": 1520992000.0,
        "Earnings Before Tax Margin": 0.12932540106,
        "Net Profit Margin": 0.415134785776
    },
    "2014": {
        "Revenue": 3689884000.0,
        "Revenue Growth": 0.220852148502639,
        "Cost of Revenue": 2413612000.0,
        "Gross Profit": 1276272000.0,
        "R&D Expenses": 0.0,
        "SG&A Expense": 282696000.0,
        "Operating Expenses": 282696000.0,
        "Operating Income": 993576000.0,
        "Interest Expense": 63148000.0,
        "Earnings before Tax": 388134000.0,
        "Income Tax Expense": -10640000.0,
        "Net Income - Non-Controlling int": 0.0,
        "Net Income - Discontinued ops": 0.0,
        "Net Income": 390513000.0,
        "Preferred Dividends": 43988000.0,
        "Net Income Com": 390513000.0,
        "EPS": 1.04,
        "EPS Diluted": 1.04,
        "Weighted Average Shs Out": 332302000.0,
        "Weighted Average Shs Out (Dil)": 333265000.0,
        "Dividend per Share": 1.87327502138,
        "Gross Margin": 0.345884044051,
        "EBITDA Margin": 0.565734315767,
        "EBIT Margin": 0.269270253482,
        "Profit Margin": 0.105833408313,
        "Free Cash Flow margin": 0.24013031304,
        "EBITDA": 2087494000.0,
        "EBIT": 993576000.0,
        "Consolidated Income": 390513000.0,
        "Earnings Before Tax Margin": 0.105188672598,
        "Net Profit Margin": 0.105833408313
    },
    "2013": {
        "Revenue": 3022384000.0,
        "Revenue Growth": 0.242409194797507,
        "Cost of Revenue": 1861879000.0,
        "Gross Profit": 1160505000.0,
        "R&D Expenses": 0.0,
        "SG&A Expense": 238702000.0,
        "Operating Expenses": 238702000.0,
        "Operating Income": 921803000.0,
        "Interest Expense": 64928000.0,
        "Earnings before Tax": 292529000.0,
        "Income Tax Expense": 198628000.0,
        "Net Income - Non-Controlling int": 0.0,
        "Net Income - Discontinued ops": 0.0,
        "Net Income": 90111000.0,
        "Preferred Dividends": 11363000.0,
        "Net Income Com": 90111000.0,
        "EPS": 0.26,
        "EPS Diluted": 0.26,
        "Weighted Average Shs Out": 298083000.0,
        "Weighted Average Shs Out (Dil)": 299293000.0,
        "Dividend per Share": 0.0,
        "Gross Margin": 0.383970071308,
        "EBITDA Margin": 0.593989049704,
        "EBIT Margin": 0.304992019545,
        "Profit Margin": 0.0298145437509,
        "Free Cash Flow margin": 0.221628356953,
        "EBITDA": 1795263000.0,
        "EBIT": 921803000.0,
        "Consolidated Income": 90111000.0,
        "Earnings Before Tax Margin": 0.0967875028454,
        "Net Profit Margin": 0.0298145437509
    },
    "2012": {
        "Revenue": 2432680000.0,
        "Revenue Growth": 0.196755691486666,
        "Cost of Revenue": 1385427000.0,
        "Gross Profit": 1047253000.0,
        "R&D Expenses": 0.0,
        "SG&A Expense": 212572000.0,
        "Operating Expenses": 212572000.0,
        "Operating Income": 834681000.0,