{
    "2018": {
        "Revenue": 15281000000.0,
        "Revenue Growth": 0.17519034069061,
        "Cost of Revenue": 1167000000.0,
        "Gross Profit": 14114000000.0,
        "R&D Expenses": 5673000000.0,
        "SG&A Expense": 3250000000.0,
        "Operating Expenses": 8923000000.0,
        "Operating Income": 5191000000.0,
        "Interest Expense": 741000000.0,
        "Earnings before Tax": 4832000000.0,
        "Income Tax Expense": 786000000.0,
        "Net Income - Non-Controlling int": 0.0,
        "Net Income - Discontinued ops": 0.0,
        "Net Income": 4046000000.0,
        "Preferred Dividends": 0.0,
        "Net Income Com": 4046000000.0,
        "EPS": 5.65,
        "EPS Diluted": 5.51,
        "Weighted Average Shs Out": 716300000.0,
        "Weighted Average Shs Out (Dil)": 733800000.0,
        "Dividend per Share": 0.0,
        "Gross Margin": 0.923630652444,
        "EBITDA Margin": 0.381257771088,
        "EBIT Margin": 0.339702899025,
        "Profit Margin": 0.264773247824,
        "Free Cash Flow margin": 0.316798638833,
        "EBITDA": 5826000000.0,
        "EBIT": 5191000000.0,
        "Consolidated Income": 4046000000.0,
        "Earnings Before Tax Margin": 0.316209672142,
        "Net Profit Margin": 0.264773247824
    },
    "2017": {
        "Revenue": 13003000000.0,
        "Revenue Growth": 0.157963167456275,
        "Cost of Revenue": -560000000.0,
        "Gross Profit": 13563000000.0,
        "R&D Expenses": 5915000000.0,
        "SG&A Expense": 2941000000.0,
        "Operating Expenses": 8856000000.0,
        "Operating Income": 4707000000.0,
        "Interest Expense": 522000000.0,
        "Earnings before Tax": 4314000000.0,
        "Income Tax Expense": 1374000000.0,
        "Net Income - Non-Controlling int": 0.0,
        "Net Income - Discontinued ops": 0.0,
        "Net Income": 2940000000.0,
        "Preferred Dividends": 0.0,
        "Net Income Com": 2940000000.0,
        "EPS": 3.77,
        "EPS Diluted": 3.64,
        "Weighted Average Shs Out": 779200000.0,
        "Weighted Average Shs Out (Dil)": 808700000.0,
        "Dividend per Share": 0.0,
        "Gross Margin": 1.04306698454,
        "EBITDA Margin": 0.398215796355,
        "EBIT Margin": 0.361993386142,
        "Profit Margin": 0.226101668846,
        "Free Cash Flow margin": 0.381988771822,
        "EBITDA": 5178000000.0,
        "EBIT": 4707000000.0,
        "Consolidated Income": 2940000000.0,
        "Earnings Before Tax Margin": 0.331769591633,
        "Net Profit Margin": 0.226101668846
    },
    "2016": {
        "Revenue": 11229200000.0,
        "Revenue Growth": 0.213180639585134,
        "Cost of Revenue": 934800000.0,
        "Gross Profit": 10294400000.0,
        "R&D Expenses": 4470100000.0,
        "SG&A Expense": 2657700000.0,
        "Operating Expenses": 7127800000.0,
        "Operating Income": 3166600000.0,
        "Interest Expense": 500100000.0,
        "Earnings before Tax": 2372500000.0,
        "Income Tax Expense": 373300000.0,
        "Net Income - Non-Controlling int": 0.0,
        "Net Income - Discontinued ops": 0.0,
        "Net Income": 1999200000.0,
        "Preferred Dividends": 0.0,
        "Net Income Com": 1999200000.0,
        "EPS": 2.57,
        "EPS Diluted": 2.49,
        "Weighted Average Shs Out": 777200000.0,
        "Weighted Average Shs Out (Dil)": 803300000.0,
        "Dividend per Share": 0.0,
        "Gross Margin": 0.916752751754,
        "EBITDA Margin": 0.326942257685,
        "EBIT Margin": 0.281996936558,
        "Profit Margin": 0.178035835144,
        "Free Cash Flow margin": 0.333069141168,
        "EBITDA": 3671300000.0,
        "EBIT": 3166600000.0,
        "Consolidated Income": 1999200000.0,
        "Earnings Before Tax Margin": 0.211279521248,
        "Net Profit Margin": 0.178035835144
    },
    "2015": {
        "Revenue": 9256000000.0,
        "Revenue Growth": 0.206716729244889,
        "Cost of Revenue": 998700000.0,
        "Gross Profit": 8257300000.0,
        "R&D Expenses": 3697300000.0,
        "SG&A Expense": 2305400000.0,
        "Operating Expenses": 6002700000.0,
        "Operating Income": 2254600000.0,
        "Interest Expense": 310600000.0,
        "Earnings before Tax": 2023500000.0,
        "Income Tax Expense": 421500000.0,
        "Net Income - Non-Controlling int": 0.0,
        "Net Income - Discontinued ops": 0.0,
        "Net Income": 1602000000.0,
        "Preferred Dividends": 0.0,
        "Net Income Com": 1602000000.0,
        "EPS": 2.02,
        "EPS Diluted": 1.94,
        "Weighted Average Shs Out": 792200000.0,
        "Weighted Average Shs Out (Dil)": 824900000.0,
        "Dividend per Share": 0.0,
        "Gross Margin": 0.892102420052,
        "EBITDA Margin": 0.287759291271,
        "EBIT Margin": 0.243582541054,
        "Profit Margin": 0.173076923077,
        "Free Cash Flow margin": 0.237424373379,
        "EBITDA": 2663500000.0,
        "EBIT": 2254600000.0,
        "Consolidated Income": 1602000000.0,
        "Earnings Before Tax Margin": 0.218614952463,
        "Net Profit Margin": 0.173076923077
    },
    "2014": {
        "Revenue": 7670400000.0,
        "Revenue Growth": 0.181170021096722,
        "Cost of Revenue": 692900000.0,
        "Gross Profit": 6977500000.0,
        "R&D Expenses": 2430600000.0,
        "SG&A Expense": 2027900000.0,
        "Operating Expenses": 4458500000.0,
        "Operating Income": 2519000000.0,
        "Interest Expense": 176100000.0,
        "Earnings before Tax": 2327400000.0,
        "Income Tax Expense": 327500000.0,
        "Net Income - Non-Controlling int": 0.0,
        "Net Income - Discontinued ops": 0.0,
        "Net Income": 1999900000.0,
        "Preferred Dividends": 0.0,
        "Net Income Com": 1999900000.0,
        "EPS": 2.49,
        "EPS Diluted": 2.39,
        "Weighted Average Shs Out": 802700000.0,
        "Weighted Average Shs Out (Dil)": 836000000.0,
        "Dividend per Share": 0.0,
        "Gross Margin": 0.909665727993,
        "EBITDA Margin": 0.377112015019,
        "EBIT Margin": 0.32840529829,
        "Profit Margin": 0.260729557781,
        "Free Cash Flow margin": 0.346266166041,
        "EBITDA": 2892600000.0,
        "EBIT": 2519000000.0,
        "Consolidated Income": 1999900000.0,
        "Earnings Before Tax Margin": 0.303426157697,
        "Net Profit Margin": 0.260729557781
    },
    "2013": {
        "Revenue": 6493900000.0,
        "Revenue Growth": 0.179269738589972,
        "Cost of Revenue": 774300000.0,
        "Gross Profit": 5719600000.0,
        "R&D Expenses": 2226200000.0,
        "SG&A Expense": 1684500000.0,
        "Operating Expenses": 3910700000.0,
        "Operating Income": 1808900000.0,
        "Interest Expense": 91600000.0,
        "Earnings before Tax": 1665400000.0,
        "Income Tax Expense": 215500000.0,
        "Net Income - Non-Controlling int": 0.0,
        "Net Income - Discontinued ops": 0.0,
        "Net Income": 1449900000.0,
        "Preferred Dividends": 0.0,
        "Net Income Com": 1449900000.0,
        "EPS": 3.5,
        "EPS Diluted": 3.37,
        "Weighted Average Shs Out": 413800000.0,
        "Weighted Average Shs Out (Dil)": 430300000.0,
        "Dividend per Share": 0.0,
        "Gross Margin": 0.880765025639,
        "EBITDA Margin": 0.336161628605,
        "EBIT Margin": 0.278553719645,
        "Profit Margin": 0.223271069773,
        "Free Cash Flow margin": 0.32433514529,
        "EBITDA": 2183000000.0,
        "EBIT": 1808900000.0,
        "Consolidated Income": 1449900000.0,
        "Earnings Before Tax Margin": 0.256456058763,
        "Net Profit Margin": 0.223271069773
    },
    "2012": {
        "Revenue": 5506713000.0,
        "Revenue Growth": 0.137264227902529,
        "Cost of Revenue": 662574000.0,
        "Gross Profit": 4844139000.0,
        "R&D Expenses": 1724156000.0,
        "SG&A Expense": 1373541000.0,
        "Operating Expenses": 3097697000.0,