{
    "2018": {
        "Revenue": 6128000000.0,
        "Revenue Growth": 0.0737690555458209,
        "Cost of Revenue": 0.0,
        "Gross Profit": 0.0,
        "R&D Expenses": 0.0,
        "SG&A Expense": 1880000000.0,
        "Operating Expenses": 1880000000.0,
        "Operating Income": 2183000000.0,
        "Interest Expense": 1226000000.0,
        "Earnings before Tax": 2183000000.0,
        "Income Tax Expense": 462000000.0,
        "Net Income - Non-Controlling int": 0.0,
        "Net Income - Discontinued ops": 0.0,
        "Net Income": 1721000000.0,
        "Preferred Dividends": 29000000.0,
        "Net Income Com": 1721000000.0,
        "EPS": 3.54,
        "EPS Diluted": 3.52,
        "Weighted Average Shs Out": 478822072.0,
        "Weighted Average Shs Out (Dil)": 480430741.0,
        "Dividend per Share": 0.0291405166348,
        "Gross Margin": 0.0,
        "EBITDA Margin": 0.436031331593,
        "EBIT Margin": 0.356233681462,
        "Profit Margin": 0.280842036554,
        "Free Cash Flow margin": 0.250489556136,
        "EBITDA": 2672000000.0,
        "EBIT": 2183000000.0,
        "Consolidated Income": 1721000000.0,
        "Earnings Before Tax Margin": 0.356233681462,
        "Net Profit Margin": 0.280842036554
    },
    "2017": {
        "Revenue": 5707000000.0,
        "Revenue Growth": 0.0860133206470029,
        "Cost of Revenue": 0.0,
        "Gross Profit": 0.0,
        "R&D Expenses": 0.0,
        "SG&A Expense": 1761000000.0,
        "Operating Expenses": 1761000000.0,
        "Operating Income": 1912000000.0,
        "Interest Expense": 747000000.0,
        "Earnings before Tax": 1912000000.0,
        "Income Tax Expense": 260000000.0,
        "Net Income - Non-Controlling int": 0.0,
        "Net Income - Discontinued ops": 0.0,
        "Net Income": 1652000000.0,
        "Preferred Dividends": 14000000.0,
        "Net Income Com": 1652000000.0,
        "EPS": 3.26,
        "EPS Diluted": 3.25,
        "Weighted Average Shs Out": 502157440.0,
        "Weighted Average Shs Out (Dil)": 503685091.0,
        "Dividend per Share": 0.0277951447247,
        "Gross Margin": 0.0,
        "EBITDA Margin": 0.420360960224,
        "EBIT Margin": 0.335027159629,
        "Profit Margin": 0.289469073068,
        "Free Cash Flow margin": 0.285614158052,
        "EBITDA": 2399000000.0,
        "EBIT": 1912000000.0,
        "Consolidated Income": 1652000000.0,
        "Earnings Before Tax Margin": 0.335027159629,
        "Net Profit Margin": 0.289469073068
    },
    "2016": {
        "Revenue": 5255000000.0,
        "Revenue Growth": 0.0893449419568823,
        "Cost of Revenue": 0.0,
        "Gross Profit": 0.0,
        "R&D Expenses": 0.0,
        "SG&A Expense": 1709000000.0,
        "Operating Expenses": 1709000000.0,
        "Operating Income": 1534000000.0,
        "Interest Expense": 508000000.0,
        "Earnings before Tax": 1534000000.0,
        "Income Tax Expense": 489000000.0,
        "Net Income - Non-Controlling int": 0.0,
        "Net Income - Discontinued ops": 0.0,
        "Net Income": 1045000000.0,
        "Preferred Dividends": 14000000.0,
        "Net Income Com": 1045000000.0,
        "EPS": 1.97,
        "EPS Diluted": 1.97,
        "Weighted Average Shs Out": 522093545.0,
        "Weighted Average Shs Out (Dil)": 523930718.0,
        "Dividend per Share": 0.0267210902492,
        "Gross Margin": 0.0,
        "EBITDA Margin": 0.389914367269,
        "EBIT Margin": 0.29191246432,
        "Profit Margin": 0.198858230257,
        "Free Cash Flow margin": 0.257278782112,
        "EBITDA": 2049000000.0,
        "EBIT": 1534000000.0,
        "Consolidated Income": 1045000000.0,
        "Earnings Before Tax Margin": 0.29191246432,
        "Net Profit Margin": 0.198858230257
    },
    "2015": {
        "Revenue": 4824000000.0,
        "Revenue Growth": -0.0311307491464149,
        "Cost of Revenue": 0.0,
        "Gross Profit": 0.0,
        "R&D Expenses": 0.0,
        "SG&A Expense": 1636000000.0,
        "Operating Expenses": 1636000000.0,
        "Operating Income": 1263000000.0,
        "Interest Expense": 452000000.0,
        "Earnings before Tax": 1263000000.0,
        "Income Tax Expense": 423000000.0,
        "Net Income - Non-Controlling int": 0.0,
        "Net Income - Discontinued ops": 0.0,
        "Net Income": 840000000.0,
        "Preferred Dividends": 7000000.0,
        "Net Income Com": 840000000.0,
        "EPS": 1.55,
        "EPS Diluted": 1.55,
        "Weighted Average Shs Out": 535599731.0,
        "Weighted Average Shs Out (Dil)": 538220898.0,
        "Dividend per Share": 0.131916096651,
        "Gross Margin": 0.0,
        "EBITDA Margin": 0.362976782753,
        "EBIT Margin": 0.261815920398,
        "Profit Margin": 0.174129353234,
        "Free Cash Flow margin": 0.229684908789,
        "EBITDA": 1751000000.0,
        "EBIT": 1263000000.0,
        "Consolidated Income": 840000000.0,
        "Earnings Before Tax Margin": 0.261815920398,
        "Net Profit Margin": 0.174129353234
    },
    "2014": {
        "Revenue": 4979000000.0,
        "Revenue Growth": 0.18237948230824,
        "Cost of Revenue": 0.0,
        "Gross Profit": 0.0,
        "R&D Expenses": 0.0,
        "SG&A Expense": 1678000000.0,
        "Operating Expenses": 1678000000.0,
        "Operating Income": 1268000000.0,
        "Interest Expense": 363000000.0,
        "Earnings before Tax": 1268000000.0,
        "Income Tax Expense": 403000000.0,
        "Net Income - Non-Controlling int": 0.0,
        "Net Income - Discontinued ops": 0.0,
        "Net Income": 865000000.0,
        "Preferred Dividends": 0.0,
        "Net Income Com": 865000000.0,
        "EPS": 1.55,
        "EPS Diluted": 1.55,
        "Weighted Average Shs Out": 556674146.0,
        "Weighted Average Shs Out (Dil)": 557724936.0,
        "Dividend per Share": 1.41646885231,
        "Gross Margin": 0.0,
        "EBITDA Margin": 0.341434022896,
        "EBIT Margin": 0.254669612372,
        "Profit Margin": 0.173729664591,
        "Free Cash Flow margin": 0.250853585057,
        "EBITDA": 1700000000.0,
        "EBIT": 1268000000.0,
        "Consolidated Income": 865000000.0,
        "Earnings Before Tax Margin": 0.254669612372,
        "Net Profit Margin": 0.173729664591
    },
    "2013": {
        "Revenue": 4211000000.0,
        "Revenue Growth": -0.0602544074983263,
        "Cost of Revenue": 0.0,
        "Gross Profit": 4211000000.0,
        "R&D Expenses": 0.0,
        "SG&A Expense": 2614000000.0,
        "Operating Expenses": 7679000000.0,
        "Operating Income": -3468000000.0,
        "Interest Expense": 0.0,
        "Earnings before Tax": -3468000000.0,
        "Income Tax Expense": -42000000.0,
        "Net Income - Non-Controlling int": 0.0,
        "Net Income - Discontinued ops": 0.0,
        "Net Income": -3426000000.0,
        "Preferred Dividends": 0.0,
        "Net Income Com": -3426000000.0,
        "EPS": -6.12,
        "EPS Diluted": -6.12,
        "Weighted Average Shs Out": NaN,
        "Weighted Average Shs Out (Dil)": 559998324.0,
        "Dividend per Share": 0.0,
        "Gross Margin": 1.0,
        "EBITDA Margin": -0.728,
        "EBIT Margin": -0.8236,
        "Profit Margin": -0.814,
        "Free Cash Flow margin": 0.5476,
        "EBITDA": -3064000000.0,
        "EBIT": -3468000000.0,
        "Consolidated Income": -3426000000.0,
        "Earnings Before Tax Margin": -0.8236,
        "Net Profit Margin": -0.8136
    },
    "2012": {
        "Revenue": 4481000000.0,
        "Revenue Growth": NaN,
        "Cost of Revenue": 0.0,
        "Gross Profit": 4481000000.0,
        "R&D Expenses": 0.0,
        "SG&A Expense": 2671000000.0,
        "Operating Expenses": 3457000000.0,
        "Operating Income": 1024000000.0,
        "Interest Expense": 0.0,
        "Earnings before Tax": 1024000000.0,
        "Income Tax Expense": 381000000.0,
        "Net Income - Non-Controlling int": 0.0,