{
    "2018": {
        "Revenue": 7041928104.5752,
        "Revenue Growth": -0.0807367251866499,
        "Cost of Revenue": 4560294117.6471,
        "Gross Profit": 2481633986.9281,
        "R&D Expenses": 121732026.1438,
        "SG&A Expense": 907156862.7451,
        "Operating Expenses": 1058954248.366,
        "Operating Income": 1422679738.5621,
        "Interest Expense": 588235.2941,
        "Earnings before Tax": 1470130718.9542,
        "Income Tax Expense": 209313725.4902,
        "Net Income - Non-Controlling int": 0.0,
        "Net Income - Discontinued ops": 0.0,
        "Net Income": 1260816993.4641,
        "Preferred Dividends": 0.0,
        "Net Income Com": 1260816993.4641,
        "EPS": 1.5817,
        "EPS Diluted": 1.5784,
        "Weighted Average Shs Out": 253511325.0,
        "Weighted Average Shs Out (Dil)": 253511325.0,
        "Dividend per Share": 0.0509,
        "Gross Margin": 0.3524,
        "EBITDA Margin": 0.0117,
        "EBIT Margin": 0.2089,
        "Profit Margin": 0.0058,
        "Free Cash Flow margin": 0.3586,
        "EBITDA": 2512156862.7451,
        "EBIT": 1470718954.2484,
        "Consolidated Income": 1260816993.4641,
        "Earnings Before Tax Margin": 0.2088,
        "Net Profit Margin": 0.179
    },
    "2017": {
        "Revenue": 7660404040.404,
        "Revenue Growth": 0.0739973663440188,
        "Cost of Revenue": 4944006734.0067,
        "Gross Profit": 2716397306.3973,
        "R&D Expenses": 130841750.8418,
        "SG&A Expense": 1009528619.5286,
        "Operating Expenses": 1140370370.3704,
        "Operating Income": 1576026936.0269,
        "Interest Expense": 740740.7407,
        "Earnings before Tax": 1616464646.4646,
        "Income Tax Expense": 264276094.2761,
        "Net Income - Non-Controlling int": 0.0,
        "Net Income - Discontinued ops": 0.0,
        "Net Income": 1352188552.1886,
        "Preferred Dividends": 0.0,
        "Net Income Com": 1352188552.1886,
        "EPS": 1.6936,
        "EPS Diluted": 1.6902,
        "Weighted Average Shs Out": 261193486.3636,
        "Weighted Average Shs Out (Dil)": 261193486.3636,
        "Dividend per Share": 0.0552,
        "Gross Margin": 0.3546,
        "EBITDA Margin": 0.0118,
        "EBIT Margin": 0.2111,
        "Profit Margin": 0.006,
        "Free Cash Flow margin": 0.3373,
        "EBITDA": 2692289562.2896,
        "EBIT": 1617205387.2054,
        "Consolidated Income": 1352188552.1886,
        "Earnings Before Tax Margin": 0.211,
        "Net Profit Margin": 0.1765
    },
    "2016": {
        "Revenue": 7132609706.9313,
        "Revenue Growth": 0.0126493360314206,
        "Cost of Revenue": 4575965265.9327,
        "Gross Profit": 2556644440.9986,
        "R&D Expenses": 117382539.9287,
        "SG&A Expense": 932020468.2897,
        "Operating Expenses": 1049403008.2183,
        "Operating Income": 1507241432.7803,
        "Interest Expense": 620251.2017,
        "Earnings before Tax": 1532423631.5708,
        "Income Tax Expense": 241494805.3962,
        "Net Income - Non-Controlling int": 0.0,
        "Net Income - Discontinued ops": 0.0,
        "Net Income": 1290928826.1746,
        "Preferred Dividends": 0.0,
        "Net Income Com": 1290928826.1746,
        "EPS": 1.6189,
        "EPS Diluted": 1.6158,
        "Weighted Average Shs Out": 240578277.0972,
        "Weighted Average Shs Out (Dil)": 240578277.0972,
        "Dividend per Share": 0.0537,
        "Gross Margin": 0.3584,
        "EBITDA Margin": 0.011,
        "EBIT Margin": 0.2149,
        "Profit Margin": 0.0056,
        "Free Cash Flow margin": 0.3217,
        "EBITDA": 2540486897.1934,
        "EBIT": 1533043882.7725,
        "Consolidated Income": 1290928826.1746,
        "Earnings Before Tax Margin": 0.2148,
        "Net Profit Margin": 0.181
    },
    "2015": {
        "Revenue": 7043513932.3589,
        "Revenue Growth": -0.0142891176568594,
        "Cost of Revenue": 4501078732.2617,
        "Gross Profit": 2542435200.0972,
        "R&D Expenses": 109909143.3954,
        "SG&A Expense": 899024582.9408,
        "Operating Expenses": 1008933726.3363,
        "Operating Income": 1533501473.761,
        "Interest Expense": 1002765.201,
        "Earnings before Tax": 1578686681.4549,
        "Income Tax Expense": 276550487.7085,
        "Net Income - Non-Controlling int": 0.0,
        "Net Income - Discontinued ops": 0.0,
        "Net Income": 1302136193.7464,
        "Preferred Dividends": 0.0,
        "Net Income Com": 1302136193.7464,
        "EPS": 1.647,
        "EPS Diluted": 1.6439,
        "Weighted Average Shs Out": 235724164.9701,
        "Weighted Average Shs Out (Dil)": 235724164.9701,
        "Dividend per Share": 0.0478,
        "Gross Margin": 0.361,
        "EBITDA Margin": 0.0112,
        "EBIT Margin": 0.2243,
        "Profit Margin": 0.0056,
        "Free Cash Flow margin": 0.2522,
        "EBITDA": 2596067944.9391,
        "EBIT": 1579689446.6559,
        "Consolidated Income": 1302136193.7464,
        "Earnings Before Tax Margin": 0.2241,
        "Net Profit Margin": 0.1849
    },
    "2014": {
        "Revenue": 7145618516.066,
        "Revenue Growth": -0.0639399906908477,
        "Cost of Revenue": 4678838331.2837,
        "Gross Profit": 2466780184.7823,
        "R&D Expenses": 110490965.85,
        "SG&A Expense": 963611137.3885,
        "Operating Expenses": 1074102103.2384,
        "Operating Income": 1392678081.5438,
        "Interest Expense": 1450509.2549,
        "Earnings before Tax": 1467915365.9383,
        "Income Tax Expense": 283322296.8499,
        "Net Income - Non-Controlling int": 0.0,
        "Net Income - Discontinued ops": 0.0,
        "Net Income": 1184593069.0884,
        "Preferred Dividends": 0.0,
        "Net Income Com": 1184593069.0884,
        "EPS": 1.5041,
        "EPS Diluted": 1.501,
        "Weighted Average Shs Out": 244614087.1252,
        "Weighted Average Shs Out (Dil)": 244614087.1252,
        "Dividend per Share": 0.0251,
        "Gross Margin": 0.3452,
        "EBITDA Margin": 0.0112,
        "EBIT Margin": 0.2056,
        "Profit Margin": 0.0052,
        "Free Cash Flow margin": 0.2091,
        "EBITDA": 2545076151.7359,
        "EBIT": 1469365875.1931,
        "Consolidated Income": 1184593069.0884,
        "Earnings Before Tax Margin": 0.2054,
        "Net Profit Margin": 0.1658
    },
    "2013": {
        "Revenue": 7633718399.4643,
        "Revenue Growth": 0.00146442086369297,
        "Cost of Revenue": 4931826552.821,
        "Gross Profit": 2701891846.6432,
        "R&D Expenses": 124761426.4189,
        "SG&A Expense": 982889670.1825,
        "Operating Expenses": 1107651096.6014,
        "Operating Income": 1594240750.0419,
        "Interest Expense": 1205424.4098,
        "Earnings before Tax": 1606294994.1403,
        "Income Tax Expense": 216909425.7492,
        "Net Income - Non-Controlling int": 76678386.0707,
        "Net Income - Discontinued ops": 0.0,
        "Net Income": 1389385568.3911,
        "Preferred Dividends": 0.0,
        "Net Income Com": 1389385568.3911,
        "EPS": 1.7914,
        "EPS Diluted": 1.788,
        "Weighted Average Shs Out": 259750428.4279,
        "Weighted Average Shs Out (Dil)": 259750428.4279,
        "Dividend per Share": 0.0595,
        "Gross Margin": 0.3539,
        "EBITDA Margin": 0.0118,
        "EBIT Margin": 0.2106,
        "Profit Margin": 0.0061,
        "Free Cash Flow margin": 0.2048,
        "EBITDA": 2685417713.042,
        "EBIT": 1607500418.5501,
        "Consolidated Income": 1427021597.1873,
        "Earnings Before Tax Margin": 0.2104,
        "Net Profit Margin": 0.182
    },
    "2012": {
        "Revenue": 7622555769.7604,
        "Revenue Growth": 0.0614794342748176,
        "Cost of Revenue": 4871695125.3098,
        "Gross Profit": 2750860644.4506,
        "R&D Expenses": 127306527.1275,
        "SG&A Expense": 902953731.7543,
        "Operating Expenses": 1030260258.8819,