{
    "2019": {
        "Revenue": 45764000000.0,
        "Revenue Growth": 0.0488151441536417,
        "Cost of Revenue": 13860000000.0,
        "Gross Profit": 31904000000.0,
        "R&D Expenses": 0.0,
        "SG&A Expense": 0.0,
        "Operating Expenses": 25393000000.0,
        "Operating Income": 6511000000.0,
        "Interest Expense": 0.0,
        "Earnings before Tax": 2431000000.0,
        "Income Tax Expense": 439000000.0,
        "Net Income - Non-Controlling int": 0.0,
        "Net Income - Discontinued ops": 0.0,
        "Net Income": 1668000000.0,
        "Preferred Dividends": 0.0,
        "Net Income Com": 1668000000.0,
        "EPS": 7.6,
        "EPS Diluted": 7.45,
        "Weighted Average Shs Out": 219506735.0,
        "Weighted Average Shs Out (Dil)": 223786380.0,
        "Dividend per Share": 0.688156267598,
        "Gross Margin": 0.697141858229,
        "EBITDA Margin": 0.356852547854,
        "EBIT Margin": 0.142273402675,
        "Profit Margin": 0.036447862949,
        "Free Cash Flow margin": 0.0994886810593,
        "EBITDA": 16331000000.0,
        "EBIT": 6511000000.0,
        "Consolidated Income": 1668000000.0,
        "Earnings Before Tax Margin": 0.0531203566122,
        "Net Profit Margin": 0.036447862949
    },
    "2018": {
        "Revenue": 43634000000.0,
        "Revenue Growth": 0.0493735119405498,
        "Cost of Revenue": 14520000000.0,
        "Gross Profit": 29114000000.0,
        "R&D Expenses": 0.0,
        "SG&A Expense": 0.0,
        "Operating Expenses": 23893000000.0,
        "Operating Income": 5221000000.0,
        "Interest Expense": 0.0,
        "Earnings before Tax": 1686000000.0,
        "Income Tax Expense": 180000000.0,
        "Net Income - Non-Controlling int": 0.0,
        "Net Income - Discontinued ops": 0.0,
        "Net Income": 1230000000.0,
        "Preferred Dividends": 0.0,
        "Net Income Com": 1230000000.0,
        "EPS": 5.29,
        "EPS Diluted": 5.22,
        "Weighted Average Shs Out": 232356665.0,
        "Weighted Average Shs Out (Dil)": 235525226.0,
        "Dividend per Share": 0.649611944327,
        "Gross Margin": 0.667231975065,
        "EBITDA Margin": 0.349085575469,
        "EBIT Margin": 0.119654397947,
        "Profit Margin": 0.0281890269056,
        "Free Cash Flow margin": 0.060549113077,
        "EBITDA": 15232000000.0,
        "EBIT": 5221000000.0,
        "Consolidated Income": 1230000000.0,
        "Earnings Before Tax Margin": 0.038639592978,
        "Net Profit Margin": 0.0281890269056
    },
    "2017": {
        "Revenue": 41581000000.0,
        "Revenue Growth": 0.433679274557804,
        "Cost of Revenue": 14370000000.0,
        "Gross Profit": 27211000000.0,
        "R&D Expenses": 0.0,
        "SG&A Expense": 0.0,
        "Operating Expenses": 23105000000.0,
        "Operating Income": 4106000000.0,
        "Interest Expense": 0.0,
        "Earnings before Tax": 1028000000.0,
        "Income Tax Expense": -9087000000.0,
        "Net Income - Non-Controlling int": 0.0,
        "Net Income - Discontinued ops": 0.0,
        "Net Income": 9895000000.0,
        "Preferred Dividends": 0.0,
        "Net Income Com": 9895000000.0,
        "EPS": 38.55,
        "EPS Diluted": 34.09,
        "Weighted Average Shs Out": 256720715.0,
        "Weighted Average Shs Out (Dil)": 296703956.0,
        "Dividend per Share": 0.51566552082,
        "Gross Margin": 0.654409465862,
        "EBITDA Margin": 0.344484259638,
        "EBIT Margin": 0.0987470238811,
        "Profit Margin": 0.237969264808,
        "Free Cash Flow margin": 0.0787138356461,
        "EBITDA": 14324000000.0,
        "EBIT": 4106000000.0,
        "Consolidated Income": 9895000000.0,
        "Earnings Before Tax Margin": 0.0247228301388,
        "Net Profit Margin": 0.237969264808
    },
    "2016": {
        "Revenue": 29003000000.0,
        "Revenue Growth": 1.97344679106008,
        "Cost of Revenue": 9578000000.0,
        "Gross Profit": 19425000000.0,
        "R&D Expenses": 0.0,
        "SG&A Expense": 0.0,
        "Operating Expenses": 16070000000.0,
        "Operating Income": 3355000000.0,
        "Interest Expense": 0.0,
        "Earnings before Tax": 820000000.0,
        "Income Tax Expense": -2925000000.0,
        "Net Income - Non-Controlling int": 0.0,
        "Net Income - Discontinued ops": 0.0,
        "Net Income": 3522000000.0,
        "Preferred Dividends": 0.0,
        "Net Income Com": 3522000000.0,
        "EPS": 17.05,
        "EPS Diluted": 15.94,
        "Weighted Average Shs Out": 206539100.0,
        "Weighted Average Shs Out (Dil)": 234791439.0,
        "Dividend per Share": 0.408873510929,
        "Gross Margin": 0.669758300865,
        "EBITDA Margin": 0.344998793228,
        "EBIT Margin": 0.115677688515,
        "Profit Margin": 0.121435713547,
        "Free Cash Flow margin": 0.0936454849498,
        "EBITDA": 10006000000.0,
        "EBIT": 3355000000.0,
        "Consolidated Income": 3522000000.0,
        "Earnings Before Tax Margin": 0.0282729372824,
        "Net Profit Margin": 0.121435713547
    },
    "2015": {
        "Revenue": 9754000000.0,
        "Revenue Growth": 0.0709266578831796,
        "Cost of Revenue": 3609000000.0,
        "Gross Profit": 6145000000.0,
        "R&D Expenses": 0.0,
        "SG&A Expense": 0.0,
        "Operating Expenses": 5031000000.0,
        "Operating Income": 1114000000.0,
        "Interest Expense": 0.0,
        "Earnings before Tax": -331000000.0,
        "Income Tax Expense": -60000000.0,
        "Net Income - Non-Controlling int": 0.0,
        "Net Income - Discontinued ops": 0.0,
        "Net Income": -271000000.0,
        "Preferred Dividends": 0.0,
        "Net Income Com": -271000000.0,
        "EPS": -2.43,
        "EPS Diluted": -2.43,
        "Weighted Average Shs Out": 111869771.0,
        "Weighted Average Shs Out (Dil)": 111869771.0,
        "Dividend per Share": 0.0,
        "Gross Margin": 0.629997949559,
        "EBITDA Margin": 0.334939511995,
        "EBIT Margin": 0.114209555054,
        "Profit Margin": -0.0277834734468,
        "Free Cash Flow margin": 0.0532089399221,
        "EBITDA": 3267000000.0,
        "EBIT": 1114000000.0,
        "Consolidated Income": -271000000.0,
        "Earnings Before Tax Margin": -0.0339347959811,
        "Net Profit Margin": -0.0277834734468
    },
    "2014": {
        "Revenue": 9108000000.0,
        "Revenue Growth": 0.116860821581852,
        "Cost of Revenue": 3137000000.0,
        "Gross Profit": 5971000000.0,
        "R&D Expenses": 0.0,
        "SG&A Expense": 0.0,
        "Operating Expenses": 5000000000.0,
        "Operating Income": 971000000.0,
        "Interest Expense": 0.0,
        "Earnings before Tax": 53000000.0,
        "Income Tax Expense": 236000000.0,
        "Net Income - Non-Controlling int": 0.0,
        "Net Income - Discontinued ops": 0.0,
        "Net Income": -183000000.0,
        "Preferred Dividends": 0.0,
        "Net Income Com": -183000000.0,
        "EPS": -1.7,
        "EPS Diluted": -1.7,
        "Weighted Average Shs Out": 108374160.0,
        "Weighted Average Shs Out (Dil)": 108374160.0,
        "Dividend per Share": 0.0,
        "Gross Margin": 0.655577514273,
        "EBITDA Margin": 0.341458058849,
        "EBIT Margin": 0.106609574001,
        "Profit Margin": -0.020092226614,
        "Free Cash Flow margin": 0.0151515151515,
        "EBITDA": 3110000000.0,
        "EBIT": 971000000.0,
        "Consolidated Income": -183000000.0,
        "Earnings Before Tax Margin": 0.00581906016689,
        "Net Profit Margin": -0.020092226614
    },
    "2013": {
        "Revenue": 8155000000.0,
        "Revenue Growth": 0.0867537313432836,
        "Cost of Revenue": 1916000000.0,
        "Gross Profit": 6239000000.0,
        "R&D Expenses": 0.0,
        "SG&A Expense": 0.0,
        "Operating Expenses": 5314000000.0,
        "Operating Income": 925000000.0,
        "Interest Expense": 846000000.0,