{
    "2018": {
        "Revenue": 295897000.0,
        "Revenue Growth": -0.392625632730811,
        "Cost of Revenue": 63877000.0,
        "Gross Profit": 232020000.0,
        "R&D Expenses": 0.0,
        "SG&A Expense": 14120000.0,
        "Operating Expenses": 266078000.0,
        "Operating Income": 58134000.0,
        "Interest Expense": 26878000.0,
        "Earnings before Tax": 30842000.0,
        "Income Tax Expense": -28000.0,
        "Net Income - Non-Controlling int": 0.0,
        "Net Income - Discontinued ops": 0.0,
        "Net Income": 30641000.0,
        "Preferred Dividends": 0.0,
        "Net Income Com": 30641000.0,
        "EPS": 0.66,
        "EPS Diluted": 0.66,
        "Weighted Average Shs Out": 46073515.0,
        "Weighted Average Shs Out (Dil)": 46243660.0,
        "Dividend per Share": 1.33185824824,
        "Gross Margin": 0.784124205382,
        "EBITDA Margin": 0.362305126446,
        "EBIT Margin": 0.19646701386,
        "Profit Margin": 0.103552925511,
        "Free Cash Flow margin": 0.291368280179,
        "EBITDA": 107205000.0,
        "EBIT": 58134000.0,
        "Consolidated Income": 30641000.0,
        "Earnings Before Tax Margin": 0.10423221594,
        "Net Profit Margin": 0.103552925511
    },
    "2017": {
        "Revenue": 487174000.0,
        "Revenue Growth": 0.00508759913184845,
        "Cost of Revenue": 5342000.0,
        "Gross Profit": 481832000.0,
        "R&D Expenses": 0.0,
        "SG&A Expense": 12825000.0,
        "Operating Expenses": 245818000.0,
        "Operating Income": 53038000.0,
        "Interest Expense": 27901000.0,
        "Earnings before Tax": 30076000.0,
        "Income Tax Expense": 396000.0,
        "Net Income - Non-Controlling int": 0.0,
        "Net Income - Discontinued ops": 0.0,
        "Net Income": 29478000.0,
        "Preferred Dividends": 0.0,
        "Net Income Com": 29478000.0,
        "EPS": 0.73,
        "EPS Diluted": 0.73,
        "Weighted Average Shs Out": 39859143.0,
        "Weighted Average Shs Out (Dil)": 40112266.0,
        "Dividend per Share": 1.3117433954,
        "Gross Margin": 0.989034718602,
        "EBITDA Margin": 0.205189521608,
        "EBIT Margin": 0.10886869989,
        "Profit Margin": 0.0605081551971,
        "Free Cash Flow margin": 0.177942583143,
        "EBITDA": 99963000.0,
        "EBIT": 53038000.0,
        "Consolidated Income": 29478000.0,
        "Earnings Before Tax Margin": 0.0617356427067,
        "Net Profit Margin": 0.0605081551971
    },
    "2016": {
        "Revenue": 484708000.0,
        "Revenue Growth": -0.0261001651603985,
        "Cost of Revenue": 4928000.0,
        "Gross Profit": 479780000.0,
        "R&D Expenses": 0.0,
        "SG&A Expense": 11119000.0,
        "Operating Expenses": 234884000.0,
        "Operating Income": 58936000.0,
        "Interest Expense": 28297000.0,
        "Earnings before Tax": 31394000.0,
        "Income Tax Expense": -301000.0,
        "Net Income - Non-Controlling int": 0.0,
        "Net Income - Discontinued ops": 0.0,
        "Net Income": 31483000.0,
        "Preferred Dividends": 0.0,
        "Net Income Com": 31483000.0,
        "EPS": 0.82,
        "EPS Diluted": 0.81,
        "Weighted Average Shs Out": 38299067.0,
        "Weighted Average Shs Out (Dil)": 38482875.0,
        "Dividend per Share": 1.37635246847,
        "Gross Margin": 0.989833054127,
        "EBITDA Margin": 0.224440281572,
        "EBIT Margin": 0.121590730914,
        "Profit Margin": 0.064952507489,
        "Free Cash Flow margin": 0.180869719501,
        "EBITDA": 108788000.0,
        "EBIT": 58936000.0,
        "Consolidated Income": 31483000.0,
        "Earnings Before Tax Margin": 0.0647688917864,
        "Net Profit Margin": 0.064952507489
    },
    "2015": {
        "Revenue": 497698000.0,
        "Revenue Growth": 0.713723964341176,
        "Cost of Revenue": 4127000.0,
        "Gross Profit": 493571000.0,
        "R&D Expenses": 0.0,
        "SG&A Expense": 11677000.0,
        "Operating Expenses": 221427000.0,
        "Operating Income": 55523000.0,
        "Interest Expense": 27924000.0,
        "Earnings before Tax": 33438000.0,
        "Income Tax Expense": 260000.0,
        "Net Income - Non-Controlling int": 0.0,
        "Net Income - Discontinued ops": 0.0,
        "Net Income": 32966000.0,
        "Preferred Dividends": 0.0,
        "Net Income Com": 32966000.0,
        "EPS": 0.87,
        "EPS Diluted": 0.86,
        "Weighted Average Shs Out": 37917871.0,
        "Weighted Average Shs Out (Dil)": 38322285.0,
        "Dividend per Share": 1.18114042521,
        "Gross Margin": 0.991707822816,
        "EBITDA Margin": 0.215466005489,
        "EBIT Margin": 0.111559620493,
        "Profit Margin": 0.0662369549405,
        "Free Cash Flow margin": 0.164441086763,
        "EBITDA": 107237000.0,
        "EBIT": 55523000.0,
        "Consolidated Income": 32966000.0,
        "Earnings Before Tax Margin": 0.0671853212189,
        "Net Profit Margin": 0.0662369549405
    },
    "2014": {
        "Revenue": 290419000.0,
        "Revenue Growth": 0.0707717606111554,
        "Cost of Revenue": 1966000.0,
        "Gross Profit": 288453000.0,
        "R&D Expenses": 0.0,
        "SG&A Expense": 9852000.0,
        "Operating Expenses": 170520000.0,
        "Operating Income": 26696000.0,
        "Interest Expense": 21354000.0,
        "Earnings before Tax": 67186000.0,
        "Income Tax Expense": 105000.0,
        "Net Income - Non-Controlling int": 0.0,
        "Net Income - Discontinued ops": 0.0,
        "Net Income": 66873000.0,
        "Preferred Dividends": 0.0,
        "Net Income Com": 66873000.0,
        "EPS": 2.32,
        "EPS Diluted": 2.3,
        "Weighted Average Shs Out": 28531094.0,
        "Weighted Average Shs Out (Dil)": 28846724.0,
        "Dividend per Share": 0.918891171143,
        "Gross Margin": 0.993230470458,
        "EBITDA Margin": 0.217447894249,
        "EBIT Margin": 0.0919223604516,
        "Profit Margin": 0.230263860147,
        "Free Cash Flow margin": 0.169775393483,
        "EBITDA": 63151000.0,
        "EBIT": 26696000.0,
        "Consolidated Income": 66873000.0,
        "Earnings Before Tax Margin": 0.231341613324,
        "Net Profit Margin": 0.230263860147
    },
    "2013": {
        "Revenue": 271224000.0,
        "Revenue Growth": 0.0,
        "Cost of Revenue": 944000.0,
        "Gross Profit": 270280000.0,
        "R&D Expenses": 0.0,
        "SG&A Expense": 8131000.0,
        "Operating Expenses": 108867000.0,
        "Operating Income": 17361000.0,
        "Interest Expense": 11580000.0,
        "Earnings before Tax": 3106000.0,
        "Income Tax Expense": 124000.0,
        "Net Income - Non-Controlling int": 0.0,
        "Net Income - Discontinued ops": 0.0,
        "Net Income": 2982000.0,
        "Preferred Dividends": 0.0,
        "Net Income Com": 2982000.0,
        "EPS": 0.13,
        "EPS Diluted": 0.13,
        "Weighted Average Shs Out": 21035892.0,
        "Weighted Average Shs Out (Dil)": 21283831.0,
        "Dividend per Share": 0.912617657977,
        "Gross Margin": 0.996519482052,
        "EBITDA Margin": 0.135305135239,
        "EBIT Margin": 0.0640098221396,
        "Profit Margin": 0.0109946022476,
        "Free Cash Flow margin": 0.116401940831,
        "EBITDA": 36698000.0,
        "EBIT": 17361000.0,
        "Consolidated Income": 2982000.0,
        "Earnings Before Tax Margin": 0.0114517889272,
        "Net Profit Margin": 0.0109946022476
    },
    "2012": {
        "Revenue": 0.0,
        "Revenue Growth": 0.0,
        "Cost of Revenue": 0.0,
        "Gross Profit": 0.0,
        "R&D Expenses": 0.0,
        "SG&A Expense": 7565000.0,
        "Operating Expenses": 85814000.0,
        "Operating Income": 14650000.0,
        "Interest Expense": 14641000.0,
        "Earnings before Tax": -1375000.0,
        "Income Tax Expense": 75000.0,
        "Net Income - Non-Controlling int": 0.0,