{
    "2018": {
        "Revenue": 24634482.7586,
        "Revenue Growth": -0.391353280797901,
        "Cost of Revenue": 0.0,
        "Gross Profit": 24634482.7586,
        "R&D Expenses": 88008045.977,
        "SG&A Expense": 54308045.977,
        "Operating Expenses": 145428735.6322,
        "Operating Income": -120794252.8736,
        "Interest Expense": 4382758.6207,
        "Earnings before Tax": -90451724.1379,
        "Income Tax Expense": 0.0,
        "Net Income - Non-Controlling int": 11080459.7701,
        "Net Income - Discontinued ops": 0.0,
        "Net Income": -90451724.1379,
        "Preferred Dividends": 0.0,
        "Net Income Com": -90451724.1379,
        "EPS": -2.2184,
        "EPS Diluted": -2.2184,
        "Weighted Average Shs Out": 41332714.9425,
        "Weighted Average Shs Out (Dil)": 41332714.9425,
        "Dividend per Share": 0.0,
        "Gross Margin": 1.0,
        "EBITDA Margin": -3.8885,
        "EBIT Margin": -3.4938,
        "Profit Margin": -4.2207,
        "Free Cash Flow margin": -3.3403,
        "EBITDA": -83336781.6092,
        "EBIT": -86068965.5172,
        "Consolidated Income": -101532183.908,
        "Earnings Before Tax Margin": -3.6718,
        "Net Profit Margin": -3.6718
    },
    "2017": {
        "Revenue": 40474189.6759,
        "Revenue Growth": -0.318785341362972,
        "Cost of Revenue": 0.0,
        "Gross Profit": 40474189.6759,
        "R&D Expenses": 95110444.1777,
        "SG&A Expense": 53721488.5954,
        "Operating Expenses": 151698679.4718,
        "Operating Income": -111224489.7959,
        "Interest Expense": 21961584.6339,
        "Earnings before Tax": -119289315.7263,
        "Income Tax Expense": 0.0,
        "Net Income - Non-Controlling int": 5180072.0288,
        "Net Income - Discontinued ops": 0.0,
        "Net Income": -119289315.7263,
        "Preferred Dividends": 0.0,
        "Net Income Com": -119289315.7263,
        "EPS": -3.3373,
        "EPS Diluted": -3.3373,
        "Weighted Average Shs Out": 42419039.6158,
        "Weighted Average Shs Out (Dil)": 42419039.6158,
        "Dividend per Share": 0.0,
        "Gross Margin": 1.0,
        "EBITDA Margin": -2.7671,
        "EBIT Margin": -2.4047,
        "Profit Margin": -3.5378,
        "Free Cash Flow margin": -1.4102,
        "EBITDA": -93280912.3649,
        "EBIT": -97327731.0924,
        "Consolidated Income": -124469387.7551,
        "Earnings Before Tax Margin": -2.9473,
        "Net Profit Margin": -2.9473
    },
    "2016": {
        "Revenue": 59414736.8421,
        "Revenue Growth": -0.125374048883908,
        "Cost of Revenue": 0.0,
        "Gross Profit": 59414736.8421,
        "R&D Expenses": 82587368.4211,
        "SG&A Expense": 45697894.7368,
        "Operating Expenses": 130260000.0,
        "Operating Income": -70845263.1579,
        "Interest Expense": 7474736.8421,
        "Earnings before Tax": -70794736.8421,
        "Income Tax Expense": 0.0,
        "Net Income - Non-Controlling int": 0.0,
        "Net Income - Discontinued ops": 0.0,
        "Net Income": -70794736.8421,
        "Preferred Dividends": 0.0,
        "Net Income Com": -70794736.8421,
        "EPS": -2.0105,
        "EPS Diluted": -2.0105,
        "Weighted Average Shs Out": 37030120.0,
        "Weighted Average Shs Out (Dil)": 37030120.0,
        "Dividend per Share": 0.0,
        "Gross Margin": 1.0,
        "EBITDA Margin": -1.0811,
        "EBIT Margin": -1.0657,
        "Profit Margin": -1.2547,
        "Free Cash Flow margin": -0.8217,
        "EBITDA": -60992631.5789,
        "EBIT": -63320000.0,
        "Consolidated Income": -70794736.8421,
        "Earnings Before Tax Margin": -1.1915,
        "Net Profit Margin": -1.1915
    },
    "2015": {
        "Revenue": 67931596.0912,
        "Revenue Growth": 1.12117712060466,
        "Cost of Revenue": 0.0,
        "Gross Profit": 67931596.0912,
        "R&D Expenses": 63142236.6992,
        "SG&A Expense": 32815418.0239,
        "Operating Expenses": 101572204.126,
        "Operating Income": -33640608.0347,
        "Interest Expense": 2036916.3952,
        "Earnings before Tax": -24751357.2204,
        "Income Tax Expense": 0.0,
        "Net Income - Non-Controlling int": -206297.5027,
        "Net Income - Discontinued ops": 0.0,
        "Net Income": -24751357.2204,
        "Preferred Dividends": 0.0,
        "Net Income Com": -24751357.2204,
        "EPS": -0.7275,
        "EPS Diluted": -0.7275,
        "Weighted Average Shs Out": 37129990.228,
        "Weighted Average Shs Out (Dil)": 37129990.228,
        "Dividend per Share": 0.0,
        "Gross Margin": 1.0,
        "EBITDA Margin": -0.329,
        "EBIT Margin": -0.3344,
        "Profit Margin": -0.3952,
        "Free Cash Flow margin": -0.0098,
        "EBITDA": -20611292.0738,
        "EBIT": -22714440.8252,
        "Consolidated Income": -24545059.7177,
        "Earnings Before Tax Margin": -0.3644,
        "Net Profit Margin": -0.3644
    },
    "2014": {
        "Revenue": 32025423.7288,
        "Revenue Growth": 0.829808476176861,
        "Cost of Revenue": 0.0,
        "Gross Profit": 32025423.7288,
        "R&D Expenses": 17441888.6199,
        "SG&A Expense": 15876513.3172,
        "Operating Expenses": 38375302.6634,
        "Operating Income": -6349878.9346,
        "Interest Expense": 638014.5278,
        "Earnings before Tax": 24213.0751,
        "Income Tax Expense": 0.0,
        "Net Income - Non-Controlling int": 1200968.523,
        "Net Income - Discontinued ops": 3416464.891,
        "Net Income": 24213.0751,
        "Preferred Dividends": 0.0,
        "Net Income Com": 24213.0751,
        "EPS": 0.0,
        "EPS Diluted": 0.0,
        "Weighted Average Shs Out": 41400388.6199,
        "Weighted Average Shs Out (Dil)": 41400388.6199,
        "Dividend per Share": 0.0,
        "Gross Margin": 1.0,
        "EBITDA Margin": 0.0884,
        "EBIT Margin": 0.0207,
        "Profit Margin": 0.0012,
        "Free Cash Flow margin": 1.5656,
        "EBITDA": 2323244.5521,
        "EBIT": 662227.6029,
        "Consolidated Income": -1176755.4479,
        "Earnings Before Tax Margin": 0.0008,
        "Net Profit Margin": 0.0008
    },
    "2013": {
        "Revenue": 17502063.2737,
        "Revenue Growth": NaN,
        "Cost of Revenue": 0.0,
        "Gross Profit": 17502063.2737,
        "R&D Expenses": 24544704.2641,
        "SG&A Expense": 26181568.088,
        "Operating Expenses": 53991746.9051,
        "Operating Income": -36489683.6314,
        "Interest Expense": 1072902.3384,
        "Earnings before Tax": -76206327.3728,
        "Income Tax Expense": 0.0,
        "Net Income - Non-Controlling int": 1398899.5873,
        "Net Income - Discontinued ops": 40687757.9092,
        "Net Income": -76206327.3728,
        "Preferred Dividends": 0.0,
        "Net Income Com": -76206327.3728,
        "EPS": -3.6864,
        "EPS Diluted": -3.6864,
        "Weighted Average Shs Out": NaN,
        "Weighted Average Shs Out (Dil)": NaN,
        "Dividend per Share": 0.0,
        "Gross Margin": 1.0,
        "EBITDA Margin": -5.6616,
        "EBIT Margin": -4.2928,
        "Profit Margin": -5.989,
        "Free Cash Flow margin": -1.5265,
        "EBITDA": -72031636.8638,
        "EBIT": -75133425.0344,
        "Consolidated Income": -77605226.9601,
        "Earnings Before Tax Margin": -4.3541,
        "Net Profit Margin": -4.3541
    }
}