{
    "2018": {
        "Revenue": 95388000.0,
        "Revenue Growth": 0.718362126425393,
        "Cost of Revenue": 19444000.0,
        "Gross Profit": 75944000.0,
        "R&D Expenses": 231347000.0,
        "SG&A Expense": 175781000.0,
        "Operating Expenses": 429202000.0,
        "Operating Income": -333814000.0,
        "Interest Expense": 0.0,
        "Earnings before Tax": -367401000.0,
        "Income Tax Expense": 608000.0,
        "Net Income - Non-Controlling int": 0.0,
        "Net Income - Discontinued ops": 0.0,
        "Net Income": -368009000.0,
        "Preferred Dividends": 0.0,
        "Net Income Com": -368009000.0,
        "EPS": -7.07,
        "EPS Diluted": -7.07,
        "Weighted Average Shs Out": 52066000.0,
        "Weighted Average Shs Out (Dil)": 52066000.0,
        "Dividend per Share": 0.0,
        "Gross Margin": 0.796158845976,
        "EBITDA Margin": -3.44257139263,
        "EBIT Margin": -3.49953872605,
        "Profit Margin": -3.85802197341,
        "Free Cash Flow margin": -3.93381767099,
        "EBITDA": -328380000.0,
        "EBIT": -333814000.0,
        "Consolidated Income": -368009000.0,
        "Earnings Before Tax Margin": -3.85164800604,
        "Net Profit Margin": -3.85802197341
    },
    "2017": {
        "Revenue": 55511000.0,
        "Revenue Growth": 710.679487179487,
        "Cost of Revenue": 0.0,
        "Gross Profit": 0.0,
        "R&D Expenses": 142498000.0,
        "SG&A Expense": 138907000.0,
        "Operating Expenses": 293142000.0,
        "Operating Income": -237631000.0,
        "Interest Expense": 0.0,
        "Earnings before Tax": -349975000.0,
        "Income Tax Expense": -3578000.0,
        "Net Income - Non-Controlling int": 0.0,
        "Net Income - Discontinued ops": 0.0,
        "Net Income": -346397000.0,
        "Preferred Dividends": 0.0,
        "Net Income Com": -346397000.0,
        "EPS": -7.36,
        "EPS Diluted": -7.36,
        "Weighted Average Shs Out": 47047000.0,
        "Weighted Average Shs Out (Dil)": 47047000.0,
        "Dividend per Share": 0.0,
        "Gross Margin": 0.0,
        "EBITDA Margin": -4.21901965376,
        "EBIT Margin": -4.28079119454,
        "Profit Margin": -6.24015060078,
        "Free Cash Flow margin": -4.7088144692,
        "EBITDA": -234202000.0,
        "EBIT": -237631000.0,
        "Consolidated Income": -346397000.0,
        "Earnings Before Tax Margin": -6.30460629425,
        "Net Profit Margin": -6.24015060078
    },
    "2016": {
        "Revenue": 78000.0,
        "Revenue Growth": 0.0,
        "Cost of Revenue": 70000.0,
        "Gross Profit": 8000.0,
        "R&D Expenses": 251129000.0,
        "SG&A Expense": 40731000.0,
        "Operating Expenses": 372811000.0,
        "Operating Income": -372733000.0,
        "Interest Expense": 0.0,
        "Earnings before Tax": -381171000.0,
        "Income Tax Expense": -32034000.0,
        "Net Income - Non-Controlling int": 0.0,
        "Net Income - Discontinued ops": 0.0,
        "Net Income": -349137000.0,
        "Preferred Dividends": 0.0,
        "Net Income Com": -349137000.0,
        "EPS": -9.07,
        "EPS Diluted": -9.07,
        "Weighted Average Shs Out": 38478000.0,
        "Weighted Average Shs Out (Dil)": 38478000.0,
        "Dividend per Share": 0.0,
        "Gross Margin": 0.102564102564,
        "EBITDA Margin": -4750.78205128,
        "EBIT Margin": -4778.62820513,
        "Profit Margin": -4476.11538462,
        "Free Cash Flow margin": -3428.79487179,
        "EBITDA": -370561000.0,
        "EBIT": -372733000.0,
        "Consolidated Income": -349137000.0,
        "Earnings Before Tax Margin": -4886.80769231,
        "Net Profit Margin": -4476.11538462
    },
    "2015": {
        "Revenue": 0.0,
        "Revenue Growth": 0.0,
        "Cost of Revenue": 0.0,
        "Gross Profit": 0.0,
        "R&D Expenses": 269251000.0,
        "SG&A Expense": 30524000.0,
        "Operating Expenses": 376721000.0,
        "Operating Income": -376721000.0,
        "Interest Expense": 0.0,
        "Earnings before Tax": -381937000.0,
        "Income Tax Expense": -29076000.0,
        "Net Income - Non-Controlling int": 0.0,
        "Net Income - Discontinued ops": 0.0,
        "Net Income": -352861000.0,
        "Preferred Dividends": 0.0,
        "Net Income Com": -352861000.0,
        "EPS": -9.79,
        "EPS Diluted": -9.79,
        "Weighted Average Shs Out": 36026000.0,
        "Weighted Average Shs Out (Dil)": 36026000.0,
        "Dividend per Share": 0.0,
        "Gross Margin": 0.0,
        "EBITDA Margin": 0.0,
        "EBIT Margin": 0.0,
        "Profit Margin": 0.0,
        "Free Cash Flow margin": 0.0,
        "EBITDA": -376155000.0,
        "EBIT": -376721000.0,
        "Consolidated Income": -352861000.0,
        "Earnings Before Tax Margin": 0.0,
        "Net Profit Margin": 0.0
    },
    "2014": {
        "Revenue": 0.0,
        "Revenue Growth": 0.0,
        "Cost of Revenue": 0.0,
        "Gross Profit": 0.0,
        "R&D Expenses": 137705000.0,
        "SG&A Expense": 21457000.0,
        "Operating Expenses": 172084000.0,
        "Operating Income": -158459000.0,
        "Interest Expense": 2604000.0,
        "Earnings before Tax": -157723000.0,
        "Income Tax Expense": 2308000.0,
        "Net Income - Non-Controlling int": 0.0,
        "Net Income - Discontinued ops": 0.0,
        "Net Income": -160031000.0,
        "Preferred Dividends": 0.0,
        "Net Income Com": -160031000.0,
        "EPS": -4.72,
        "EPS Diluted": -4.72,
        "Weighted Average Shs Out": 33889000.0,
        "Weighted Average Shs Out (Dil)": 33889000.0,
        "Dividend per Share": 0.0,
        "Gross Margin": 0.0,
        "EBITDA Margin": 0.0,
        "EBIT Margin": 0.0,
        "Profit Margin": 0.0,
        "Free Cash Flow margin": 0.0,
        "EBITDA": -154239000.0,
        "EBIT": -158459000.0,
        "Consolidated Income": -160031000.0,
        "Earnings Before Tax Margin": 0.0,
        "Net Profit Margin": 0.0
    },
    "2013": {
        "Revenue": 0.0,
        "Revenue Growth": 0.0,
        "Cost of Revenue": 0.0,
        "Gross Profit": 0.0,
        "R&D Expenses": 66545000.0,
        "SG&A Expense": 16567000.0,
        "Operating Expenses": 83767000.0,
        "Operating Income": -83767000.0,
        "Interest Expense": 0.0,
        "Earnings before Tax": -84480000.0,
        "Income Tax Expense": 52000.0,
        "Net Income - Non-Controlling int": 0.0,
        "Net Income - Discontinued ops": 0.0,
        "Net Income": -84532000.0,
        "Preferred Dividends": 0.0,
        "Net Income Com": -84532000.0,
        "EPS": -2.95,
        "EPS Diluted": -2.95,
        "Weighted Average Shs Out": 28672000.0,
        "Weighted Average Shs Out (Dil)": 28672000.0,
        "Dividend per Share": 0.0,
        "Gross Margin": 0.0,
        "EBITDA Margin": 0.0,
        "EBIT Margin": 0.0,
        "Profit Margin": 0.0,
        "Free Cash Flow margin": 0.0,
        "EBITDA": -83517000.0,
        "EBIT": -83767000.0,
        "Consolidated Income": -84532000.0,
        "Earnings Before Tax Margin": 0.0,
        "Net Profit Margin": 0.0
    },
    "2012": {
        "Revenue": 0.0,
        "Revenue Growth": 0.0,
        "Cost of Revenue": 0.0,
        "Gross Profit": 0.0,
        "R&D Expenses": 58894000.0,
        "SG&A Expense": 10638000.0,
        "Operating Expenses": 69532000.0,
        "Operating Income": -73782000.0,
        "Interest Expense": 0.0,
        "Earnings before Tax": -74010000.0,
        "Income Tax Expense": -27000.0,
        "Net Income - Non-Controlling int": 0.0,
        "Net Income - Discontinued ops": 0.0,
        "Net Income": -73983000.0,
        "Preferred Dividends": 0.0,
        "Net Income Com": -73983000.0,
        "EPS": -2.97,
        "EPS Diluted": -2.97,
        "Weighted Average Shs Out": 24915000.0,
        "Weighted Average Shs Out (Dil)": 24915000.0,
        "Dividend per Share": 0.0,
        "Gross Margin": 0.0,