{
    "2019": {
        "Revenue": 6214000000.0,
        "Revenue Growth": 0.0146962769431744,
        "Cost of Revenue": 3486000000.0,
        "Gross Profit": 2728000000.0,
        "R&D Expenses": 136000000.0,
        "SG&A Expense": 856000000.0,
        "Operating Expenses": 992000000.0,
        "Operating Income": 1024000000.0,
        "Interest Expense": 97000000.0,
        "Earnings before Tax": 1024000000.0,
        "Income Tax Expense": 204000000.0,
        "Net Income - Non-Controlling int": 0.0,
        "Net Income - Discontinued ops": 0.0,
        "Net Income": 820000000.0,
        "Preferred Dividends": 0.0,
        "Net Income Com": 820000000.0,
        "EPS": 6.42,
        "EPS Diluted": 6.32,
        "Weighted Average Shs Out": 127734000.0,
        "Weighted Average Shs Out (Dil)": 129792000.0,
        "Dividend per Share": 3.77527120316,
        "Gross Margin": 0.439008690055,
        "EBITDA Margin": 0.19375603476,
        "EBIT Margin": 0.16478918571,
        "Profit Margin": 0.131960090119,
        "Free Cash Flow margin": 0.126488574187,
        "EBITDA": 1204000000.0,
        "EBIT": 1024000000.0,
        "Consolidated Income": 820000000.0,
        "Earnings Before Tax Margin": 0.16478918571,
        "Net Profit Margin": 0.131960090119
    },
    "2018": {
        "Revenue": 6124000000.0,
        "Revenue Growth": 0.0252804285953457,
        "Cost of Revenue": 3449000000.0,
        "Gross Profit": 2675000000.0,
        "R&D Expenses": 132000000.0,
        "SG&A Expense": 837000000.0,
        "Operating Expenses": 969000000.0,
        "Operating Income": 1054000000.0,
        "Interest Expense": 85000000.0,
        "Earnings before Tax": 1054000000.0,
        "Income Tax Expense": 231000000.0,
        "Net Income - Non-Controlling int": 0.0,
        "Net Income - Discontinued ops": 0.0,
        "Net Income": 823000000.0,
        "Preferred Dividends": 0.0,
        "Net Income Com": 823000000.0,
        "EPS": 6.37,
        "EPS Diluted": 6.26,
        "Weighted Average Shs Out": 129293000.0,
        "Weighted Average Shs Out (Dil)": 131581000.0,
        "Dividend per Share": 3.41994664883,
        "Gross Margin": 0.436806009144,
        "EBITDA Margin": 0.199216198563,
        "EBIT Margin": 0.172109732201,
        "Profit Margin": 0.134389288047,
        "Free Cash Flow margin": 0.127367733508,
        "EBITDA": 1220000000.0,
        "EBIT": 1054000000.0,
        "Consolidated Income": 823000000.0,
        "Earnings Before Tax Margin": 0.172109732201,
        "Net Profit Margin": 0.134389288047
    },
    "2017": {
        "Revenue": 5973000000.0,
        "Revenue Growth": 0.0367991668113175,
        "Cost of Revenue": 3302000000.0,
        "Gross Profit": 2671000000.0,
        "R&D Expenses": 135000000.0,
        "SG&A Expense": 810000000.0,
        "Operating Expenses": 945000000.0,
        "Operating Income": 1033000000.0,
        "Interest Expense": 88000000.0,
        "Earnings before Tax": 1033000000.0,
        "Income Tax Expense": 330000000.0,
        "Net Income - Non-Controlling int": 0.0,
        "Net Income - Discontinued ops": 0.0,
        "Net Income": 701000000.0,
        "Preferred Dividends": 0.0,
        "Net Income Com": 701000000.0,
        "EPS": 5.43,
        "EPS Diluted": 5.33,
        "Weighted Average Shs Out": 128953000.0,
        "Weighted Average Shs Out (Dil)": 131566000.0,
        "Dividend per Share": 3.1315081404,
        "Gross Margin": 0.447178972041,
        "EBITDA Margin": 0.20023438808,
        "EBIT Margin": 0.172944918801,
        "Profit Margin": 0.117361459903,
        "Free Cash Flow margin": 0.10664657626,
        "EBITDA": 1196000000.0,
        "EBIT": 1033000000.0,
        "Consolidated Income": 701000000.0,
        "Earnings Before Tax Margin": 0.172944918801,
        "Net Profit Margin": 0.117361459903
    },
    "2016": {
        "Revenue": 5761000000.0,
        "Revenue Growth": 0.0187444739168877,
        "Cost of Revenue": 3163000000.0,
        "Gross Profit": 2598000000.0,
        "R&D Expenses": 141000000.0,
        "SG&A Expense": 1393000000.0,
        "Operating Expenses": 1527000000.0,
        "Operating Income": 1071000000.0,
        "Interest Expense": 88000000.0,
        "Earnings before Tax": 983000000.0,
        "Income Tax Expense": 335000000.0,
        "Net Income - Non-Controlling int": 0.0,
        "Net Income - Discontinued ops": 0.0,
        "Net Income": 648000000.0,
        "Preferred Dividends": 0.0,
        "Net Income Com": 648000000.0,
        "EPS": 5.01,
        "EPS Diluted": 4.92,
        "Weighted Average Shs Out": 129340425.0,
        "Weighted Average Shs Out (Dil)": 129472000.0,
        "Dividend per Share": 3.08,
        "Gross Margin": 0.451,
        "EBITDA Margin": 0.215,
        "EBIT Margin": 0.1859,
        "Profit Margin": 0.112,
        "Free Cash Flow margin": 0.1052,
        "EBITDA": 1236000000.0,
        "EBIT": 1071000000.0,
        "Consolidated Income": 648000000.0,
        "Earnings Before Tax Margin": 0.1706,
        "Net Profit Margin": 0.1125
    },
    "2015": {
        "Revenue": 5655000000.0,
        "Revenue Growth": 0.0,
        "Cost of Revenue": 3190000000.0,
        "Gross Profit": 2465000000.0,
        "R&D Expenses": 136000000.0,
        "SG&A Expense": 1321000000.0,
        "Operating Expenses": 1444000000.0,
        "Operating Income": 1021000000.0,
        "Interest Expense": 100000000.0,
        "Earnings before Tax": 895000000.0,
        "Income Tax Expense": 315000000.0,
        "Net Income - Non-Controlling int": 0.0,
        "Net Income - Discontinued ops": 26000000.0,
        "Net Income": 580000000.0,
        "Preferred Dividends": 0.0,
        "Net Income Com": 580000000.0,
        "EPS": 4.45,
        "EPS Diluted": 4.37,
        "Weighted Average Shs Out": 131178212.0,
        "Weighted Average Shs Out (Dil)": 130310000.0,
        "Dividend per Share": 2.96,
        "Gross Margin": 0.4359,
        "EBITDA Margin": 0.206,
        "EBIT Margin": 0.176,
        "Profit Margin": 0.103,
        "Free Cash Flow margin": 0.1324,
        "EBITDA": 1164000000.0,
        "EBIT": 995000000.0,
        "Consolidated Income": 580000000.0,
        "Earnings Before Tax Margin": 0.1583,
        "Net Profit Margin": 0.1026
    },
    "2014": {
        "Revenue": 0.0,
        "Revenue Growth": 0.0,
        "Cost of Revenue": 0.0,
        "Gross Profit": 0.0,
        "R&D Expenses": 0.0,
        "SG&A Expense": 0.0,
        "Operating Expenses": 0.0,
        "Operating Income": 0.0,
        "Interest Expense": 0.0,
        "Earnings before Tax": 0.0,
        "Income Tax Expense": 0.0,
        "Net Income - Non-Controlling int": 0.0,
        "Net Income - Discontinued ops": 0.0,
        "Net Income": 0.0,
        "Preferred Dividends": 0.0,
        "Net Income Com": 0.0,
        "EPS": 0.0,
        "EPS Diluted": 0.0,
        "Weighted Average Shs Out": 0.0,
        "Weighted Average Shs Out (Dil)": 0.0,
        "Dividend per Share": 0.0,
        "Gross Margin": 0.0,
        "EBITDA Margin": 0.0,
        "EBIT Margin": 0.0,
        "Profit Margin": 0.0,
        "Free Cash Flow margin": 0.0,
        "EBITDA": 0.0,
        "EBIT": 0.0,
        "Consolidated Income": 0.0,
        "Earnings Before Tax Margin": 0.0,
        "Net Profit Margin": 0.0
    },
    "2013": {
        "Revenue": 0.0,
        "Revenue Growth": -1.0,
        "Cost of Revenue": 0.0,
        "Gross Profit": 0.0,
        "R&D Expenses": 0.0,
        "SG&A Expense": 0.0,
        "Operating Expenses": 0.0,
        "Operating Income": 0.0,
        "Interest Expense": 0.0,
        "Earnings before Tax": 0.0,
        "Income Tax Expense": 0.0,
        "Net Income - Non-Controlling int": 0.0,
        "Net Income - Discontinued ops": 0.0,
        "Net Income": 0.0,
        "Preferred Dividends": 0.0,
        "Net Income Com": 0.0,
        "EPS": 0.0,
        "EPS Diluted": 0.0,
        "Weighted Average Shs Out": 0.0,
        "Weighted Average Shs Out (Dil)": 0.0,