{
    "2018": {
        "Revenue": 1493600000.0,
        "Revenue Growth": 0.0946936382292583,
        "Cost of Revenue": 879700000.0,
        "Gross Profit": 293900000.0,
        "R&D Expenses": 0.0,
        "SG&A Expense": 163600000.0,
        "Operating Expenses": 163600000.0,
        "Operating Income": 130300000.0,
        "Interest Expense": 62500000.0,
        "Earnings before Tax": 77600000.0,
        "Income Tax Expense": 8800000.0,
        "Net Income - Non-Controlling int": 0.0,
        "Net Income - Discontinued ops": 0.0,
        "Net Income": 68800000.0,
        "Preferred Dividends": 0.0,
        "Net Income Com": 68800000.0,
        "EPS": 2.02,
        "EPS Diluted": 2.02,
        "Weighted Average Shs Out": 33848000.0,
        "Weighted Average Shs Out (Dil)": 33848000.0,
        "Dividend per Share": 2.88643346727,
        "Gross Margin": 0.196772897697,
        "EBITDA Margin": 0.180369576861,
        "EBIT Margin": 0.0872388859132,
        "Profit Margin": 0.0460632029995,
        "Free Cash Flow margin": 0.0628682378147,
        "EBITDA": 269400000.0,
        "EBIT": 130300000.0,
        "Consolidated Income": 68800000.0,
        "Earnings Before Tax Margin": 0.0519550080343,
        "Net Profit Margin": 0.0460632029995
    },
    "2017": {
        "Revenue": 1364400000.0,
        "Revenue Growth": 0.198945518453427,
        "Cost of Revenue": 14500000.0,
        "Gross Profit": 326600000.0,
        "R&D Expenses": 0.0,
        "SG&A Expense": 167400000.0,
        "Operating Expenses": 167400000.0,
        "Operating Income": 159200000.0,
        "Interest Expense": 52900000.0,
        "Earnings before Tax": 102700000.0,
        "Income Tax Expense": 60000000.0,
        "Net Income - Non-Controlling int": 0.0,
        "Net Income - Discontinued ops": 0.0,
        "Net Income": 42700000.0,
        "Preferred Dividends": 0.0,
        "Net Income Com": 42700000.0,
        "EPS": 1.25,
        "EPS Diluted": 1.25,
        "Weighted Average Shs Out": 33819000.0,
        "Weighted Average Shs Out (Dil)": 33820000.0,
        "Dividend per Share": 2.88290952099,
        "Gross Margin": 0.239372618001,
        "EBITDA Margin": 0.207856933451,
        "EBIT Margin": 0.116681325125,
        "Profit Margin": 0.031295807681,
        "Free Cash Flow margin": 0.0240398710056,
        "EBITDA": 283600000.0,
        "EBIT": 159200000.0,
        "Consolidated Income": 42700000.0,
        "Earnings Before Tax Margin": 0.0752711814717,
        "Net Profit Margin": 0.031295807681
    },
    "2016": {
        "Revenue": 1138000000.0,
        "Revenue Growth": 0.0357695458268863,
        "Cost of Revenue": 15200000.0,
        "Gross Profit": 299500000.0,
        "R&D Expenses": 0.0,
        "SG&A Expense": 124900000.0,
        "Operating Expenses": 124900000.0,
        "Operating Income": 174600000.0,
        "Interest Expense": 34100000.0,
        "Earnings before Tax": 197300000.0,
        "Income Tax Expense": 34600000.0,
        "Net Income - Non-Controlling int": 0.0,
        "Net Income - Discontinued ops": 0.0,
        "Net Income": 162700000.0,
        "Preferred Dividends": 0.0,
        "Net Income Com": 162700000.0,
        "EPS": 4.79,
        "EPS Diluted": 4.79,
        "Weighted Average Shs Out": 33776000.0,
        "Weighted Average Shs Out (Dil)": 33780000.0,
        "Dividend per Share": 2.78567199526,
        "Gross Margin": 0.263181019332,
        "EBITDA Margin": 0.23453427065,
        "EBIT Margin": 0.153427065026,
        "Profit Margin": 0.142970123023,
        "Free Cash Flow margin": -0.0130931458699,
        "EBITDA": 266900000.0,
        "EBIT": 174600000.0,
        "Consolidated Income": 162700000.0,
        "Earnings Before Tax Margin": 0.173374340949,
        "Net Profit Margin": 0.142970123023
    },
    "2015": {
        "Revenue": 1098700000.0,
        "Revenue Growth": -0.143313840155945,
        "Cost of Revenue": 14000000.0,
        "Gross Profit": 330100000.0,
        "R&D Expenses": 0.0,
        "SG&A Expense": 108700000.0,
        "Operating Expenses": 108700000.0,
        "Operating Income": 221400000.0,
        "Interest Expense": 21500000.0,
        "Earnings before Tax": 214500000.0,
        "Income Tax Expense": 55300000.0,
        "Net Income - Non-Controlling int": 0.0,
        "Net Income - Discontinued ops": 0.0,
        "Net Income": 159200000.0,
        "Preferred Dividends": 0.0,
        "Net Income Com": 159200000.0,
        "EPS": 4.7,
        "EPS Diluted": 4.69,
        "Weighted Average Shs Out": 33677000.0,
        "Weighted Average Shs Out (Dil)": 33692000.0,
        "Dividend per Share": 2.65344888994,
        "Gross Margin": 0.300445981615,
        "EBITDA Margin": 0.273869118049,
        "EBIT Margin": 0.20151087649,
        "Profit Margin": 0.144898516429,
        "Free Cash Flow margin": -0.0725402748703,
        "EBITDA": 300900000.0,
        "EBIT": 221400000.0,
        "Consolidated Income": 159200000.0,
        "Earnings Before Tax Margin": 0.195230727223,
        "Net Profit Margin": 0.144898516429
    },
    "2014": {
        "Revenue": 1282500000.0,
        "Revenue Growth": 0.135357648725212,
        "Cost of Revenue": 17800000.0,
        "Gross Profit": 421400000.0,
        "R&D Expenses": 0.0,
        "SG&A Expense": 110400000.0,
        "Operating Expenses": 110400000.0,
        "Operating Income": 311000000.0,
        "Interest Expense": 20100000.0,
        "Earnings before Tax": 184300000.0,
        "Income Tax Expense": 73900000.0,
        "Net Income - Non-Controlling int": 0.0,
        "Net Income - Discontinued ops": 0.0,
        "Net Income": 217900000.0,
        "Preferred Dividends": 0.0,
        "Net Income Com": 217900000.0,
        "EPS": 6.45,
        "EPS Diluted": 6.44,
        "Weighted Average Shs Out": 33557000.0,
        "Weighted Average Shs Out (Dil)": 33581000.0,
        "Dividend per Share": 2.40314463536,
        "Gross Margin": 0.328576998051,
        "EBITDA Margin": 0.304249512671,
        "EBIT Margin": 0.242495126706,
        "Profit Margin": 0.169902534113,
        "Free Cash Flow margin": 0.0917738791423,
        "EBITDA": 390200000.0,
        "EBIT": 311000000.0,
        "Consolidated Income": 217900000.0,
        "Earnings Before Tax Margin": 0.143703703704,
        "Net Profit Margin": 0.169902534113
    },
    "2013": {
        "Revenue": 1129600000.0,
        "Revenue Growth": 0.199278054995222,
        "Cost of Revenue": 14700000.0,
        "Gross Profit": 286000000.0,
        "R&D Expenses": 0.0,
        "SG&A Expense": 100400000.0,
        "Operating Expenses": 100400000.0,
        "Operating Income": 185600000.0,
        "Interest Expense": 17900000.0,
        "Earnings before Tax": 112300000.0,
        "Income Tax Expense": 43300000.0,
        "Net Income - Non-Controlling int": 0.0,
        "Net Income - Discontinued ops": 0.0,
        "Net Income": 130800000.0,
        "Preferred Dividends": 0.0,
        "Net Income Com": 130800000.0,
        "EPS": 3.89,
        "EPS Diluted": 3.88,
        "Weighted Average Shs Out": 33403000.0,
        "Weighted Average Shs Out (Dil)": 33420000.0,
        "Dividend per Share": 2.18731298624,
        "Gross Margin": 0.253186968839,
        "EBITDA Margin": 0.229992917847,
        "EBIT Margin": 0.164305949008,
        "Profit Margin": 0.115793201133,
        "Free Cash Flow margin": 0.102337110482,
        "EBITDA": 259800000.0,
        "EBIT": 185600000.0,
        "Consolidated Income": 130800000.0,
        "Earnings Before Tax Margin": 0.0994157223796,
        "Net Profit Margin": 0.115793201133
    },
    "2012": {
        "Revenue": 941900000.0,
        "Revenue Growth": -0.148141448855928,
        "Cost of Revenue": 16100000.0,
        "Gross Profit": 227100000.0,
        "R&D Expenses": 0.0,
        "SG&A Expense": 93900000.0,
        "Operating Expenses": 93900000.0,
        "Operating Income": 133200000.0,
        "Interest Expense": 18200000.0,
        "Earnings before Tax": 76600000.0,