{
    "2019": {
        "Revenue": 671797000.0,
        "Revenue Growth": 0.177374607642278,
        "Cost of Revenue": 424357000.0,
        "Gross Profit": 247440000.0,
        "R&D Expenses": 56407000.0,
        "SG&A Expense": 128639000.0,
        "Operating Expenses": 206033000.0,
        "Operating Income": 41407000.0,
        "Interest Expense": 9245000.0,
        "Earnings before Tax": 28910000.0,
        "Income Tax Expense": 3869000.0,
        "Net Income - Non-Controlling int": 0.0,
        "Net Income - Discontinued ops": 0.0,
        "Net Income": 25041000.0,
        "Preferred Dividends": 0.0,
        "Net Income Com": 25041000.0,
        "EPS": 1.04,
        "EPS Diluted": 1.03,
        "Weighted Average Shs Out": 24124000.0,
        "Weighted Average Shs Out (Dil)": 24302000.0,
        "Dividend per Share": 0.402806353387,
        "Gross Margin": 0.368325550724,
        "EBITDA Margin": 0.108296107306,
        "EBIT Margin": 0.0616361787862,
        "Profit Margin": 0.0372746529085,
        "Free Cash Flow margin": 0.0881903313054,
        "EBITDA": 72753000.0,
        "EBIT": 41407000.0,
        "Consolidated Income": 25041000.0,
        "Earnings Before Tax Margin": 0.0430338331371,
        "Net Profit Margin": 0.0372746529085
    },
    "2018": {
        "Revenue": 570589000.0,
        "Revenue Growth": 0.0367408715623001,
        "Cost of Revenue": 346648000.0,
        "Gross Profit": 223941000.0,
        "R&D Expenses": 53869000.0,
        "SG&A Expense": 113922000.0,
        "Operating Expenses": 188866000.0,
        "Operating Income": 35075000.0,
        "Interest Expense": 10195000.0,
        "Earnings before Tax": 24626000.0,
        "Income Tax Expense": -5143000.0,
        "Net Income - Non-Controlling int": 0.0,
        "Net Income - Discontinued ops": 0.0,
        "Net Income": 29769000.0,
        "Preferred Dividends": 0.0,
        "Net Income Com": 29769000.0,
        "EPS": 1.25,
        "EPS Diluted": 1.24,
        "Weighted Average Shs Out": 23825000.0,
        "Weighted Average Shs Out (Dil)": 24040000.0,
        "Dividend per Share": 0.396755407654,
        "Gross Margin": 0.392473391531,
        "EBITDA Margin": 0.126187150471,
        "EBIT Margin": 0.0614715671,
        "Profit Margin": 0.052172404305,
        "Free Cash Flow margin": 0.0730858814313,
        "EBITDA": 72001000.0,
        "EBIT": 35075000.0,
        "Consolidated Income": 29769000.0,
        "Earnings Before Tax Margin": 0.0431589112303,
        "Net Profit Margin": 0.052172404305
    },
    "2017": {
        "Revenue": 550368000.0,
        "Revenue Growth": 0.339081858084106,
        "Cost of Revenue": 332183000.0,
        "Gross Profit": 218185000.0,
        "R&D Expenses": 54260000.0,
        "SG&A Expense": 116080000.0,
        "Operating Expenses": 181143000.0,
        "Operating Income": 37042000.0,
        "Interest Expense": 11629000.0,
        "Earnings before Tax": 25481000.0,
        "Income Tax Expense": 9654000.0,
        "Net Income - Non-Controlling int": 0.0,
        "Net Income - Discontinued ops": 0.0,
        "Net Income": 15827000.0,
        "Preferred Dividends": 0.0,
        "Net Income Com": 15827000.0,
        "EPS": 0.68,
        "EPS Diluted": 0.67,
        "Weighted Average Shs Out": 23433000.0,
        "Weighted Average Shs Out (Dil)": 23489000.0,
        "Dividend per Share": 0.803439908042,
        "Gross Margin": 0.396434749113,
        "EBITDA Margin": 0.13844554916,
        "EBIT Margin": 0.0673040583755,
        "Profit Margin": 0.0287571225071,
        "Free Cash Flow margin": 0.106301601837,
        "EBITDA": 76196000.0,
        "EBIT": 37042000.0,
        "Consolidated Income": 15827000.0,
        "Earnings Before Tax Margin": 0.0462981132624,
        "Net Profit Margin": 0.0287571225071
    },
    "2016": {
        "Revenue": 411004000.0,
        "Revenue Growth": 0.337516149292685,
        "Cost of Revenue": 239767000.0,
        "Gross Profit": 171237000.0,
        "R&D Expenses": 42190000.0,
        "SG&A Expense": 94932000.0,
        "Operating Expenses": 171813000.0,
        "Operating Income": -576000.0,
        "Interest Expense": 7750000.0,
        "Earnings before Tax": -8192000.0,
        "Income Tax Expense": -454000.0,
        "Net Income - Non-Controlling int": 0.0,
        "Net Income - Discontinued ops": 0.0,
        "Net Income": -7738000.0,
        "Preferred Dividends": 0.0,
        "Net Income Com": -7738000.0,
        "EPS": -0.46,
        "EPS Diluted": -0.46,
        "Weighted Average Shs Out": 16972000.0,
        "Weighted Average Shs Out (Dil)": 16972000.0,
        "Dividend per Share": 1.14341267971,
        "Gross Margin": 0.416630981694,
        "EBITDA Margin": 0.0570894687156,
        "EBIT Margin": -0.00140144621464,
        "Profit Margin": -0.0188270673765,
        "Free Cash Flow margin": 0.0226348162062,
        "EBITDA": 23464000.0,
        "EBIT": -576000.0,
        "Consolidated Income": -7738000.0,
        "Earnings Before Tax Margin": -0.019931679497,
        "Net Profit Margin": -0.0188270673765
    },
    "2015": {
        "Revenue": 307289000.0,
        "Revenue Growth": -0.114823563301167,
        "Cost of Revenue": 168405000.0,
        "Gross Profit": 138884000.0,
        "R&D Expenses": 35916000.0,
        "SG&A Expense": 62680000.0,
        "Operating Expenses": 104807000.0,
        "Operating Income": 34077000.0,
        "Interest Expense": 479000.0,
        "Earnings before Tax": 34003000.0,
        "Income Tax Expense": 10758000.0,
        "Net Income - Non-Controlling int": 0.0,
        "Net Income - Discontinued ops": 0.0,
        "Net Income": 23245000.0,
        "Preferred Dividends": 0.0,
        "Net Income Com": 23245000.0,
        "EPS": 1.43,
        "EPS Diluted": 1.42,
        "Weighted Average Shs Out": 16203000.0,
        "Weighted Average Shs Out (Dil)": 16418000.0,
        "Dividend per Share": 1.18321354611,
        "Gross Margin": 0.451965413666,
        "EBITDA Margin": 0.152553459447,
        "EBIT Margin": 0.110895606416,
        "Profit Margin": 0.0756454022109,
        "Free Cash Flow margin": 0.0597613321661,
        "EBITDA": 46878000.0,
        "EBIT": 34077000.0,
        "Consolidated Income": 23245000.0,
        "Earnings Before Tax Margin": 0.110654790767,
        "Net Profit Margin": 0.0756454022109
    },
    "2014": {
        "Revenue": 347150000.0,
        "Revenue Growth": 0.0855323846064847,
        "Cost of Revenue": 195712000.0,
        "Gross Profit": 151438000.0,
        "R&D Expenses": 34108000.0,
        "SG&A Expense": 67147000.0,
        "Operating Expenses": 107540000.0,
        "Operating Income": 43898000.0,
        "Interest Expense": 6304000.0,
        "Earnings before Tax": 38507000.0,
        "Income Tax Expense": 13356000.0,
        "Net Income - Non-Controlling int": 0.0,
        "Net Income - Discontinued ops": 0.0,
        "Net Income": 25151000.0,
        "Preferred Dividends": 0.0,
        "Net Income Com": 25151000.0,
        "EPS": 1.58,
        "EPS Diluted": 1.37,
        "Weighted Average Shs Out": 15943000.0,
        "Weighted Average Shs Out (Dil)": 20906000.0,
        "Dividend per Share": 0.89337989094,
        "Gross Margin": 0.436232176293,
        "EBITDA Margin": 0.167106438139,
        "EBIT Margin": 0.126452542129,
        "Profit Margin": 0.0724499495895,
        "Free Cash Flow margin": 0.0854126458303,
        "EBITDA": 58011000.0,
        "EBIT": 43898000.0,
        "Consolidated Income": 25151000.0,
        "Earnings Before Tax Margin": 0.110923232032,
        "Net Profit Margin": 0.0724499495895
    },
    "2013": {
        "Revenue": 319797000.0,
        "Revenue Growth": -0.247660385348296,
        "Cost of Revenue": 178967000.0,
        "Gross Profit": 140830000.0,
        "R&D Expenses": 36748000.0,
        "SG&A Expense": 63265000.0,
        "Operating Expenses": 106341000.0,
        "Operating Income": 34489000.0,
        "Interest Expense": 8163000.0,