{
    "2018": {
        "Revenue": 57146000.0,
        "Revenue Growth": 0.225441211159479,
        "Cost of Revenue": 54728000.0,
        "Gross Profit": 2418000.0,
        "R&D Expenses": 933000.0,
        "SG&A Expense": 7456000.0,
        "Operating Expenses": 16930000.0,
        "Operating Income": -14512000.0,
        "Interest Expense": 37000.0,
        "Earnings before Tax": -13363000.0,
        "Income Tax Expense": 764000.0,
        "Net Income - Non-Controlling int": 0.0,
        "Net Income - Discontinued ops": 0.0,
        "Net Income": -14025000.0,
        "Preferred Dividends": 0.0,
        "Net Income Com": -14025000.0,
        "EPS": -0.88,
        "EPS Diluted": -0.88,
        "Weighted Average Shs Out": 15863894.0,
        "Weighted Average Shs Out (Dil)": 15863894.0,
        "Dividend per Share": 0.0,
        "Gross Margin": 0.042312672803,
        "EBITDA Margin": -0.244479053652,
        "EBIT Margin": -0.253946032968,
        "Profit Margin": -0.24542400168,
        "Free Cash Flow margin": -0.0944948027858,
        "EBITDA": -13971000.0,
        "EBIT": -14512000.0,
        "Consolidated Income": -14025000.0,
        "Earnings Before Tax Margin": -0.23383963882,
        "Net Profit Margin": -0.24542400168
    },
    "2017": {
        "Revenue": 46633000.0,
        "Revenue Growth": 0.341956834532374,
        "Cost of Revenue": 42020000.0,
        "Gross Profit": 4613000.0,
        "R&D Expenses": 1261000.0,
        "SG&A Expense": 10198000.0,
        "Operating Expenses": 14055000.0,
        "Operating Income": -9442000.0,
        "Interest Expense": 147000.0,
        "Earnings before Tax": -9760000.0,
        "Income Tax Expense": 251000.0,
        "Net Income - Non-Controlling int": 0.0,
        "Net Income - Discontinued ops": 0.0,
        "Net Income": -10125000.0,
        "Preferred Dividends": 0.0,
        "Net Income Com": -10125000.0,
        "EPS": -0.84,
        "EPS Diluted": -0.84,
        "Weighted Average Shs Out": 12116783.0,
        "Weighted Average Shs Out (Dil)": 12116783.0,
        "Dividend per Share": 0.0,
        "Gross Margin": 0.0989213646988,
        "EBITDA Margin": -0.171981215019,
        "EBIT Margin": -0.202474642421,
        "Profit Margin": -0.217120922952,
        "Free Cash Flow margin": -0.0283919113074,
        "EBITDA": -8020000.0,
        "EBIT": -9442000.0,
        "Consolidated Income": -10125000.0,
        "Earnings Before Tax Margin": -0.209293847704,
        "Net Profit Margin": -0.217120922952
    },
    "2016": {
        "Revenue": 34750000.0,
        "Revenue Growth": 0.102404669754457,
        "Cost of Revenue": 26999000.0,
        "Gross Profit": 7751000.0,
        "R&D Expenses": 1996000.0,
        "SG&A Expense": 11744000.0,
        "Operating Expenses": 13899000.0,
        "Operating Income": -6148000.0,
        "Interest Expense": 13000.0,
        "Earnings before Tax": -6183000.0,
        "Income Tax Expense": 102000.0,
        "Net Income - Non-Controlling int": 0.0,
        "Net Income - Discontinued ops": 0.0,
        "Net Income": -6492000.0,
        "Preferred Dividends": 0.0,
        "Net Income Com": -6492000.0,
        "EPS": -0.57,
        "EPS Diluted": -0.57,
        "Weighted Average Shs Out": 11357907.0,
        "Weighted Average Shs Out (Dil)": 11357907.0,
        "Dividend per Share": 0.0,
        "Gross Margin": 0.223050359712,
        "EBITDA Margin": -0.131683453237,
        "EBIT Margin": -0.176920863309,
        "Profit Margin": -0.186820143885,
        "Free Cash Flow margin": -0.0728633093525,
        "EBITDA": -4576000.0,
        "EBIT": -6148000.0,
        "Consolidated Income": -6492000.0,
        "Earnings Before Tax Margin": -0.177928057554,
        "Net Profit Margin": -0.186820143885
    },
    "2015": {
        "Revenue": 31522000.0,
        "Revenue Growth": -0.182181403071814,
        "Cost of Revenue": 24655000.0,
        "Gross Profit": 7610000.0,
        "R&D Expenses": 2164000.0,
        "SG&A Expense": 12084000.0,
        "Operating Expenses": 16926000.0,
        "Operating Income": -9316000.0,
        "Interest Expense": 47000.0,
        "Earnings before Tax": -9212000.0,
        "Income Tax Expense": -1496000.0,
        "Net Income - Non-Controlling int": 0.0,
        "Net Income - Discontinued ops": 0.0,
        "Net Income": -9092000.0,
        "Preferred Dividends": 0.0,
        "Net Income Com": -9092000.0,
        "EPS": -0.29,
        "EPS Diluted": -0.29,
        "Weighted Average Shs Out": 26765673.0,
        "Weighted Average Shs Out (Dil)": 26765673.0,
        "Dividend per Share": 0.0,
        "Gross Margin": 0.241418691707,
        "EBITDA Margin": -0.239451811433,
        "EBIT Margin": -0.29553962312,
        "Profit Margin": -0.288433475033,
        "Free Cash Flow margin": 0.0587526172197,
        "EBITDA": -7548000.0,
        "EBIT": -9316000.0,
        "Consolidated Income": -9092000.0,
        "Earnings Before Tax Margin": -0.29224034008,
        "Net Profit Margin": -0.288433475033
    },
    "2014": {
        "Revenue": 38544000.0,
        "Revenue Growth": 0.287718829346519,
        "Cost of Revenue": 32275000.0,
        "Gross Profit": 6622000.0,
        "R&D Expenses": 2659000.0,
        "SG&A Expense": 13224000.0,
        "Operating Expenses": 21256000.0,
        "Operating Income": -14634000.0,
        "Interest Expense": 52000.0,
        "Earnings before Tax": -14592000.0,
        "Income Tax Expense": -653000.0,
        "Net Income - Non-Controlling int": 0.0,
        "Net Income - Discontinued ops": 0.0,
        "Net Income": -13738000.0,
        "Preferred Dividends": 0.0,
        "Net Income Com": -13738000.0,
        "EPS": -0.61,
        "EPS Diluted": -0.61,
        "Weighted Average Shs Out": 22414523.0,
        "Weighted Average Shs Out (Dil)": 22414523.0,
        "Dividend per Share": 0.0,
        "Gross Margin": 0.171803652968,
        "EBITDA Margin": -0.342387920299,
        "EBIT Margin": -0.379669987547,
        "Profit Margin": -0.356423827314,
        "Free Cash Flow margin": 0.0288242009132,
        "EBITDA": -13197000.0,
        "EBIT": -14634000.0,
        "Consolidated Income": -13738000.0,
        "Earnings Before Tax Margin": -0.378580323786,
        "Net Profit Margin": -0.356423827314
    },
    "2013": {
        "Revenue": 29932000.0,
        "Revenue Growth": -0.354955498566903,
        "Cost of Revenue": 16563000.0,
        "Gross Profit": 13730000.0,
        "R&D Expenses": 1995000.0,
        "SG&A Expense": 7691000.0,
        "Operating Expenses": 12260000.0,
        "Operating Income": 1470000.0,
        "Interest Expense": 26000.0,
        "Earnings before Tax": 716000.0,
        "Income Tax Expense": 816000.0,
        "Net Income - Non-Controlling int": 0.0,
        "Net Income - Discontinued ops": 0.0,
        "Net Income": -234000.0,
        "Preferred Dividends": 0.0,
        "Net Income Com": -234000.0,
        "EPS": -0.01,
        "EPS Diluted": -0.01,
        "Weighted Average Shs Out": 22284485.0,
        "Weighted Average Shs Out (Dil)": 22284485.0,
        "Dividend per Share": 0.0,
        "Gross Margin": 0.458706401176,
        "EBITDA Margin": 0.103133769878,
        "EBIT Margin": 0.0491113189897,
        "Profit Margin": -0.00781772016571,
        "Free Cash Flow margin": 0.0112254443405,
        "EBITDA": 3087000.0,
        "EBIT": 1470000.0,
        "Consolidated Income": -234000.0,
        "Earnings Before Tax Margin": 0.0239208873446,
        "Net Profit Margin": -0.00781772016571
    },
    "2012": {
        "Revenue": 46403000.0,
        "Revenue Growth": 0.0,
        "Cost of Revenue": 31558000.0,
        "Gross Profit": 15042000.0,
        "R&D Expenses": 1819000.0,
        "SG&A Expense": 6030000.0,
        "Operating Expenses": 10532000.0,
        "Operating Income": 4510000.0,
        "Interest Expense": 0.0,
        "Earnings before Tax": 4386000.0,
        "Income Tax Expense": 529000.0,
        "Net Income - Non-Controlling int": 0.0,