{
    "2019": {
        "Revenue": 1922449000.0,
        "Revenue Growth": 0.0,
        "Cost of Revenue": -18406000.0,
        "Gross Profit": 1940855000.0,
        "R&D Expenses": 0.0,
        "SG&A Expense": 0.0,
        "Operating Expenses": 1881171000.0,
        "Operating Income": -80730000.0,
        "Interest Expense": 151379000.0,
        "Earnings before Tax": 59684000.0,
        "Income Tax Expense": 27736000.0,
        "Net Income - Non-Controlling int": 0.0,
        "Net Income - Discontinued ops": 0.0,
        "Net Income": -80730000.0,
        "Preferred Dividends": 0.0,
        "Net Income Com": -80730000.0,
        "EPS": -0.42,
        "EPS Diluted": -0.42,
        "Weighted Average Shs Out": 190727122.0,
        "Weighted Average Shs Out (Dil)": 190727122.0,
        "Dividend per Share": 0.0,
        "Gross Margin": 1.00957424618,
        "EBITDA Margin": 0.226523564474,
        "EBIT Margin": -0.0419933116561,
        "Profit Margin": -0.0419933116561,
        "Free Cash Flow margin": -0.110296293946,
        "EBITDA": 435480000.0,
        "EBIT": -80730000.0,
        "Consolidated Income": -80730000.0,
        "Earnings Before Tax Margin": 0.0310458170802,
        "Net Profit Margin": -0.0419933116561
    },
    "2018": {
        "Revenue": 1730434000.0,
        "Revenue Growth": 0.0,
        "Cost of Revenue": -762748000.0,
        "Gross Profit": 2493182000.0,
        "R&D Expenses": 0.0,
        "SG&A Expense": 0.0,
        "Operating Expenses": 1394514000.0,
        "Operating Income": 796533000.0,
        "Interest Expense": 145934000.0,
        "Earnings before Tax": 1098668000.0,
        "Income Tax Expense": 215557000.0,
        "Net Income - Non-Controlling int": 0.0,
        "Net Income - Discontinued ops": 0.0,
        "Net Income": 796533000.0,
        "Preferred Dividends": 0.0,
        "Net Income Com": 796533000.0,
        "EPS": 3.75,
        "EPS Diluted": 3.71,
        "Weighted Average Shs Out": 212348581.0,
        "Weighted Average Shs Out (Dil)": 214628965.0,
        "Dividend per Share": 0.0,
        "Gross Margin": 1.44078421945,
        "EBITDA Margin": 0.750284032792,
        "EBIT Margin": 0.460308223255,
        "Profit Margin": 0.460308223255,
        "Free Cash Flow margin": -0.133246341669,
        "EBITDA": 1298317000.0,
        "EBIT": 796533000.0,
        "Consolidated Income": 796533000.0,
        "Earnings Before Tax Margin": 0.634908930361,
        "Net Profit Margin": 0.460308223255
    },
    "2017": {
        "Revenue": 1455131000.0,
        "Revenue Growth": 0.0,
        "Cost of Revenue": -205126000.0,
        "Gross Profit": 1660257000.0,
        "R&D Expenses": 0.0,
        "SG&A Expense": 0.0,
        "Operating Expenses": 1541676000.0,
        "Operating Income": 118581000.0,
        "Interest Expense": 161443000.0,
        "Earnings before Tax": 118581000.0,
        "Income Tax Expense": -176458000.0,
        "Net Income - Non-Controlling int": 0.0,
        "Net Income - Discontinued ops": 0.0,
        "Net Income": 380747000.0,
        "Preferred Dividends": 0.0,
        "Net Income Com": 380747000.0,
        "EPS": 1.66,
        "EPS Diluted": 1.65,
        "Weighted Average Shs Out": 228835112.0,
        "Weighted Average Shs Out (Dil)": 230951812.0,
        "Dividend per Share": 0.0,
        "Gross Margin": 1.14096737682,
        "EBITDA Margin": 0.364652392121,
        "EBIT Margin": 0.0814916320249,
        "Profit Margin": 0.261658228709,
        "Free Cash Flow margin": 0.0108863050818,
        "EBITDA": 530617000.0,
        "EBIT": 118581000.0,
        "Consolidated Income": 380747000.0,
        "Earnings Before Tax Margin": 0.0814916320249,
        "Net Profit Margin": 0.261658228709
    },
    "2016": {
        "Revenue": 2026375000.0,
        "Revenue Growth": 0.0,
        "Cost of Revenue": -165270000.0,
        "Gross Profit": 2191645000.0,
        "R&D Expenses": 0.0,
        "SG&A Expense": 37512000.0,
        "Operating Expenses": 2717600000.0,
        "Operating Income": -848102000.0,
        "Interest Expense": 191476000.0,
        "Earnings before Tax": -525955000.0,
        "Income Tax Expense": 10010000.0,
        "Net Income - Non-Controlling int": 0.0,
        "Net Income - Discontinued ops": 0.0,
        "Net Income": -848102000.0,
        "Preferred Dividends": 0.0,
        "Net Income Com": -848102000.0,
        "EPS": -3.7,
        "EPS Diluted": -3.7,
        "Weighted Average Shs Out": 229387403.0,
        "Weighted Average Shs Out (Dil)": 229387403.0,
        "Dividend per Share": 0.0100005491583,
        "Gross Margin": 1.08155943495,
        "EBITDA Margin": -0.123175128,
        "EBIT Margin": -0.418531614336,
        "Profit Margin": -0.418531614336,
        "Free Cash Flow margin": 0.119654555549,
        "EBITDA": -249599000.0,
        "EBIT": -848102000.0,
        "Consolidated Income": -848102000.0,
        "Earnings Before Tax Margin": -0.259554623404,
        "Net Profit Margin": -0.418531614336
    },
    "2015": {
        "Revenue": 3114401000.0,
        "Revenue Growth": 0.0,
        "Cost of Revenue": 163450000.0,
        "Gross Profit": 2950951000.0,
        "R&D Expenses": 0.0,
        "SG&A Expense": 29836000.0,
        "Operating Expenses": 3449851000.0,
        "Operating Income": -374885000.0,
        "Interest Expense": 199269000.0,
        "Earnings before Tax": -498900000.0,
        "Income Tax Expense": -134425000.0,
        "Net Income - Non-Controlling int": 0.0,
        "Net Income - Discontinued ops": 0.0,
        "Net Income": -374885000.0,
        "Preferred Dividends": 0.0,
        "Net Income Com": -374885000.0,
        "EPS": -1.64,
        "EPS Diluted": -1.64,
        "Weighted Average Shs Out": 229186125.0,
        "Weighted Average Shs Out (Dil)": 229186125.0,
        "Dividend per Share": 0.145213851842,
        "Gross Margin": 0.947517997843,
        "EBITDA Margin": 0.0882082943076,
        "EBIT Margin": -0.120371461478,
        "Profit Margin": -0.120371461478,
        "Free Cash Flow margin": -0.165912482047,
        "EBITDA": 274716000.0,
        "EBIT": -374885000.0,
        "Consolidated Income": -374885000.0,
        "Earnings Before Tax Margin": -0.160191317688,
        "Net Profit Margin": -0.120371461478
    },
    "2014": {
        "Revenue": 3726804000.0,
        "Revenue Growth": 0.0,
        "Cost of Revenue": -84777000.0,
        "Gross Profit": 3811581000.0,
        "R&D Expenses": 0.0,
        "SG&A Expense": 45160000.0,
        "Operating Expenses": 3628457000.0,
        "Operating Income": 163090000.0,
        "Interest Expense": 223564000.0,
        "Earnings before Tax": 183124000.0,
        "Income Tax Expense": 14347000.0,
        "Net Income - Non-Controlling int": 0.0,
        "Net Income - Discontinued ops": 0.0,
        "Net Income": 163090000.0,
        "Preferred Dividends": 0.0,
        "Net Income Com": 163090000.0,
        "EPS": 0.71,
        "EPS Diluted": 0.7,
        "Weighted Average Shs Out": 229994407.0,
        "Weighted Average Shs Out (Dil)": 231580278.0,
        "Dividend per Share": 0.248319936813,
        "Gross Margin": 1.02274790947,
        "EBITDA Margin": 0.197026996858,
        "EBIT Margin": 0.043761356916,
        "Profit Margin": 0.043761356916,
        "Free Cash Flow margin": -0.149362563741,
        "EBITDA": 734281000.0,
        "EBIT": 163090000.0,
        "Consolidated Income": 163090000.0,
        "Earnings Before Tax Margin": 0.0491370085467,
        "Net Profit Margin": 0.043761356916
    },
    "2013": {
        "Revenue": 3299685000.0,
        "Revenue Growth": 0.0,
        "Cost of Revenue": 3110174000.0,
        "Gross Profit": 189511000.0,
        "R&D Expenses": 0.0,
        "SG&A Expense": 90408000.0,
        "Operating Expenses": 143436000.0,
        "Operating Income": 660442000.0,
        "Interest Expense": 219198000.0,
        "Earnings before Tax": 46075000.0,
        "Income Tax Expense": -33189000.0,