{
    "2018": {
        "Revenue": 821400000.0,
        "Revenue Growth": 0.222321428571429,
        "Cost of Revenue": 631500000.0,
        "Gross Profit": 189900000.0,
        "R&D Expenses": 0.0,
        "SG&A Expense": 100200000.0,
        "Operating Expenses": 100200000.0,
        "Operating Income": 89700000.0,
        "Interest Expense": 94700000.0,
        "Earnings before Tax": 1800000.0,
        "Income Tax Expense": 600000.0,
        "Net Income - Non-Controlling int": 0.0,
        "Net Income - Discontinued ops": 0.0,
        "Net Income": 1200000.0,
        "Preferred Dividends": 0.0,
        "Net Income Com": 1200000.0,
        "EPS": 0.0,
        "EPS Diluted": 0.0,
        "Weighted Average Shs Out": 99800000.0,
        "Weighted Average Shs Out (Dil)": 100400000.0,
        "Dividend per Share": 1.80378486056,
        "Gross Margin": 0.23119065011,
        "EBITDA Margin": 0.520818115413,
        "EBIT Margin": 0.109203798393,
        "Profit Margin": 0.00146092037984,
        "Free Cash Flow margin": 0.154614073533,
        "EBITDA": 427800000.0,
        "EBIT": 89700000.0,
        "Consolidated Income": 1200000.0,
        "Earnings Before Tax Margin": 0.00219138056976,
        "Net Profit Margin": 0.00146092037984
    },
    "2017": {
        "Revenue": 672000000.0,
        "Revenue Growth": 0.27008127008127,
        "Cost of Revenue": 563900000.0,
        "Gross Profit": 108100000.0,
        "R&D Expenses": 0.0,
        "SG&A Expense": 84000000.0,
        "Operating Expenses": 84000000.0,
        "Operating Income": 24100000.0,
        "Interest Expense": 68100000.0,
        "Earnings before Tax": -80500000.0,
        "Income Tax Expense": 3000000.0,
        "Net Income - Non-Controlling int": 0.0,
        "Net Income - Discontinued ops": 0.0,
        "Net Income": -83500000.0,
        "Preferred Dividends": 0.0,
        "Net Income Com": -83500000.0,
        "EPS": -0.95,
        "EPS Diluted": -0.95,
        "Weighted Average Shs Out": 88900000.0,
        "Weighted Average Shs Out (Dil)": 88900000.0,
        "Dividend per Share": 1.63892013498,
        "Gross Margin": 0.160863095238,
        "EBITDA Margin": 0.44568452381,
        "EBIT Margin": 0.0358630952381,
        "Profit Margin": -0.124255952381,
        "Free Cash Flow margin": 0.400744047619,
        "EBITDA": 299500000.0,
        "EBIT": 24100000.0,
        "Consolidated Income": -83500000.0,
        "Earnings Before Tax Margin": -0.119791666667,
        "Net Profit Margin": -0.124255952381
    },
    "2016": {
        "Revenue": 529100000.0,
        "Revenue Growth": 0.325068870523416,
        "Cost of Revenue": 193500000.0,
        "Gross Profit": 335600000.0,
        "R&D Expenses": 0.0,
        "SG&A Expense": 77600000.0,
        "Operating Expenses": 265100000.0,
        "Operating Income": 70500000.0,
        "Interest Expense": 48800000.0,
        "Earnings before Tax": 21700000.0,
        "Income Tax Expense": 1800000.0,
        "Net Income - Non-Controlling int": 0.0,
        "Net Income - Discontinued ops": 0.0,
        "Net Income": 19900000.0,
        "Preferred Dividends": 0.0,
        "Net Income Com": 19900000.0,
        "EPS": 0.24,
        "EPS Diluted": 0.24,
        "Weighted Average Shs Out": 78300000.0,
        "Weighted Average Shs Out (Dil)": 79000000.0,
        "Dividend per Share": 1.44683544304,
        "Gross Margin": 0.634284634285,
        "EBITDA Margin": 0.489888489888,
        "EBIT Margin": 0.133245133245,
        "Profit Margin": 0.037611037611,
        "Free Cash Flow margin": 0.341334341334,
        "EBITDA": 259200000.0,
        "EBIT": 70500000.0,
        "Consolidated Income": 19900000.0,
        "Earnings Before Tax Margin": 0.041013041013,
        "Net Profit Margin": 0.037611037611
    },
    "2015": {
        "Revenue": 399300000.0,
        "Revenue Growth": 0.206708975521306,
        "Cost of Revenue": 169100000.0,
        "Gross Profit": 230200000.0,
        "R&D Expenses": 0.0,
        "SG&A Expense": 58700000.0,
        "Operating Expenses": 207400000.0,
        "Operating Income": 22800000.0,
        "Interest Expense": 41200000.0,
        "Earnings before Tax": -18400000.0,
        "Income Tax Expense": 1800000.0,
        "Net Income - Non-Controlling int": 0.0,
        "Net Income - Discontinued ops": 0.0,
        "Net Income": -15400000.0,
        "Preferred Dividends": 0.0,
        "Net Income Com": -15400000.0,
        "EPS": -0.3,
        "EPS Diluted": -0.3,
        "Weighted Average Shs Out": 54300000.0,
        "Weighted Average Shs Out (Dil)": 54300000.0,
        "Dividend per Share": 1.48802946593,
        "Gross Margin": 0.576508890558,
        "EBITDA Margin": 0.419984973704,
        "EBIT Margin": 0.0570999248685,
        "Profit Margin": -0.0385674931129,
        "Free Cash Flow margin": -0.646631605309,
        "EBITDA": 167700000.0,
        "EBIT": 22800000.0,
        "Consolidated Income": -15400000.0,
        "Earnings Before Tax Margin": -0.046080641122,
        "Net Profit Margin": -0.0385674931129
    },
    "2014": {
        "Revenue": 330900000.0,
        "Revenue Growth": 0.255787476280835,
        "Cost of Revenue": 119000000.0,
        "Gross Profit": 211900000.0,
        "R&D Expenses": 0.0,
        "SG&A Expense": 47400000.0,
        "Operating Expenses": 171900000.0,
        "Operating Income": 40000000.0,
        "Interest Expense": 39500000.0,
        "Earnings before Tax": -13100000.0,
        "Income Tax Expense": 1400000.0,
        "Net Income - Non-Controlling int": 0.0,
        "Net Income - Discontinued ops": 0.0,
        "Net Income": -7800000.0,
        "Preferred Dividends": 0.0,
        "Net Income Com": -7800000.0,
        "EPS": -0.3,
        "EPS Diluted": -0.25,
        "Weighted Average Shs Out": 29200000.0,
        "Weighted Average Shs Out (Dil)": 29200000.0,
        "Dividend per Share": 1.74315068493,
        "Gross Margin": 0.64037473557,
        "EBITDA Margin": 0.487760652765,
        "EBIT Margin": 0.120882441825,
        "Profit Margin": -0.0235720761559,
        "Free Cash Flow margin": 0.33575098217,
        "EBITDA": 161400000.0,
        "EBIT": 40000000.0,
        "Consolidated Income": -7800000.0,
        "Earnings Before Tax Margin": -0.0395889996978,
        "Net Profit Margin": -0.0235720761559
    },
    "2013": {
        "Revenue": 263500000.0,
        "Revenue Growth": 0.19338768115942,
        "Cost of Revenue": 94700000.0,
        "Gross Profit": 168800000.0,
        "R&D Expenses": 0.0,
        "SG&A Expense": 36400000.0,
        "Operating Expenses": 124800000.0,
        "Operating Income": 11600000.0,
        "Interest Expense": 41200000.0,
        "Earnings before Tax": -13500000.0,
        "Income Tax Expense": 1900000.0,
        "Net Income - Non-Controlling int": 0.0,
        "Net Income - Discontinued ops": 0.0,
        "Net Income": -5300000.0,
        "Preferred Dividends": 0.0,
        "Net Income Com": -5300000.0,
        "EPS": -0.28,
        "EPS Diluted": -0.28,
        "Weighted Average Shs Out": 20900000.0,
        "Weighted Average Shs Out (Dil)": 20900000.0,
        "Dividend per Share": 1.48325358852,
        "Gross Margin": 0.640607210626,
        "EBITDA Margin": 0.400379506641,
        "EBIT Margin": 0.0440227703985,
        "Profit Margin": -0.0201138519924,
        "Free Cash Flow margin": 0.293738140417,
        "EBITDA": 105500000.0,
        "EBIT": 11600000.0,
        "Consolidated Income": -5300000.0,
        "Earnings Before Tax Margin": -0.0512333965844,
        "Net Profit Margin": -0.0201138519924
    },
    "2012": {
        "Revenue": 220800000.0,
        "Revenue Growth": 0.215189873417722,
        "Cost of Revenue": 76000000.0,
        "Gross Profit": 144800000.0,
        "R&D Expenses": 0.0,
        "SG&A Expense": 30400000.0,
        "Operating Expenses": 125300000.0,
        "Operating Income": 19500000.0,
        "Interest Expense": 41800000.0,
        "Earnings before Tax": -25400000.0,