{
    "2018": {
        "Revenue": 2372900000.0,
        "Revenue Growth": 0.0454685641274177,
        "Cost of Revenue": 1197300000.0,
        "Gross Profit": 1175600000.0,
        "R&D Expenses": 0.0,
        "SG&A Expense": 1092100000.0,
        "Operating Expenses": 1092100000.0,
        "Operating Income": 58800000.0,
        "Interest Expense": 77600000.0,
        "Earnings before Tax": 24100000.0,
        "Income Tax Expense": -4800000.0,
        "Net Income - Non-Controlling int": 0.0,
        "Net Income - Discontinued ops": 0.0,
        "Net Income": 382900000.0,
        "Preferred Dividends": 0.0,
        "Net Income Com": 382900000.0,
        "EPS": 2.75,
        "EPS Diluted": 2.71,
        "Weighted Average Shs Out": 139097000.0,
        "Weighted Average Shs Out (Dil)": 141436000.0,
        "Dividend per Share": 0.0,
        "Gross Margin": 0.495427535927,
        "EBITDA Margin": 0.108095579249,
        "EBIT Margin": 0.0247798053015,
        "Profit Margin": 0.161363732142,
        "Free Cash Flow margin": 0.0478317670361,
        "EBITDA": 256500000.0,
        "EBIT": 58800000.0,
        "Consolidated Income": 382900000.0,
        "Earnings Before Tax Margin": 0.0101563487715,
        "Net Profit Margin": 0.161363732142
    },
    "2017": {
        "Revenue": 2269700000.0,
        "Revenue Growth": -0.298587719027164,
        "Cost of Revenue": 1142000000.0,
        "Gross Profit": 1127700000.0,
        "R&D Expenses": 0.0,
        "SG&A Expense": 1042700000.0,
        "Operating Expenses": 1042700000.0,
        "Operating Income": 48900000.0,
        "Interest Expense": 85500000.0,
        "Earnings before Tax": -3600000.0,
        "Income Tax Expense": -30000000.0,
        "Net Income - Non-Controlling int": 0.0,
        "Net Income - Discontinued ops": 0.0,
        "Net Income": -1400000.0,
        "Preferred Dividends": 0.0,
        "Net Income Com": -1400000.0,
        "EPS": -0.01,
        "EPS Diluted": -0.01,
        "Weighted Average Shs Out": 139078000.0,
        "Weighted Average Shs Out (Dil)": 139078000.0,
        "Dividend per Share": 0.0,
        "Gross Margin": 0.496849803939,
        "EBITDA Margin": 0.103229501696,
        "EBIT Margin": 0.0215446975371,
        "Profit Margin": -0.00061682160638,
        "Free Cash Flow margin": 0.024100101335,
        "EBITDA": 234300000.0,
        "EBIT": 48900000.0,
        "Consolidated Income": -1400000.0,
        "Earnings Before Tax Margin": -0.00158611270212,
        "Net Profit Margin": -0.00061682160638
    },
    "2016": {
        "Revenue": 3235900000.0,
        "Revenue Growth": 0.0991508152173913,
        "Cost of Revenue": 2161700000.0,
        "Gross Profit": 1074200000.0,
        "R&D Expenses": 0.0,
        "SG&A Expense": 958100000.0,
        "Operating Expenses": 958100000.0,
        "Operating Income": 82200000.0,
        "Interest Expense": 124200000.0,
        "Earnings before Tax": -113200000.0,
        "Income Tax Expense": 25600000.0,
        "Net Income - Non-Controlling int": 0.0,
        "Net Income - Discontinued ops": 0.0,
        "Net Income": -77800000.0,
        "Preferred Dividends": 0.0,
        "Net Income Com": -77800000.0,
        "EPS": -0.61,
        "EPS Diluted": -0.61,
        "Weighted Average Shs Out": 128290000.0,
        "Weighted Average Shs Out (Dil)": 128290000.0,
        "Dividend per Share": 0.0,
        "Gross Margin": 0.331963286875,
        "EBITDA Margin": 0.0990759912235,
        "EBIT Margin": 0.0254025155289,
        "Profit Margin": -0.0240427701721,
        "Free Cash Flow margin": 0.0401742946321,
        "EBITDA": 320600000.0,
        "EBIT": 82200000.0,
        "Consolidated Income": -77800000.0,
        "Earnings Before Tax Margin": -0.0349825396335,
        "Net Profit Margin": -0.0240427701721
    },
    "2015": {
        "Revenue": 2102800000.0,
        "Revenue Growth": 0.00420248328557784,
        "Cost of Revenue": 1826300000.0,
        "Gross Profit": 276500000.0,
        "R&D Expenses": 0.0,
        "SG&A Expense": 255000000.0,
        "Operating Expenses": 255000000.0,
        "Operating Income": 15700000.0,
        "Interest Expense": 39700000.0,
        "Earnings before Tax": -17500000.0,
        "Income Tax Expense": -61400000.0,
        "Net Income - Non-Controlling int": 0.0,
        "Net Income - Discontinued ops": 0.0,
        "Net Income": 10000000.0,
        "Preferred Dividends": 200000.0,
        "Net Income Com": 10000000.0,
        "EPS": 0.11,
        "EPS Diluted": 0.1,
        "Weighted Average Shs Out": 93777000.0,
        "Weighted Average Shs Out (Dil)": 95900000.0,
        "Dividend per Share": 0.237747653806,
        "Gross Margin": 0.131491344874,
        "EBITDA Margin": 0.0611089975271,
        "EBIT Margin": 0.00746623549553,
        "Profit Margin": 0.00475556400989,
        "Free Cash Flow margin": 0.00475556400989,
        "EBITDA": 128500000.0,
        "EBIT": 15700000.0,
        "Consolidated Income": 10000000.0,
        "Earnings Before Tax Margin": -0.00832223701731,
        "Net Profit Margin": 0.00475556400989
    },
    "2013": {
        "Revenue": 2094000000.0,
        "Revenue Growth": -0.0695814449480139,
        "Cost of Revenue": 1842000000.0,
        "Gross Profit": 252000000.0,
        "R&D Expenses": 0.0,
        "SG&A Expense": 160400000.0,
        "Operating Expenses": 160400000.0,
        "Operating Income": 88600000.0,
        "Interest Expense": 51600000.0,
        "Earnings before Tax": 17600000.0,
        "Income Tax Expense": 2200000.0,
        "Net Income - Non-Controlling int": 0.0,
        "Net Income - Discontinued ops": 0.0,
        "Net Income": 17000000.0,
        "Preferred Dividends": 0.0,
        "Net Income Com": 17000000.0,
        "EPS": 0.18,
        "EPS Diluted": 0.18,
        "Weighted Average Shs Out": 94750000.0,
        "Weighted Average Shs Out (Dil)": 95633000.0,
        "Dividend per Share": 0.229000449636,
        "Gross Margin": 0.120343839542,
        "EBITDA Margin": 0.0917860553964,
        "EBIT Margin": 0.0423113658071,
        "Profit Margin": 0.00811843361987,
        "Free Cash Flow margin": 0.047564469914,
        "EBITDA": 192200000.0,
        "EBIT": 88600000.0,
        "Consolidated Income": 17000000.0,
        "Earnings Before Tax Margin": 0.00840496657116,
        "Net Profit Margin": 0.00811843361987
    },
    "2012": {
        "Revenue": 2250600000.0,
        "Revenue Growth": -0.0359804677460807,
        "Cost of Revenue": 1961100000.0,
        "Gross Profit": 289500000.0,
        "R&D Expenses": 0.0,
        "SG&A Expense": 178000000.0,
        "Operating Expenses": 178000000.0,
        "Operating Income": 109700000.0,
        "Interest Expense": 54200000.0,
        "Earnings before Tax": 56900000.0,
        "Income Tax Expense": 4600000.0,
        "Net Income - Non-Controlling int": 0.0,
        "Net Income - Discontinued ops": 0.0,
        "Net Income": 47800000.0,
        "Preferred Dividends": 0.0,
        "Net Income Com": 47800000.0,
        "EPS": 0.51,
        "EPS Diluted": 0.5,
        "Weighted Average Shs Out": 94553000.0,
        "Weighted Average Shs Out (Dil)": 94775000.0,
        "Dividend per Share": 0.0611975731997,
        "Gross Margin": 0.128632364703,
        "EBITDA Margin": 0.093797209633,
        "EBIT Margin": 0.0487425575402,
        "Profit Margin": 0.0212387807696,
        "Free Cash Flow margin": 0.0458988714121,
        "EBITDA": 211100000.0,
        "EBIT": 109700000.0,
        "Consolidated Income": 47800000.0,
        "Earnings Before Tax Margin": 0.025282146983,
        "Net Profit Margin": 0.0212387807696
    },
    "2011": {
        "Revenue": 2334600000.0,
        "Revenue Growth": 0.294626518050241,
        "Cost of Revenue": 2058000000.0,
        "Gross Profit": 276600000.0,
        "R&D Expenses": 0.0,
        "SG&A Expense": 172700000.0,
        "Operating Expenses": 172700000.0,
        "Operating Income": 100700000.0,
        "Interest Expense": 57100000.0,