{
    "2018": {
        "Revenue": 3345500000.0,
        "Revenue Growth": 0.200825556353195,
        "Cost of Revenue": 2156200000.0,
        "Gross Profit": 1189300000.0,
        "R&D Expenses": 58400000.0,
        "SG&A Expense": 721000000.0,
        "Operating Expenses": 2904200000.0,
        "Operating Income": 441300000.0,
        "Interest Expense": 50900000.0,
        "Earnings before Tax": 267700000.0,
        "Income Tax Expense": 75900000.0,
        "Net Income - Non-Controlling int": 0.0,
        "Net Income - Discontinued ops": 0.0,
        "Net Income": 335600000.0,
        "Preferred Dividends": 0.0,
        "Net Income Com": 335600000.0,
        "EPS": 5.63,
        "EPS Diluted": 5.5,
        "Weighted Average Shs Out": 59600000.0,
        "Weighted Average Shs Out (Dil)": 61000000.0,
        "Dividend per Share": 1.36885245902,
        "Gross Margin": 0.355492452548,
        "EBITDA Margin": 0.167777611717,
        "EBIT Margin": 0.131908533851,
        "Profit Margin": 0.100313854431,
        "Free Cash Flow margin": 0.0911672395755,
        "EBITDA": 561300000.0,
        "EBIT": 441300000.0,
        "Consolidated Income": 335600000.0,
        "Earnings Before Tax Margin": 0.0800179345389,
        "Net Profit Margin": 0.100313854431
    },
    "2017": {
        "Revenue": 2786000000.0,
        "Revenue Growth": 0.0138282387190684,
        "Cost of Revenue": 1770900000.0,
        "Gross Profit": 1015100000.0,
        "R&D Expenses": 58500000.0,
        "SG&A Expense": 592400000.0,
        "Operating Expenses": 2384100000.0,
        "Operating Income": 401900000.0,
        "Interest Expense": 36100000.0,
        "Earnings before Tax": 367500000.0,
        "Income Tax Expense": 195000000.0,
        "Net Income - Non-Controlling int": 0.0,
        "Net Income - Discontinued ops": 0.0,
        "Net Income": 171800000.0,
        "Preferred Dividends": 0.0,
        "Net Income Com": 171800000.0,
        "EPS": 2.89,
        "EPS Diluted": 2.84,
        "Weighted Average Shs Out": 59400000.0,
        "Weighted Average Shs Out (Dil)": 60400000.0,
        "Dividend per Share": 1.29801324503,
        "Gross Margin": 0.364357501795,
        "EBITDA Margin": 0.170351758794,
        "EBIT Margin": 0.144256999282,
        "Profit Margin": 0.0616654702082,
        "Free Cash Flow margin": 0.0963747307968,
        "EBITDA": 474600000.0,
        "EBIT": 401900000.0,
        "Consolidated Income": 171800000.0,
        "Earnings Before Tax Margin": 0.131909547739,
        "Net Profit Margin": 0.0616654702082
    },
    "2016": {
        "Revenue": 2748000000.0,
        "Revenue Growth": 0.00273672687465791,
        "Cost of Revenue": 1758300000.0,
        "Gross Profit": 989700000.0,
        "R&D Expenses": 61500000.0,
        "SG&A Expense": 597000000.0,
        "Operating Expenses": 2547700000.0,
        "Operating Income": 200300000.0,
        "Interest Expense": 36500000.0,
        "Earnings before Tax": 164100000.0,
        "Income Tax Expense": 40300000.0,
        "Net Income - Non-Controlling int": 0.0,
        "Net Income - Discontinued ops": 0.0,
        "Net Income": 122800000.0,
        "Preferred Dividends": 0.0,
        "Net Income Com": 122800000.0,
        "EPS": 2.1,
        "EPS Diluted": 2.07,
        "Weighted Average Shs Out": 58500000.0,
        "Weighted Average Shs Out (Dil)": 59300000.0,
        "Dividend per Share": 1.3018549747,
        "Gross Margin": 0.360152838428,
        "EBITDA Margin": 0.0974163027656,
        "EBIT Margin": 0.0728893740902,
        "Profit Margin": 0.0446870451237,
        "Free Cash Flow margin": 0.0970160116448,
        "EBITDA": 267700000.0,
        "EBIT": 200300000.0,
        "Consolidated Income": 122800000.0,
        "Earnings Before Tax Margin": 0.0597161572052,
        "Net Profit Margin": 0.0446870451237
    },
    "2015": {
        "Revenue": 2740500000.0,
        "Revenue Growth": -0.0630759621291919,
        "Cost of Revenue": 1786100000.0,
        "Gross Profit": 954400000.0,
        "R&D Expenses": 62800000.0,
        "SG&A Expense": 566500000.0,
        "Operating Expenses": 2367600000.0,
        "Operating Income": 372900000.0,
        "Interest Expense": 37600000.0,
        "Earnings before Tax": 336500000.0,
        "Income Tax Expense": 106500000.0,
        "Net Income - Non-Controlling int": 0.0,
        "Net Income - Discontinued ops": 0.0,
        "Net Income": 228900000.0,
        "Preferred Dividends": 0.0,
        "Net Income Com": 228900000.0,
        "EPS": 3.94,
        "EPS Diluted": 3.89,
        "Weighted Average Shs Out": 58100000.0,
        "Weighted Average Shs Out (Dil)": 58800000.0,
        "Dividend per Share": 1.30272108844,
        "Gross Margin": 0.348257617223,
        "EBITDA Margin": 0.160518153622,
        "EBIT Margin": 0.136070060208,
        "Profit Margin": 0.0835249042146,
        "Free Cash Flow margin": 0.069220945083,
        "EBITDA": 439900000.0,
        "EBIT": 372900000.0,
        "Consolidated Income": 228900000.0,
        "Earnings Before Tax Margin": 0.122787812443,
        "Net Profit Margin": 0.0835249042146
    },
    "2014": {
        "Revenue": 2924997000.0,
        "Revenue Growth": 0.127044431797559,
        "Cost of Revenue": 1908694000.0,
        "Gross Profit": 1016303000.0,
        "R&D Expenses": 68000000.0,
        "SG&A Expense": 605223000.0,
        "Operating Expenses": 2608707000.0,
        "Operating Income": 316290000.0,
        "Interest Expense": 39222000.0,
        "Earnings before Tax": 281156000.0,
        "Income Tax Expense": 87587000.0,
        "Net Income - Non-Controlling int": 0.0,
        "Net Income - Discontinued ops": 0.0,
        "Net Income": 192672000.0,
        "Preferred Dividends": 0.0,
        "Net Income Com": 192672000.0,
        "EPS": 3.28,
        "EPS Diluted": 3.23,
        "Weighted Average Shs Out": 58679000.0,
        "Weighted Average Shs Out (Dil)": 59603000.0,
        "Dividend per Share": 1.23960203345,
        "Gross Margin": 0.347454373457,
        "EBITDA Margin": 0.134036376789,
        "EBIT Margin": 0.108133444239,
        "Profit Margin": 0.0658708367906,
        "Free Cash Flow margin": 0.0752886242276,
        "EBITDA": 392056000.0,
        "EBIT": 316290000.0,
        "Consolidated Income": 192672000.0,
        "Earnings Before Tax Margin": 0.0961218079882,
        "Net Profit Margin": 0.0658708367906
    },
    "2013": {
        "Revenue": 2595281000.0,
        "Revenue Growth": 0.00628637942078301,
        "Cost of Revenue": 1711759000.0,
        "Gross Profit": 883522000.0,
        "R&D Expenses": 52700000.0,
        "SG&A Expense": 535646000.0,
        "Operating Expenses": 2247405000.0,
        "Operating Income": 347876000.0,
        "Interest Expense": 26460000.0,
        "Earnings before Tax": 326016000.0,
        "Income Tax Expense": 105065000.0,
        "Net Income - Non-Controlling int": 0.0,
        "Net Income - Discontinued ops": 0.0,
        "Net Income": 219502000.0,
        "Preferred Dividends": 0.0,
        "Net Income Com": 219502000.0,
        "EPS": 3.79,
        "EPS Diluted": 3.73,
        "Weighted Average Shs Out": 57896000.0,
        "Weighted Average Shs Out (Dil)": 58839000.0,
        "Dividend per Share": 1.14332330597,
        "Gross Margin": 0.340434041632,
        "EBITDA Margin": 0.155171251206,
        "EBIT Margin": 0.13404174731,
        "Profit Margin": 0.0845773540514,
        "Free Cash Flow margin": 0.0809049193517,
        "EBITDA": 402713000.0,
        "EBIT": 347876000.0,
        "Consolidated Income": 219502000.0,
        "Earnings Before Tax Margin": 0.125618767293,
        "Net Profit Margin": 0.0845773540514
    },
    "2012": {
        "Revenue": 2579068000.0,
        "Revenue Growth": 0.0130411368700722,
        "Cost of Revenue": 1709949000.0,
        "Gross Profit": 869119000.0,
        "R&D Expenses": 66900000.0,
        "SG&A Expense": 540215000.0,
        "Operating Expenses": 2268627000.0,