{
    "2018": {
        "Revenue": 23443000000.0,
        "Revenue Growth": 0.327763932940643,
        "Cost of Revenue": 10862000000.0,
        "Gross Profit": 12581000000.0,
        "R&D Expenses": 0.0,
        "SG&A Expense": 4165000000.0,
        "Operating Expenses": 22873000000.0,
        "Operating Income": 570000000.0,
        "Interest Expense": 2177000000.0,
        "Earnings before Tax": -1563000000.0,
        "Income Tax Expense": 170000000.0,
        "Net Income - Non-Controlling int": 0.0,
        "Net Income - Discontinued ops": 0.0,
        "Net Income": -1733000000.0,
        "Preferred Dividends": 0.0,
        "Net Income Com": -1733000000.0,
        "EPS": -1.63,
        "EPS Diluted": -1.63,
        "Weighted Average Shs Out": 1065866000.0,
        "Weighted Average Shs Out (Dil)": 1065866000.0,
        "Dividend per Share": 2.16912820186,
        "Gross Margin": 0.536663396323,
        "EBITDA Margin": 0.243270912426,
        "EBIT Margin": 0.0243142942456,
        "Profit Margin": -0.073923985838,
        "Free Cash Flow margin": 0.164526724395,
        "EBITDA": 5703000000.0,
        "EBIT": 570000000.0,
        "Consolidated Income": -1733000000.0,
        "Earnings Before Tax Margin": -0.0666723542209,
        "Net Profit Margin": -0.073923985838
    },
    "2017": {
        "Revenue": 17656000000.0,
        "Revenue Growth": 0.0106468231253578,
        "Cost of Revenue": 8203000000.0,
        "Gross Profit": 9453000000.0,
        "R&D Expenses": 0.0,
        "SG&A Expense": 3508000000.0,
        "Operating Expenses": 15647000000.0,
        "Operating Income": 2009000000.0,
        "Interest Expense": 1481000000.0,
        "Earnings before Tax": 540000000.0,
        "Income Tax Expense": -849000000.0,
        "Net Income - Non-Controlling int": 0.0,
        "Net Income - Discontinued ops": 0.0,
        "Net Income": 1389000000.0,
        "Preferred Dividends": 0.0,
        "Net Income Com": 1389000000.0,
        "EPS": 2.21,
        "EPS Diluted": 2.21,
        "Weighted Average Shs Out": 627808000.0,
        "Weighted Average Shs Out (Dil)": 628693000.0,
        "Dividend per Share": 2.31114391285,
        "Gross Margin": 0.535398731309,
        "EBITDA Margin": 0.337222473947,
        "EBIT Margin": 0.113785681921,
        "Profit Margin": 0.0786701404622,
        "Free Cash Flow margin": 0.0437245129135,
        "EBITDA": 5954000000.0,
        "EBIT": 2009000000.0,
        "Consolidated Income": 1389000000.0,
        "Earnings Before Tax Margin": 0.0305845038514,
        "Net Profit Margin": 0.0786701404622
    },
    "2016": {
        "Revenue": 17470000000.0,
        "Revenue Growth": -0.0240223463687151,
        "Cost of Revenue": 7774000000.0,
        "Gross Profit": 9696000000.0,
        "R&D Expenses": 0.0,
        "SG&A Expense": 3449000000.0,
        "Operating Expenses": 15139000000.0,
        "Operating Income": 2331000000.0,
        "Interest Expense": 1318000000.0,
        "Earnings before Tax": 1020000000.0,
        "Income Tax Expense": 394000000.0,
        "Net Income - Non-Controlling int": 0.0,
        "Net Income - Discontinued ops": 0.0,
        "Net Income": 626000000.0,
        "Preferred Dividends": 0.0,
        "Net Income Com": 626000000.0,
        "EPS": 1.16,
        "EPS Diluted": 1.16,
        "Weighted Average Shs Out": 539549000.0,
        "Weighted Average Shs Out (Dil)": 540679000.0,
        "Dividend per Share": 2.15839712658,
        "Gross Margin": 0.555008586148,
        "EBITDA Margin": 0.357698912421,
        "EBIT Margin": 0.133428734974,
        "Profit Margin": 0.0358328563251,
        "Free Cash Flow margin": 0.0931310818546,
        "EBITDA": 6249000000.0,
        "EBIT": 2331000000.0,
        "Consolidated Income": 626000000.0,
        "Earnings Before Tax Margin": 0.0583858042358,
        "Net Profit Margin": 0.0358328563251
    },
    "2015": {
        "Revenue": 17900000000.0,
        "Revenue Growth": -0.00726526537629638,
        "Cost of Revenue": 7778000000.0,
        "Gross Profit": 10122000000.0,
        "R&D Expenses": 0.0,
        "SG&A Expense": 3328000000.0,
        "Operating Expenses": 15295000000.0,
        "Operating Income": 2605000000.0,
        "Interest Expense": 1312000000.0,
        "Earnings before Tax": 1316000000.0,
        "Income Tax Expense": 438000000.0,
        "Net Income - Non-Controlling int": 0.0,
        "Net Income - Discontinued ops": 0.0,
        "Net Income": 878000000.0,
        "Preferred Dividends": 0.0,
        "Net Income Com": 878000000.0,
        "EPS": 1.58,
        "EPS Diluted": 1.58,
        "Weighted Average Shs Out": 554278000.0,
        "Weighted Average Shs Out (Dil)": 555093000.0,
        "Dividend per Share": 2.15819691475,
        "Gross Margin": 0.565474860335,
        "EBITDA Margin": 0.37938547486,
        "EBIT Margin": 0.145530726257,
        "Profit Margin": 0.0490502793296,
        "Free Cash Flow margin": 0.127374301676,
        "EBITDA": 6791000000.0,
        "EBIT": 2605000000.0,
        "Consolidated Income": 878000000.0,
        "Earnings Before Tax Margin": 0.0735195530726,
        "Net Profit Margin": 0.0490502793296
    },
    "2014": {
        "Revenue": 18031000000.0,
        "Revenue Growth": -0.00353688864327162,
        "Cost of Revenue": 7846000000.0,
        "Gross Profit": 10185000000.0,
        "R&D Expenses": 0.0,
        "SG&A Expense": 3347000000.0,
        "Operating Expenses": 15621000000.0,
        "Operating Income": 2410000000.0,
        "Interest Expense": 1311000000.0,
        "Earnings before Tax": 1110000000.0,
        "Income Tax Expense": 338000000.0,
        "Net Income - Non-Controlling int": 0.0,
        "Net Income - Discontinued ops": 0.0,
        "Net Income": 772000000.0,
        "Preferred Dividends": 0.0,
        "Net Income Com": 772000000.0,
        "EPS": 1.36,
        "EPS Diluted": 1.36,
        "Weighted Average Shs Out": 568435000.0,
        "Weighted Average Shs Out (Dil)": 569739000.0,
        "Dividend per Share": 2.15537289882,
        "Gross Margin": 0.564860517997,
        "EBITDA Margin": 0.37740557928,
        "EBIT Margin": 0.133658698907,
        "Profit Margin": 0.0428151516832,
        "Free Cash Flow margin": 0.118739947868,
        "EBITDA": 6805000000.0,
        "EBIT": 2410000000.0,
        "Consolidated Income": 772000000.0,
        "Earnings Before Tax Margin": 0.0615606455549,
        "Net Profit Margin": 0.0428151516832
    },
    "2013": {
        "Revenue": 18095000000.0,
        "Revenue Growth": -0.015291684806269,
        "Cost of Revenue": 7507000000.0,
        "Gross Profit": 10588000000.0,
        "R&D Expenses": 0.0,
        "SG&A Expense": 3502000000.0,
        "Operating Expenses": 16642000000.0,
        "Operating Income": 1453000000.0,
        "Interest Expense": 1298000000.0,
        "Earnings before Tax": 0.0,
        "Income Tax Expense": 463000000.0,
        "Net Income - Non-Controlling int": 0.0,
        "Net Income - Discontinued ops": 0.0,
        "Net Income": -239000000.0,
        "Preferred Dividends": 0.0,
        "Net Income Com": -239000000.0,
        "EPS": -0.4,
        "EPS Diluted": -0.4,
        "Weighted Average Shs Out": 600892000.0,
        "Weighted Average Shs Out (Dil)": 600892000.0,
        "Dividend per Share": 2.16511452973,
        "Gross Margin": 0.585134014921,
        "EBITDA Margin": 0.328101685548,
        "EBIT Margin": 0.0802984249793,
        "Profit Margin": -0.0132080685272,
        "Free Cash Flow margin": 0.138767615363,
        "EBITDA": 5937000000.0,
        "EBIT": 1453000000.0,
        "Consolidated Income": -239000000.0,
        "Earnings Before Tax Margin": 0.0,
        "Net Profit Margin": -0.0132080685272
    },
    "2012": {
        "Revenue": 18376000000.0,
        "Revenue Growth": 0.197055566412612,
        "Cost of Revenue": 7639000000.0,
        "Gross Profit": 10737000000.0,
        "R&D Expenses": 0.0,
        "SG&A Expense": 3244000000.0,