{
    "2019": {
        "Revenue": 2518000000.0,
        "Revenue Growth": 0.0221644881058699,
        "Cost of Revenue": 1712900000.0,
        "Gross Profit": 805100000.0,
        "R&D Expenses": 3300000.0,
        "SG&A Expense": 512000000.0,
        "Operating Expenses": 515300000.0,
        "Operating Income": 273900000.0,
        "Interest Expense": 0.0,
        "Earnings before Tax": 160300000.0,
        "Income Tax Expense": 22900000.0,
        "Net Income - Non-Controlling int": 0.0,
        "Net Income - Discontinued ops": 0.0,
        "Net Income": 137400000.0,
        "Preferred Dividends": -3800000.0,
        "Net Income Com": 137400000.0,
        "EPS": 0.92,
        "EPS Diluted": 0.9,
        "Weighted Average Shs Out": 144245956.0,
        "Weighted Average Shs Out (Dil)": 145954475.0,
        "Dividend per Share": 0.0,
        "Gross Margin": 0.319737887212,
        "EBITDA Margin": 0.2052025417,
        "EBIT Margin": 0.10877680699,
        "Profit Margin": 0.0545671167593,
        "Free Cash Flow margin": 0.0117553613979,
        "EBITDA": 516700000.0,
        "EBIT": 273900000.0,
        "Consolidated Income": 137400000.0,
        "Earnings Before Tax Margin": 0.0636616362192,
        "Net Profit Margin": 0.0545671167593
    },
    "2018": {
        "Revenue": 2463400000.0,
        "Revenue Growth": 0.186951912884263,
        "Cost of Revenue": 1710800000.0,
        "Gross Profit": 752600000.0,
        "R&D Expenses": 46200000.0,
        "SG&A Expense": 462600000.0,
        "Operating Expenses": 508800000.0,
        "Operating Income": 271100000.0,
        "Interest Expense": 0.0,
        "Earnings before Tax": 152000000.0,
        "Income Tax Expense": 68400000.0,
        "Net Income - Non-Controlling int": 0.0,
        "Net Income - Discontinued ops": 0.0,
        "Net Income": 83600000.0,
        "Preferred Dividends": 0.0,
        "Net Income Com": 83600000.0,
        "EPS": 0.64,
        "EPS Diluted": 0.63,
        "Weighted Average Shs Out": 131226110.0,
        "Weighted Average Shs Out (Dil)": 133201216.0,
        "Dividend per Share": 0.0,
        "Gross Margin": 0.305512706016,
        "EBITDA Margin": 0.18912884631,
        "EBIT Margin": 0.110051148819,
        "Profit Margin": 0.0339368352683,
        "Free Cash Flow margin": 0.0803767151092,
        "EBITDA": 465900000.0,
        "EBIT": 271100000.0,
        "Consolidated Income": 83600000.0,
        "Earnings Before Tax Margin": 0.0617033368515,
        "Net Profit Margin": 0.0339368352683
    },
    "2017": {
        "Revenue": 2075400000.0,
        "Revenue Growth": 0.122991180130945,
        "Cost of Revenue": 1420800000.0,
        "Gross Profit": 654600000.0,
        "R&D Expenses": 45800000.0,
        "SG&A Expense": 402600000.0,
        "Operating Expenses": 448400000.0,
        "Operating Income": 234200000.0,
        "Interest Expense": 0.0,
        "Earnings before Tax": 135600000.0,
        "Income Tax Expense": 25800000.0,
        "Net Income - Non-Controlling int": 0.0,
        "Net Income - Discontinued ops": 0.0,
        "Net Income": 109800000.0,
        "Preferred Dividends": 0.0,
        "Net Income Com": 109800000.0,
        "EPS": 0.88,
        "EPS Diluted": 0.87,
        "Weighted Average Shs Out": 124954248.0,
        "Weighted Average Shs Out (Dil)": 126737785.0,
        "Dividend per Share": 0.0,
        "Gross Margin": 0.315409077768,
        "EBITDA Margin": 0.186710995471,
        "EBIT Margin": 0.112845716488,
        "Profit Margin": 0.0529054640069,
        "Free Cash Flow margin": 0.0769490218753,
        "EBITDA": 387500000.0,
        "EBIT": 234200000.0,
        "Consolidated Income": 109800000.0,
        "Earnings Before Tax Margin": 0.0653368025441,
        "Net Profit Margin": 0.0529054640069
    },
    "2016": {
        "Revenue": 1848100000.0,
        "Revenue Growth": 0.00944942101813415,
        "Cost of Revenue": 1260500000.0,
        "Gross Profit": 587600000.0,
        "R&D Expenses": 47400000.0,
        "SG&A Expense": 358100000.0,
        "Operating Expenses": 405500000.0,
        "Operating Income": 217800000.0,
        "Interest Expense": 0.0,
        "Earnings before Tax": 144900000.0,
        "Income Tax Expense": 33700000.0,
        "Net Income - Non-Controlling int": 0.0,
        "Net Income - Discontinued ops": 0.0,
        "Net Income": 111500000.0,
        "Preferred Dividends": 0.0,
        "Net Income Com": 111500000.0,
        "EPS": 0.89,
        "EPS Diluted": 0.89,
        "Weighted Average Shs Out": 124787819.0,
        "Weighted Average Shs Out (Dil)": 125870094.0,
        "Dividend per Share": 0.0,
        "Gross Margin": 0.317948162978,
        "EBITDA Margin": 0.196472052378,
        "EBIT Margin": 0.117850765651,
        "Profit Margin": 0.0603322331043,
        "Free Cash Flow margin": 0.00849521129809,
        "EBITDA": 363100000.0,
        "EBIT": 217800000.0,
        "Consolidated Income": 111500000.0,
        "Earnings Before Tax Margin": 0.0784048482225,
        "Net Profit Margin": 0.0603322331043
    },
    "2015": {
        "Revenue": 1830800000.0,
        "Revenue Growth": 0.00169612080757236,
        "Cost of Revenue": 1215500000.0,
        "Gross Profit": 615300000.0,
        "R&D Expenses": 41300000.0,
        "SG&A Expense": 337300000.0,
        "Operating Expenses": 378600000.0,
        "Operating Income": 259900000.0,
        "Interest Expense": 0.0,
        "Earnings before Tax": 112500000.0,
        "Income Tax Expense": -97700000.0,
        "Net Income - Non-Controlling int": 0.0,
        "Net Income - Discontinued ops": 0.0,
        "Net Income": 212200000.0,
        "Preferred Dividends": 0.0,
        "Net Income Com": 212200000.0,
        "EPS": 1.77,
        "EPS Diluted": 1.75,
        "Weighted Average Shs Out": 119575568.0,
        "Weighted Average Shs Out (Dil)": 121348636.0,
        "Dividend per Share": 0.0,
        "Gross Margin": 0.336082586847,
        "EBITDA Margin": 0.227605418396,
        "EBIT Margin": 0.141959798995,
        "Profit Margin": 0.115905615032,
        "Free Cash Flow margin": 0.0168232466681,
        "EBITDA": 416700000.0,
        "EBIT": 259900000.0,
        "Consolidated Income": 212200000.0,
        "Earnings Before Tax Margin": 0.0614485470832,
        "Net Profit Margin": 0.115905615032
    },
    "2014": {
        "Revenue": 1827700000.0,
        "Revenue Growth": 0.0152196856079542,
        "Cost of Revenue": 1229100000.0,
        "Gross Profit": 598600000.0,
        "R&D Expenses": 34000000.0,
        "SG&A Expense": 334800000.0,
        "Operating Expenses": 368800000.0,
        "Operating Income": 240900000.0,
        "Interest Expense": 0.0,
        "Earnings before Tax": 17900000.0,
        "Income Tax Expense": 49500000.0,
        "Net Income - Non-Controlling int": 0.0,
        "Net Income - Discontinued ops": 0.0,
        "Net Income": 16200000.0,
        "Preferred Dividends": 0.0,
        "Net Income Com": 16200000.0,
        "EPS": 0.22,
        "EPS Diluted": 0.21,
        "Weighted Average Shs Out": 75045147.0,
        "Weighted Average Shs Out (Dil)": 76123857.0,
        "Dividend per Share": 0.0,
        "Gross Margin": 0.327515456585,
        "EBITDA Margin": 0.217650599114,
        "EBIT Margin": 0.131805000821,
        "Profit Margin": 0.00886359905893,
        "Free Cash Flow margin": 0.0305848881107,
        "EBITDA": 397800000.0,
        "EBIT": 240900000.0,
        "Consolidated Income": 16200000.0,
        "Earnings Before Tax Margin": 0.00979372982437,
        "Net Profit Margin": 0.00886359905893
    },
    "2013": {
        "Revenue": 1800300000.0,
        "Revenue Growth": 0.0622492329478405,
        "Cost of Revenue": 1231700000.0,
        "Gross Profit": 568600000.0,
        "R&D Expenses": 0.0,
        "SG&A Expense": 340600000.0,
        "Operating Expenses": 364200000.0,
        "Operating Income": 204400000.0,
        "Interest Expense": 203200000.0,
        "Earnings before Tax": -22600000.0,