{
    "2018": {
        "Revenue": 86688600.0,
        "Revenue Growth": -0.0516745718581761,
        "Cost of Revenue": 19684001.0,
        "Gross Profit": 67004599.0,
        "R&D Expenses": 0.0,
        "SG&A Expense": 9785370.0,
        "Operating Expenses": 45230894.0,
        "Operating Income": 63493372.0,
        "Interest Expense": 0.0,
        "Earnings before Tax": 53122307.0,
        "Income Tax Expense": 14162966.0,
        "Net Income - Non-Controlling int": 0.0,
        "Net Income - Discontinued ops": 0.0,
        "Net Income": 37167790.0,
        "Preferred Dividends": 0.0,
        "Net Income Com": 37167790.0,
        "EPS": 6.76,
        "EPS Diluted": 6.72,
        "Weighted Average Shs Out": 5495792.0,
        "Weighted Average Shs Out (Dil)": 5529321.0,
        "Dividend per Share": 0.268417586897,
        "Gross Margin": 0.772934376608,
        "EBITDA Margin": 0.965938704743,
        "EBIT Margin": 0.73243046952,
        "Profit Margin": 0.4287506085,
        "Free Cash Flow margin": -0.751064753612,
        "EBITDA": 83735874.0,
        "EBIT": 63493372.0,
        "Consolidated Income": 37167790.0,
        "Earnings Before Tax Margin": 0.612794611979,
        "Net Profit Margin": 0.4287506085
    },
    "2017": {
        "Revenue": 91412291.0,
        "Revenue Growth": 0.286140974654878,
        "Cost of Revenue": 30452977.0,
        "Gross Profit": 60959314.0,
        "R&D Expenses": 0.0,
        "SG&A Expense": 10252610.0,
        "Operating Expenses": 51142982.0,
        "Operating Income": 40269309.0,
        "Interest Expense": 8523136.0,
        "Earnings before Tax": 31784158.0,
        "Income Tax Expense": -9935266.0,
        "Net Income - Non-Controlling int": 0.0,
        "Net Income - Discontinued ops": 0.0,
        "Net Income": 41719424.0,
        "Preferred Dividends": 0.0,
        "Net Income Com": 41719424.0,
        "EPS": 7.53,
        "EPS Diluted": 7.48,
        "Weighted Average Shs Out": 5538859.0,
        "Weighted Average Shs Out (Dil)": 5579792.0,
        "Dividend per Share": 0.178763115184,
        "Gross Margin": 0.666861242981,
        "EBITDA Margin": 0.621701976597,
        "EBIT Margin": 0.440524010059,
        "Profit Margin": 0.456387467633,
        "Free Cash Flow margin": -0.43847359651,
        "EBITDA": 56831202.0,
        "EBIT": 40269309.0,
        "Consolidated Income": 41719424.0,
        "Earnings Before Tax Margin": 0.347701142289,
        "Net Profit Margin": 0.456387467633
    },
    "2016": {
        "Revenue": 71074861.0,
        "Revenue Growth": 0.652992928920816,
        "Cost of Revenue": 25840020.0,
        "Gross Profit": 45234841.0,
        "R&D Expenses": 0.0,
        "SG&A Expense": 10297877.0,
        "Operating Expenses": 33755274.0,
        "Operating Income": 37319587.0,
        "Interest Expense": 8753338.0,
        "Earnings before Tax": 28036268.0,
        "Income Tax Expense": 11836854.0,
        "Net Income - Non-Controlling int": 0.0,
        "Net Income - Discontinued ops": 0.0,
        "Net Income": 16251248.0,
        "Preferred Dividends": 0.0,
        "Net Income Com": 16251248.0,
        "EPS": 2.86,
        "EPS Diluted": 2.85,
        "Weighted Average Shs Out": 5680165.0,
        "Weighted Average Shs Out (Dil)": 5693862.0,
        "Dividend per Share": 0.119795140802,
        "Gross Margin": 0.636439387479,
        "EBITDA Margin": 0.699830112928,
        "EBIT Margin": 0.525074357866,
        "Profit Margin": 0.228649733131,
        "Free Cash Flow margin": -1.1011167929,
        "EBITDA": 49740328.0,
        "EBIT": 37319587.0,
        "Consolidated Income": 16251248.0,
        "Earnings Before Tax Margin": 0.394461102077,
        "Net Profit Margin": 0.228649733131
    },
    "2015": {
        "Revenue": 42997680.0,
        "Revenue Growth": 0.210529710493519,
        "Cost of Revenue": 3655935.0,
        "Gross Profit": 39341745.0,
        "R&D Expenses": 0.0,
        "SG&A Expense": 8753779.0,
        "Operating Expenses": 22728371.0,
        "Operating Income": 20269309.0,
        "Interest Expense": 6919767.0,
        "Earnings before Tax": 13558421.0,
        "Income Tax Expense": 5269104.0,
        "Net Income - Non-Controlling int": 0.0,
        "Net Income - Discontinued ops": 0.0,
        "Net Income": 8347166.0,
        "Preferred Dividends": 0.0,
        "Net Income Com": 8347166.0,
        "EPS": 1.44,
        "EPS Diluted": 1.43,
        "Weighted Average Shs Out": 5804655.0,
        "Weighted Average Shs Out (Dil)": 5830078.0,
        "Dividend per Share": 0.0796351266655,
        "Gross Margin": 0.914973668347,
        "EBITDA Margin": 0.624898971293,
        "EBIT Margin": 0.471404712998,
        "Profit Margin": 0.194130613559,
        "Free Cash Flow margin": -2.0025152985,
        "EBITDA": 26869206.0,
        "EBIT": 20269309.0,
        "Consolidated Income": 8347166.0,
        "Earnings Before Tax Margin": 0.315329129386,
        "Net Profit Margin": 0.194130613559
    },
    "2014": {
        "Revenue": 35519723.0,
        "Revenue Growth": 0.374716984900133,
        "Cost of Revenue": 1954534.0,
        "Gross Profit": 33565189.0,
        "R&D Expenses": 0.0,
        "SG&A Expense": 7017236.0,
        "Operating Expenses": 22927217.0,
        "Operating Income": 12592506.0,
        "Interest Expense": 2439561.0,
        "Earnings before Tax": 10214681.0,
        "Income Tax Expense": 3830863.0,
        "Net Income - Non-Controlling int": 0.0,
        "Net Income - Discontinued ops": 0.0,
        "Net Income": 6383818.0,
        "Preferred Dividends": 0.0,
        "Net Income Com": 6383818.0,
        "EPS": 1.11,
        "EPS Diluted": 1.1,
        "Weighted Average Shs Out": 5765997.0,
        "Weighted Average Shs Out (Dil)": 5788850.0,
        "Dividend per Share": 0.0697907183638,
        "Gross Margin": 0.944973275833,
        "EBITDA Margin": 0.479133578829,
        "EBIT Margin": 0.354521514709,
        "Profit Margin": 0.179726007435,
        "Free Cash Flow margin": -0.869032424605,
        "EBITDA": 17018692.0,
        "EBIT": 12592506.0,
        "Consolidated Income": 6383818.0,
        "Earnings Before Tax Margin": 0.287577721256,
        "Net Profit Margin": 0.179726007435
    },
    "2013": {
        "Revenue": 25837844.0,
        "Revenue Growth": 0.490946189316341,
        "Cost of Revenue": 1333974.0,
        "Gross Profit": 24503870.0,
        "R&D Expenses": 0.0,
        "SG&A Expense": 5433562.0,
        "Operating Expenses": 19558467.0,
        "Operating Income": 6279377.0,
        "Interest Expense": 0.0,
        "Earnings before Tax": 4453218.0,
        "Income Tax Expense": 1891680.0,
        "Net Income - Non-Controlling int": 0.0,
        "Net Income - Discontinued ops": 0.0,
        "Net Income": 3683247.0,
        "Preferred Dividends": 0.0,
        "Net Income Com": 3683247.0,
        "EPS": 0.64,
        "EPS Diluted": 0.64,
        "Weighted Average Shs Out": 5739383.0,
        "Weighted Average Shs Out (Dil)": 5743137.0,
        "Dividend per Share": 0.0599994393308,
        "Gross Margin": 0.948371311476,
        "EBITDA Margin": 0.422678881411,
        "EBIT Margin": 0.24303022342,
        "Profit Margin": 0.142552412655,
        "Free Cash Flow margin": -1.04421618925,
        "EBITDA": 10921111.0,
        "EBIT": 6279377.0,
        "Consolidated Income": 3683247.0,
        "Earnings Before Tax Margin": 0.172352538393,
        "Net Profit Margin": 0.142552412655
    },
    "2012": {
        "Revenue": 17329830.0,
        "Revenue Growth": -7.312450803015,
        "Cost of Revenue": 676096.0,
        "Gross Profit": 16653734.0,
        "R&D Expenses": 0.0,
        "SG&A Expense": 6624584.0,
        "Operating Expenses": 15666599.0,
        "Operating Income": 1663231.0,
        "Interest Expense": 536018.0,
        "Earnings before Tax": 882972.0,
        "Income Tax Expense": -323078.0,
        "Net Income - Non-Controlling int": 0.0,
        "Net Income - Discontinued ops": 0.0,