{
    "2018": {
        "Revenue": 470483000.0,
        "Revenue Growth": 0.112271361464611,
        "Cost of Revenue": 305510000.0,
        "Gross Profit": 164973000.0,
        "R&D Expenses": 25304000.0,
        "SG&A Expense": 73569000.0,
        "Operating Expenses": 98873000.0,
        "Operating Income": 61038000.0,
        "Interest Expense": 2085000.0,
        "Earnings before Tax": 58103000.0,
        "Income Tax Expense": 11571000.0,
        "Net Income - Non-Controlling int": 0.0,
        "Net Income - Discontinued ops": 0.0,
        "Net Income": 46532000.0,
        "Preferred Dividends": 0.0,
        "Net Income Com": 46532000.0,
        "EPS": 1.41,
        "EPS Diluted": 1.39,
        "Weighted Average Shs Out": 33024000.0,
        "Weighted Average Shs Out (Dil)": 33569000.0,
        "Dividend per Share": 0.157436920969,
        "Gross Margin": 0.35064603822,
        "EBITDA Margin": 0.178484663633,
        "EBIT Margin": 0.129734761936,
        "Profit Margin": 0.0989026170977,
        "Free Cash Flow margin": 0.0630500995785,
        "EBITDA": 83974000.0,
        "EBIT": 61038000.0,
        "Consolidated Income": 46532000.0,
        "Earnings Before Tax Margin": 0.123496491903,
        "Net Profit Margin": 0.0989026170977
    },
    "2017": {
        "Revenue": 422993000.0,
        "Revenue Growth": 0.066335752585844,
        "Cost of Revenue": 282562000.0,
        "Gross Profit": 140431000.0,
        "R&D Expenses": 25146000.0,
        "SG&A Expense": 71943000.0,
        "Operating Expenses": 97089000.0,
        "Operating Income": 38495000.0,
        "Interest Expense": 3343000.0,
        "Earnings before Tax": 40253000.0,
        "Income Tax Expense": 25805000.0,
        "Net Income - Non-Controlling int": 0.0,
        "Net Income - Discontinued ops": 0.0,
        "Net Income": 14448000.0,
        "Preferred Dividends": 0.0,
        "Net Income Com": 14448000.0,
        "EPS": 0.44,
        "EPS Diluted": 0.43,
        "Weighted Average Shs Out": 32892000.0,
        "Weighted Average Shs Out (Dil)": 33420000.0,
        "Dividend per Share": 0.157390783962,
        "Gross Margin": 0.331993673654,
        "EBITDA Margin": 0.16723444596,
        "EBIT Margin": 0.0910062341457,
        "Profit Margin": 0.0341565936079,
        "Free Cash Flow margin": 0.094455463802,
        "EBITDA": 70739000.0,
        "EBIT": 38495000.0,
        "Consolidated Income": 14448000.0,
        "Earnings Before Tax Margin": 0.0951623312915,
        "Net Profit Margin": 0.0341565936079
    },
    "2016": {
        "Revenue": 396679000.0,
        "Revenue Growth": 0.0375846825874291,
        "Cost of Revenue": 256251000.0,
        "Gross Profit": 140428000.0,
        "R&D Expenses": 24040000.0,
        "SG&A Expense": 61624000.0,
        "Operating Expenses": 85664000.0,
        "Operating Income": 63166000.0,
        "Interest Expense": 3702000.0,
        "Earnings before Tax": 57245000.0,
        "Income Tax Expense": 22865000.0,
        "Net Income - Non-Controlling int": 0.0,
        "Net Income - Discontinued ops": 0.0,
        "Net Income": 34380000.0,
        "Preferred Dividends": 0.0,
        "Net Income Com": 34380000.0,
        "EPS": 1.05,
        "EPS Diluted": 1.03,
        "Weighted Average Shs Out": 32728000.0,
        "Weighted Average Shs Out (Dil)": 33251000.0,
        "Dividend per Share": 0.157408799735,
        "Gross Margin": 0.35400916106,
        "EBITDA Margin": 0.203083601602,
        "EBIT Margin": 0.159237065738,
        "Profit Margin": 0.0866695741393,
        "Free Cash Flow margin": 0.0673138734342,
        "EBITDA": 80559000.0,
        "EBIT": 63166000.0,
        "Consolidated Income": 34380000.0,
        "Earnings Before Tax Margin": 0.144310639081,
        "Net Profit Margin": 0.0866695741393
    },
    "2015": {
        "Revenue": 382310000.0,
        "Revenue Growth": -0.0537373057341079,
        "Cost of Revenue": 255201000.0,
        "Gross Profit": 127109000.0,
        "R&D Expenses": 22461000.0,
        "SG&A Expense": 57430000.0,
        "Operating Expenses": 79891000.0,
        "Operating Income": 18113000.0,
        "Interest Expense": 2628000.0,
        "Earnings before Tax": 12261000.0,
        "Income Tax Expense": 5307000.0,
        "Net Income - Non-Controlling int": 0.0,
        "Net Income - Discontinued ops": 0.0,
        "Net Income": 6954000.0,
        "Preferred Dividends": 0.0,
        "Net Income Com": 6954000.0,
        "EPS": 0.21,
        "EPS Diluted": 0.21,
        "Weighted Average Shs Out": 32959000.0,
        "Weighted Average Shs Out (Dil)": 33484000.0,
        "Dividend per Share": 0.158015768725,
        "Gross Margin": 0.332476262719,
        "EBITDA Margin": 0.0965473045434,
        "EBIT Margin": 0.0473777824279,
        "Profit Margin": 0.018189427428,
        "Free Cash Flow margin": 0.0755957207502,
        "EBITDA": 36911000.0,
        "EBIT": 18113000.0,
        "Consolidated Income": 6954000.0,
        "Earnings Before Tax Margin": 0.0320708325704,
        "Net Profit Margin": 0.018189427428
    },
    "2014": {
        "Revenue": 404021000.0,
        "Revenue Growth": -0.0132857585948356,
        "Cost of Revenue": 274058000.0,
        "Gross Profit": 129963000.0,
        "R&D Expenses": 22563000.0,
        "SG&A Expense": 59136000.0,
        "Operating Expenses": 81699000.0,
        "Operating Income": 42323000.0,
        "Interest Expense": 2326000.0,
        "Earnings before Tax": 39348000.0,
        "Income Tax Expense": 12826000.0,
        "Net Income - Non-Controlling int": 0.0,
        "Net Income - Discontinued ops": 0.0,
        "Net Income": 26522000.0,
        "Preferred Dividends": 0.0,
        "Net Income Com": 26522000.0,
        "EPS": 0.79,
        "EPS Diluted": 0.78,
        "Weighted Average Shs Out": 33618000.0,
        "Weighted Average Shs Out (Dil)": 34130000.0,
        "Dividend per Share": 0.157456782889,
        "Gross Margin": 0.321673873388,
        "EBITDA Margin": 0.160922328295,
        "EBIT Margin": 0.104754455833,
        "Profit Margin": 0.0656451026061,
        "Free Cash Flow margin": 0.0482004648273,
        "EBITDA": 65016000.0,
        "EBIT": 42323000.0,
        "Consolidated Income": 26522000.0,
        "Earnings Before Tax Margin": 0.0973909772017,
        "Net Profit Margin": 0.0656451026061
    },
    "2013": {
        "Revenue": 409461000.0,
        "Revenue Growth": -0.290261354299918,
        "Cost of Revenue": 288108000.0,
        "Gross Profit": 121353000.0,
        "R&D Expenses": 23222000.0,
        "SG&A Expense": 69989000.0,
        "Operating Expenses": 93211000.0,
        "Operating Income": 17687000.0,
        "Interest Expense": 3264000.0,
        "Earnings before Tax": 18063000.0,
        "Income Tax Expense": 16066000.0,
        "Net Income - Non-Controlling int": 0.0,
        "Net Income - Discontinued ops": 0.0,
        "Net Income": -3929000.0,
        "Preferred Dividends": 0.0,
        "Net Income Com": -3929000.0,
        "EPS": -0.12,
        "EPS Diluted": -0.12,
        "Weighted Average Shs Out": 33601000.0,
        "Weighted Average Shs Out (Dil)": 34249000.0,
        "Dividend per Share": 0.142310724401,
        "Gross Margin": 0.296372548301,
        "EBITDA Margin": 0.114770393273,
        "EBIT Margin": 0.0431958110785,
        "Profit Margin": -0.00959554145572,
        "Free Cash Flow margin": 0.0576098822598,
        "EBITDA": 46994000.0,
        "EBIT": 17687000.0,
        "Consolidated Income": -3929000.0,
        "Earnings Before Tax Margin": 0.0441140914519,
        "Net Profit Margin": -0.00959554145572
    },
    "2012": {
        "Revenue": 576918000.0,
        "Revenue Growth": 0.0,
        "Cost of Revenue": 475536000.0,
        "Gross Profit": 101382000.0,
        "R&D Expenses": 20918000.0,
        "SG&A Expense": 80386000.0,
        "Operating Expenses": 101304000.0,
        "Operating Income": 26688000.0,
        "Interest Expense": 2564000.0,
        "Earnings before Tax": 26942000.0,