{
    "2018": {
        "Revenue": 1868000000.0,
        "Revenue Growth": 0.0662100456621005,
        "Cost of Revenue": 1321000000.0,
        "Gross Profit": 547000000.0,
        "R&D Expenses": 0.0,
        "SG&A Expense": 115000000.0,
        "Operating Expenses": 1805000000.0,
        "Operating Income": 63000000.0,
        "Interest Expense": 145000000.0,
        "Earnings before Tax": 174000000.0,
        "Income Tax Expense": -29000000.0,
        "Net Income - Non-Controlling int": 0.0,
        "Net Income - Discontinued ops": 0.0,
        "Net Income": 152000000.0,
        "Preferred Dividends": 0.0,
        "Net Income Com": 152000000.0,
        "EPS": 1.17,
        "EPS Diluted": 1.15,
        "Weighted Average Shs Out": 130000000.0,
        "Weighted Average Shs Out (Dil)": 132000000.0,
        "Dividend per Share": 1.01515151515,
        "Gross Margin": 0.292826552463,
        "EBITDA Margin": 0.153104925054,
        "EBIT Margin": 0.0337259100642,
        "Profit Margin": 0.0813704496788,
        "Free Cash Flow margin": 0.017130620985,
        "EBITDA": 286000000.0,
        "EBIT": 63000000.0,
        "Consolidated Income": 152000000.0,
        "Earnings Before Tax Margin": 0.093147751606,
        "Net Profit Margin": 0.0813704496788
    },
    "2017": {
        "Revenue": 1752000000.0,
        "Revenue Growth": 0.0311948204826368,
        "Cost of Revenue": 0.0,
        "Gross Profit": 0.0,
        "R&D Expenses": 0.0,
        "SG&A Expense": 112000000.0,
        "Operating Expenses": 1651000000.0,
        "Operating Income": 101000000.0,
        "Interest Expense": 147000000.0,
        "Earnings before Tax": -135000000.0,
        "Income Tax Expense": -191000000.0,
        "Net Income - Non-Controlling int": 0.0,
        "Net Income - Discontinued ops": 0.0,
        "Net Income": 57000000.0,
        "Preferred Dividends": 0.0,
        "Net Income Com": 57000000.0,
        "EPS": 0.44,
        "EPS Diluted": 0.44,
        "Weighted Average Shs Out": 130000000.0,
        "Weighted Average Shs Out (Dil)": 131000000.0,
        "Dividend per Share": 1.0,
        "Gross Margin": 0.0,
        "EBITDA Margin": 0.184360730594,
        "EBIT Margin": 0.0576484018265,
        "Profit Margin": 0.0325342465753,
        "Free Cash Flow margin": -0.0194063926941,
        "EBITDA": 323000000.0,
        "EBIT": 101000000.0,
        "Consolidated Income": 57000000.0,
        "Earnings Before Tax Margin": -0.0770547945205,
        "Net Profit Margin": 0.0325342465753
    },
    "2016": {
        "Revenue": 1699000000.0,
        "Revenue Growth": 0.0328267477203647,
        "Cost of Revenue": 0.0,
        "Gross Profit": 0.0,
        "R&D Expenses": 0.0,
        "SG&A Expense": 100000000.0,
        "Operating Expenses": 1590000000.0,
        "Operating Income": 109000000.0,
        "Interest Expense": 139000000.0,
        "Earnings before Tax": 14000000.0,
        "Income Tax Expense": 22000000.0,
        "Net Income - Non-Controlling int": 0.0,
        "Net Income - Discontinued ops": 0.0,
        "Net Income": -4000000.0,
        "Preferred Dividends": 0.0,
        "Net Income Com": -4000000.0,
        "EPS": -0.03,
        "EPS Diluted": -0.03,
        "Weighted Average Shs Out": 129000000.0,
        "Weighted Average Shs Out (Dil)": 129000000.0,
        "Dividend per Share": 1.01550387597,
        "Gross Margin": 0.0,
        "EBITDA Margin": 0.190111830489,
        "EBIT Margin": 0.0641553855209,
        "Profit Margin": -0.00235432607416,
        "Free Cash Flow margin": -0.0453207769276,
        "EBITDA": 323000000.0,
        "EBIT": 109000000.0,
        "Consolidated Income": -4000000.0,
        "Earnings Before Tax Margin": 0.00824014125956,
        "Net Profit Margin": -0.00235432607416
    },
    "2015": {
        "Revenue": 1645000000.0,
        "Revenue Growth": -0.0219976218787158,
        "Cost of Revenue": 0.0,
        "Gross Profit": 0.0,
        "R&D Expenses": 0.0,
        "SG&A Expense": 93000000.0,
        "Operating Expenses": 1545000000.0,
        "Operating Income": 100000000.0,
        "Interest Expense": 125000000.0,
        "Earnings before Tax": -28000000.0,
        "Income Tax Expense": -84000000.0,
        "Net Income - Non-Controlling int": 0.0,
        "Net Income - Discontinued ops": 0.0,
        "Net Income": 68000000.0,
        "Preferred Dividends": 0.0,
        "Net Income Com": 68000000.0,
        "EPS": 0.52,
        "EPS Diluted": 0.51,
        "Weighted Average Shs Out": 132000000.0,
        "Weighted Average Shs Out (Dil)": 133000000.0,
        "Dividend per Share": 1.0,
        "Gross Margin": 0.0,
        "EBITDA Margin": 0.186018237082,
        "EBIT Margin": 0.0607902735562,
        "Profit Margin": 0.0413373860182,
        "Free Cash Flow margin": -0.0772036474164,
        "EBITDA": 306000000.0,
        "EBIT": 100000000.0,
        "Consolidated Income": 68000000.0,
        "Earnings Before Tax Margin": -0.0170212765957,
        "Net Profit Margin": 0.0413373860182
    },
    "2014": {
        "Revenue": 1682000000.0,
        "Revenue Growth": 0.0319018404907975,
        "Cost of Revenue": 0.0,
        "Gross Profit": 0.0,
        "R&D Expenses": 0.0,
        "SG&A Expense": 97000000.0,
        "Operating Expenses": 1538000000.0,
        "Operating Income": 144000000.0,
        "Interest Expense": 125000000.0,
        "Earnings before Tax": 4000000.0,
        "Income Tax Expense": 15000000.0,
        "Net Income - Non-Controlling int": 0.0,
        "Net Income - Discontinued ops": 0.0,
        "Net Income": -2000000.0,
        "Preferred Dividends": 0.0,
        "Net Income Com": -2000000.0,
        "EPS": -0.01,
        "EPS Diluted": -0.01,
        "Weighted Average Shs Out": 130000000.0,
        "Weighted Average Shs Out (Dil)": 130000000.0,
        "Dividend per Share": 0.776923076923,
        "Gross Margin": 0.0,
        "EBITDA Margin": 0.215219976219,
        "EBIT Margin": 0.0856123662307,
        "Profit Margin": -0.00118906064209,
        "Free Cash Flow margin": 0.0743162901308,
        "EBITDA": 362000000.0,
        "EBIT": 144000000.0,
        "Consolidated Income": -2000000.0,
        "Earnings Before Tax Margin": 0.00237812128419,
        "Net Profit Margin": -0.00118906064209
    },
    "2013": {
        "Revenue": 1630000000.0,
        "Revenue Growth": -0.00851581508515815,
        "Cost of Revenue": 0.0,
        "Gross Profit": 0.0,
        "R&D Expenses": 0.0,
        "SG&A Expense": 84000000.0,
        "Operating Expenses": 1409000000.0,
        "Operating Income": 221000000.0,
        "Interest Expense": 118000000.0,
        "Earnings before Tax": 78000000.0,
        "Income Tax Expense": 40000000.0,
        "Net Income - Non-Controlling int": 0.0,
        "Net Income - Discontinued ops": 0.0,
        "Net Income": -7000000.0,
        "Preferred Dividends": 0.0,
        "Net Income Com": -7000000.0,
        "EPS": -0.05,
        "EPS Diluted": -0.05,
        "Weighted Average Shs Out": 129000000.0,
        "Weighted Average Shs Out (Dil)": 130000000.0,
        "Dividend per Share": 0.5,
        "Gross Margin": 0.0,
        "EBITDA Margin": 0.268711656442,
        "EBIT Margin": 0.135582822086,
        "Profit Margin": -0.00429447852761,
        "Free Cash Flow margin": 0.078527607362,
        "EBITDA": 438000000.0,
        "EBIT": 221000000.0,
        "Consolidated Income": -7000000.0,
        "Earnings Before Tax Margin": 0.0478527607362,
        "Net Profit Margin": -0.00429447852761
    },
    "2012": {
        "Revenue": 1644000000.0,
        "Revenue Growth": -0.00363636363636364,
        "Cost of Revenue": 0.0,
        "Gross Profit": 0.0,
        "R&D Expenses": 0.0,
        "SG&A Expense": 97000000.0,
        "Operating Expenses": 1392000000.0,
        "Operating Income": 252000000.0,
        "Interest Expense": 94000000.0,
        "Earnings before Tax": 134000000.0,
        "Income Tax Expense": 26000000.0,
        "Net Income - Non-Controlling int": 0.0,