{
    "2018": {
        "Revenue": 897737000.0,
        "Revenue Growth": 0.188691936639253,
        "Cost of Revenue": 768885000.0,
        "Gross Profit": 128852000.0,
        "R&D Expenses": 0.0,
        "SG&A Expense": 60679000.0,
        "Operating Expenses": 61979000.0,
        "Operating Income": 66873000.0,
        "Interest Expense": 14676000.0,
        "Earnings before Tax": 53508000.0,
        "Income Tax Expense": 8996000.0,
        "Net Income - Non-Controlling int": 0.0,
        "Net Income - Discontinued ops": 0.0,
        "Net Income": 44512000.0,
        "Preferred Dividends": 0.0,
        "Net Income Com": 44512000.0,
        "EPS": 1.47,
        "EPS Diluted": 1.46,
        "Weighted Average Shs Out": 30277000.0,
        "Weighted Average Shs Out (Dil)": 30587000.0,
        "Dividend per Share": 0.0,
        "Gross Margin": 0.143529786563,
        "EBITDA Margin": 0.0932288632417,
        "EBIT Margin": 0.0744906358989,
        "Profit Margin": 0.049582450094,
        "Free Cash Flow margin": 0.0298996253914,
        "EBITDA": 83695000.0,
        "EBIT": 66873000.0,
        "Consolidated Income": 44512000.0,
        "Earnings Before Tax Margin": 0.0596032022742,
        "Net Profit Margin": 0.049582450094
    },
    "2017": {
        "Revenue": 755231000.0,
        "Revenue Growth": 0.140639348025712,
        "Cost of Revenue": 662666000.0,
        "Gross Profit": 92565000.0,
        "R&D Expenses": 0.0,
        "SG&A Expense": 59800000.0,
        "Operating Expenses": 61120000.0,
        "Operating Income": 31445000.0,
        "Interest Expense": 19149000.0,
        "Earnings before Tax": 13645000.0,
        "Income Tax Expense": 15350000.0,
        "Net Income - Non-Controlling int": 0.0,
        "Net Income - Discontinued ops": 0.0,
        "Net Income": -1705000.0,
        "Preferred Dividends": 0.0,
        "Net Income Com": -1705000.0,
        "EPS": -0.06,
        "EPS Diluted": -0.06,
        "Weighted Average Shs Out": 29942000.0,
        "Weighted Average Shs Out (Dil)": 29942000.0,
        "Dividend per Share": 0.0,
        "Gross Margin": 0.122565148941,
        "EBITDA Margin": 0.0636096770392,
        "EBIT Margin": 0.0416362675791,
        "Profit Margin": -0.00225758741365,
        "Free Cash Flow margin": -0.0148312238242,
        "EBITDA": 48040000.0,
        "EBIT": 31445000.0,
        "Consolidated Income": -1705000.0,
        "Earnings Before Tax Margin": 0.0180673198002,
        "Net Profit Margin": -0.00225758741365
    },
    "2016": {
        "Revenue": 662112000.0,
        "Revenue Growth": -0.197771587743733,
        "Cost of Revenue": 574882000.0,
        "Gross Profit": 87230000.0,
        "R&D Expenses": 7000000.0,
        "SG&A Expense": 60542000.0,
        "Operating Expenses": 68842000.0,
        "Operating Income": 25383000.0,
        "Interest Expense": 19318000.0,
        "Earnings before Tax": 6834000.0,
        "Income Tax Expense": 49000.0,
        "Net Income - Non-Controlling int": 0.0,
        "Net Income - Discontinued ops": 0.0,
        "Net Income": 6785000.0,
        "Preferred Dividends": 0.0,
        "Net Income Com": 6785000.0,
        "EPS": 0.23,
        "EPS Diluted": 0.23,
        "Weighted Average Shs Out": 29530000.0,
        "Weighted Average Shs Out (Dil)": 29878000.0,
        "Dividend per Share": 0.0,
        "Gross Margin": 0.131745082403,
        "EBITDA Margin": 0.0644513314968,
        "EBIT Margin": 0.0383364143831,
        "Profit Margin": 0.0102475109951,
        "Free Cash Flow margin": 0.0572954424629,
        "EBITDA": 42674000.0,
        "EBIT": 25383000.0,
        "Consolidated Income": 6785000.0,
        "Earnings Before Tax Margin": 0.0103215166014,
        "Net Profit Margin": 0.0102475109951
    },
    "2015": {
        "Revenue": 825341000.0,
        "Revenue Growth": -0.0171504853270584,
        "Cost of Revenue": 714519000.0,
        "Gross Profit": 110822000.0,
        "R&D Expenses": 7400000.0,
        "SG&A Expense": 71469000.0,
        "Operating Expenses": 80196000.0,
        "Operating Income": 38026000.0,
        "Interest Expense": 21359000.0,
        "Earnings before Tax": 16819000.0,
        "Income Tax Expense": 9758000.0,
        "Net Income - Non-Controlling int": 0.0,
        "Net Income - Discontinued ops": 0.0,
        "Net Income": 7060000.0,
        "Preferred Dividends": 0.0,
        "Net Income Com": 7060000.0,
        "EPS": 0.24,
        "EPS Diluted": 0.24,
        "Weighted Average Shs Out": 29209000.0,
        "Weighted Average Shs Out (Dil)": 29399000.0,
        "Dividend per Share": 0.0,
        "Gross Margin": 0.134274196968,
        "EBITDA Margin": 0.0688139811302,
        "EBIT Margin": 0.0460730776733,
        "Profit Margin": 0.00855404008767,
        "Free Cash Flow margin": 0.0492087512919,
        "EBITDA": 56795000.0,
        "EBIT": 38026000.0,
        "Consolidated Income": 7060000.0,
        "Earnings Before Tax Margin": 0.0203782436593,
        "Net Profit Margin": 0.00855404008767
    },
    "2014": {
        "Revenue": 839743000.0,
        "Revenue Growth": 0.123074474601387,
        "Cost of Revenue": 732055000.0,
        "Gross Profit": 107688000.0,
        "R&D Expenses": 6300000.0,
        "SG&A Expense": 72480000.0,
        "Operating Expenses": 80295000.0,
        "Operating Income": 33693000.0,
        "Interest Expense": 20716000.0,
        "Earnings before Tax": -3349000.0,
        "Income Tax Expense": 5131000.0,
        "Net Income - Non-Controlling int": 0.0,
        "Net Income - Discontinued ops": 0.0,
        "Net Income": 7630000.0,
        "Preferred Dividends": 0.0,
        "Net Income Com": 7630000.0,
        "EPS": 0.26,
        "EPS Diluted": 0.26,
        "Weighted Average Shs Out": 28926000.0,
        "Weighted Average Shs Out (Dil)": 29117000.0,
        "Dividend per Share": 0.0,
        "Gross Margin": 0.128239235099,
        "EBITDA Margin": 0.0629132960918,
        "EBIT Margin": 0.04012299001,
        "Profit Margin": 0.00908611325132,
        "Free Cash Flow margin": -0.00498366762212,
        "EBITDA": 52831000.0,
        "EBIT": 33693000.0,
        "Consolidated Income": 7630000.0,
        "Earnings Before Tax Margin": -0.00398812493823,
        "Net Profit Margin": 0.00908611325132
    },
    "2013": {
        "Revenue": 747718000.0,
        "Revenue Growth": -0.128448472810858,
        "Cost of Revenue": 667989000.0,
        "Gross Profit": 79729000.0,
        "R&D Expenses": 6000000.0,
        "SG&A Expense": 71711000.0,
        "Operating Expenses": 79291000.0,
        "Operating Income": 6438000.0,
        "Interest Expense": 21087000.0,
        "Earnings before Tax": -10879000.0,
        "Income Tax Expense": -2337000.0,
        "Net Income - Non-Controlling int": 0.0,
        "Net Income - Discontinued ops": 0.0,
        "Net Income": -12445000.0,
        "Preferred Dividends": 0.0,
        "Net Income Com": -12445000.0,
        "EPS": -0.44,
        "EPS Diluted": -0.44,
        "Weighted Average Shs Out": 28584000.0,
        "Weighted Average Shs Out (Dil)": 28584000.0,
        "Dividend per Share": 0.0,
        "Gross Margin": 0.106629772187,
        "EBITDA Margin": 0.0376518955007,
        "EBIT Margin": 0.00861019796233,
        "Profit Margin": -0.0166439754025,
        "Free Cash Flow margin": 0.00873056419666,
        "EBITDA": 28153000.0,
        "EBIT": 6438000.0,
        "Consolidated Income": -12445000.0,
        "Earnings Before Tax Margin": -0.0145496029252,
        "Net Profit Margin": -0.0166439754025
    },
    "2012": {
        "Revenue": 857916000.0,
        "Revenue Growth": 0.0,
        "Cost of Revenue": 741378000.0,
        "Gross Profit": 116538000.0,
        "R&D Expenses": 6400000.0,
        "SG&A Expense": 71949000.0,
        "Operating Expenses": 78842000.0,
        "Operating Income": 44096000.0,
        "Interest Expense": 20945000.0,
        "Earnings before Tax": 50001000.0,
        "Income Tax Expense": -26948000.0,