{
    "2019": {
        "Revenue": 2020437000.0,
        "Revenue Growth": 0.061522408777417,
        "Cost of Revenue": 980187000.0,
        "Gross Profit": 1040250000.0,
        "R&D Expenses": 23187000.0,
        "SG&A Expense": 712930000.0,
        "Operating Expenses": 736117000.0,
        "Operating Income": 327320000.0,
        "Interest Expense": 0.0,
        "Earnings before Tax": 328934000.0,
        "Income Tax Expense": 64626000.0,
        "Net Income - Non-Controlling int": 0.0,
        "Net Income - Discontinued ops": 0.0,
        "Net Income": 264308000.0,
        "Preferred Dividends": 0.0,
        "Net Income Com": 264308000.0,
        "EPS": 8.92,
        "EPS Diluted": 8.84,
        "Weighted Average Shs Out": 29641000.0,
        "Weighted Average Shs Out (Dil)": 29903000.0,
        "Dividend per Share": 0.0,
        "Gross Margin": 0.51486386361,
        "EBITDA Margin": 0.184389317757,
        "EBIT Margin": 0.16200455644,
        "Profit Margin": 0.130817243992,
        "Free Cash Flow margin": 0.163538383033,
        "EBITDA": 372547000.0,
        "EBIT": 327320000.0,
        "Consolidated Income": 264308000.0,
        "Earnings Before Tax Margin": 0.162803393523,
        "Net Profit Margin": 0.130817243992
    },
    "2018": {
        "Revenue": 1903339000.0,
        "Revenue Growth": 0.0632305615125462,
        "Cost of Revenue": 971697000.0,
        "Gross Profit": 931642000.0,
        "R&D Expenses": 22372000.0,
        "SG&A Expense": 709058000.0,
        "Operating Expenses": 731430000.0,
        "Operating Income": 222584000.0,
        "Interest Expense": 0.0,
        "Earnings before Tax": 220696000.0,
        "Income Tax Expense": 106302000.0,
        "Net Income - Non-Controlling int": 0.0,
        "Net Income - Discontinued ops": 0.0,
        "Net Income": 114394000.0,
        "Preferred Dividends": 0.0,
        "Net Income Com": 114394000.0,
        "EPS": 3.6,
        "EPS Diluted": 3.58,
        "Weighted Average Shs Out": 31758000.0,
        "Weighted Average Shs Out (Dil)": 31996000.0,
        "Dividend per Share": 0.0,
        "Gross Margin": 0.48947770208,
        "EBITDA Margin": 0.142463323664,
        "EBIT Margin": 0.116943960062,
        "Profit Margin": 0.0601017475079,
        "Free Cash Flow margin": 0.1536972657,
        "EBITDA": 271156000.0,
        "EBIT": 222584000.0,
        "Consolidated Income": 114394000.0,
        "Earnings Before Tax Margin": 0.115952019057,
        "Net Profit Margin": 0.0601017475079
    },
    "2017": {
        "Revenue": 1790147000.0,
        "Revenue Growth": -0.0453552346766766,
        "Cost of Revenue": 954912000.0,
        "Gross Profit": 835235000.0,
        "R&D Expenses": 21256000.0,
        "SG&A Expense": 837154000.0,
        "Operating Expenses": 858410000.0,
        "Operating Income": -1919000.0,
        "Interest Expense": 0.0,
        "Earnings before Tax": -6986000.0,
        "Income Tax Expense": -12696000.0,
        "Net Income - Non-Controlling int": 0.0,
        "Net Income - Discontinued ops": 0.0,
        "Net Income": 5710000.0,
        "Preferred Dividends": 0.0,
        "Net Income Com": 5710000.0,
        "EPS": 0.18,
        "EPS Diluted": 0.18,
        "Weighted Average Shs Out": 32000000.0,
        "Weighted Average Shs Out (Dil)": 32355000.0,
        "Dividend per Share": 0.0,
        "Gross Margin": 0.466573415479,
        "EBITDA Margin": 0.0283267240065,
        "EBIT Margin": -0.00107197900508,
        "Profit Margin": 0.00318968218811,
        "Free Cash Flow margin": 0.0861258879857,
        "EBITDA": 50709000.0,
        "EBIT": -1919000.0,
        "Consolidated Income": 5710000.0,
        "Earnings Before Tax Margin": -0.00390247281369,
        "Net Profit Margin": 0.00318968218811
    },
    "2016": {
        "Revenue": 1875197000.0,
        "Revenue Growth": 0.0319967948171136,
        "Cost of Revenue": 1028529000.0,
        "Gross Profit": 846668000.0,
        "R&D Expenses": 22176000.0,
        "SG&A Expense": 684541000.0,
        "Operating Expenses": 706717000.0,
        "Operating Income": 162127000.0,
        "Interest Expense": 0.0,
        "Earnings before Tax": 156885000.0,
        "Income Tax Expense": 34620000.0,
        "Net Income - Non-Controlling int": 0.0,
        "Net Income - Discontinued ops": 0.0,
        "Net Income": 122265000.0,
        "Preferred Dividends": 0.0,
        "Net Income Com": 122265000.0,
        "EPS": 3.76,
        "EPS Diluted": 3.7,
        "Weighted Average Shs Out": 32556000.0,
        "Weighted Average Shs Out (Dil)": 33039000.0,
        "Dividend per Share": 0.0,
        "Gross Margin": 0.451508828139,
        "EBITDA Margin": 0.11313531325,
        "EBIT Margin": 0.0864586494112,
        "Profit Margin": 0.0652011495326,
        "Free Cash Flow margin": 0.0321166256132,
        "EBITDA": 212151000.0,
        "EBIT": 162127000.0,
        "Consolidated Income": 122265000.0,
        "Earnings Before Tax Margin": 0.0836632097854,
        "Net Profit Margin": 0.0652011495326
    },
    "2015": {
        "Revenue": 1817057000.0,
        "Revenue Growth": 0.167310798153433,
        "Cost of Revenue": 938949000.0,
        "Gross Profit": 878108000.0,
        "R&D Expenses": 20872000.0,
        "SG&A Expense": 653689000.0,
        "Operating Expenses": 674561000.0,
        "Operating Income": 224419000.0,
        "Interest Expense": 0.0,
        "Earnings before Tax": 221139000.0,
        "Income Tax Expense": 59359000.0,
        "Net Income - Non-Controlling int": 0.0,
        "Net Income - Discontinued ops": 0.0,
        "Net Income": 161780000.0,
        "Preferred Dividends": 0.0,
        "Net Income Com": 161780000.0,
        "EPS": 4.7,
        "EPS Diluted": 4.66,
        "Weighted Average Shs Out": 34433000.0,
        "Weighted Average Shs Out (Dil)": 34733000.0,
        "Dividend per Share": 0.0,
        "Gross Margin": 0.483258367789,
        "EBITDA Margin": 0.150634790213,
        "EBIT Margin": 0.123506857517,
        "Profit Margin": 0.0890340809342,
        "Free Cash Flow margin": 0.0432055791315,
        "EBITDA": 273712000.0,
        "EBIT": 224419000.0,
        "Consolidated Income": 161780000.0,
        "Earnings Before Tax Margin": 0.121701740782,
        "Net Profit Margin": 0.0890340809342
    },
    "2013": {
        "Revenue": 1556618000.0,
        "Revenue Growth": 0.100551612770946,
        "Cost of Revenue": 820135000.0,
        "Gross Profit": 736483000.0,
        "R&D Expenses": 19257000.0,
        "SG&A Expense": 528586000.0,
        "Operating Expenses": 547843000.0,
        "Operating Income": 207897000.0,
        "Interest Expense": 0.0,
        "Earnings before Tax": 144446000.0,
        "Income Tax Expense": 59868000.0,
        "Net Income - Non-Controlling int": 0.0,
        "Net Income - Discontinued ops": 0.0,
        "Net Income": 145689000.0,
        "Preferred Dividends": 0.0,
        "Net Income Com": 145689000.0,
        "EPS": 4.23,
        "EPS Diluted": 4.18,
        "Weighted Average Shs Out": 34473000.0,
        "Weighted Average Shs Out (Dil)": 34829000.0,
        "Dividend per Share": 0.0,
        "Gross Margin": 0.47313020921,
        "EBITDA Margin": 0.160178026979,
        "EBIT Margin": 0.133556852099,
        "Profit Margin": 0.0935932900686,
        "Free Cash Flow margin": 0.11711029938,
        "EBITDA": 249336000.0,
        "EBIT": 207897000.0,
        "Consolidated Income": 145689000.0,
        "Earnings Before Tax Margin": 0.0927947640333,
        "Net Profit Margin": 0.0935932900686
    },
    "2012": {
        "Revenue": 1414398000.0,
        "Revenue Growth": 0.0269479838203187,
        "Cost of Revenue": 782244000.0,
        "Gross Profit": 632154000.0,
        "R&D Expenses": 15617000.0,
        "SG&A Expense": 445206000.0,
        "Operating Expenses": 460823000.0,
        "Operating Income": 186948000.0,
        "Interest Expense": 0.0,
        "Earnings before Tax": 184118000.0,
        "Income Tax Expense": 55104000.0,