{
    "2018": {
        "Revenue": 7755283000.0,
        "Revenue Growth": -0.0050983800565104,
        "Cost of Revenue": 6100005000.0,
        "Gross Profit": 1655278000.0,
        "R&D Expenses": 4400000.0,
        "SG&A Expense": 277659000.0,
        "Operating Expenses": 1970471000.0,
        "Operating Income": -315193000.0,
        "Interest Expense": 56443000.0,
        "Earnings before Tax": -374513000.0,
        "Income Tax Expense": -42283000.0,
        "Net Income - Non-Controlling int": 0.0,
        "Net Income - Discontinued ops": 0.0,
        "Net Income": -326900000.0,
        "Preferred Dividends": 0.0,
        "Net Income Com": -326900000.0,
        "EPS": -3.58,
        "EPS Diluted": -3.58,
        "Weighted Average Shs Out": 91327846.0,
        "Weighted Average Shs Out (Dil)": 91327846.0,
        "Dividend per Share": 0.300072772985,
        "Gross Margin": 0.21343876168,
        "EBITDA Margin": -0.0205235579411,
        "EBIT Margin": -0.0406423595374,
        "Profit Margin": -0.0421519111553,
        "Free Cash Flow margin": 0.0048476631994,
        "EBITDA": -159166000.0,
        "EBIT": -315193000.0,
        "Consolidated Income": -326900000.0,
        "Earnings Before Tax Margin": -0.0482913389492,
        "Net Profit Margin": -0.0421519111553
    },
    "2017": {
        "Revenue": 7795025000.0,
        "Revenue Growth": 0.0109982508943318,
        "Cost of Revenue": 5977348000.0,
        "Gross Profit": 1817677000.0,
        "R&D Expenses": 3500000.0,
        "SG&A Expense": 311176000.0,
        "Operating Expenses": 1734415000.0,
        "Operating Income": 83262000.0,
        "Interest Expense": 64961000.0,
        "Earnings before Tax": 21243000.0,
        "Income Tax Expense": -26179000.0,
        "Net Income - Non-Controlling int": 0.0,
        "Net Income - Discontinued ops": 0.0,
        "Net Income": 61588000.0,
        "Preferred Dividends": 0.0,
        "Net Income Com": 61588000.0,
        "EPS": 0.68,
        "EPS Diluted": 0.67,
        "Weighted Average Shs Out": 90899284.0,
        "Weighted Average Shs Out (Dil)": 91273994.0,
        "Dividend per Share": 0.358667332997,
        "Gross Margin": 0.233184242514,
        "EBITDA Margin": 0.0325723137514,
        "EBIT Margin": 0.0106814282186,
        "Profit Margin": 0.00790093681547,
        "Free Cash Flow margin": 0.0048842691332,
        "EBITDA": 253902000.0,
        "EBIT": 83262000.0,
        "Consolidated Income": 61588000.0,
        "Earnings Before Tax Margin": 0.00272519972675,
        "Net Profit Margin": 0.00790093681547
    },
    "2016": {
        "Revenue": 7710226000.0,
        "Revenue Growth": -0.0506589723456815,
        "Cost of Revenue": 5722710000.0,
        "Gross Profit": 1987516000.0,
        "R&D Expenses": 3000000.0,
        "SG&A Expense": 346028000.0,
        "Operating Expenses": 1723848000.0,
        "Operating Income": 263668000.0,
        "Interest Expense": 66795000.0,
        "Earnings before Tax": 202651000.0,
        "Income Tax Expense": 82034000.0,
        "Net Income - Non-Controlling int": 0.0,
        "Net Income - Discontinued ops": 0.0,
        "Net Income": 119929000.0,
        "Preferred Dividends": 0.0,
        "Net Income Com": 119929000.0,
        "EPS": 1.32,
        "EPS Diluted": 1.31,
        "Weighted Average Shs Out": 90933886.0,
        "Weighted Average Shs Out (Dil)": 91510483.0,
        "Dividend per Share": 0.358734856639,
        "Gross Margin": 0.257776620296,
        "EBITDA Margin": 0.0573333388671,
        "EBIT Margin": 0.0341971817687,
        "Profit Margin": 0.0155545375713,
        "Free Cash Flow margin": 0.0146261601152,
        "EBITDA": 442053000.0,
        "EBIT": 263668000.0,
        "Consolidated Income": 119929000.0,
        "Earnings Before Tax Margin": 0.0262834059598,
        "Net Profit Margin": 0.0155545375713
    },
    "2015": {
        "Revenue": 8121661000.0,
        "Revenue Growth": -0.145375829352567,
        "Cost of Revenue": 6147252000.0,
        "Gross Profit": 1974409000.0,
        "R&D Expenses": 2300000.0,
        "SG&A Expense": 350324000.0,
        "Operating Expenses": 1881048000.0,
        "Operating Income": 93361000.0,
        "Interest Expense": 66813000.0,
        "Earnings before Tax": -13310000.0,
        "Income Tax Expense": -5229000.0,
        "Net Income - Non-Controlling int": 0.0,
        "Net Income - Discontinued ops": 0.0,
        "Net Income": -8508000.0,
        "Preferred Dividends": 0.0,
        "Net Income Com": -8508000.0,
        "EPS": -0.09,
        "EPS Diluted": -0.09,
        "Weighted Average Shs Out": 93298467.0,
        "Weighted Average Shs Out (Dil)": 93298467.0,
        "Dividend per Share": 0.280626261523,
        "Gross Margin": 0.243104089176,
        "EBITDA Margin": 0.0332745974007,
        "EBIT Margin": 0.0114953086567,
        "Profit Margin": -0.00104756896403,
        "Free Cash Flow margin": 0.0302414740039,
        "EBITDA": 270245000.0,
        "EBIT": 93361000.0,
        "Consolidated Income": -8508000.0,
        "Earnings Before Tax Margin": -0.00163882732855,
        "Net Profit Margin": -0.00104756896403
    },
    "2014": {
        "Revenue": 9503196000.0,
        "Revenue Growth": 0.0539992974961739,
        "Cost of Revenue": 7829733000.0,
        "Gross Profit": 1673463000.0,
        "R&D Expenses": 1900000.0,
        "SG&A Expense": 288744000.0,
        "Operating Expenses": 1664910000.0,
        "Operating Income": 8553000.0,
        "Interest Expense": 61019000.0,
        "Earnings before Tax": -52283000.0,
        "Income Tax Expense": -32096000.0,
        "Net Income - Non-Controlling int": 0.0,
        "Net Income - Discontinued ops": 0.0,
        "Net Income": -20296000.0,
        "Preferred Dividends": 0.0,
        "Net Income Com": -20296000.0,
        "EPS": -0.22,
        "EPS Diluted": -0.22,
        "Weighted Average Shs Out": 93916656.0,
        "Weighted Average Shs Out (Dil)": 93916656.0,
        "Dividend per Share": 0.279311478041,
        "Gross Margin": 0.176094758016,
        "EBITDA Margin": 0.0181886178082,
        "EBIT Margin": 0.000900013006151,
        "Profit Margin": -0.00213570255733,
        "Free Cash Flow margin": 0.000370927843643,
        "EBITDA": 172850000.0,
        "EBIT": 8553000.0,
        "Consolidated Income": -20296000.0,
        "Earnings Before Tax Margin": -0.00550162282247,
        "Net Profit Margin": -0.00213570255733
    },
    "2013": {
        "Revenue": 9016321000.0,
        "Revenue Growth": -0.213391806880954,
        "Cost of Revenue": 7161734000.0,
        "Gross Profit": 1854587000.0,
        "R&D Expenses": 1800000.0,
        "SG&A Expense": 310453000.0,
        "Operating Expenses": 1723791000.0,
        "Operating Income": 130796000.0,
        "Interest Expense": 200558000.0,
        "Earnings before Tax": 325359000.0,
        "Income Tax Expense": -42325000.0,
        "Net Income - Non-Controlling int": 0.0,
        "Net Income - Discontinued ops": 0.0,
        "Net Income": 813178000.0,
        "Preferred Dividends": 0.0,
        "Net Income Com": 813178000.0,
        "EPS": 8.67,
        "EPS Diluted": 8.58,
        "Weighted Average Shs Out": 93785611.0,
        "Weighted Average Shs Out (Dil)": 94796236.0,
        "Dividend per Share": 0.0,
        "Gross Margin": 0.205692210825,
        "EBITDA Margin": 0.033785953273,
        "EBIT Margin": 0.0145065820083,
        "Profit Margin": 0.0901895573594,
        "Free Cash Flow margin": -0.0545459727976,
        "EBITDA": 304625000.0,
        "EBIT": 130796000.0,
        "Consolidated Income": 813178000.0,
        "Earnings Before Tax Margin": 0.0360855608402,
        "Net Profit Margin": 0.0901895573594
    },
    "2012": {
        "Revenue": 11462277000.0,
        "Revenue Growth": -0.122034150682782,
        "Cost of Revenue": 8562279000.0,
        "Gross Profit": 2899998000.0,
        "R&D Expenses": 14400000.0,
        "SG&A Expense": 555012000.0,