{
    "2018": {
        "Revenue": 378216000.0,
        "Revenue Growth": 0.046440399412336,
        "Cost of Revenue": 384757000.0,
        "Gross Profit": -6541000.0,
        "R&D Expenses": 0.0,
        "SG&A Expense": 39650000.0,
        "Operating Expenses": 16061000.0,
        "Operating Income": -22530000.0,
        "Interest Expense": 0.0,
        "Earnings before Tax": -55519000.0,
        "Income Tax Expense": -5700000.0,
        "Net Income - Non-Controlling int": 0.0,
        "Net Income - Discontinued ops": 0.0,
        "Net Income": -76303000.0,
        "Preferred Dividends": 0.0,
        "Net Income Com": -76303000.0,
        "EPS": -3.0,
        "EPS Diluted": -3.0,
        "Weighted Average Shs Out": 25412000.0,
        "Weighted Average Shs Out (Dil)": 25412000.0,
        "Dividend per Share": 0.0,
        "Gross Margin": -0.0172943503183,
        "EBITDA Margin": 0.00765171224909,
        "EBIT Margin": -0.0595691350974,
        "Profit Margin": -0.201744505785,
        "Free Cash Flow margin": -0.197426867187,
        "EBITDA": 2894000.0,
        "EBIT": -22530000.0,
        "Consolidated Income": -76303000.0,
        "Earnings Before Tax Margin": -0.146791780358,
        "Net Profit Margin": -0.201744505785
    },
    "2017": {
        "Revenue": 361431000.0,
        "Revenue Growth": 0.0277239885009426,
        "Cost of Revenue": 347886000.0,
        "Gross Profit": 13545000.0,
        "R&D Expenses": 0.0,
        "SG&A Expense": 28421000.0,
        "Operating Expenses": 36867000.0,
        "Operating Income": -22169000.0,
        "Interest Expense": 0.0,
        "Earnings before Tax": -24391000.0,
        "Income Tax Expense": -12934000.0,
        "Net Income - Non-Controlling int": 0.0,
        "Net Income - Discontinued ops": 0.0,
        "Net Income": -11457000.0,
        "Preferred Dividends": 0.0,
        "Net Income Com": -11457000.0,
        "EPS": -0.53,
        "EPS Diluted": -0.53,
        "Weighted Average Shs Out": 21570000.0,
        "Weighted Average Shs Out (Dil)": 21570000.0,
        "Dividend per Share": 0.0,
        "Gross Margin": 0.0374760327697,
        "EBITDA Margin": 0.00341143952788,
        "EBIT Margin": -0.0613367420061,
        "Profit Margin": -0.031698996489,
        "Free Cash Flow margin": -0.00376558734586,
        "EBITDA": 1233000.0,
        "EBIT": -22169000.0,
        "Consolidated Income": -11457000.0,
        "Earnings Before Tax Margin": -0.0674845267838,
        "Net Profit Margin": -0.031698996489
    },
    "2016": {
        "Revenue": 351681000.0,
        "Revenue Growth": 0.0605195228158209,
        "Cost of Revenue": 99181000.0,
        "Gross Profit": 252500000.0,
        "R&D Expenses": 0.0,
        "SG&A Expense": 25924000.0,
        "Operating Expenses": 25924000.0,
        "Operating Income": 25076000.0,
        "Interest Expense": 0.0,
        "Earnings before Tax": 24574000.0,
        "Income Tax Expense": 6808000.0,
        "Net Income - Non-Controlling int": 0.0,
        "Net Income - Discontinued ops": 0.0,
        "Net Income": 17766000.0,
        "Preferred Dividends": 0.0,
        "Net Income Com": 17766000.0,
        "EPS": 0.76,
        "EPS Diluted": 0.76,
        "Weighted Average Shs Out": 23322344.0,
        "Weighted Average Shs Out (Dil)": 23435275.0,
        "Dividend per Share": 0.0,
        "Gross Margin": 0.717980215024,
        "EBITDA Margin": 0.121709731262,
        "EBIT Margin": 0.0713032549384,
        "Profit Margin": 0.0505173722777,
        "Free Cash Flow margin": 0.0372980058633,
        "EBITDA": 42803000.0,
        "EBIT": 25076000.0,
        "Consolidated Income": 17766000.0,
        "Earnings Before Tax Margin": 0.0698758249664,
        "Net Profit Margin": 0.0505173722777
    },
    "2015": {
        "Revenue": 331612000.0,
        "Revenue Growth": 0.0987624459501996,
        "Cost of Revenue": 95963000.0,
        "Gross Profit": 235649000.0,
        "R&D Expenses": 0.0,
        "SG&A Expense": 23111000.0,
        "Operating Expenses": 23111000.0,
        "Operating Income": 21818000.0,
        "Interest Expense": 77000.0,
        "Earnings before Tax": 21505000.0,
        "Income Tax Expense": 5507000.0,
        "Net Income - Non-Controlling int": 0.0,
        "Net Income - Discontinued ops": 0.0,
        "Net Income": 15998000.0,
        "Preferred Dividends": 0.0,
        "Net Income Com": 15998000.0,
        "EPS": 0.68,
        "EPS Diluted": 0.68,
        "Weighted Average Shs Out": 23380085.0,
        "Weighted Average Shs Out (Dil)": 23517288.0,
        "Dividend per Share": 0.0,
        "Gross Margin": 0.710616624248,
        "EBITDA Margin": 0.114398755172,
        "EBIT Margin": 0.0657937589713,
        "Profit Margin": 0.0482431275105,
        "Free Cash Flow margin": -0.0008503914213,
        "EBITDA": 37936000.0,
        "EBIT": 21818000.0,
        "Consolidated Income": 15998000.0,
        "Earnings Before Tax Margin": 0.0648498848051,
        "Net Profit Margin": 0.0482431275105
    },
    "2014": {
        "Revenue": 301805000.0,
        "Revenue Growth": 0.110369160357019,
        "Cost of Revenue": 90990000.0,
        "Gross Profit": 210815000.0,
        "R&D Expenses": 0.0,
        "SG&A Expense": 20537000.0,
        "Operating Expenses": 20537000.0,
        "Operating Income": 24540000.0,
        "Interest Expense": 113000.0,
        "Earnings before Tax": 24320000.0,
        "Income Tax Expense": 7723000.0,
        "Net Income - Non-Controlling int": 0.0,
        "Net Income - Discontinued ops": 0.0,
        "Net Income": 16597000.0,
        "Preferred Dividends": 0.0,
        "Net Income Com": 16597000.0,
        "EPS": 0.71,
        "EPS Diluted": 0.7,
        "Weighted Average Shs Out": 23517883.0,
        "Weighted Average Shs Out (Dil)": 23740318.0,
        "Dividend per Share": 0.0,
        "Gross Margin": 0.698513941121,
        "EBITDA Margin": 0.123602988685,
        "EBIT Margin": 0.0813107801395,
        "Profit Margin": 0.0549924620202,
        "Free Cash Flow margin": -0.0156558042445,
        "EBITDA": 37304000.0,
        "EBIT": 24540000.0,
        "Consolidated Income": 16597000.0,
        "Earnings Before Tax Margin": 0.0805818326403,
        "Net Profit Margin": 0.0549924620202
    },
    "2013": {
        "Revenue": 271806000.0,
        "Revenue Growth": 0.169384989351862,
        "Cost of Revenue": 82209000.0,
        "Gross Profit": 189597000.0,
        "R&D Expenses": 0.0,
        "SG&A Expense": 17421000.0,
        "Operating Expenses": 17421000.0,
        "Operating Income": 17891000.0,
        "Interest Expense": 72000.0,
        "Earnings before Tax": 17768000.0,
        "Income Tax Expense": 5556000.0,
        "Net Income - Non-Controlling int": 0.0,
        "Net Income - Discontinued ops": 0.0,
        "Net Income": 12212000.0,
        "Preferred Dividends": 0.0,
        "Net Income Com": 12212000.0,
        "EPS": 0.51,
        "EPS Diluted": 0.51,
        "Weighted Average Shs Out": 23779782.0,
        "Weighted Average Shs Out (Dil)": 23852200.0,
        "Dividend per Share": 0.0,
        "Gross Margin": 0.697545308051,
        "EBITDA Margin": 0.105439173528,
        "EBIT Margin": 0.0658226823543,
        "Profit Margin": 0.0449291038461,
        "Free Cash Flow margin": -0.00711536904998,
        "EBITDA": 28659000.0,
        "EBIT": 17891000.0,
        "Consolidated Income": 12212000.0,
        "Earnings Before Tax Margin": 0.0653701537126,
        "Net Profit Margin": 0.0449291038461
    },
    "2012": {
        "Revenue": 232435000.0,
        "Revenue Growth": 0.170220264317181,
        "Cost of Revenue": 71093000.0,
        "Gross Profit": 161342000.0,
        "R&D Expenses": 0.0,
        "SG&A Expense": 13449000.0,
        "Operating Expenses": 100143000.0,
        "Operating Income": 24621000.0,
        "Interest Expense": 0.0,
        "Earnings before Tax": 0.0,
        "Income Tax Expense": 5592000.0,
        "Net Income - Non-Controlling int": 0.0,