{
    "2018": {
        "Revenue": 11291409.0,
        "Revenue Growth": -0.225427436615081,
        "Cost of Revenue": 7329601.0,
        "Gross Profit": 3961808.0,
        "R&D Expenses": 1444063.0,
        "SG&A Expense": 14517865.0,
        "Operating Expenses": 15961928.0,
        "Operating Income": -10556057.0,
        "Interest Expense": 1366520.0,
        "Earnings before Tax": -15544551.0,
        "Income Tax Expense": 0.0,
        "Net Income - Non-Controlling int": 0.0,
        "Net Income - Discontinued ops": 0.0,
        "Net Income": -15544551.0,
        "Preferred Dividends": 0.0,
        "Net Income Com": -15544551.0,
        "EPS": -1.93,
        "EPS Diluted": -1.93,
        "Weighted Average Shs Out": 8073257.0,
        "Weighted Average Shs Out (Dil)": 8073257.0,
        "Dividend per Share": 0.0,
        "Gross Margin": 0.350869231643,
        "EBITDA Margin": -0.886357318205,
        "EBIT Margin": -0.934875089548,
        "Profit Margin": -1.37667061746,
        "Free Cash Flow margin": -0.801882475429,
        "EBITDA": -10008223.0,
        "EBIT": -10556057.0,
        "Consolidated Income": -15544551.0,
        "Earnings Before Tax Margin": -1.37667061746,
        "Net Profit Margin": -1.37667061746
    },
    "2017": {
        "Revenue": 14577600.0,
        "Revenue Growth": -0.120479778232707,
        "Cost of Revenue": 10032627.0,
        "Gross Profit": 4544973.0,
        "R&D Expenses": 3149011.0,
        "SG&A Expense": 15744438.0,
        "Operating Expenses": 18893449.0,
        "Operating Income": -11199465.0,
        "Interest Expense": 733736.0,
        "Earnings before Tax": -12342457.0,
        "Income Tax Expense": -90000.0,
        "Net Income - Non-Controlling int": 0.0,
        "Net Income - Discontinued ops": 0.0,
        "Net Income": -12252457.0,
        "Preferred Dividends": 0.0,
        "Net Income Com": -12252457.0,
        "EPS": -1.76,
        "EPS Diluted": -1.76,
        "Weighted Average Shs Out": 6974281.0,
        "Weighted Average Shs Out (Dil)": 6974281.0,
        "Dividend per Share": 0.0,
        "Gross Margin": 0.311777864669,
        "EBITDA Margin": -0.693642437713,
        "EBIT Margin": -0.768265352321,
        "Profit Margin": -0.840498916145,
        "Free Cash Flow margin": -0.458070395676,
        "EBITDA": -10111642.0,
        "EBIT": -11199465.0,
        "Consolidated Income": -12252457.0,
        "Earnings Before Tax Margin": -0.846672771924,
        "Net Profit Margin": -0.840498916145
    },
    "2016": {
        "Revenue": 16574491.0,
        "Revenue Growth": -0.172525267835461,
        "Cost of Revenue": 11273258.0,
        "Gross Profit": 5301233.0,
        "R&D Expenses": 3186137.0,
        "SG&A Expense": 17787421.0,
        "Operating Expenses": 20973558.0,
        "Operating Income": -12486188.0,
        "Interest Expense": 3102.0,
        "Earnings before Tax": -12710688.0,
        "Income Tax Expense": 0.0,
        "Net Income - Non-Controlling int": 0.0,
        "Net Income - Discontinued ops": 0.0,
        "Net Income": -12710688.0,
        "Preferred Dividends": 0.0,
        "Net Income Com": -12710688.0,
        "EPS": -2.38,
        "EPS Diluted": -2.38,
        "Weighted Average Shs Out": 5347042.0,
        "Weighted Average Shs Out (Dil)": 5347042.0,
        "Dividend per Share": 0.0,
        "Gross Margin": 0.319842883863,
        "EBITDA Margin": -0.718701286211,
        "EBIT Margin": -0.753337643974,
        "Profit Margin": -0.766882554644,
        "Free Cash Flow margin": -0.376697842486,
        "EBITDA": -11912108.0,
        "EBIT": -12486188.0,
        "Consolidated Income": -12710688.0,
        "Earnings Before Tax Margin": -0.766882554644,
        "Net Profit Margin": -0.766882554644
    },
    "2015": {
        "Revenue": 20030208.0,
        "Revenue Growth": 0.14823015888348,
        "Cost of Revenue": 11680853.0,
        "Gross Profit": 8349355.0,
        "R&D Expenses": 2980807.0,
        "SG&A Expense": 15970826.0,
        "Operating Expenses": 18951633.0,
        "Operating Income": -7621471.0,
        "Interest Expense": 282233.0,
        "Earnings before Tax": -12037892.0,
        "Income Tax Expense": 0.0,
        "Net Income - Non-Controlling int": 0.0,
        "Net Income - Discontinued ops": 0.0,
        "Net Income": -12037892.0,
        "Preferred Dividends": 0.0,
        "Net Income Com": -12037892.0,
        "EPS": -2.77,
        "EPS Diluted": -2.77,
        "Weighted Average Shs Out": 4340012.0,
        "Weighted Average Shs Out (Dil)": 4340012.0,
        "Dividend per Share": 0.0,
        "Gross Margin": 0.416838157647,
        "EBITDA Margin": -0.347389852367,
        "EBIT Margin": -0.380498844545,
        "Profit Margin": -0.600986869432,
        "Free Cash Flow margin": -0.404880069144,
        "EBITDA": -6958291.0,
        "EBIT": -7621471.0,
        "Consolidated Income": -12037892.0,
        "Earnings Before Tax Margin": -0.600986869432,
        "Net Profit Margin": -0.600986869432
    },
    "2014": {
        "Revenue": 17444419.0,
        "Revenue Growth": -0.0214239286170473,
        "Cost of Revenue": 7521626.0,
        "Gross Profit": 9922793.0,
        "R&D Expenses": 2905407.0,
        "SG&A Expense": 12811987.0,
        "Operating Expenses": 15717394.0,
        "Operating Income": -2889194.0,
        "Interest Expense": 499744.0,
        "Earnings before Tax": -9163261.0,
        "Income Tax Expense": 0.0,
        "Net Income - Non-Controlling int": 0.0,
        "Net Income - Discontinued ops": 0.0,
        "Net Income": -9163261.0,
        "Preferred Dividends": 0.0,
        "Net Income Com": -9163261.0,
        "EPS": -3.54,
        "EPS Diluted": -3.54,
        "Weighted Average Shs Out": 2590002.0,
        "Weighted Average Shs Out (Dil)": 2590002.0,
        "Dividend per Share": 0.0,
        "Gross Margin": 0.568823358347,
        "EBITDA Margin": -0.130895846975,
        "EBIT Margin": -0.165622827565,
        "Profit Margin": -0.525283243884,
        "Free Cash Flow margin": -0.206756327052,
        "EBITDA": -2283402.0,
        "EBIT": -2889194.0,
        "Consolidated Income": -9163261.0,
        "Earnings Before Tax Margin": -0.525283243884,
        "Net Profit Margin": -0.525283243884
    },
    "2013": {
        "Revenue": 17826329.0,
        "Revenue Growth": 0.0,
        "Cost of Revenue": 7717839.0,
        "Gross Profit": 10108490.0,
        "R&D Expenses": 3669022.0,
        "SG&A Expense": 12358932.0,
        "Operating Expenses": 16027954.0,
        "Operating Income": -2250442.0,
        "Interest Expense": 277961.0,
        "Earnings before Tax": -2497940.0,
        "Income Tax Expense": 0.0,
        "Net Income - Non-Controlling int": 0.0,
        "Net Income - Discontinued ops": 0.0,
        "Net Income": -2497940.0,
        "Preferred Dividends": 0.0,
        "Net Income Com": -2497940.0,
        "EPS": -1.17,
        "EPS Diluted": -1.17,
        "Weighted Average Shs Out": 2135016.0,
        "Weighted Average Shs Out (Dil)": 2135016.0,
        "Dividend per Share": 0.0,
        "Gross Margin": 0.56705393466,
        "EBITDA Margin": -0.10217712239,
        "EBIT Margin": -0.126242593189,
        "Profit Margin": -0.14012643882,
        "Free Cash Flow margin": -0.0471284917944,
        "EBITDA": -1821443.0,
        "EBIT": -2250442.0,
        "Consolidated Income": -2497940.0,
        "Earnings Before Tax Margin": -0.14012643882,
        "Net Profit Margin": -0.14012643882
    },
    "2012": {
        "Revenue": 0.0,
        "Revenue Growth": 0.0,
        "Cost of Revenue": 0.0,
        "Gross Profit": 0.0,
        "R&D Expenses": 0.0,
        "SG&A Expense": 0.0,
        "Operating Expenses": 0.0,
        "Operating Income": 0.0,
        "Interest Expense": 0.0,
        "Earnings before Tax": 0.0,
        "Income Tax Expense": 0.0,
        "Net Income - Non-Controlling int": 0.0,
        "Net Income - Discontinued ops": 0.0,
        "Net Income": 0.0,
        "Preferred Dividends": 0.0,