{
    "2018": {
        "Revenue": 19893000000.0,
        "Revenue Growth": 0.0852878115844777,
        "Cost of Revenue": 8785900000.0,
        "Gross Profit": 11107100000.0,
        "R&D Expenses": 1231200000.0,
        "SG&A Expense": 6472100000.0,
        "Operating Expenses": 7703300000.0,
        "Operating Income": 3403800000.0,
        "Interest Expense": 157400000.0,
        "Earnings before Tax": 3292800000.0,
        "Income Tax Expense": 641900000.0,
        "Net Income - Non-Controlling int": 0.0,
        "Net Income - Discontinued ops": 0.0,
        "Net Income": 2650900000.0,
        "Preferred Dividends": 0.0,
        "Net Income Com": 2650900000.0,
        "EPS": 3.78,
        "EPS Diluted": 3.74,
        "Weighted Average Shs Out": 700600000.0,
        "Weighted Average Shs Out (Dil)": 710200000.0,
        "Dividend per Share": 0.610250633624,
        "Gross Margin": 0.558342130398,
        "EBITDA Margin": 0.236842105263,
        "EBIT Margin": 0.171105413965,
        "Profit Margin": 0.133257929925,
        "Free Cash Flow margin": 0.169220328759,
        "EBITDA": 4711500000.0,
        "EBIT": 3403800000.0,
        "Consolidated Income": 2650900000.0,
        "Earnings Before Tax Margin": 0.165525561755,
        "Net Profit Margin": 0.133257929925
    },
    "2017": {
        "Revenue": 18329700000.0,
        "Revenue Growth": 0.0857283324645785,
        "Cost of Revenue": 8137200000.0,
        "Gross Profit": 10192500000.0,
        "R&D Expenses": 1128800000.0,
        "SG&A Expense": 6042500000.0,
        "Operating Expenses": 7171300000.0,
        "Operating Income": 3021200000.0,
        "Interest Expense": 162700000.0,
        "Earnings before Tax": 2938800000.0,
        "Income Tax Expense": 469000000.0,
        "Net Income - Non-Controlling int": 0.0,
        "Net Income - Discontinued ops": 0.0,
        "Net Income": 2492100000.0,
        "Preferred Dividends": 0.0,
        "Net Income Com": 2492100000.0,
        "EPS": 3.58,
        "EPS Diluted": 3.53,
        "Weighted Average Shs Out": 695800000.0,
        "Weighted Average Shs Out (Dil)": 706100000.0,
        "Dividend per Share": 0.535759807393,
        "Gross Margin": 0.556064747377,
        "EBITDA Margin": 0.232382417606,
        "EBIT Margin": 0.164825392669,
        "Profit Margin": 0.135959672008,
        "Free Cash Flow margin": 0.155932721212,
        "EBITDA": 4259500000.0,
        "EBIT": 3021200000.0,
        "Consolidated Income": 2492100000.0,
        "Earnings Before Tax Margin": 0.1603299563,
        "Net Profit Margin": 0.135959672008
    },
    "2016": {
        "Revenue": 16882400000.0,
        "Revenue Growth": -0.178995384937096,
        "Cost of Revenue": 7547800000.0,
        "Gross Profit": 9334600000.0,
        "R&D Expenses": 975100000.0,
        "SG&A Expense": 5608600000.0,
        "Operating Expenses": 6583700000.0,
        "Operating Income": 2750900000.0,
        "Interest Expense": 184400000.0,
        "Earnings before Tax": 2611300000.0,
        "Income Tax Expense": 457900000.0,
        "Net Income - Non-Controlling int": 0.0,
        "Net Income - Discontinued ops": 0.0,
        "Net Income": 2553700000.0,
        "Preferred Dividends": 0.0,
        "Net Income Com": 2553700000.0,
        "EPS": 3.69,
        "EPS Diluted": 3.65,
        "Weighted Average Shs Out": 691200000.0,
        "Weighted Average Shs Out (Dil)": 699800000.0,
        "Dividend per Share": 0.571306087454,
        "Gross Margin": 0.552919016254,
        "EBITDA Margin": 0.22976591006,
        "EBIT Margin": 0.162944841966,
        "Profit Margin": 0.151264038288,
        "Free Cash Flow margin": 0.173683836421,
        "EBITDA": 3879000000.0,
        "EBIT": 2750900000.0,
        "Consolidated Income": 2553700000.0,
        "Earnings Before Tax Margin": 0.154675875468,
        "Net Profit Margin": 0.151264038288
    },
    "2015": {
        "Revenue": 20563100000.0,
        "Revenue Growth": 0.0326055298335827,
        "Cost of Revenue": 9800600000.0,
        "Gross Profit": 10762500000.0,
        "R&D Expenses": 1239100000.0,
        "SG&A Expense": 6054300000.0,
        "Operating Expenses": 7293400000.0,
        "Operating Income": 3469100000.0,
        "Interest Expense": 162800000.0,
        "Earnings before Tax": 3324000000.0,
        "Income Tax Expense": 725300000.0,
        "Net Income - Non-Controlling int": 0.0,
        "Net Income - Discontinued ops": 0.0,
        "Net Income": 3357400000.0,
        "Preferred Dividends": 0.0,
        "Net Income Com": 3357400000.0,
        "EPS": 4.81,
        "EPS Diluted": 4.74,
        "Weighted Average Shs Out": 698100000.0,
        "Weighted Average Shs Out (Dil)": 708500000.0,
        "Dividend per Share": 0.499788285109,
        "Gross Margin": 0.523388983179,
        "EBITDA Margin": 0.219830667555,
        "EBIT Margin": 0.168705107693,
        "Profit Margin": 0.163273047352,
        "Free Cash Flow margin": 0.154101278504,
        "EBITDA": 4520400000.0,
        "EBIT": 3469100000.0,
        "Consolidated Income": 3357400000.0,
        "Earnings Before Tax Margin": 0.161648778637,
        "Net Profit Margin": 0.163273047352
    },
    "2014": {
        "Revenue": 19913800000.0,
        "Revenue Growth": 0.041625693064128,
        "Cost of Revenue": 9471300000.0,
        "Gross Profit": 10442500000.0,
        "R&D Expenses": 1314200000.0,
        "SG&A Expense": 5697000000.0,
        "Operating Expenses": 7011200000.0,
        "Operating Income": 3431300000.0,
        "Interest Expense": 122700000.0,
        "Earnings before Tax": 3481800000.0,
        "Income Tax Expense": 883400000.0,
        "Net Income - Non-Controlling int": 0.0,
        "Net Income - Discontinued ops": 0.0,
        "Net Income": 2598400000.0,
        "Preferred Dividends": 0.0,
        "Net Income Com": 2598400000.0,
        "EPS": 3.7,
        "EPS Diluted": 3.63,
        "Weighted Average Shs Out": 702200000.0,
        "Weighted Average Shs Out (Dil)": 716100000.0,
        "Dividend per Share": 0.31797235023,
        "Gross Margin": 0.52438509978,
        "EBITDA Margin": 0.219435768161,
        "EBIT Margin": 0.172307645954,
        "Profit Margin": 0.130482379054,
        "Free Cash Flow margin": 0.158729122518,
        "EBITDA": 4369800000.0,
        "EBIT": 3431300000.0,
        "Consolidated Income": 2598400000.0,
        "Earnings Before Tax Margin": 0.174843575812,
        "Net Profit Margin": 0.130482379054
    },
    "2013": {
        "Revenue": 19118000000.0,
        "Revenue Growth": 0.0469650171956803,
        "Cost of Revenue": 9160400000.0,
        "Gross Profit": 9957600000.0,
        "R&D Expenses": 1249900000.0,
        "SG&A Expense": 5432800000.0,
        "Operating Expenses": 6682700000.0,
        "Operating Income": 3274900000.0,
        "Interest Expense": 145900000.0,
        "Earnings before Tax": 3566000000.0,
        "Income Tax Expense": 871000000.0,
        "Net Income - Non-Controlling int": 0.0,
        "Net Income - Discontinued ops": 0.0,
        "Net Income": 2695000000.0,
        "Preferred Dividends": 0.0,
        "Net Income Com": 2695000000.0,
        "EPS": 3.87,
        "EPS Diluted": 3.8,
        "Weighted Average Shs Out": 696000000.0,
        "Weighted Average Shs Out (Dil)": 711000000.0,
        "Dividend per Share": 0.0732770745429,
        "Gross Margin": 0.520849461241,
        "EBITDA Margin": 0.218113819437,
        "EBIT Margin": 0.17129929909,
        "Profit Margin": 0.140966628308,
        "Free Cash Flow margin": 0.158688147296,
        "EBITDA": 4169900000.0,
        "EBIT": 3274900000.0,
        "Consolidated Income": 2695000000.0,
        "Earnings Before Tax Margin": 0.186525787216,
        "Net Profit Margin": 0.140966628308
    },
    "2012": {
        "Revenue": 18260400000.0,
        "Revenue Growth": 0.134853149738915,
        "Cost of Revenue": 8846100000.0,
        "Gross Profit": 9414300000.0,
        "R&D Expenses": 1137900000.0,