{
    "2018": {
        "Revenue": 973705000.0,
        "Revenue Growth": 0.0780362724073067,
        "Cost of Revenue": 600424000.0,
        "Gross Profit": 373281000.0,
        "R&D Expenses": 20100000.0,
        "SG&A Expense": 202138000.0,
        "Operating Expenses": 222238000.0,
        "Operating Income": 171143000.0,
        "Interest Expense": 0.0,
        "Earnings before Tax": 171135000.0,
        "Income Tax Expense": 37533000.0,
        "Net Income - Non-Controlling int": 0.0,
        "Net Income - Discontinued ops": 0.0,
        "Net Income": 133602000.0,
        "Preferred Dividends": 0.0,
        "Net Income Com": 133602000.0,
        "EPS": 4.04,
        "EPS Diluted": 4.02,
        "Weighted Average Shs Out": 33097000.0,
        "Weighted Average Shs Out (Dil)": 33207000.0,
        "Dividend per Share": 0.0,
        "Gross Margin": 0.38336149039,
        "EBITDA Margin": 0.20492243544,
        "EBIT Margin": 0.175764733672,
        "Profit Margin": 0.137209935247,
        "Free Cash Flow margin": 0.0534104271828,
        "EBITDA": 199534000.0,
        "EBIT": 171143000.0,
        "Consolidated Income": 133602000.0,
        "Earnings Before Tax Margin": 0.175756517631,
        "Net Profit Margin": 0.137209935247
    },
    "2017": {
        "Revenue": 903221000.0,
        "Revenue Growth": 0.0507408062317067,
        "Cost of Revenue": 544572000.0,
        "Gross Profit": 358649000.0,
        "R&D Expenses": 20000000.0,
        "SG&A Expense": 182409000.0,
        "Operating Expenses": 202409000.0,
        "Operating Income": 176240000.0,
        "Interest Expense": 0.0,
        "Earnings before Tax": 176588000.0,
        "Income Tax Expense": 69989000.0,
        "Net Income - Non-Controlling int": 0.0,
        "Net Income - Discontinued ops": 0.0,
        "Net Income": 106599000.0,
        "Preferred Dividends": 0.0,
        "Net Income Com": 106599000.0,
        "EPS": 3.14,
        "EPS Diluted": 3.13,
        "Weighted Average Shs Out": 33964000.0,
        "Weighted Average Shs Out (Dil)": 34052000.0,
        "Dividend per Share": 0.0,
        "Gross Margin": 0.397077791593,
        "EBITDA Margin": 0.219729169273,
        "EBIT Margin": 0.195123895481,
        "Profit Margin": 0.118020949469,
        "Free Cash Flow margin": 0.0772690183244,
        "EBITDA": 198464000.0,
        "EBIT": 176240000.0,
        "Consolidated Income": 106599000.0,
        "Earnings Before Tax Margin": 0.195509183245,
        "Net Profit Margin": 0.118020949469
    },
    "2016": {
        "Revenue": 859604000.0,
        "Revenue Growth": 0.07054798700304,
        "Cost of Revenue": 521530000.0,
        "Gross Profit": 338074000.0,
        "R&D Expenses": 18900000.0,
        "SG&A Expense": 169473000.0,
        "Operating Expenses": 188373000.0,
        "Operating Income": 168601000.0,
        "Interest Expense": 241000.0,
        "Earnings before Tax": 168360000.0,
        "Income Tax Expense": 62311000.0,
        "Net Income - Non-Controlling int": 0.0,
        "Net Income - Discontinued ops": 0.0,
        "Net Income": 106049000.0,
        "Preferred Dividends": 0.0,
        "Net Income Com": 106049000.0,
        "EPS": 3.07,
        "EPS Diluted": 3.07,
        "Weighted Average Shs Out": 34516000.0,
        "Weighted Average Shs Out (Dil)": 34598000.0,
        "Dividend per Share": 0.0,
        "Gross Margin": 0.393290398835,
        "EBITDA Margin": 0.218133000777,
        "EBIT Margin": 0.196137989121,
        "Profit Margin": 0.123369598094,
        "Free Cash Flow margin": 0.118054359915,
        "EBITDA": 187508000.0,
        "EBIT": 168601000.0,
        "Consolidated Income": 106049000.0,
        "Earnings Before Tax Margin": 0.195857627466,
        "Net Profit Margin": 0.123369598094
    },
    "2015": {
        "Revenue": 802957000.0,
        "Revenue Growth": 0.0685065125167005,
        "Cost of Revenue": 494907000.0,
        "Gross Profit": 308050000.0,
        "R&D Expenses": 16800000.0,
        "SG&A Expense": 161893000.0,
        "Operating Expenses": 178693000.0,
        "Operating Income": 146157000.0,
        "Interest Expense": 216000.0,
        "Earnings before Tax": 145941000.0,
        "Income Tax Expense": 53612000.0,
        "Net Income - Non-Controlling int": 0.0,
        "Net Income - Discontinued ops": 0.0,
        "Net Income": 92329000.0,
        "Preferred Dividends": 0.0,
        "Net Income Com": 92329000.0,
        "EPS": 2.6,
        "EPS Diluted": 2.6,
        "Weighted Average Shs Out": 35466000.0,
        "Weighted Average Shs Out (Dil)": 35538000.0,
        "Dividend per Share": 0.0,
        "Gross Margin": 0.383644454186,
        "EBITDA Margin": 0.202181436864,
        "EBIT Margin": 0.182023445838,
        "Profit Margin": 0.114986232139,
        "Free Cash Flow margin": 0.087641056744,
        "EBITDA": 162343000.0,
        "EBIT": 146157000.0,
        "Consolidated Income": 92329000.0,
        "Earnings Before Tax Margin": 0.181754440151,
        "Net Profit Margin": 0.114986232139
    },
    "2014": {
        "Revenue": 751476000.0,
        "Revenue Growth": 0.13094725689501,
        "Cost of Revenue": 464275000.0,
        "Gross Profit": 287201000.0,
        "R&D Expenses": 15800000.0,
        "SG&A Expense": 146467000.0,
        "Operating Expenses": 162267000.0,
        "Operating Income": 140734000.0,
        "Interest Expense": 204000.0,
        "Earnings before Tax": 140530000.0,
        "Income Tax Expense": 50543000.0,
        "Net Income - Non-Controlling int": 0.0,
        "Net Income - Discontinued ops": 0.0,
        "Net Income": 89987000.0,
        "Preferred Dividends": 0.0,
        "Net Income Com": 89987000.0,
        "EPS": 2.5,
        "EPS Diluted": 2.49,
        "Weighted Average Shs Out": 36052000.0,
        "Weighted Average Shs Out (Dil)": 36190000.0,
        "Dividend per Share": 0.0,
        "Gross Margin": 0.382182531445,
        "EBITDA Margin": 0.204120956624,
        "EBIT Margin": 0.187276772645,
        "Profit Margin": 0.119747004562,
        "Free Cash Flow margin": 0.0396260160005,
        "EBITDA": 153392000.0,
        "EBIT": 140734000.0,
        "Consolidated Income": 89987000.0,
        "Earnings Before Tax Margin": 0.187005306889,
        "Net Profit Margin": 0.119747004562
    },
    "2013": {
        "Revenue": 664466000.0,
        "Revenue Growth": 0.164871498194313,
        "Cost of Revenue": 403498000.0,
        "Gross Profit": 260968000.0,
        "R&D Expenses": 13400000.0,
        "SG&A Expense": 133029000.0,
        "Operating Expenses": 146429000.0,
        "Operating Income": 127939000.0,
        "Interest Expense": 189000.0,
        "Earnings before Tax": 127750000.0,
        "Income Tax Expense": 45830000.0,
        "Net Income - Non-Controlling int": 0.0,
        "Net Income - Discontinued ops": 0.0,
        "Net Income": 81920000.0,
        "Preferred Dividends": 0.0,
        "Net Income Com": 81920000.0,
        "EPS": 2.25,
        "EPS Diluted": 2.24,
        "Weighted Average Shs Out": 36347000.0,
        "Weighted Average Shs Out (Dil)": 36624000.0,
        "Dividend per Share": 0.0,
        "Gross Margin": 0.392748462675,
        "EBITDA Margin": 0.207833056921,
        "EBIT Margin": 0.192544088035,
        "Profit Margin": 0.123286970289,
        "Free Cash Flow margin": 0.0555227806991,
        "EBITDA": 138098000.0,
        "EBIT": 127939000.0,
        "Consolidated Income": 81920000.0,
        "Earnings Before Tax Margin": 0.192259649102,
        "Net Profit Margin": 0.123286970289
    },
    "2012": {
        "Revenue": 570420000.0,
        "Revenue Growth": 0.077713981261584,
        "Cost of Revenue": 355211000.0,
        "Gross Profit": 215209000.0,
        "R&D Expenses": 10500000.0,
        "SG&A Expense": 110978000.0,
        "Operating Expenses": 121478000.0,
        "Operating Income": 104231000.0,
        "Interest Expense": 123000.0,
        "Earnings before Tax": 0.0,
        "Income Tax Expense": 37703000.0,