{
    "2018": {
        "Revenue": 6992118000.0,
        "Revenue Growth": -0.107058917281234,
        "Cost of Revenue": 4432562000.0,
        "Gross Profit": 2559556000.0,
        "R&D Expenses": 143033000.0,
        "SG&A Expense": 1716444000.0,
        "Operating Expenses": 1859477000.0,
        "Operating Income": 843112000.0,
        "Interest Expense": 130972000.0,
        "Earnings before Tax": 725378000.0,
        "Income Tax Expense": 134233000.0,
        "Net Income - Non-Controlling int": 0.0,
        "Net Income - Discontinued ops": 0.0,
        "Net Income": 570267000.0,
        "Preferred Dividends": 0.0,
        "Net Income Com": 570267000.0,
        "EPS": 3.8,
        "EPS Diluted": 3.75,
        "Weighted Average Shs Out": 149874000.0,
        "Weighted Average Shs Out (Dil)": 152133000.0,
        "Dividend per Share": 1.86396113927,
        "Gross Margin": 0.366063044131,
        "EBITDA Margin": 0.160994422577,
        "EBIT Margin": 0.120580344897,
        "Profit Margin": 0.0815585492121,
        "Free Cash Flow margin": 0.0884136966796,
        "EBITDA": 1125692000.0,
        "EBIT": 843112000.0,
        "Consolidated Income": 570267000.0,
        "Earnings Before Tax Margin": 0.103742242336,
        "Net Profit Margin": 0.0815585492121
    },
    "2017": {
        "Revenue": 7830436000.0,
        "Revenue Growth": 0.152493648391559,
        "Cost of Revenue": 4940059000.0,
        "Gross Profit": 2890377000.0,
        "R&D Expenses": 124986000.0,
        "SG&A Expense": 1975932000.0,
        "Operating Expenses": 2100918000.0,
        "Operating Income": 914445000.0,
        "Interest Expense": 145208000.0,
        "Earnings before Tax": 973843000.0,
        "Income Tax Expense": 162178000.0,
        "Net Income - Non-Controlling int": 0.0,
        "Net Income - Discontinued ops": 0.0,
        "Net Income": 811665000.0,
        "Preferred Dividends": 0.0,
        "Net Income Com": 811665000.0,
        "EPS": 5.21,
        "EPS Diluted": 5.15,
        "Weighted Average Shs Out": 155685000.0,
        "Weighted Average Shs Out (Dil)": 157744000.0,
        "Dividend per Share": 1.80012551983,
        "Gross Margin": 0.369120825456,
        "EBITDA Margin": 0.167127986232,
        "EBIT Margin": 0.116780853582,
        "Profit Margin": 0.103655147683,
        "Free Cash Flow margin": 0.0797942796544,
        "EBITDA": 1308685000.0,
        "EBIT": 914445000.0,
        "Consolidated Income": 811665000.0,
        "Earnings Before Tax Margin": 0.124366382664,
        "Net Profit Margin": 0.103655147683
    },
    "2016": {
        "Revenue": 6794342000.0,
        "Revenue Growth": -0.0232837491020744,
        "Cost of Revenue": 4322373000.0,
        "Gross Profit": 2471969000.0,
        "R&D Expenses": 104479000.0,
        "SG&A Expense": 1757523000.0,
        "Operating Expenses": 1862002000.0,
        "Operating Income": 714446000.0,
        "Interest Expense": 136401000.0,
        "Earnings before Tax": 689332000.0,
        "Income Tax Expense": 180440000.0,
        "Net Income - Non-Controlling int": 0.0,
        "Net Income - Discontinued ops": 0.0,
        "Net Income": 508892000.0,
        "Preferred Dividends": 0.0,
        "Net Income Com": 508892000.0,
        "EPS": 3.28,
        "EPS Diluted": 3.25,
        "Weighted Average Shs Out": 155231000.0,
        "Weighted Average Shs Out (Dil)": 156636000.0,
        "Dividend per Share": 1.71313746521,
        "Gross Margin": 0.363827578888,
        "EBITDA Margin": 0.158247112082,
        "EBIT Margin": 0.105153081785,
        "Profit Margin": 0.0748993795131,
        "Free Cash Flow margin": 0.102551505355,
        "EBITDA": 1075185000.0,
        "EBIT": 714446000.0,
        "Consolidated Income": 508892000.0,
        "Earnings Before Tax Margin": 0.101456770943,
        "Net Profit Margin": 0.0748993795131
    },
    "2015": {
        "Revenue": 6956311000.0,
        "Revenue Growth": -0.102727323852971,
        "Cost of Revenue": 4388167000.0,
        "Gross Profit": 2568144000.0,
        "R&D Expenses": 115037000.0,
        "SG&A Expense": 1647382000.0,
        "Operating Expenses": 1762419000.0,
        "Operating Income": 920762000.0,
        "Interest Expense": 0.0,
        "Earnings before Tax": 800610000.0,
        "Income Tax Expense": 204729000.0,
        "Net Income - Non-Controlling int": 0.0,
        "Net Income - Discontinued ops": 0.0,
        "Net Income": 869829000.0,
        "Preferred Dividends": 0.0,
        "Net Income Com": 869829000.0,
        "EPS": 5.52,
        "EPS Diluted": 5.46,
        "Weighted Average Shs Out": 157619000.0,
        "Weighted Average Shs Out (Dil)": 159172000.0,
        "Dividend per Share": 1.62069333802,
        "Gross Margin": 0.369181883904,
        "EBITDA Margin": 0.179384015465,
        "EBIT Margin": 0.132363547288,
        "Profit Margin": 0.125041706732,
        "Free Cash Flow margin": 0.114257111276,
        "EBITDA": 1247851000.0,
        "EBIT": 920762000.0,
        "Consolidated Income": 869829000.0,
        "Earnings Before Tax Margin": 0.115091174043,
        "Net Profit Margin": 0.125041706732
    },
    "2014": {
        "Revenue": 7752728000.0,
        "Revenue Growth": -0.11192507789113,
        "Cost of Revenue": 4778479000.0,
        "Gross Profit": 2974249000.0,
        "R&D Expenses": 118411000.0,
        "SG&A Expense": 1758765000.0,
        "Operating Expenses": 1877176000.0,
        "Operating Income": 1215484000.0,
        "Interest Expense": 0.0,
        "Earnings before Tax": 1094207000.0,
        "Income Tax Expense": 316067000.0,
        "Net Income - Non-Controlling int": 0.0,
        "Net Income - Discontinued ops": 0.0,
        "Net Income": 775235000.0,
        "Preferred Dividends": 0.0,
        "Net Income Com": 775235000.0,
        "EPS": 4.65,
        "EPS Diluted": 4.59,
        "Weighted Average Shs Out": 166692000.0,
        "Weighted Average Shs Out (Dil)": 168842000.0,
        "Dividend per Share": 1.53094016892,
        "Gross Margin": 0.38363902358,
        "EBITDA Margin": 0.196404672007,
        "EBIT Margin": 0.156781458088,
        "Profit Margin": 0.0999951242969,
        "Free Cash Flow margin": 0.101142591356,
        "EBITDA": 1522672000.0,
        "EBIT": 1215484000.0,
        "Consolidated Income": 775235000.0,
        "Earnings Before Tax Margin": 0.141138319312,
        "Net Profit Margin": 0.0999951242969
    },
    "2013": {
        "Revenue": 8729813000.0,
        "Revenue Growth": 0.0771776698876984,
        "Cost of Revenue": 5390032000.0,
        "Gross Profit": 3339781000.0,
        "R&D Expenses": 185623000.0,
        "SG&A Expense": 1985849000.0,
        "Operating Expenses": 2171472000.0,
        "Operating Income": 1353932000.0,
        "Interest Expense": 0.0,
        "Earnings before Tax": 1237412000.0,
        "Income Tax Expense": 271607000.0,
        "Net Income - Non-Controlling int": 0.0,
        "Net Income - Discontinued ops": 0.0,
        "Net Income": 1003129000.0,
        "Preferred Dividends": 0.0,
        "Net Income Com": 1003129000.0,
        "EPS": 5.86,
        "EPS Diluted": 5.78,
        "Weighted Average Shs Out": 171271000.0,
        "Weighted Average Shs Out (Dil)": 173547000.0,
        "Dividend per Share": 1.42797052095,
        "Gross Margin": 0.382571883269,
        "EBITDA Margin": 0.203389007302,
        "EBIT Margin": 0.155092898324,
        "Profit Margin": 0.114908417855,
        "Free Cash Flow margin": 0.107889138061,
        "EBITDA": 1775548000.0,
        "EBIT": 1353932000.0,
        "Consolidated Income": 1003129000.0,
        "Earnings Before Tax Margin": 0.141745533381,
        "Net Profit Margin": 0.114908417855
    },
    "2012": {
        "Revenue": 8104339000.0,
        "Revenue Growth": 0.0193957590683938,
        "Cost of Revenue": 4997274000.0,
        "Gross Profit": 3107065000.0,
        "R&D Expenses": 189844000.0,
        "SG&A Expense": 1841688000.0,
        "Operating Expenses": 2031532000.0,