{
    "2018": {
        "Revenue": 5492524000.0,
        "Revenue Growth": 0.224580233343664,
        "Cost of Revenue": 5116515000.0,
        "Gross Profit": 376009000.0,
        "R&D Expenses": 0.0,
        "SG&A Expense": 335650000.0,
        "Operating Expenses": 335650000.0,
        "Operating Income": -267285000.0,
        "Interest Expense": 41650000.0,
        "Earnings before Tax": -307308000.0,
        "Income Tax Expense": -5039000.0,
        "Net Income - Non-Controlling int": 0.0,
        "Net Income - Discontinued ops": 0.0,
        "Net Income": -302269000.0,
        "Preferred Dividends": 0.0,
        "Net Income Com": -302269000.0,
        "EPS": -4.07,
        "EPS Diluted": -4.07,
        "Weighted Average Shs Out": 74244520.0,
        "Weighted Average Shs Out (Dil)": 74244520.0,
        "Dividend per Share": 0.0,
        "Gross Margin": 0.0684583262631,
        "EBITDA Margin": -0.0301209425758,
        "EBIT Margin": -0.0486634195863,
        "Profit Margin": -0.0550328045904,
        "Free Cash Flow margin": 0.006172572027,
        "EBITDA": -165440000.0,
        "EBIT": -267285000.0,
        "Consolidated Income": -302269000.0,
        "Earnings Before Tax Margin": -0.0559502334446,
        "Net Profit Margin": -0.0550328045904
    },
    "2017": {
        "Revenue": 4485230000.0,
        "Revenue Growth": 0.0169694820501053,
        "Cost of Revenue": 4136552000.0,
        "Gross Profit": 348678000.0,
        "R&D Expenses": 0.0,
        "SG&A Expense": 330113000.0,
        "Operating Expenses": 330113000.0,
        "Operating Income": 18565000.0,
        "Interest Expense": 10716000.0,
        "Earnings before Tax": 8062000.0,
        "Income Tax Expense": -7126000.0,
        "Net Income - Non-Controlling int": 0.0,
        "Net Income - Discontinued ops": 0.0,
        "Net Income": 15510000.0,
        "Preferred Dividends": 0.0,
        "Net Income Com": 15510000.0,
        "EPS": 0.23,
        "EPS Diluted": 0.23,
        "Weighted Average Shs Out": 68130322.0,
        "Weighted Average Shs Out (Dil)": 68130322.0,
        "Dividend per Share": 0.0,
        "Gross Margin": 0.0777391571893,
        "EBITDA Margin": 0.0195722404425,
        "EBIT Margin": 0.00413914113657,
        "Profit Margin": 0.00345801664575,
        "Free Cash Flow margin": 0.0286723311848,
        "EBITDA": 87786000.0,
        "EBIT": 18565000.0,
        "Consolidated Income": 15510000.0,
        "Earnings Before Tax Margin": 0.00179745520297,
        "Net Profit Margin": 0.00345801664575
    },
    "2016": {
        "Revenue": 4410388000.0,
        "Revenue Growth": 0.310030116160637,
        "Cost of Revenue": 4085560000.0,
        "Gross Profit": 324828000.0,
        "R&D Expenses": 0.0,
        "SG&A Expense": 277751000.0,
        "Operating Expenses": 277751000.0,
        "Operating Income": 47077000.0,
        "Interest Expense": 6573000.0,
        "Earnings before Tax": 36215000.0,
        "Income Tax Expense": 11195000.0,
        "Net Income - Non-Controlling int": 0.0,
        "Net Income - Discontinued ops": 0.0,
        "Net Income": 28273000.0,
        "Preferred Dividends": 0.0,
        "Net Income Com": 28273000.0,
        "EPS": 0.43,
        "EPS Diluted": 0.42,
        "Weighted Average Shs Out": 65970396.0,
        "Weighted Average Shs Out (Dil)": 65970396.0,
        "Dividend per Share": 0.0,
        "Gross Margin": 0.0736506629349,
        "EBITDA Margin": 0.0222878349932,
        "EBIT Margin": 0.0106741175606,
        "Profit Margin": 0.00641054709926,
        "Free Cash Flow margin": 0.00569314989974,
        "EBITDA": 98298000.0,
        "EBIT": 47077000.0,
        "Consolidated Income": 28273000.0,
        "Earnings Before Tax Margin": 0.00821129569553,
        "Net Profit Margin": 0.00641054709926
    },
    "2015": {
        "Revenue": 3366631000.0,
        "Revenue Growth": 0.519953895246678,
        "Cost of Revenue": 3103392000.0,
        "Gross Profit": 263239000.0,
        "R&D Expenses": 0.0,
        "SG&A Expense": 217302000.0,
        "Operating Expenses": 217302000.0,
        "Operating Income": 45937000.0,
        "Interest Expense": 5239000.0,
        "Earnings before Tax": 41006000.0,
        "Income Tax Expense": 16234000.0,
        "Net Income - Non-Controlling int": 0.0,
        "Net Income - Discontinued ops": 0.0,
        "Net Income": 25776000.0,
        "Preferred Dividends": 0.0,
        "Net Income Com": 25776000.0,
        "EPS": 0.42,
        "EPS Diluted": 0.41,
        "Weighted Average Shs Out": 60730133.0,
        "Weighted Average Shs Out (Dil)": 60730133.0,
        "Dividend per Share": 0.0,
        "Gross Margin": 0.0781906303364,
        "EBITDA Margin": 0.0230916307727,
        "EBIT Margin": 0.0136447980191,
        "Profit Margin": 0.00765631873526,
        "Free Cash Flow margin": 0.00737324642944,
        "EBITDA": 77741000.0,
        "EBIT": 45937000.0,
        "Consolidated Income": 25776000.0,
        "Earnings Before Tax Margin": 0.012180129037,
        "Net Profit Margin": 0.00765631873526
    },
    "2014": {
        "Revenue": 2214956000.0,
        "Revenue Growth": 0.46188303515387,
        "Cost of Revenue": 2074817000.0,
        "Gross Profit": 140139000.0,
        "R&D Expenses": 0.0,
        "SG&A Expense": 127556000.0,
        "Operating Expenses": 127556000.0,
        "Operating Income": 12583000.0,
        "Interest Expense": 2528000.0,
        "Earnings before Tax": 9206000.0,
        "Income Tax Expense": -4655000.0,
        "Net Income - Non-Controlling int": 0.0,
        "Net Income - Discontinued ops": 0.0,
        "Net Income": 4776000.0,
        "Preferred Dividends": 0.0,
        "Net Income Com": 4776000.0,
        "EPS": 0.12,
        "EPS Diluted": 0.11,
        "Weighted Average Shs Out": 35990122.0,
        "Weighted Average Shs Out (Dil)": 35990122.0,
        "Dividend per Share": 0.0,
        "Gross Margin": 0.0632694283769,
        "EBITDA Margin": 0.00952073088585,
        "EBIT Margin": 0.00568092549017,
        "Profit Margin": 0.00215625050791,
        "Free Cash Flow margin": -0.00499106980003,
        "EBITDA": 21088000.0,
        "EBIT": 12583000.0,
        "Consolidated Income": 4776000.0,
        "Earnings Before Tax Margin": 0.00415629023782,
        "Net Profit Margin": 0.00215625050791
    },
    "2013": {
        "Revenue": 1515139000.0,
        "Revenue Growth": 0.344468176296405,
        "Cost of Revenue": 1426112000.0,
        "Gross Profit": 89027000.0,
        "R&D Expenses": 0.0,
        "SG&A Expense": 77944000.0,
        "Operating Expenses": 77944000.0,
        "Operating Income": 11083000.0,
        "Interest Expense": 1996000.0,
        "Earnings before Tax": -26120000.0,
        "Income Tax Expense": 0.0,
        "Net Income - Non-Controlling int": 0.0,
        "Net Income - Discontinued ops": 0.0,
        "Net Income": -26120000.0,
        "Preferred Dividends": 0.0,
        "Net Income Com": -26120000.0,
        "EPS": -0.79,
        "EPS Diluted": -0.79,
        "Weighted Average Shs Out": NaN,
        "Weighted Average Shs Out (Dil)": 33141500.0,
        "Dividend per Share": 0.0,
        "Gross Margin": 0.0588,
        "EBITDA Margin": -0.013,
        "EBIT Margin": -0.0159,
        "Profit Margin": -0.017,
        "Free Cash Flow margin": 0.0005,
        "EBITDA": -20190000.0,
        "EBIT": -24124000.0,
        "Consolidated Income": -26120000.0,
        "Earnings Before Tax Margin": -0.0172,
        "Net Profit Margin": -0.0172
    },
    "2012": {
        "Revenue": 1126943000.0,
        "Revenue Growth": 0.459842582925066,
        "Cost of Revenue": 1057608000.0,
        "Gross Profit": 69335000.0,
        "R&D Expenses": 0.0,
        "SG&A Expense": 64392000.0,
        "Operating Expenses": 64392000.0,
        "Operating Income": 4943000.0,
        "Interest Expense": 1086000.0,
        "Earnings before Tax": -2639000.0,
        "Income Tax Expense": 0.0,
        "Net Income - Non-Controlling int": 0.0,