{
    "2018": {
        "Revenue": 384626000.0,
        "Revenue Growth": -0.155538576719821,
        "Cost of Revenue": 403325000.0,
        "Gross Profit": -18699000.0,
        "R&D Expenses": 0.0,
        "SG&A Expense": 104039000.0,
        "Operating Expenses": 104039000.0,
        "Operating Income": -122738000.0,
        "Interest Expense": 291000.0,
        "Earnings before Tax": -114989000.0,
        "Income Tax Expense": -19294000.0,
        "Net Income - Non-Controlling int": 0.0,
        "Net Income - Discontinued ops": 0.0,
        "Net Income": -95695000.0,
        "Preferred Dividends": 0.0,
        "Net Income Com": -95695000.0,
        "EPS": -2.58,
        "EPS Diluted": -2.58,
        "Weighted Average Shs Out": 37075000.0,
        "Weighted Average Shs Out (Dil)": 37075000.0,
        "Dividend per Share": 0.0,
        "Gross Margin": -0.0486160581968,
        "EBITDA Margin": -0.227301326483,
        "EBIT Margin": -0.319109992564,
        "Profit Margin": -0.248800133116,
        "Free Cash Flow margin": 0.0349482354287,
        "EBITDA": -87426000.0,
        "EBIT": -122738000.0,
        "Consolidated Income": -95695000.0,
        "Earnings Before Tax Margin": -0.298963148617,
        "Net Profit Margin": -0.248800133116
    },
    "2017": {
        "Revenue": 455469000.0,
        "Revenue Growth": -0.154552086291674,
        "Cost of Revenue": 408522000.0,
        "Gross Profit": 46947000.0,
        "R&D Expenses": 0.0,
        "SG&A Expense": 116083000.0,
        "Operating Expenses": 116083000.0,
        "Operating Income": -69136000.0,
        "Interest Expense": 72000.0,
        "Earnings before Tax": -65644000.0,
        "Income Tax Expense": 34995000.0,
        "Net Income - Non-Controlling int": 0.0,
        "Net Income - Discontinued ops": 0.0,
        "Net Income": -100639000.0,
        "Preferred Dividends": 0.0,
        "Net Income Com": -100639000.0,
        "EPS": -2.69,
        "EPS Diluted": -2.69,
        "Weighted Average Shs Out": 37457000.0,
        "Weighted Average Shs Out (Dil)": 37457413.0,
        "Dividend per Share": 0.0,
        "Gross Margin": 0.103073974299,
        "EBITDA Margin": -0.061830772237,
        "EBIT Margin": -0.15179079147,
        "Profit Margin": -0.220956859852,
        "Free Cash Flow margin": 0.176457673299,
        "EBITDA": -28162000.0,
        "EBIT": -69136000.0,
        "Consolidated Income": -100639000.0,
        "Earnings Before Tax Margin": -0.14412396892,
        "Net Profit Margin": -0.220956859852
    },
    "2016": {
        "Revenue": 538731000.0,
        "Revenue Growth": -0.361927491087397,
        "Cost of Revenue": 372729000.0,
        "Gross Profit": 166002000.0,
        "R&D Expenses": 0.0,
        "SG&A Expense": 53143000.0,
        "Operating Expenses": 53143000.0,
        "Operating Income": 112859000.0,
        "Interest Expense": 28000.0,
        "Earnings before Tax": 115868000.0,
        "Income Tax Expense": 22647000.0,
        "Net Income - Non-Controlling int": 0.0,
        "Net Income - Discontinued ops": 0.0,
        "Net Income": 93221000.0,
        "Preferred Dividends": 0.0,
        "Net Income Com": 93221000.0,
        "EPS": 2.48,
        "EPS Diluted": 2.47,
        "Weighted Average Shs Out": 37537000.0,
        "Weighted Average Shs Out (Dil)": 37667000.0,
        "Dividend per Share": 0.0,
        "Gross Margin": 0.308135228899,
        "EBITDA Margin": 0.26862385866,
        "EBIT Margin": 0.209490450707,
        "Profit Margin": 0.173038121066,
        "Free Cash Flow margin": 0.409775936414,
        "EBITDA": 144716000.0,
        "EBIT": 112859000.0,
        "Consolidated Income": 93221000.0,
        "Earnings Before Tax Margin": 0.215075798497,
        "Net Profit Margin": 0.173038121066
    },
    "2015": {
        "Revenue": 844310000.0,
        "Revenue Growth": -0.093073042041684,
        "Cost of Revenue": 507431000.0,
        "Gross Profit": 336879000.0,
        "R&D Expenses": 0.0,
        "SG&A Expense": 88044000.0,
        "Operating Expenses": 88044000.0,
        "Operating Income": 248835000.0,
        "Interest Expense": 12000.0,
        "Earnings before Tax": 249771000.0,
        "Income Tax Expense": 57763000.0,
        "Net Income - Non-Controlling int": 0.0,
        "Net Income - Discontinued ops": 0.0,
        "Net Income": 192008000.0,
        "Preferred Dividends": 0.0,
        "Net Income Com": 192008000.0,
        "EPS": 5.0,
        "EPS Diluted": 4.98,
        "Weighted Average Shs Out": 38364000.0,
        "Weighted Average Shs Out (Dil)": 38531000.0,
        "Dividend per Share": 0.0,
        "Gross Margin": 0.398999182765,
        "EBITDA Margin": 0.330816880056,
        "EBIT Margin": 0.294719948834,
        "Profit Margin": 0.227414101456,
        "Free Cash Flow margin": 0.193147066836,
        "EBITDA": 279312000.0,
        "EBIT": 248835000.0,
        "Consolidated Income": 192008000.0,
        "Earnings Before Tax Margin": 0.295828546387,
        "Net Profit Margin": 0.227414101456
    },
    "2014": {
        "Revenue": 930957000.0,
        "Revenue Growth": 0.0671559839151188,
        "Cost of Revenue": 559447000.0,
        "Gross Profit": 371510000.0,
        "R&D Expenses": 0.0,
        "SG&A Expense": 92762000.0,
        "Operating Expenses": 92762000.0,
        "Operating Income": 278748000.0,
        "Interest Expense": 35000.0,
        "Earnings before Tax": 279380000.0,
        "Income Tax Expense": 70668000.0,
        "Net Income - Non-Controlling int": 0.0,
        "Net Income - Discontinued ops": 0.0,
        "Net Income": 208712000.0,
        "Preferred Dividends": 0.0,
        "Net Income Com": 208712000.0,
        "EPS": 5.22,
        "EPS Diluted": 5.19,
        "Weighted Average Shs Out": 39964000.0,
        "Weighted Average Shs Out (Dil)": 40190000.0,
        "Dividend per Share": 0.0,
        "Gross Margin": 0.399062470125,
        "EBITDA Margin": 0.332886481331,
        "EBIT Margin": 0.299420918474,
        "Profit Margin": 0.224190805805,
        "Free Cash Flow margin": 0.114681988534,
        "EBITDA": 309903000.0,
        "EBIT": 278748000.0,
        "Consolidated Income": 208712000.0,
        "Earnings Before Tax Margin": 0.300099789786,
        "Net Profit Margin": 0.224190805805
    },
    "2013": {
        "Revenue": 872372000.0,
        "Revenue Growth": 0.19008882298293,
        "Cost of Revenue": 554021000.0,
        "Gross Profit": 318351000.0,
        "R&D Expenses": 0.0,
        "SG&A Expense": 94806000.0,
        "Operating Expenses": 94806000.0,
        "Operating Income": 223545000.0,
        "Interest Expense": 35000.0,
        "Earnings before Tax": 224097000.0,
        "Income Tax Expense": 54270000.0,
        "Net Income - Non-Controlling int": 0.0,
        "Net Income - Discontinued ops": 0.0,
        "Net Income": 169827000.0,
        "Preferred Dividends": 0.0,
        "Net Income Com": 169827000.0,
        "EPS": 4.18,
        "EPS Diluted": 4.16,
        "Weighted Average Shs Out": 40648000.0,
        "Weighted Average Shs Out (Dil)": 40865000.0,
        "Dividend per Share": 0.0,
        "Gross Margin": 0.364925742688,
        "EBITDA Margin": 0.289882068659,
        "EBIT Margin": 0.256249627453,
        "Profit Margin": 0.194672685506,
        "Free Cash Flow margin": 0.137092891565,
        "EBITDA": 252885000.0,
        "EBIT": 223545000.0,
        "Consolidated Income": 169827000.0,
        "Earnings Before Tax Margin": 0.256882385038,
        "Net Profit Margin": 0.194672685506
    },
    "2012": {
        "Revenue": 733031000.0,
        "Revenue Growth": 0.218991854884575,
        "Cost of Revenue": 489121000.0,
        "Gross Profit": 243910000.0,
        "R&D Expenses": 0.0,
        "SG&A Expense": 82218000.0,
        "Operating Expenses": 82218000.0,
        "Operating Income": 161692000.0,
        "Interest Expense": 32000.0,
        "Earnings before Tax": 162122000.0,
        "Income Tax Expense": 42913000.0,