{
    "2018": {
        "Revenue": 117438000.0,
        "Revenue Growth": -0.0586358644681891,
        "Cost of Revenue": 59991000.0,
        "Gross Profit": 57447000.0,
        "R&D Expenses": 36109000.0,
        "SG&A Expense": 25278000.0,
        "Operating Expenses": 63087000.0,
        "Operating Income": -5640000.0,
        "Interest Expense": 15000.0,
        "Earnings before Tax": -3825000.0,
        "Income Tax Expense": -1868000.0,
        "Net Income - Non-Controlling int": 0.0,
        "Net Income - Discontinued ops": 0.0,
        "Net Income": -1957000.0,
        "Preferred Dividends": 0.0,
        "Net Income Com": -1957000.0,
        "EPS": -0.09,
        "EPS Diluted": -0.09,
        "Weighted Average Shs Out": 22512000.0,
        "Weighted Average Shs Out (Dil)": 22512000.0,
        "Dividend per Share": 0.0,
        "Gross Margin": 0.489168752874,
        "EBITDA Margin": -0.0148674194043,
        "EBIT Margin": -0.048025341031,
        "Profit Margin": -0.0166641121273,
        "Free Cash Flow margin": 0.0639486367275,
        "EBITDA": -1746000.0,
        "EBIT": -5640000.0,
        "Consolidated Income": -1957000.0,
        "Earnings Before Tax Margin": -0.0325703775609,
        "Net Profit Margin": -0.0166641121273
    },
    "2017": {
        "Revenue": 124753000.0,
        "Revenue Growth": -0.0951337864204426,
        "Cost of Revenue": 67058000.0,
        "Gross Profit": 57695000.0,
        "R&D Expenses": 36655000.0,
        "SG&A Expense": 24104000.0,
        "Operating Expenses": 62459000.0,
        "Operating Income": -4764000.0,
        "Interest Expense": 14000.0,
        "Earnings before Tax": -3095000.0,
        "Income Tax Expense": -92000.0,
        "Net Income - Non-Controlling int": 0.0,
        "Net Income - Discontinued ops": 0.0,
        "Net Income": -3003000.0,
        "Preferred Dividends": 0.0,
        "Net Income Com": -3003000.0,
        "EPS": -0.14,
        "EPS Diluted": -0.14,
        "Weighted Average Shs Out": 22229000.0,
        "Weighted Average Shs Out (Dil)": 22229000.0,
        "Dividend per Share": 0.0,
        "Gross Margin": 0.462473848324,
        "EBITDA Margin": -0.00737457215458,
        "EBIT Margin": -0.0381874584178,
        "Profit Margin": -0.0240715654133,
        "Free Cash Flow margin": 0.0614414082226,
        "EBITDA": -920000.0,
        "EBIT": -4764000.0,
        "Consolidated Income": -3003000.0,
        "Earnings Before Tax Margin": -0.0248090226287,
        "Net Profit Margin": -0.0240715654133
    },
    "2016": {
        "Revenue": 137869000.0,
        "Revenue Growth": -0.0443748223828767,
        "Cost of Revenue": 77023000.0,
        "Gross Profit": 60846000.0,
        "R&D Expenses": 34885000.0,
        "SG&A Expense": 22873000.0,
        "Operating Expenses": 57758000.0,
        "Operating Income": 4180000.0,
        "Interest Expense": 16000.0,
        "Earnings before Tax": 5407000.0,
        "Income Tax Expense": 594000.0,
        "Net Income - Non-Controlling int": 0.0,
        "Net Income - Discontinued ops": 0.0,
        "Net Income": 4813000.0,
        "Preferred Dividends": 0.0,
        "Net Income Com": 4813000.0,
        "EPS": 0.22,
        "EPS Diluted": 0.21,
        "Weighted Average Shs Out": 21800000.0,
        "Weighted Average Shs Out (Dil)": 22887000.0,
        "Dividend per Share": 0.0,
        "Gross Margin": 0.441331989062,
        "EBITDA Margin": 0.0576706873917,
        "EBIT Margin": 0.0303186358065,
        "Profit Margin": 0.0349099507503,
        "Free Cash Flow margin": 0.104534014173,
        "EBITDA": 7951000.0,
        "EBIT": 4180000.0,
        "Consolidated Income": 4813000.0,
        "Earnings Before Tax Margin": 0.0392183884702,
        "Net Profit Margin": 0.0349099507503
    },
    "2015": {
        "Revenue": 144271000.0,
        "Revenue Growth": 0.00863418999412735,
        "Cost of Revenue": 84411000.0,
        "Gross Profit": 59860000.0,
        "R&D Expenses": 35483000.0,
        "SG&A Expense": 21979000.0,
        "Operating Expenses": 59146000.0,
        "Operating Income": 714000.0,
        "Interest Expense": 12000.0,
        "Earnings before Tax": 1889000.0,
        "Income Tax Expense": 327000.0,
        "Net Income - Non-Controlling int": 0.0,
        "Net Income - Discontinued ops": 0.0,
        "Net Income": 1562000.0,
        "Preferred Dividends": 0.0,
        "Net Income Com": 1562000.0,
        "EPS": 0.07,
        "EPS Diluted": 0.07,
        "Weighted Average Shs Out": 21924000.0,
        "Weighted Average Shs Out (Dil)": 23340000.0,
        "Dividend per Share": 0.0,
        "Gross Margin": 0.4149136001,
        "EBITDA Margin": 0.0291188111263,
        "EBIT Margin": 0.00494901955348,
        "Profit Margin": 0.0108268466982,
        "Free Cash Flow margin": 0.0688080071532,
        "EBITDA": 4201000.0,
        "EBIT": 714000.0,
        "Consolidated Income": 1562000.0,
        "Earnings Before Tax Margin": 0.0130934144769,
        "Net Profit Margin": 0.0108268466982
    },
    "2014": {
        "Revenue": 143036000.0,
        "Revenue Growth": -0.053136770751276,
        "Cost of Revenue": 85992000.0,
        "Gross Profit": 57044000.0,
        "R&D Expenses": 33468000.0,
        "SG&A Expense": 22446000.0,
        "Operating Expenses": 57487000.0,
        "Operating Income": -443000.0,
        "Interest Expense": 24000.0,
        "Earnings before Tax": 761000.0,
        "Income Tax Expense": -2841000.0,
        "Net Income - Non-Controlling int": 0.0,
        "Net Income - Discontinued ops": 0.0,
        "Net Income": 3602000.0,
        "Preferred Dividends": 0.0,
        "Net Income Com": 3602000.0,
        "EPS": 0.16,
        "EPS Diluted": 0.16,
        "Weighted Average Shs Out": 21968.0,
        "Weighted Average Shs Out (Dil)": 22954.0,
        "Dividend per Share": 0.0,
        "Gross Margin": 0.398808691518,
        "EBITDA Margin": 0.0254061914483,
        "EBIT Margin": -0.00309712240275,
        "Profit Margin": 0.0251824715456,
        "Free Cash Flow margin": 0.0633686624346,
        "EBITDA": 3634000.0,
        "EBIT": -443000.0,
        "Consolidated Income": 3602000.0,
        "Earnings Before Tax Margin": 0.00532033893565,
        "Net Profit Margin": 0.0251824715456
    },
    "2013": {
        "Revenue": 151063000.0,
        "Revenue Growth": -0.0720375944468333,
        "Cost of Revenue": 91237000.0,
        "Gross Profit": 59826000.0,
        "R&D Expenses": 35000000.0,
        "SG&A Expense": 23085000.0,
        "Operating Expenses": 59757000.0,
        "Operating Income": 69000.0,
        "Interest Expense": 29000.0,
        "Earnings before Tax": 2526000.0,
        "Income Tax Expense": -150000.0,
        "Net Income - Non-Controlling int": 0.0,
        "Net Income - Discontinued ops": 0.0,
        "Net Income": 2676000.0,
        "Preferred Dividends": 0.0,
        "Net Income Com": 2676000.0,
        "EPS": 0.12,
        "EPS Diluted": 0.12,
        "Weighted Average Shs Out": 22249000.0,
        "Weighted Average Shs Out (Dil)": 22906000.0,
        "Dividend per Share": 0.0,
        "Gross Margin": 0.396033443001,
        "EBITDA Margin": 0.0296697404394,
        "EBIT Margin": 0.000456763072361,
        "Profit Margin": 0.017714463502,
        "Free Cash Flow margin": 0.0803108636794,
        "EBITDA": 4482000.0,
        "EBIT": 69000.0,
        "Consolidated Income": 2676000.0,
        "Earnings Before Tax Margin": 0.0167215003012,
        "Net Profit Margin": 0.017714463502
    },
    "2012": {
        "Revenue": 162790000.0,
        "Revenue Growth": -0.160274629760498,
        "Cost of Revenue": 101660000.0,
        "Gross Profit": 61130000.0,
        "R&D Expenses": 42539000.0,
        "SG&A Expense": 11416000.0,
        "Operating Expenses": 71732000.0,
        "Operating Income": -10602000.0,
        "Interest Expense": 35000.0,
        "Earnings before Tax": -8214000.0,
        "Income Tax Expense": -172000.0,
        "Net Income - Non-Controlling int": 0.0,