{
    "2018": {
        "Revenue": 18515082.0,
        "Revenue Growth": -0.007865770379306,
        "Cost of Revenue": 11853499.0,
        "Gross Profit": 6661583.0,
        "R&D Expenses": 146000.0,
        "SG&A Expense": 7088610.0,
        "Operating Expenses": 20223743.0,
        "Operating Income": -1708661.0,
        "Interest Expense": 144819.0,
        "Earnings before Tax": 1481562.0,
        "Income Tax Expense": 16593.0,
        "Net Income - Non-Controlling int": 0.0,
        "Net Income - Discontinued ops": 0.0,
        "Net Income": 1464969.0,
        "Preferred Dividends": 0.0,
        "Net Income Com": 1464969.0,
        "EPS": 0.09,
        "EPS Diluted": 0.09,
        "Weighted Average Shs Out": 16724376.0,
        "Weighted Average Shs Out (Dil)": 16930805.0,
        "Dividend per Share": 0.0,
        "Gross Margin": 0.359792249367,
        "EBITDA Margin": -0.0205657204219,
        "EBIT Margin": -0.0922848194785,
        "Profit Margin": 0.079123009015,
        "Free Cash Flow margin": -0.128885953624,
        "EBITDA": -380776.0,
        "EBIT": -1708661.0,
        "Consolidated Income": 1464969.0,
        "Earnings Before Tax Margin": 0.0800191973225,
        "Net Profit Margin": 0.079123009015
    },
    "2017": {
        "Revenue": 18661872.0,
        "Revenue Growth": -0.0268921568336057,
        "Cost of Revenue": 11008882.0,
        "Gross Profit": 7652990.0,
        "R&D Expenses": 106000.0,
        "SG&A Expense": 6465016.0,
        "Operating Expenses": 18887736.0,
        "Operating Income": -225864.0,
        "Interest Expense": 223321.0,
        "Earnings before Tax": -599118.0,
        "Income Tax Expense": -20962.0,
        "Net Income - Non-Controlling int": 0.0,
        "Net Income - Discontinued ops": 0.0,
        "Net Income": -578156.0,
        "Preferred Dividends": 0.0,
        "Net Income Com": -578156.0,
        "EPS": -0.04,
        "EPS Diluted": -0.04,
        "Weighted Average Shs Out": 14424344.0,
        "Weighted Average Shs Out (Dil)": 14424344.0,
        "Dividend per Share": 0.0,
        "Gross Margin": 0.410086940903,
        "EBITDA Margin": 0.0719175439634,
        "EBIT Margin": -0.0121029658761,
        "Profit Margin": -0.0309806004457,
        "Free Cash Flow margin": -0.124657858547,
        "EBITDA": 1342116.0,
        "EBIT": -225864.0,
        "Consolidated Income": -578156.0,
        "Earnings Before Tax Margin": -0.0321038532469,
        "Net Profit Margin": -0.0309806004457
    },
    "2016": {
        "Revenue": 19177599.0,
        "Revenue Growth": 9.63059811529934,
        "Cost of Revenue": 11119780.0,
        "Gross Profit": 8057819.0,
        "R&D Expenses": 435000.0,
        "SG&A Expense": 7326063.0,
        "Operating Expenses": 19837658.0,
        "Operating Income": -660059.0,
        "Interest Expense": 279214.0,
        "Earnings before Tax": -939273.0,
        "Income Tax Expense": 10730.0,
        "Net Income - Non-Controlling int": 0.0,
        "Net Income - Discontinued ops": 0.0,
        "Net Income": -950003.0,
        "Preferred Dividends": 0.0,
        "Net Income Com": -950003.0,
        "EPS": -0.07,
        "EPS Diluted": -0.07,
        "Weighted Average Shs Out": 13068329.0,
        "Weighted Average Shs Out (Dil)": 13068329.0,
        "Dividend per Share": 0.0,
        "Gross Margin": 0.42016829114,
        "EBITDA Margin": 0.0392701401255,
        "EBIT Margin": -0.0344182293101,
        "Profit Margin": -0.049537118802,
        "Free Cash Flow margin": 0.270975266508,
        "EBITDA": 753107.0,
        "EBIT": -660059.0,
        "Consolidated Income": -950003.0,
        "Earnings Before Tax Margin": -0.0489776118481,
        "Net Profit Margin": -0.049537118802
    },
    "2015": {
        "Revenue": 1804000.0,
        "Revenue Growth": -0.901353361881802,
        "Cost of Revenue": 10665122.0,
        "Gross Profit": -8861122.0,
        "R&D Expenses": 470000.0,
        "SG&A Expense": 9271533.0,
        "Operating Expenses": 31588402.0,
        "Operating Income": -14083293.0,
        "Interest Expense": 84000.0,
        "Earnings before Tax": -14287296.0,
        "Income Tax Expense": 22000.0,
        "Net Income - Non-Controlling int": 0.0,
        "Net Income - Discontinued ops": 0.0,
        "Net Income": -12944000.0,
        "Preferred Dividends": 0.0,
        "Net Income Com": -12944000.0,
        "EPS": -0.3,
        "EPS Diluted": -0.3,
        "Weighted Average Shs Out": 47759877.0,
        "Weighted Average Shs Out (Dil)": 47759877.0,
        "Dividend per Share": 0.0,
        "Gross Margin": -4.91193015521,
        "EBITDA Margin": -7.33719124169,
        "EBIT Margin": -7.80670343681,
        "Profit Margin": -7.17516629712,
        "Free Cash Flow margin": -0.62845232816,
        "EBITDA": -13236293.0,
        "EBIT": -14083293.0,
        "Consolidated Income": -12944000.0,
        "Earnings Before Tax Margin": -7.91978713969,
        "Net Profit Margin": -7.17516629712
    },
    "2014": {
        "Revenue": 18287496.0,
        "Revenue Growth": 0.0,
        "Cost of Revenue": 11689743.0,
        "Gross Profit": 6597753.0,
        "R&D Expenses": 0.0,
        "SG&A Expense": 10767449.0,
        "Operating Expenses": 53076634.0,
        "Operating Income": -46478881.0,
        "Interest Expense": 317191.0,
        "Earnings before Tax": -42145682.0,
        "Income Tax Expense": -988630.0,
        "Net Income - Non-Controlling int": -4700000.0,
        "Net Income - Discontinued ops": 0.0,
        "Net Income": -41157052.0,
        "Preferred Dividends": 0.0,
        "Net Income Com": -41157052.0,
        "EPS": -3.92,
        "EPS Diluted": -3.92,
        "Weighted Average Shs Out": 10553414.0,
        "Weighted Average Shs Out (Dil)": 10526405.0,
        "Dividend per Share": 0.0,
        "Gross Margin": 0.3608,
        "EBITDA Margin": -1.999,
        "EBIT Margin": -2.2873,
        "Profit Margin": -2.251,
        "Free Cash Flow margin": -0.1461,
        "EBITDA": -36554168.0,
        "EBIT": -41828491.0,
        "Consolidated Income": -45857052.0,
        "Earnings Before Tax Margin": -2.3046,
        "Net Profit Margin": -2.2506
    },
    "2013": {
        "Revenue": 0.0,
        "Revenue Growth": 0.0,
        "Cost of Revenue": 0.0,
        "Gross Profit": 0.0,
        "R&D Expenses": 0.0,
        "SG&A Expense": 0.0,
        "Operating Expenses": 0.0,
        "Operating Income": 0.0,
        "Interest Expense": 0.0,
        "Earnings before Tax": 0.0,
        "Income Tax Expense": 0.0,
        "Net Income - Non-Controlling int": 0.0,
        "Net Income - Discontinued ops": 0.0,
        "Net Income": 0.0,
        "Preferred Dividends": 0.0,
        "Net Income Com": 0.0,
        "EPS": 0.0,
        "EPS Diluted": 0.0,
        "Weighted Average Shs Out": 0.0,
        "Weighted Average Shs Out (Dil)": 0.0,
        "Dividend per Share": 0.0,
        "Gross Margin": 0.0,
        "EBITDA Margin": 0.0,
        "EBIT Margin": 0.0,
        "Profit Margin": 0.0,
        "Free Cash Flow margin": 0.0,
        "EBITDA": 0.0,
        "EBIT": 0.0,
        "Consolidated Income": 0.0,
        "Earnings Before Tax Margin": 0.0,
        "Net Profit Margin": 0.0
    },
    "2012": {
        "Revenue": 0.0,
        "Revenue Growth": -1.0,
        "Cost of Revenue": 0.0,
        "Gross Profit": 0.0,
        "R&D Expenses": 0.0,
        "SG&A Expense": 0.0,
        "Operating Expenses": 0.0,
        "Operating Income": 0.0,
        "Interest Expense": 0.0,
        "Earnings before Tax": 0.0,
        "Income Tax Expense": 0.0,
        "Net Income - Non-Controlling int": 0.0,
        "Net Income - Discontinued ops": 0.0,
        "Net Income": 0.0,
        "Preferred Dividends": 0.0,
        "Net Income Com": 0.0,
        "EPS": 0.0,
        "EPS Diluted": 0.0,
        "Weighted Average Shs Out": 0.0,
        "Weighted Average Shs Out (Dil)": 0.0,
        "Dividend per Share": 0.0,
        "Gross Margin": 0.0,
        "EBITDA Margin": 0.0,