{
    "2018": {
        "Revenue": 24521000000.0,
        "Revenue Growth": 0.0405686399321027,
        "Cost of Revenue": 19050000000.0,
        "Gross Profit": 5471000000.0,
        "R&D Expenses": 0.0,
        "SG&A Expense": 0.0,
        "Operating Expenses": 697000000.0,
        "Operating Income": 4685000000.0,
        "Interest Expense": 2094000000.0,
        "Earnings before Tax": 3073000000.0,
        "Income Tax Expense": 448000000.0,
        "Net Income - Non-Controlling int": 0.0,
        "Net Income - Discontinued ops": 0.0,
        "Net Income": 2666000000.0,
        "Preferred Dividends": 0.0,
        "Net Income Com": 2666000000.0,
        "EPS": 3.76,
        "EPS Diluted": 3.76,
        "Weighted Average Shs Out": 708000000.0,
        "Weighted Average Shs Out (Dil)": 708000000.0,
        "Dividend per Share": 3.49011299435,
        "Gross Margin": 0.223114881122,
        "EBITDA Margin": 0.382570042005,
        "EBIT Margin": 0.191060723462,
        "Profit Margin": 0.108723135272,
        "Free Cash Flow margin": -0.0898413604665,
        "EBITDA": 9381000000.0,
        "EBIT": 4685000000.0,
        "Consolidated Income": 2666000000.0,
        "Earnings Before Tax Margin": 0.125321153297,
        "Net Profit Margin": 0.108723135272
    },
    "2017": {
        "Revenue": 23565000000.0,
        "Revenue Growth": 0.0361429890515763,
        "Cost of Revenue": 17180000000.0,
        "Gross Profit": 6385000000.0,
        "R&D Expenses": 0.0,
        "SG&A Expense": 0.0,
        "Operating Expenses": 632000000.0,
        "Operating Income": 5781000000.0,
        "Interest Expense": 1986000000.0,
        "Earnings before Tax": 4266000000.0,
        "Income Tax Expense": 1196000000.0,
        "Net Income - Non-Controlling int": 0.0,
        "Net Income - Discontinued ops": 0.0,
        "Net Income": 3059000000.0,
        "Preferred Dividends": 0.0,
        "Net Income Com": 3059000000.0,
        "EPS": 4.36,
        "EPS Diluted": 4.36,
        "Weighted Average Shs Out": 700000000.0,
        "Weighted Average Shs Out (Dil)": 700000000.0,
        "Dividend per Share": 3.5,
        "Gross Margin": 0.270952684065,
        "EBITDA Margin": 0.417016762147,
        "EBIT Margin": 0.245321451305,
        "Profit Margin": 0.12981116062,
        "Free Cash Flow margin": -0.0601739868449,
        "EBITDA": 9827000000.0,
        "EBIT": 5781000000.0,
        "Consolidated Income": 3059000000.0,
        "Earnings Before Tax Margin": 0.181031190325,
        "Net Profit Margin": 0.12981116062
    },
    "2016": {
        "Revenue": 22743000000.0,
        "Revenue Growth": -0.0305213350952726,
        "Cost of Revenue": 17164000000.0,
        "Gross Profit": 5579000000.0,
        "R&D Expenses": 0.0,
        "SG&A Expense": 0.0,
        "Operating Expenses": 265000000.0,
        "Operating Income": 5341000000.0,
        "Interest Expense": 1916000000.0,
        "Earnings before Tax": 3734000000.0,
        "Income Tax Expense": 1156000000.0,
        "Net Income - Non-Controlling int": 0.0,
        "Net Income - Discontinued ops": 0.0,
        "Net Income": 2152000000.0,
        "Preferred Dividends": 0.0,
        "Net Income Com": 2152000000.0,
        "EPS": 3.11,
        "EPS Diluted": 3.11,
        "Weighted Average Shs Out": 691000000.0,
        "Weighted Average Shs Out (Dil)": 691000000.0,
        "Dividend per Share": 3.37481910275,
        "Gross Margin": 0.245306248076,
        "EBITDA Margin": 0.405443433144,
        "EBIT Margin": 0.234841489689,
        "Profit Margin": 0.0946225212153,
        "Free Cash Flow margin": -0.0484984390802,
        "EBITDA": 9221000000.0,
        "EBIT": 5341000000.0,
        "Consolidated Income": 2152000000.0,
        "Earnings Before Tax Margin": 0.164182385789,
        "Net Profit Margin": 0.0946225212153
    },
    "2015": {
        "Revenue": 23459000000.0,
        "Revenue Growth": -0.0194775339602926,
        "Cost of Revenue": 17932000000.0,
        "Gross Profit": 5527000000.0,
        "R&D Expenses": 0.0,
        "SG&A Expense": 0.0,
        "Operating Expenses": 195000000.0,
        "Operating Income": 5367000000.0,
        "Interest Expense": 1613000000.0,
        "Earnings before Tax": 4137000000.0,
        "Income Tax Expense": 1326000000.0,
        "Net Income - Non-Controlling int": 0.0,
        "Net Income - Discontinued ops": 0.0,
        "Net Income": 2816000000.0,
        "Preferred Dividends": 0.0,
        "Net Income Com": 2816000000.0,
        "EPS": 4.05,
        "EPS Diluted": 4.05,
        "Weighted Average Shs Out": 694000000.0,
        "Weighted Average Shs Out (Dil)": 694000000.0,
        "Dividend per Share": 3.24783861671,
        "Gross Margin": 0.235602540603,
        "EBITDA Margin": 0.38279551558,
        "EBIT Margin": 0.228782130526,
        "Profit Margin": 0.120039217358,
        "Free Cash Flow margin": -0.0038364806684,
        "EBITDA": 8980000000.0,
        "EBIT": 5367000000.0,
        "Consolidated Income": 2816000000.0,
        "Earnings Before Tax Margin": 0.176350228057,
        "Net Profit Margin": 0.120039217358
    },
    "2014": {
        "Revenue": 23925000000.0,
        "Revenue Growth": -0.027359947963249,
        "Cost of Revenue": 18435000000.0,
        "Gross Profit": 5490000000.0,
        "R&D Expenses": 0.0,
        "SG&A Expense": 0.0,
        "Operating Expenses": 248000000.0,
        "Operating Income": 5258000000.0,
        "Interest Expense": 1622000000.0,
        "Earnings before Tax": 4134000000.0,
        "Income Tax Expense": 1669000000.0,
        "Net Income - Non-Controlling int": 0.0,
        "Net Income - Discontinued ops": 0.0,
        "Net Income": 1883000000.0,
        "Preferred Dividends": 0.0,
        "Net Income Com": 1883000000.0,
        "EPS": 2.66,
        "EPS Diluted": 2.66,
        "Weighted Average Shs Out": 707000000.0,
        "Weighted Average Shs Out (Dil)": 707000000.0,
        "Dividend per Share": 3.15983026874,
        "Gross Margin": 0.229467084639,
        "EBITDA Margin": 0.366353187043,
        "EBIT Margin": 0.219770114943,
        "Profit Margin": 0.0787042842215,
        "Free Cash Flow margin": 0.0502403343783,
        "EBITDA": 8765000000.0,
        "EBIT": 5258000000.0,
        "Consolidated Income": 1883000000.0,
        "Earnings Before Tax Margin": 0.172789968652,
        "Net Profit Margin": 0.0787042842215
    },
    "2013": {
        "Revenue": 24598000000.0,
        "Revenue Growth": 0.25346514472075,
        "Cost of Revenue": 19600000000.0,
        "Gross Profit": 4998000000.0,
        "R&D Expenses": 0.0,
        "SG&A Expense": 0.0,
        "Operating Expenses": 0.0,
        "Operating Income": 4982000000.0,
        "Interest Expense": 1546000000.0,
        "Earnings before Tax": 3920000000.0,
        "Income Tax Expense": 1261000000.0,
        "Net Income - Non-Controlling int": 0.0,
        "Net Income - Discontinued ops": 0.0,
        "Net Income": 2665000000.0,
        "Preferred Dividends": 0.0,
        "Net Income Com": 2665000000.0,
        "EPS": 3.77,
        "EPS Diluted": 3.76,
        "Weighted Average Shs Out": 706000000.0,
        "Weighted Average Shs Out (Dil)": 706000000.0,
        "Dividend per Share": 3.09915014164,
        "Gross Margin": 0.203187250996,
        "EBITDA Margin": 0.333807626636,
        "EBIT Margin": 0.202536791609,
        "Profit Margin": 0.108342141638,
        "Free Cash Flow margin": 0.0347995772014,
        "EBITDA": 8211000000.0,
        "EBIT": 4982000000.0,
        "Consolidated Income": 2665000000.0,
        "Earnings Before Tax Margin": 0.159362549801,
        "Net Profit Margin": 0.108342141638
    },
    "2012": {
        "Revenue": 19624000000.0,
        "Revenue Growth": 0.350677954435956,
        "Cost of Revenue": 11508000000.0,
        "Gross Profit": 8116000000.0,
        "R&D Expenses": 0.0,
        "SG&A Expense": 0.0,
        "Operating Expenses": 5006000000.0,
        "Operating Income": 3126000000.0,