{
    "2018": {
        "Revenue": 88434482758.6207,
        "Revenue Growth": 0.0378844433820964,
        "Cost of Revenue": 63933333333.3333,
        "Gross Profit": 24501149425.2874,
        "R&D Expenses": 0.0,
        "SG&A Expense": 0.0,
        "Operating Expenses": 13026436781.6092,
        "Operating Income": 11474712643.6782,
        "Interest Expense": 5359770114.9425,
        "Earnings before Tax": 11617241379.3103,
        "Income Tax Expense": 6862068965.5172,
        "Net Income - Non-Controlling int": 0.0,
        "Net Income - Discontinued ops": 0.0,
        "Net Income": 4755172413.7931,
        "Preferred Dividends": 0.0,
        "Net Income Com": 4755172413.7931,
        "EPS": 2.6437,
        "EPS Diluted": 2.6437,
        "Weighted Average Shs Out": 4177224517.2414,
        "Weighted Average Shs Out (Dil)": 4177224517.2414,
        "Dividend per Share": 1.5494,
        "Gross Margin": 0.2771,
        "EBITDA Margin": 0.3253,
        "EBIT Margin": 0.192,
        "Profit Margin": 0.0621,
        "Free Cash Flow margin": 0.0774,
        "EBITDA": 25009195402.2989,
        "EBIT": 16977011494.2529,
        "Consolidated Income": 4755172413.7931,
        "Earnings Before Tax Margin": 0.1314,
        "Net Profit Margin": 0.0538
    },
    "2017": {
        "Revenue": 85206482593.0372,
        "Revenue Growth": 0.427798113759817,
        "Cost of Revenue": 61882352941.1765,
        "Gross Profit": 23324129651.8607,
        "R&D Expenses": 0.0,
        "SG&A Expense": 0.0,
        "Operating Expenses": 13705882352.9412,
        "Operating Income": 9618247298.9196,
        "Interest Expense": 7066026410.5642,
        "Earnings before Tax": 8216086434.5738,
        "Income Tax Expense": 4162064825.9304,
        "Net Income - Non-Controlling int": 0.0,
        "Net Income - Discontinued ops": 0.0,
        "Net Income": 4054021608.6435,
        "Preferred Dividends": 0.0,
        "Net Income Com": 4054021608.6435,
        "EPS": 2.2569,
        "EPS Diluted": 2.2569,
        "Weighted Average Shs Out": 4362767503.0012,
        "Weighted Average Shs Out (Dil)": 4362767503.0012,
        "Dividend per Share": 1.539,
        "Gross Margin": 0.2737,
        "EBITDA Margin": 0.3421,
        "EBIT Margin": 0.1794,
        "Profit Margin": 0.0576,
        "Free Cash Flow margin": 0.0616,
        "EBITDA": 24265306122.449,
        "EBIT": 15282112845.1381,
        "Consolidated Income": 4054021608.6435,
        "Earnings Before Tax Margin": 0.0964,
        "Net Profit Margin": 0.0476
    },
    "2016": {
        "Revenue": 59676842105.2632,
        "Revenue Growth": -0.252599042958098,
        "Cost of Revenue": 45555789473.6842,
        "Gross Profit": 14121052631.5789,
        "R&D Expenses": 0.0,
        "SG&A Expense": 0.0,
        "Operating Expenses": 11850526315.7895,
        "Operating Income": 2270526315.7895,
        "Interest Expense": 6560000000.0,
        "Earnings before Tax": 504210526.3158,
        "Income Tax Expense": 2037894736.8421,
        "Net Income - Non-Controlling int": 0.0,
        "Net Income - Discontinued ops": 0.0,
        "Net Income": -1533684210.5263,
        "Preferred Dividends": 0.0,
        "Net Income Com": -1533684210.5263,
        "EPS": -0.8632,
        "EPS Diluted": -0.8632,
        "Weighted Average Shs Out": 3825458242.1053,
        "Weighted Average Shs Out (Dil)": 3825458242.1053,
        "Dividend per Share": 1.8916,
        "Gross Margin": 0.2366,
        "EBITDA Margin": 0.2653,
        "EBIT Margin": 0.1184,
        "Profit Margin": -0.0274,
        "Free Cash Flow margin": -0.0243,
        "EBITDA": 15021052631.5789,
        "EBIT": 7064210526.3158,
        "Consolidated Income": -1533684210.5263,
        "Earnings Before Tax Margin": 0.0084,
        "Net Profit Margin": -0.0257
    },
    "2015": {
        "Revenue": 79845819761.1292,
        "Revenue Growth": -0.335804232527743,
        "Cost of Revenue": 61724212812.1607,
        "Gross Profit": 18121606948.9685,
        "R&D Expenses": 0.0,
        "SG&A Expense": 0.0,
        "Operating Expenses": 21461454940.2823,
        "Operating Income": -3339847991.3138,
        "Interest Expense": 10970684039.0879,
        "Earnings before Tax": -6787187839.3051,
        "Income Tax Expense": 3389793702.4973,
        "Net Income - Non-Controlling int": 0.0,
        "Net Income - Discontinued ops": 2143322475.57,
        "Net Income": -10176981541.8024,
        "Preferred Dividends": 0.0,
        "Net Income Com": -10176981541.8024,
        "EPS": -5.2986,
        "EPS Diluted": -5.2986,
        "Weighted Average Shs Out": 3945912410.4235,
        "Weighted Average Shs Out (Dil)": 3945912410.4235,
        "Dividend per Share": 2.0271,
        "Gross Margin": 0.227,
        "EBITDA Margin": 0.1889,
        "EBIT Margin": 0.0524,
        "Profit Margin": -0.1379,
        "Free Cash Flow margin": 0.0122,
        "EBITDA": 13890336590.6623,
        "EBIT": 4183496199.7828,
        "Consolidated Income": -10176981541.8024,
        "Earnings Before Tax Margin": -0.085,
        "Net Profit Margin": -0.1275
    },
    "2014": {
        "Revenue": 120214285714.2857,
        "Revenue Growth": -0.123095744558861,
        "Cost of Revenue": 93709443099.2736,
        "Gross Profit": 26504842615.0121,
        "R&D Expenses": 0.0,
        "SG&A Expense": 0.0,
        "Operating Expenses": 15651331719.1283,
        "Operating Income": 10853510895.8838,
        "Interest Expense": 8543583535.109,
        "Earnings before Tax": 8868038740.9201,
        "Income Tax Expense": 7828087167.0702,
        "Net Income - Non-Controlling int": 0.0,
        "Net Income - Discontinued ops": 1148910411.6223,
        "Net Income": 1039951573.8499,
        "Preferred Dividends": 0.0,
        "Net Income Com": 1039951573.8499,
        "EPS": 0.8717,
        "EPS Diluted": 0.8717,
        "Weighted Average Shs Out": 4849102755.4479,
        "Weighted Average Shs Out (Dil)": 4849102755.4479,
        "Dividend per Share": 3.6259,
        "Gross Margin": 0.2205,
        "EBITDA Margin": 0.2688,
        "EBIT Margin": 0.1448,
        "Profit Margin": 0.0109,
        "Free Cash Flow margin": 0.0322,
        "EBITDA": 26704600484.2615,
        "EBIT": 17411622276.0291,
        "Consolidated Income": 1039951573.8499,
        "Earnings Before Tax Margin": 0.0738,
        "Net Profit Margin": 0.0087
    },
    "2013": {
        "Revenue": 137089408528.1981,
        "Revenue Growth": -0.19231933229926,
        "Cost of Revenue": 107438789546.0798,
        "Gross Profit": 29650618982.1183,
        "R&D Expenses": 0.0,
        "SG&A Expense": 0.0,
        "Operating Expenses": 18829436038.5144,
        "Operating Income": 10821182943.6039,
        "Interest Expense": 8171939477.304,
        "Earnings before Tax": 19276478679.5048,
        "Income Tax Expense": 12455295735.901,
        "Net Income - Non-Controlling int": 0.0,
        "Net Income - Discontinued ops": -1462173314.9931,
        "Net Income": 6821182943.6039,
        "Preferred Dividends": 0.0,
        "Net Income Com": 6821182943.6039,
        "EPS": 3.9065,
        "EPS Diluted": 3.9065,
        "Weighted Average Shs Out": 4998879408.5282,
        "Weighted Average Shs Out (Dil)": 4998879408.5282,
        "Dividend per Share": 3.934,
        "Gross Margin": 0.2163,
        "EBITDA Margin": 0.3948,
        "EBIT Margin": 0.2002,
        "Profit Margin": 0.0688,
        "Free Cash Flow margin": 0.0063,
        "EBITDA": 39284731774.4154,
        "EBIT": 27448418156.8088,
        "Consolidated Income": 6821182943.6039,
        "Earnings Before Tax Margin": 0.1406,
        "Net Profit Margin": 0.0498
    },
    "2012": {
        "Revenue": 169732189973.6148,
        "Revenue Growth": 0.206389948622953,
        "Cost of Revenue": 125374670184.6966,
        "Gross Profit": 44357519788.9182,
        "R&D Expenses": 0.0,
        "SG&A Expense": 0.0,
        "Operating Expenses": 24294195250.6596,