{
    "2018": {
        "Revenue": 5939000000.0,
        "Revenue Growth": 0.336709430564934,
        "Cost of Revenue": 4056000000.0,
        "Gross Profit": 1883000000.0,
        "R&D Expenses": 0.0,
        "SG&A Expense": 157000000.0,
        "Operating Expenses": 189000000.0,
        "Operating Income": 1694000000.0,
        "Interest Expense": 351000000.0,
        "Earnings before Tax": 1163000000.0,
        "Income Tax Expense": 94000000.0,
        "Net Income - Non-Controlling int": 0.0,
        "Net Income - Discontinued ops": 0.0,
        "Net Income": 1069000000.0,
        "Preferred Dividends": 0.0,
        "Net Income Com": 1069000000.0,
        "EPS": 1.11,
        "EPS Diluted": 1.11,
        "Weighted Average Shs Out": 959800000.0,
        "Weighted Average Shs Out (Dil)": 959800000.0,
        "Dividend per Share": 0.0583454886435,
        "Gross Margin": 0.31705674356,
        "EBITDA Margin": 0.499410675198,
        "EBIT Margin": 0.285233204243,
        "Profit Margin": 0.17999663243,
        "Free Cash Flow margin": 0.054723017343,
        "EBITDA": 2966000000.0,
        "EBIT": 1694000000.0,
        "Consolidated Income": 1069000000.0,
        "Earnings Before Tax Margin": 0.19582421283,
        "Net Profit Margin": 0.17999663243
    },
    "2017": {
        "Revenue": 4443000000.0,
        "Revenue Growth": 0.522618231665524,
        "Cost of Revenue": 0.0,
        "Gross Profit": 0.0,
        "R&D Expenses": 0.0,
        "SG&A Expense": 254000000.0,
        "Operating Expenses": 3375000000.0,
        "Operating Income": 1068000000.0,
        "Interest Expense": 363000000.0,
        "Earnings before Tax": 1430000000.0,
        "Income Tax Expense": 603000000.0,
        "Net Income - Non-Controlling int": 0.0,
        "Net Income - Discontinued ops": 0.0,
        "Net Income": 827000000.0,
        "Preferred Dividends": 0.0,
        "Net Income Com": 827000000.0,
        "EPS": 0.85,
        "EPS Diluted": 0.85,
        "Weighted Average Shs Out": 973100000.0,
        "Weighted Average Shs Out (Dil)": 973100000.0,
        "Dividend per Share": 0.0585756859521,
        "Gross Margin": 0.0,
        "EBITDA Margin": 0.427864055818,
        "EBIT Margin": 0.24037812289,
        "Profit Margin": 0.186135494036,
        "Free Cash Flow margin": -0.167904568985,
        "EBITDA": 1901000000.0,
        "EBIT": 1068000000.0,
        "Consolidated Income": 827000000.0,
        "Earnings Before Tax Margin": 0.321854602746,
        "Net Profit Margin": 0.186135494036
    },
    "2016": {
        "Revenue": 2918000000.0,
        "Revenue Growth": -0.340117593848937,
        "Cost of Revenue": 0.0,
        "Gross Profit": 0.0,
        "R&D Expenses": 0.0,
        "SG&A Expense": 309000000.0,
        "Operating Expenses": 4799000000.0,
        "Operating Income": -1881000000.0,
        "Interest Expense": 397000000.0,
        "Earnings before Tax": -1620000000.0,
        "Income Tax Expense": -676000000.0,
        "Net Income - Non-Controlling int": 0.0,
        "Net Income - Discontinued ops": 0.0,
        "Net Income": -944000000.0,
        "Preferred Dividends": 0.0,
        "Net Income Com": -944000000.0,
        "EPS": -1.07,
        "EPS Diluted": -1.07,
        "Weighted Average Shs Out": 882600000.0,
        "Weighted Average Shs Out (Dil)": 882600000.0,
        "Dividend per Share": 0.0577838205303,
        "Gross Margin": 0.0,
        "EBITDA Margin": -0.350239890336,
        "EBIT Margin": -0.644619602467,
        "Profit Margin": -0.323509252913,
        "Free Cash Flow margin": -0.173749143249,
        "EBITDA": -1022000000.0,
        "EBIT": -1881000000.0,
        "Consolidated Income": -944000000.0,
        "Earnings Before Tax Margin": -0.555174777245,
        "Net Profit Margin": -0.323509252913
    },
    "2015": {
        "Revenue": 4422000000.0,
        "Revenue Growth": -0.448559670781893,
        "Cost of Revenue": 2442000000.0,
        "Gross Profit": 1980000000.0,
        "R&D Expenses": 0.0,
        "SG&A Expense": 275000000.0,
        "Operating Expenses": 8281000000.0,
        "Operating Income": -6301000000.0,
        "Interest Expense": 614000000.0,
        "Earnings before Tax": -8010000000.0,
        "Income Tax Expense": -2845000000.0,
        "Net Income - Non-Controlling int": 0.0,
        "Net Income - Discontinued ops": 0.0,
        "Net Income": -5165000000.0,
        "Preferred Dividends": 0.0,
        "Net Income Com": -5165000000.0,
        "EPS": -6.28,
        "EPS Diluted": -6.28,
        "Weighted Average Shs Out": 741188439.0,
        "Weighted Average Shs Out (Dil)": 822100000.0,
        "Dividend per Share": 0.281,
        "Gross Margin": 0.4478,
        "EBITDA Margin": -1.336,
        "EBIT Margin": -1.6725,
        "Profit Margin": -1.168,
        "Free Cash Flow margin": -0.1246,
        "EBITDA": -5908000000.0,
        "EBIT": -7396000000.0,
        "Consolidated Income": -5165000000.0,
        "Earnings Before Tax Margin": -1.8114,
        "Net Profit Margin": -1.168
    },
    "2014": {
        "Revenue": 8019000000.0,
        "Revenue Growth": 0.368897234551041,
        "Cost of Revenue": 3564000000.0,
        "Gross Profit": 4455000000.0,
        "R&D Expenses": 0.0,
        "SG&A Expense": 327000000.0,
        "Operating Expenses": 2124000000.0,
        "Operating Income": 2331000000.0,
        "Interest Expense": 654000000.0,
        "Earnings before Tax": 4595000000.0,
        "Income Tax Expense": 1203000000.0,
        "Net Income - Non-Controlling int": 34000000.0,
        "Net Income - Discontinued ops": 0.0,
        "Net Income": 3392000000.0,
        "Preferred Dividends": 0.0,
        "Net Income Com": 3392000000.0,
        "EPS": 4.58,
        "EPS Diluted": 4.58,
        "Weighted Average Shs Out": 740946505.0,
        "Weighted Average Shs Out (Dil)": 741000000.0,
        "Dividend per Share": 0.28,
        "Gross Margin": 0.5556,
        "EBITDA Margin": 0.872,
        "EBIT Margin": 0.6546,
        "Profit Margin": 0.423,
        "Free Cash Flow margin": 0.0176,
        "EBITDA": 6994000000.0,
        "EBIT": 5249000000.0,
        "Consolidated Income": 3426000000.0,
        "Earnings Before Tax Margin": 0.573,
        "Net Profit Margin": 0.423
    },
    "2013": {
        "Revenue": 5858000000.0,
        "Revenue Growth": 0.135271317829457,
        "Cost of Revenue": 2910000000.0,
        "Gross Profit": 2948000000.0,
        "R&D Expenses": 0.0,
        "SG&A Expense": 439000000.0,
        "Operating Expenses": 2079000000.0,
        "Operating Income": 869000000.0,
        "Interest Expense": 563000000.0,
        "Earnings before Tax": -12000000.0,
        "Income Tax Expense": -248000000.0,
        "Net Income - Non-Controlling int": 0.0,
        "Net Income - Discontinued ops": 0.0,
        "Net Income": 236000000.0,
        "Preferred Dividends": 0.0,
        "Net Income Com": 236000000.0,
        "EPS": 0.32,
        "EPS Diluted": 0.32,
        "Weighted Average Shs Out": 736327987.0,
        "Weighted Average Shs Out (Dil)": 736327987.0,
        "Dividend per Share": 0.67,
        "Gross Margin": 0.5032,
        "EBITDA Margin": 0.361,
        "EBIT Margin": 0.0941,
        "Profit Margin": 0.04,
        "Free Cash Flow margin": -0.0722,
        "EBITDA": 2116000000.0,
        "EBIT": 551000000.0,
        "Consolidated Income": 236000000.0,
        "Earnings Before Tax Margin": -0.002,
        "Net Profit Margin": 0.0403
    },
    "2012": {
        "Revenue": 5160000000.0,
        "Revenue Growth": -0.39057517420574,
        "Cost of Revenue": 2479000000.0,
        "Gross Profit": 2681000000.0,
        "R&D Expenses": 0.0,
        "SG&A Expense": 392000000.0,
        "Operating Expenses": 7097000000.0,
        "Operating Income": -4416000000.0,
        "Interest Expense": 522000000.0,
        "Earnings before Tax": -4831000000.0,
        "Income Tax Expense": -2037000000.0,
        "Net Income - Non-Controlling int": 0.0,