{
    "2017": {
        "Revenue": 961045000.0,
        "Revenue Growth": 0.803461884182259,
        "Cost of Revenue": 702169000.0,
        "Gross Profit": 258876000.0,
        "R&D Expenses": 10075000.0,
        "SG&A Expense": 84823000.0,
        "Operating Expenses": 113740000.0,
        "Operating Income": 145136000.0,
        "Interest Expense": 38366000.0,
        "Earnings before Tax": 107387000.0,
        "Income Tax Expense": -199441000.0,
        "Net Income - Non-Controlling int": 0.0,
        "Net Income - Discontinued ops": 0.0,
        "Net Income": 306828000.0,
        "Preferred Dividends": 0.0,
        "Net Income Com": 306828000.0,
        "EPS": 3.16,
        "EPS Diluted": 3.14,
        "Weighted Average Shs Out": 97182477.0,
        "Weighted Average Shs Out (Dil)": 97707408.0,
        "Dividend per Share": 0.0,
        "Gross Margin": 0.269369280315,
        "EBITDA Margin": 0.653988106696,
        "EBIT Margin": 0.151018942922,
        "Profit Margin": 0.319264966781,
        "Free Cash Flow margin": -0.354290381824,
        "EBITDA": 628512000.0,
        "EBIT": 145136000.0,
        "Consolidated Income": 306828000.0,
        "Earnings Before Tax Margin": 0.111739824878,
        "Net Profit Margin": 0.319264966781
    },
    "2016": {
        "Revenue": 532889000.0,
        "Revenue Growth": -0.393447642375995,
        "Cost of Revenue": 389421000.0,
        "Gross Profit": 143468000.0,
        "R&D Expenses": 5415000.0,
        "SG&A Expense": 95689000.0,
        "Operating Expenses": 354698000.0,
        "Operating Income": -211230000.0,
        "Interest Expense": 36899000.0,
        "Earnings before Tax": -247151000.0,
        "Income Tax Expense": -79638000.0,
        "Net Income - Non-Controlling int": 0.0,
        "Net Income - Discontinued ops": 0.0,
        "Net Income": -167513000.0,
        "Preferred Dividends": 0.0,
        "Net Income Com": -167513000.0,
        "EPS": -1.77,
        "EPS Diluted": -1.77,
        "Weighted Average Shs Out": 94475797.0,
        "Weighted Average Shs Out (Dil)": 94475797.0,
        "Dividend per Share": 0.0,
        "Gross Margin": 0.269226799577,
        "EBITDA Margin": 0.444240733061,
        "EBIT Margin": -0.396386489494,
        "Profit Margin": -0.314348766816,
        "Free Cash Flow margin": -0.29007917221,
        "EBITDA": 236731000.0,
        "EBIT": -211230000.0,
        "Consolidated Income": -167513000.0,
        "Earnings Before Tax Margin": -0.463794523813,
        "Net Profit Margin": -0.314348766816
    },
    "2015": {
        "Revenue": 878554000.0,
        "Revenue Growth": -0.47680609904759,
        "Cost of Revenue": 2145287000.0,
        "Gross Profit": -1266733000.0,
        "R&D Expenses": 14878000.0,
        "SG&A Expense": 149132000.0,
        "Operating Expenses": 171118000.0,
        "Operating Income": -1437851000.0,
        "Interest Expense": 43108000.0,
        "Earnings before Tax": -1480736000.0,
        "Income Tax Expense": -535005000.0,
        "Net Income - Non-Controlling int": 0.0,
        "Net Income - Discontinued ops": 0.0,
        "Net Income": -945731000.0,
        "Preferred Dividends": 0.0,
        "Net Income Com": -945731000.0,
        "EPS": -12.43,
        "EPS Diluted": -12.43,
        "Weighted Average Shs Out": 76078000.0,
        "Weighted Average Shs Out (Dil)": 76078000.0,
        "Dividend per Share": 0.0798391124898,
        "Gross Margin": -1.44183852102,
        "EBITDA Margin": -0.960740034193,
        "EBIT Margin": -1.63661084008,
        "Profit Margin": -1.07646314285,
        "Free Cash Flow margin": -0.500573669917,
        "EBITDA": -844062000.0,
        "EBIT": -1437851000.0,
        "Consolidated Income": -945731000.0,
        "Earnings Before Tax Margin": -1.68542400353,
        "Net Profit Margin": -1.07646314285
    },
    "2014": {
        "Revenue": 1679213000.0,
        "Revenue Growth": -0.0341857188048198,
        "Cost of Revenue": 1344502000.0,
        "Gross Profit": 334711000.0,
        "R&D Expenses": 28090000.0,
        "SG&A Expense": 122052000.0,
        "Operating Expenses": 157750000.0,
        "Operating Income": 176961000.0,
        "Interest Expense": 37771000.0,
        "Earnings before Tax": 140371000.0,
        "Income Tax Expense": 40728000.0,
        "Net Income - Non-Controlling int": 0.0,
        "Net Income - Discontinued ops": 0.0,
        "Net Income": 568032000.0,
        "Preferred Dividends": 0.0,
        "Net Income Com": 568032000.0,
        "EPS": 7.79,
        "EPS Diluted": 7.75,
        "Weighted Average Shs Out": 72896579.0,
        "Weighted Average Shs Out (Dil)": 73274631.0,
        "Dividend per Share": 0.468156571133,
        "Gross Margin": 0.199326112887,
        "EBITDA Margin": 0.432062519764,
        "EBIT Margin": 0.105383295627,
        "Profit Margin": 0.33827275039,
        "Free Cash Flow margin": -0.332641541008,
        "EBITDA": 725525000.0,
        "EBIT": 176961000.0,
        "Consolidated Income": 568032000.0,
        "Earnings Before Tax Margin": 0.0835933261593,
        "Net Profit Margin": 0.33827275039
    },
    "2013": {
        "Revenue": 1738650000.0,
        "Revenue Growth": 0.075119545328905,
        "Cost of Revenue": 609269000.0,
        "Gross Profit": 1129381000.0,
        "R&D Expenses": 16008000.0,
        "SG&A Expense": 0.0,
        "Operating Expenses": 778180000.0,
        "Operating Income": 351201000.0,
        "Interest Expense": 69200000.0,
        "Earnings before Tax": 193147000.0,
        "Income Tax Expense": 105282000.0,
        "Net Income - Non-Controlling int": 0.0,
        "Net Income - Discontinued ops": 0.0,
        "Net Income": 204554000.0,
        "Preferred Dividends": 0.0,
        "Net Income Com": 204554000.0,
        "EPS": 2.83,
        "EPS Diluted": 2.82,
        "Weighted Average Shs Out": 72317865.0,
        "Weighted Average Shs Out (Dil)": 72470622.0,
        "Dividend per Share": 0.579448593666,
        "Gross Margin": 0.649573519685,
        "EBITDA Margin": 0.791664222241,
        "EBIT Margin": 0.201996376499,
        "Profit Margin": 0.117651051103,
        "Free Cash Flow margin": -0.15415696086,
        "EBITDA": 1376427000.0,
        "EBIT": 351201000.0,
        "Consolidated Income": 204554000.0,
        "Earnings Before Tax Margin": 0.111090213672,
        "Net Profit Margin": 0.117651051103
    },
    "2012": {
        "Revenue": 1617169000.0,
        "Revenue Growth": 807.5845,
        "Cost of Revenue": 536763000.0,
        "Gross Profit": 1080406000.0,
        "R&D Expenses": 16757000.0,
        "SG&A Expense": 0.0,
        "Operating Expenses": 621014000.0,
        "Operating Income": 459392000.0,
        "Interest Expense": 65556000.0,
        "Earnings before Tax": 0.0,
        "Income Tax Expense": 143819000.0,
        "Net Income - Non-Controlling int": 0.0,
        "Net Income - Discontinued ops": 0.0,
        "Net Income": 253562000.0,
        "Preferred Dividends": 0.0,
        "Net Income Com": 253562000.0,
        "EPS": 3.52,
        "EPS Diluted": 3.51,
        "Weighted Average Shs Out": 72119021.0,
        "Weighted Average Shs Out (Dil)": 72316214.0,
        "Dividend per Share": 0.558546939418,
        "Gross Margin": 0.668084782728,
        "EBITDA Margin": 0.543536266154,
        "EBIT Margin": 0.284071732763,
        "Profit Margin": 0.156793755013,
        "Free Cash Flow margin": -0.277375462923,
        "EBITDA": 878990000.0,
        "EBIT": 459392000.0,
        "Consolidated Income": 253562000.0,
        "Earnings Before Tax Margin": 0.0,
        "Net Profit Margin": 0.156793755013
    },
    "2011": {
        "Revenue": 1483479000.0,
        "Revenue Growth": 740.7395,
        "Cost of Revenue": 382112000.0,
        "Gross Profit": 1101367000.0,
        "R&D Expenses": 10916000.0,
        "SG&A Expense": 0.0,
        "Operating Expenses": 653098000.0,
        "Operating Income": 448269000.0,
        "Interest Expense": 44822000.0,