{
    "2018": {
        "Revenue": 213312000.0,
        "Revenue Growth": -0.0988352689189589,
        "Cost of Revenue": 42374000.0,
        "Gross Profit": 170938000.0,
        "R&D Expenses": 44419000.0,
        "SG&A Expense": 60509000.0,
        "Operating Expenses": 176696000.0,
        "Operating Income": 36616000.0,
        "Interest Expense": 2736000.0,
        "Earnings before Tax": 34038000.0,
        "Income Tax Expense": 2135000.0,
        "Net Income - Non-Controlling int": 0.0,
        "Net Income - Discontinued ops": 0.0,
        "Net Income": 31903000.0,
        "Preferred Dividends": 0.0,
        "Net Income Com": 31903000.0,
        "EPS": 2.16,
        "EPS Diluted": 2.09,
        "Weighted Average Shs Out": 14768625.0,
        "Weighted Average Shs Out (Dil)": 15278651.0,
        "Dividend per Share": 0.0,
        "Gross Margin": 0.801352010201,
        "EBITDA Margin": 0.190622187219,
        "EBIT Margin": 0.171654665467,
        "Profit Margin": 0.149560268527,
        "Free Cash Flow margin": 0.244951057606,
        "EBITDA": 40662000.0,
        "EBIT": 36616000.0,
        "Consolidated Income": 31903000.0,
        "Earnings Before Tax Margin": 0.159569081908,
        "Net Profit Margin": 0.149560268527
    },
    "2017": {
        "Revenue": 236707000.0,
        "Revenue Growth": 0.249232117034863,
        "Cost of Revenue": 33714000.0,
        "Gross Profit": 202993000.0,
        "R&D Expenses": 32607000.0,
        "SG&A Expense": 71416000.0,
        "Operating Expenses": 162717000.0,
        "Operating Income": 73990000.0,
        "Interest Expense": 1136000.0,
        "Earnings before Tax": 72945000.0,
        "Income Tax Expense": 21002000.0,
        "Net Income - Non-Controlling int": 0.0,
        "Net Income - Discontinued ops": 0.0,
        "Net Income": 51943000.0,
        "Preferred Dividends": 0.0,
        "Net Income Com": 51943000.0,
        "EPS": 3.44,
        "EPS Diluted": 3.27,
        "Weighted Average Shs Out": 15102890.0,
        "Weighted Average Shs Out (Dil)": 15908211.0,
        "Dividend per Share": 0.0,
        "Gross Margin": 0.857570752027,
        "EBITDA Margin": 0.329348097014,
        "EBIT Margin": 0.31258053205,
        "Profit Margin": 0.219440067256,
        "Free Cash Flow margin": 0.230170632892,
        "EBITDA": 77959000.0,
        "EBIT": 73990000.0,
        "Consolidated Income": 51943000.0,
        "Earnings Before Tax Margin": 0.308165791464,
        "Net Profit Margin": 0.219440067256
    },
    "2016": {
        "Revenue": 189482000.0,
        "Revenue Growth": 1.86109894755915,
        "Cost of Revenue": 34320000.0,
        "Gross Profit": 155162000.0,
        "R&D Expenses": 30262000.0,
        "SG&A Expense": 52313000.0,
        "Operating Expenses": 136131000.0,
        "Operating Income": 53351000.0,
        "Interest Expense": 8000.0,
        "Earnings before Tax": 53427000.0,
        "Income Tax Expense": -28026000.0,
        "Net Income - Non-Controlling int": 0.0,
        "Net Income - Discontinued ops": 0.0,
        "Net Income": 81453000.0,
        "Preferred Dividends": 0.0,
        "Net Income Com": 81453000.0,
        "EPS": 5.24,
        "EPS Diluted": 4.96,
        "Weighted Average Shs Out": 15533681.0,
        "Weighted Average Shs Out (Dil)": 16434104.0,
        "Dividend per Share": 0.0,
        "Gross Margin": 0.818874616059,
        "EBITDA Margin": 0.289948385599,
        "EBIT Margin": 0.281562364763,
        "Profit Margin": 0.42987196673,
        "Free Cash Flow margin": 0.272411099735,
        "EBITDA": 54940000.0,
        "EBIT": 53351000.0,
        "Consolidated Income": 81453000.0,
        "Earnings Before Tax Margin": 0.28196345827,
        "Net Profit Margin": 0.42987196673
    },
    "2015": {
        "Revenue": 66227000.0,
        "Revenue Growth": 2.46756374679303,
        "Cost of Revenue": 15647000.0,
        "Gross Profit": 50580000.0,
        "R&D Expenses": 27855000.0,
        "SG&A Expense": 20165000.0,
        "Operating Expenses": 63667000.0,
        "Operating Income": 2560000.0,
        "Interest Expense": 11000.0,
        "Earnings before Tax": 2574000.0,
        "Income Tax Expense": 3000.0,
        "Net Income - Non-Controlling int": 0.0,
        "Net Income - Discontinued ops": 0.0,
        "Net Income": 2571000.0,
        "Preferred Dividends": 0.0,
        "Net Income Com": 2571000.0,
        "EPS": 0.17,
        "EPS Diluted": 0.16,
        "Weighted Average Shs Out": 15250154.0,
        "Weighted Average Shs Out (Dil)": 16253781.0,
        "Dividend per Share": 0.0,
        "Gross Margin": 0.763736844489,
        "EBITDA Margin": 0.0403460824135,
        "EBIT Margin": 0.0386549292585,
        "Profit Margin": 0.0388210246576,
        "Free Cash Flow margin": -0.175140048621,
        "EBITDA": 2672000.0,
        "EBIT": 2560000.0,
        "Consolidated Income": 2571000.0,
        "Earnings Before Tax Margin": 0.0388663234028,
        "Net Profit Margin": 0.0388210246576
    },
    "2014": {
        "Revenue": 19099000.0,
        "Revenue Growth": 0.396227794429417,
        "Cost of Revenue": 11714000.0,
        "Gross Profit": 7385000.0,
        "R&D Expenses": 16816000.0,
        "SG&A Expense": 9326000.0,
        "Operating Expenses": 37856000.0,
        "Operating Income": -18757000.0,
        "Interest Expense": 8000.0,
        "Earnings before Tax": -19272000.0,
        "Income Tax Expense": -1295000.0,
        "Net Income - Non-Controlling int": 0.0,
        "Net Income - Discontinued ops": 0.0,
        "Net Income": -17977000.0,
        "Preferred Dividends": 1666000.0,
        "Net Income Com": -17977000.0,
        "EPS": -1.97,
        "EPS Diluted": -1.97,
        "Weighted Average Shs Out": 9955937.0,
        "Weighted Average Shs Out (Dil)": 9955937.0,
        "Dividend per Share": 0.0,
        "Gross Margin": 0.386669459134,
        "EBITDA Margin": -0.976647992041,
        "EBIT Margin": -0.982093303314,
        "Profit Margin": -0.941253468768,
        "Free Cash Flow margin": -0.727210848736,
        "EBITDA": -18653000.0,
        "EBIT": -18757000.0,
        "Consolidated Income": -17977000.0,
        "Earnings Before Tax Margin": -1.00905806587,
        "Net Profit Margin": -0.941253468768
    },
    "2013": {
        "Revenue": 13679000.0,
        "Revenue Growth": 4.3875541551792,
        "Cost of Revenue": 7381000.0,
        "Gross Profit": 6298000.0,
        "R&D Expenses": 9795000.0,
        "SG&A Expense": 4958000.0,
        "Operating Expenses": 14753000.0,
        "Operating Income": -8455000.0,
        "Interest Expense": 309000.0,
        "Earnings before Tax": -6947000.0,
        "Income Tax Expense": -899000.0,
        "Net Income - Non-Controlling int": 0.0,
        "Net Income - Discontinued ops": 0.0,
        "Net Income": -6048000.0,
        "Preferred Dividends": 3837000.0,
        "Net Income Com": -9885000.0,
        "EPS": -3.25,
        "EPS Diluted": -3.25,
        "Weighted Average Shs Out": NaN,
        "Weighted Average Shs Out (Dil)": 3044308.0,
        "Dividend per Share": 0.0,
        "Gross Margin": 0.4604,
        "EBITDA Margin": -0.475,
        "EBIT Margin": -0.4853,
        "Profit Margin": -0.723,
        "Free Cash Flow margin": -0.4328,
        "EBITDA": -6503000.0,
        "EBIT": -6638000.0,
        "Consolidated Income": -6048000.0,
        "Earnings Before Tax Margin": -0.5079,
        "Net Profit Margin": -0.4421
    },
    "2012": {
        "Revenue": 2539000.0,
        "Revenue Growth": NaN,
        "Cost of Revenue": 3166000.0,
        "Gross Profit": -627000.0,
        "R&D Expenses": 12805000.0,
        "SG&A Expense": 6399000.0,
        "Operating Expenses": 19204000.0,
        "Operating Income": -19831000.0,
        "Interest Expense": 91000.0,
        "Earnings before Tax": -20164000.0,
        "Income Tax Expense": -781000.0,
        "Net Income - Non-Controlling int": 0.0,
        "Net Income - Discontinued ops": 0.0,
        "Net Income": -19383000.0,