{
    "2019": {
        "Revenue": 114131000.0,
        "Revenue Growth": -0.231373790298141,
        "Cost of Revenue": -28204000.0,
        "Gross Profit": 142335000.0,
        "R&D Expenses": 0.0,
        "SG&A Expense": 0.0,
        "Operating Expenses": 101346000.0,
        "Operating Income": 40989000.0,
        "Interest Expense": 8103000.0,
        "Earnings before Tax": 32246000.0,
        "Income Tax Expense": 6167000.0,
        "Net Income - Non-Controlling int": 0.0,
        "Net Income - Discontinued ops": 0.0,
        "Net Income": 23352000.0,
        "Preferred Dividends": 0.0,
        "Net Income Com": 23352000.0,
        "EPS": 1.85,
        "EPS Diluted": 1.74,
        "Weighted Average Shs Out": 12606000.0,
        "Weighted Average Shs Out (Dil)": 13448000.0,
        "Dividend per Share": 0.390690065437,
        "Gross Margin": 1.24711953807,
        "EBITDA Margin": 0.398506978823,
        "EBIT Margin": 0.359139935688,
        "Profit Margin": 0.204606986708,
        "Free Cash Flow margin": 0.0632694009515,
        "EBITDA": 45482000.0,
        "EBIT": 40989000.0,
        "Consolidated Income": 23352000.0,
        "Earnings Before Tax Margin": 0.282534981732,
        "Net Profit Margin": 0.204606986708
    },
    "2018": {
        "Revenue": 148487000.0,
        "Revenue Growth": -0.30797229782633,
        "Cost of Revenue": -80508000.0,
        "Gross Profit": 228995000.0,
        "R&D Expenses": 0.0,
        "SG&A Expense": 0.0,
        "Operating Expenses": 138198000.0,
        "Operating Income": 90797000.0,
        "Interest Expense": 15143000.0,
        "Earnings before Tax": 73027000.0,
        "Income Tax Expense": -11732000.0,
        "Net Income - Non-Controlling int": 0.0,
        "Net Income - Discontinued ops": 0.0,
        "Net Income": 82129000.0,
        "Preferred Dividends": 0.0,
        "Net Income Com": 82129000.0,
        "EPS": 6.65,
        "EPS Diluted": 6.5,
        "Weighted Average Shs Out": 12347000.0,
        "Weighted Average Shs Out (Dil)": 12626000.0,
        "Dividend per Share": 0.385791224457,
        "Gross Margin": 1.54218887849,
        "EBITDA Margin": 0.652993191323,
        "EBIT Margin": 0.611481139763,
        "Profit Margin": 0.553105659081,
        "Free Cash Flow margin": -0.01055984699,
        "EBITDA": 96961000.0,
        "EBIT": 90797000.0,
        "Consolidated Income": 82129000.0,
        "Earnings Before Tax Margin": 0.491807363608,
        "Net Profit Margin": 0.553105659081
    },
    "2017": {
        "Revenue": 214568000.0,
        "Revenue Growth": -0.0728720623247333,
        "Cost of Revenue": -13590000.0,
        "Gross Profit": 228158000.0,
        "R&D Expenses": 0.0,
        "SG&A Expense": 0.0,
        "Operating Expenses": 196250000.0,
        "Operating Income": 31908000.0,
        "Interest Expense": 18018000.0,
        "Earnings before Tax": 13110000.0,
        "Income Tax Expense": -110000.0,
        "Net Income - Non-Controlling int": 0.0,
        "Net Income - Discontinued ops": 0.0,
        "Net Income": 13119000.0,
        "Preferred Dividends": 0.0,
        "Net Income Com": 13119000.0,
        "EPS": 1.09,
        "EPS Diluted": 1.07,
        "Weighted Average Shs Out": 12040000.0,
        "Weighted Average Shs Out (Dil)": 12229000.0,
        "Dividend per Share": 0.456047101153,
        "Gross Margin": 1.06333656463,
        "EBITDA Margin": 0.178847731255,
        "EBIT Margin": 0.14870810186,
        "Profit Margin": 0.0611414563215,
        "Free Cash Flow margin": 0.0755098616756,
        "EBITDA": 38375000.0,
        "EBIT": 31908000.0,
        "Consolidated Income": 13119000.0,
        "Earnings Before Tax Margin": 0.0610995115767,
        "Net Profit Margin": 0.0611414563215
    },
    "2016": {
        "Revenue": 231433000.0,
        "Revenue Growth": 0.0,
        "Cost of Revenue": 366788000.0,
        "Gross Profit": -141155000.0,
        "R&D Expenses": 0.0,
        "SG&A Expense": 13023000.0,
        "Operating Expenses": 202214000.0,
        "Operating Income": -154175000.0,
        "Interest Expense": -18956000.0,
        "Earnings before Tax": 1847000.0,
        "Income Tax Expense": -2069000.0,
        "Net Income - Non-Controlling int": -2418000.0,
        "Net Income - Discontinued ops": 0.0,
        "Net Income": 2114000.0,
        "Preferred Dividends": 162000.0,
        "Net Income Com": 1952000.0,
        "EPS": 0.18,
        "EPS Diluted": 0.17,
        "Weighted Average Shs Out": 11545000.0,
        "Weighted Average Shs Out (Dil)": 11034000.0,
        "Dividend per Share": 0.0,
        "Gross Margin": -0.6099,
        "EBITDA Margin": 0.125,
        "EBIT Margin": 0.1263,
        "Profit Margin": 0.008,
        "Free Cash Flow margin": 0.0939,
        "EBITDA": 28936000.0,
        "EBIT": 29219000.0,
        "Consolidated Income": -304000.0,
        "Earnings Before Tax Margin": 0.008,
        "Net Profit Margin": 0.0091
    },
    "2015": {
        "Revenue": 237938000.0,
        "Revenue Growth": 0.15984713326119,
        "Cost of Revenue": 65415000.0,
        "Gross Profit": 172523000.0,
        "R&D Expenses": 0.0,
        "SG&A Expense": 0.0,
        "Operating Expenses": 206586000.0,
        "Operating Income": -34063000.0,
        "Interest Expense": 17101000.0,
        "Earnings before Tax": -59037000.0,
        "Income Tax Expense": 36948000.0,
        "Net Income - Non-Controlling int": 0.0,
        "Net Income - Discontinued ops": 0.0,
        "Net Income": -99259000.0,
        "Preferred Dividends": 0.0,
        "Net Income Com": -99259000.0,
        "EPS": -2.33,
        "EPS Diluted": -2.33,
        "Weighted Average Shs Out": 42537000.0,
        "Weighted Average Shs Out (Dil)": 42537000.0,
        "Dividend per Share": 0.127606554294,
        "Gross Margin": 0.72507543982,
        "EBITDA Margin": -0.113096689053,
        "EBIT Margin": -0.143159142298,
        "Profit Margin": -0.41716329464,
        "Free Cash Flow margin": 0.0627978717145,
        "EBITDA": -26910000.0,
        "EBIT": -34063000.0,
        "Consolidated Income": -99259000.0,
        "Earnings Before Tax Margin": -0.248119257958,
        "Net Profit Margin": -0.41716329464
    },
    "2014": {
        "Revenue": 205146000.0,
        "Revenue Growth": 0.0462148874971951,
        "Cost of Revenue": -8000.0,
        "Gross Profit": 205154000.0,
        "R&D Expenses": 0.0,
        "SG&A Expense": 0.0,
        "Operating Expenses": 182957000.0,
        "Operating Income": 22197000.0,
        "Interest Expense": 7068000.0,
        "Earnings before Tax": 48655000.0,
        "Income Tax Expense": -34063000.0,
        "Net Income - Non-Controlling int": 0.0,
        "Net Income - Discontinued ops": 0.0,
        "Net Income": 43481000.0,
        "Preferred Dividends": 0.0,
        "Net Income Com": 43481000.0,
        "EPS": 1.08,
        "EPS Diluted": 0.94,
        "Weighted Average Shs Out": 40506000.0,
        "Weighted Average Shs Out (Dil)": 46042000.0,
        "Dividend per Share": 0.100343164936,
        "Gross Margin": 1.00003899662,
        "EBITDA Margin": 0.136005576516,
        "EBIT Margin": 0.108200988564,
        "Profit Margin": 0.211951488208,
        "Free Cash Flow margin": 0.105476099948,
        "EBITDA": 27901000.0,
        "EBIT": 22197000.0,
        "Consolidated Income": 43481000.0,
        "Earnings Before Tax Margin": 0.237172550281,
        "Net Profit Margin": 0.211951488208
    },
    "2013": {
        "Revenue": 196084000.0,
        "Revenue Growth": 0.0,
        "Cost of Revenue": 1542000.0,
        "Gross Profit": 194542000.0,
        "R&D Expenses": 0.0,
        "SG&A Expense": 0.0,
        "Operating Expenses": 177993000.0,
        "Operating Income": 16549000.0,
        "Interest Expense": 20899000.0,
        "Earnings before Tax": -1829000.0,
        "Income Tax Expense": -7039000.0,
        "Net Income - Non-Controlling int": 0.0,
        "Net Income - Discontinued ops": 0.0,
        "Net Income": 43772000.0,