{
    "2018": {
        "Revenue": 17275399000.0,
        "Revenue Growth": 0.541301372551819,
        "Cost of Revenue": 10947407000.0,
        "Gross Profit": 6327992000.0,
        "R&D Expenses": 148999000.0,
        "SG&A Expense": 426969000.0,
        "Operating Expenses": 1858646000.0,
        "Operating Income": 4469346000.0,
        "Interest Expense": 245052000.0,
        "Earnings before Tax": 4240998000.0,
        "Income Tax Expense": 821958000.0,
        "Net Income - Non-Controlling int": 0.0,
        "Net Income - Discontinued ops": 0.0,
        "Net Income": 3419040000.0,
        "Preferred Dividends": 0.0,
        "Net Income Com": 3419040000.0,
        "EPS": 5.93,
        "EPS Diluted": 5.89,
        "Weighted Average Shs Out": 576578000.0,
        "Weighted Average Shs Out (Dil)": 580441000.0,
        "Dividend per Share": 0.0,
        "Gross Margin": 0.366300772561,
        "EBITDA Margin": 0.457572875741,
        "EBIT Margin": 0.258711593289,
        "Profit Margin": 0.197913807953,
        "Free Cash Flow margin": 0.449691957911,
        "EBITDA": 7904754000.0,
        "EBIT": 4469346000.0,
        "Consolidated Income": 3419040000.0,
        "Earnings Before Tax Margin": 0.245493490483,
        "Net Profit Margin": 0.197913807953
    },
    "2017": {
        "Revenue": 11208320000.0,
        "Revenue Growth": 0.465018837659425,
        "Cost of Revenue": 8657262000.0,
        "Gross Profit": 2551058000.0,
        "R&D Expenses": 145342000.0,
        "SG&A Expense": 434467000.0,
        "Operating Expenses": 1624656000.0,
        "Operating Income": 926402000.0,
        "Interest Expense": 274372000.0,
        "Earnings before Tax": 661182000.0,
        "Income Tax Expense": -1921397000.0,
        "Net Income - Non-Controlling int": 0.0,
        "Net Income - Discontinued ops": 0.0,
        "Net Income": 2582579000.0,
        "Preferred Dividends": 0.0,
        "Net Income Com": 2582579000.0,
        "EPS": 4.49,
        "EPS Diluted": 4.46,
        "Weighted Average Shs Out": 574620000.0,
        "Weighted Average Shs Out (Dil)": 578693000.0,
        "Dividend per Share": 0.0,
        "Gross Margin": 0.227603958488,
        "EBITDA Margin": 0.386836653486,
        "EBIT Margin": 0.0826530648661,
        "Profit Margin": 0.230416244361,
        "Free Cash Flow margin": 0.380550876492,
        "EBITDA": 4335789000.0,
        "EBIT": 926402000.0,
        "Consolidated Income": 2582579000.0,
        "Earnings Before Tax Margin": 0.0589902857877,
        "Net Profit Margin": 0.230416244361
    },
    "2016": {
        "Revenue": 7650632000.0,
        "Revenue Growth": -0.126383682515003,
        "Cost of Revenue": 8356145000.0,
        "Gross Profit": -705513000.0,
        "R&D Expenses": 124953000.0,
        "SG&A Expense": 394815000.0,
        "Operating Expenses": 519768000.0,
        "Operating Income": -1225281000.0,
        "Interest Expense": 281681000.0,
        "Earnings before Tax": -1082358000.0,
        "Income Tax Expense": -460819000.0,
        "Net Income - Non-Controlling int": 0.0,
        "Net Income - Discontinued ops": 0.0,
        "Net Income": -1096686000.0,
        "Preferred Dividends": 0.0,
        "Net Income Com": -1096686000.0,
        "EPS": -1.98,
        "EPS Diluted": -1.98,
        "Weighted Average Shs Out": 553384000.0,
        "Weighted Average Shs Out (Dil)": 553384000.0,
        "Dividend per Share": 0.0,
        "Gross Margin": -0.092216303176,
        "EBITDA Margin": 0.304306363187,
        "EBIT Margin": -0.160154219939,
        "Profit Margin": -0.143345804634,
        "Free Cash Flow margin": 0.308348774323,
        "EBITDA": 2328136000.0,
        "EBIT": -1225281000.0,
        "Consolidated Income": -1096686000.0,
        "Earnings Before Tax Margin": -0.141473018177,
        "Net Profit Margin": -0.143345804634
    },
    "2015": {
        "Revenue": 8757428000.0,
        "Revenue Growth": -0.514429558855004,
        "Cost of Revenue": 14927419000.0,
        "Gross Profit": -6169991000.0,
        "R&D Expenses": 149494000.0,
        "SG&A Expense": 366594000.0,
        "Operating Expenses": 516088000.0,
        "Operating Income": -6686079000.0,
        "Interest Expense": 237393000.0,
        "Earnings before Tax": -4534797000.0,
        "Income Tax Expense": -2397041000.0,
        "Net Income - Non-Controlling int": 0.0,
        "Net Income - Discontinued ops": 0.0,
        "Net Income": -4524515000.0,
        "Preferred Dividends": 0.0,
        "Net Income Com": -4524515000.0,
        "EPS": -8.29,
        "EPS Diluted": -8.29,
        "Weighted Average Shs Out": 545697000.0,
        "Weighted Average Shs Out (Dil)": 545697000.0,
        "Dividend per Share": 0.0,
        "Gross Margin": -0.704543731333,
        "EBITDA Margin": -0.385094230863,
        "EBIT Margin": -0.763475189291,
        "Profit Margin": -0.516648837992,
        "Free Cash Flow margin": 0.410527497343,
        "EBITDA": -3372435000.0,
        "EBIT": -6686079000.0,
        "Consolidated Income": -4524515000.0,
        "Earnings Before Tax Margin": -0.517822927006,
        "Net Profit Margin": -0.516648837992
    },
    "2014": {
        "Revenue": 18035340000.0,
        "Revenue Growth": 0.244922558096096,
        "Cost of Revenue": 12207119000.0,
        "Gross Profit": 5828221000.0,
        "R&D Expenses": 184388000.0,
        "SG&A Expense": 402010000.0,
        "Operating Expenses": 586398000.0,
        "Operating Income": 5241823000.0,
        "Interest Expense": 201458000.0,
        "Earnings before Tax": 2476597000.0,
        "Income Tax Expense": 2079828000.0,
        "Net Income - Non-Controlling int": 0.0,
        "Net Income - Discontinued ops": 0.0,
        "Net Income": 2915487000.0,
        "Preferred Dividends": 0.0,
        "Net Income Com": 2915487000.0,
        "EPS": 5.36,
        "EPS Diluted": 5.32,
        "Weighted Average Shs Out": 543443000.0,
        "Weighted Average Shs Out (Dil)": 548539000.0,
        "Dividend per Share": 2.2787805425e-10,
        "Gross Margin": 0.323155593407,
        "EBITDA Margin": 0.5122644763,
        "EBIT Margin": 0.290641762229,
        "Profit Margin": 0.16165411908,
        "Free Cash Flow margin": 0.479567061114,
        "EBITDA": 9238864000.0,
        "EBIT": 5241823000.0,
        "Consolidated Income": 2915487000.0,
        "Earnings Before Tax Margin": 0.137319119019,
        "Net Profit Margin": 0.16165411908
    },
    "2013": {
        "Revenue": 14487118000.0,
        "Revenue Growth": 0.240055583346087,
        "Cost of Revenue": 10302249000.0,
        "Gross Profit": 4184869000.0,
        "R&D Expenses": 161346000.0,
        "SG&A Expense": 348312000.0,
        "Operating Expenses": 509658000.0,
        "Operating Income": 3675211000.0,
        "Interest Expense": 235460000.0,
        "Earnings before Tax": 2173048000.0,
        "Income Tax Expense": 1239777000.0,
        "Net Income - Non-Controlling int": 0.0,
        "Net Income - Discontinued ops": 0.0,
        "Net Income": 2197109000.0,
        "Preferred Dividends": 0.0,
        "Net Income Com": 2197109000.0,
        "EPS": 8.13,
        "EPS Diluted": 8.04,
        "Weighted Average Shs Out": 270170000.0,
        "Weighted Average Shs Out (Dil)": 273114000.0,
        "Dividend per Share": 0.0,
        "Gross Margin": 0.288868289745,
        "EBITDA Margin": 0.502252207789,
        "EBIT Margin": 0.253688207689,
        "Profit Margin": 0.151659495008,
        "Free Cash Flow margin": 0.505926299489,
        "EBITDA": 7276187000.0,
        "EBIT": 3675211000.0,
        "Consolidated Income": 2197109000.0,
        "Earnings Before Tax Margin": 0.149998640171,
        "Net Profit Margin": 0.151659495008
    },
    "2012": {
        "Revenue": 11682636000.0,
        "Revenue Growth": 0.153713541669238,
        "Cost of Revenue": 9685725000.0,
        "Gross Profit": 1996911000.0,
        "R&D Expenses": 185569000.0,
        "SG&A Expense": 331545000.0,