{
    "2018": {
        "Revenue": 1842912000.0,
        "Revenue Growth": 0.270581227317353,
        "Cost of Revenue": 1186921000.0,
        "Gross Profit": 655991000.0,
        "R&D Expenses": 0.0,
        "SG&A Expense": 373587000.0,
        "Operating Expenses": 373587000.0,
        "Operating Income": 245764000.0,
        "Interest Expense": 0.0,
        "Earnings before Tax": 249773000.0,
        "Income Tax Expense": 9517000.0,
        "Net Income - Non-Controlling int": 0.0,
        "Net Income - Discontinued ops": 0.0,
        "Net Income": 240256000.0,
        "Preferred Dividends": 0.0,
        "Net Income Com": 240256000.0,
        "EPS": 4.48,
        "EPS Diluted": 4.24,
        "Weighted Average Shs Out": 53623000.0,
        "Weighted Average Shs Out (Dil)": 56673000.0,
        "Dividend per Share": 0.0,
        "Gross Margin": 0.355953512702,
        "EBITDA Margin": 0.153237919119,
        "EBIT Margin": 0.1333563404,
        "Profit Margin": 0.130367592158,
        "Free Cash Flow margin": 0.138174801618,
        "EBITDA": 282404000.0,
        "EBIT": 245764000.0,
        "Consolidated Income": 240256000.0,
        "Earnings Before Tax Margin": 0.135531702002,
        "Net Profit Margin": 0.130367592158
    },
    "2017": {
        "Revenue": 1450448000.0,
        "Revenue Growth": 0.250243937758807,
        "Cost of Revenue": 921352000.0,
        "Gross Profit": 529096000.0,
        "R&D Expenses": 0.0,
        "SG&A Expense": 324855000.0,
        "Operating Expenses": 324855000.0,
        "Operating Income": 172946000.0,
        "Interest Expense": 0.0,
        "Earnings before Tax": 174305000.0,
        "Income Tax Expense": 101545000.0,
        "Net Income - Non-Controlling int": 0.0,
        "Net Income - Discontinued ops": 0.0,
        "Net Income": 72760000.0,
        "Preferred Dividends": 0.0,
        "Net Income Com": 72760000.0,
        "EPS": 1.4,
        "EPS Diluted": 1.32,
        "Weighted Average Shs Out": 52077011.0,
        "Weighted Average Shs Out (Dil)": 54984173.0,
        "Dividend per Share": 0.0,
        "Gross Margin": 0.364781088326,
        "EBITDA Margin": 0.138928110487,
        "EBIT Margin": 0.119236263554,
        "Profit Margin": 0.0501638114569,
        "Free Cash Flow margin": 0.114142664887,
        "EBITDA": 201508000.0,
        "EBIT": 172946000.0,
        "Consolidated Income": 72760000.0,
        "Earnings Before Tax Margin": 0.120173215448,
        "Net Profit Margin": 0.0501638114569
    },
    "2016": {
        "Revenue": 1160132000.0,
        "Revenue Growth": 0.26911329704374,
        "Cost of Revenue": 737186000.0,
        "Gross Profit": 422946000.0,
        "R&D Expenses": 0.0,
        "SG&A Expense": 264658000.0,
        "Operating Expenses": 264658000.0,
        "Operating Income": 133696000.0,
        "Interest Expense": 0.0,
        "Earnings before Tax": 126466000.0,
        "Income Tax Expense": 27200000.0,
        "Net Income - Non-Controlling int": 0.0,
        "Net Income - Discontinued ops": 0.0,
        "Net Income": 99266000.0,
        "Preferred Dividends": 0.0,
        "Net Income Com": 99266000.0,
        "EPS": 1.97,
        "EPS Diluted": 1.87,
        "Weighted Average Shs Out": 50309000.0,
        "Weighted Average Shs Out (Dil)": 53215000.0,
        "Dividend per Share": 0.0,
        "Gross Margin": 0.364567135464,
        "EBITDA Margin": 0.135400971614,
        "EBIT Margin": 0.115242058662,
        "Profit Margin": 0.0855644012923,
        "Free Cash Flow margin": 0.116797054128,
        "EBITDA": 157083000.0,
        "EBIT": 133696000.0,
        "Consolidated Income": 99266000.0,
        "Earnings Before Tax Margin": 0.109010009206,
        "Net Profit Margin": 0.0855644012923
    },
    "2015": {
        "Revenue": 914128000.0,
        "Revenue Growth": 0.252183823338041,
        "Cost of Revenue": 566913000.0,
        "Gross Profit": 347215000.0,
        "R&D Expenses": 0.0,
        "SG&A Expense": 222759000.0,
        "Operating Expenses": 222759000.0,
        "Operating Income": 105967000.0,
        "Interest Expense": 0.0,
        "Earnings before Tax": 106070000.0,
        "Income Tax Expense": 21614000.0,
        "Net Income - Non-Controlling int": 0.0,
        "Net Income - Discontinued ops": 0.0,
        "Net Income": 84456000.0,
        "Preferred Dividends": 0.0,
        "Net Income Com": 84456000.0,
        "EPS": 1.73,
        "EPS Diluted": 1.62,
        "Weighted Average Shs Out": 48721000.0,
        "Weighted Average Shs Out (Dil)": 51986000.0,
        "Dividend per Share": 0.0,
        "Gross Margin": 0.379831927257,
        "EBITDA Margin": 0.134950466455,
        "EBIT Margin": 0.115921402692,
        "Profit Margin": 0.092389687221,
        "Free Cash Flow margin": 0.0690505049621,
        "EBITDA": 123362000.0,
        "EBIT": 105967000.0,
        "Consolidated Income": 84456000.0,
        "Earnings Before Tax Margin": 0.116034078379,
        "Net Profit Margin": 0.092389687221
    },
    "2014": {
        "Revenue": 730027000.0,
        "Revenue Growth": 0.315086729464239,
        "Cost of Revenue": 456530000.0,
        "Gross Profit": 273497000.0,
        "R&D Expenses": 0.0,
        "SG&A Expense": 163666000.0,
        "Operating Expenses": 163666000.0,
        "Operating Income": 86183000.0,
        "Interest Expense": 0.0,
        "Earnings before Tax": 86953000.0,
        "Income Tax Expense": 17312000.0,
        "Net Income - Non-Controlling int": 0.0,
        "Net Income - Discontinued ops": 0.0,
        "Net Income": 69641000.0,
        "Preferred Dividends": 0.0,
        "Net Income Com": 69641000.0,
        "EPS": 1.48,
        "EPS Diluted": 1.4,
        "Weighted Average Shs Out": 47189000.0,
        "Weighted Average Shs Out (Dil)": 49734000.0,
        "Dividend per Share": 0.0,
        "Gross Margin": 0.374639568126,
        "EBITDA Margin": 0.142002967014,
        "EBIT Margin": 0.118054537709,
        "Profit Margin": 0.095395101825,
        "Free Cash Flow margin": 0.127335016376,
        "EBITDA": 103666000.0,
        "EBIT": 86183000.0,
        "Consolidated Income": 69641000.0,
        "Earnings Before Tax Margin": 0.119109293218,
        "Net Profit Margin": 0.095395101825
    },
    "2013": {
        "Revenue": 555117000.0,
        "Revenue Growth": 0.279664084057363,
        "Cost of Revenue": 347650000.0,
        "Gross Profit": 207467000.0,
        "R&D Expenses": 0.0,
        "SG&A Expense": 116497000.0,
        "Operating Expenses": 116497000.0,
        "Operating Income": 76493000.0,
        "Interest Expense": 0.0,
        "Earnings before Tax": 76770000.0,
        "Income Tax Expense": 14776000.0,
        "Net Income - Non-Controlling int": 0.0,
        "Net Income - Discontinued ops": 0.0,
        "Net Income": 61994000.0,
        "Preferred Dividends": 0.0,
        "Net Income Com": 61994000.0,
        "EPS": 1.35,
        "EPS Diluted": 1.28,
        "Weighted Average Shs Out": 45754.0,
        "Weighted Average Shs Out (Dil)": 48358.0,
        "Dividend per Share": 0.0,
        "Gross Margin": 0.373735626904,
        "EBITDA Margin": 0.165033677585,
        "EBIT Margin": 0.137796176302,
        "Profit Margin": 0.111677358106,
        "Free Cash Flow margin": 0.0808207999395,
        "EBITDA": 91613000.0,
        "EBIT": 76493000.0,
        "Consolidated Income": 61994000.0,
        "Earnings Before Tax Margin": 0.138295170207,
        "Net Profit Margin": 0.111677358106
    },
    "2012": {
        "Revenue": 433799000.0,
        "Revenue Growth": 0.296749449971303,
        "Cost of Revenue": 270361000.0,
        "Gross Profit": 163438000.0,
        "R&D Expenses": 0.0,
        "SG&A Expense": 85868000.0,
        "Operating Expenses": 85868000.0,
        "Operating Income": 66006000.0,
        "Interest Expense": 0.0,
        "Earnings before Tax": 65863000.0,
        "Income Tax Expense": 11379000.0,
        "Net Income - Non-Controlling int": 0.0,
        "Net Income - Discontinued ops": 0.0,