{
    "2018": {
        "Revenue": 8448201000.0,
        "Revenue Growth": 0.0898159586127468,
        "Cost of Revenue": 0.0,
        "Gross Profit": 0.0,
        "R&D Expenses": 0.0,
        "SG&A Expense": 0.0,
        "Operating Expenses": 6748271000.0,
        "Operating Income": 1699930000.0,
        "Interest Expense": 498800000.0,
        "Earnings before Tax": 1329491000.0,
        "Income Tax Expense": 289000000.0,
        "Net Income - Non-Controlling int": 0.0,
        "Net Income - Discontinued ops": 0.0,
        "Net Income": 1040519000.0,
        "Preferred Dividends": 7519000.0,
        "Net Income Com": 1040519000.0,
        "EPS": 3.25,
        "EPS Diluted": 3.25,
        "Weighted Average Shs Out": 317370369.0,
        "Weighted Average Shs Out (Dil)": 317993934.0,
        "Dividend per Share": 2.01296292652,
        "Gross Margin": 0.0,
        "EBITDA Margin": 0.328103699237,
        "EBIT Margin": 0.201217987119,
        "Profit Margin": 0.123164564858,
        "Free Cash Flow margin": -0.0875207632962,
        "EBITDA": 2771886000.0,
        "EBIT": 1699930000.0,
        "Consolidated Income": 1040519000.0,
        "Earnings Before Tax Margin": 0.157369716937,
        "Net Profit Margin": 0.123164564858
    },
    "2017": {
        "Revenue": 7751952000.0,
        "Revenue Growth": 0.0147690921307914,
        "Cost of Revenue": 0.0,
        "Gross Profit": 0.0,
        "R&D Expenses": 0.0,
        "SG&A Expense": 0.0,
        "Operating Expenses": 5833798000.0,
        "Operating Income": 1918200000.0,
        "Interest Expense": 421800000.0,
        "Earnings before Tax": 1574400000.0,
        "Income Tax Expense": 578892000.0,
        "Net Income - Non-Controlling int": 0.0,
        "Net Income - Discontinued ops": 0.0,
        "Net Income": 995515000.0,
        "Preferred Dividends": 7519000.0,
        "Net Income Com": 995515000.0,
        "EPS": 3.11,
        "EPS Diluted": 3.11,
        "Weighted Average Shs Out": 317411097.0,
        "Weighted Average Shs Out (Dil)": 318031580.0,
        "Dividend per Share": 1.89315476155,
        "Gross Margin": 0.0,
        "EBITDA Margin": 0.363239994262,
        "EBIT Margin": 0.247447352615,
        "Profit Margin": 0.128421202814,
        "Free Cash Flow margin": -0.0442689789617,
        "EBITDA": 2815819000.0,
        "EBIT": 1918200000.0,
        "Consolidated Income": 995515000.0,
        "Earnings Before Tax Margin": 0.2030972328,
        "Net Profit Margin": 0.128421202814
    },
    "2016": {
        "Revenue": 7639129000.0,
        "Revenue Growth": -0.0396863439016336,
        "Cost of Revenue": 0.0,
        "Gross Profit": 0.0,
        "R&D Expenses": 0.0,
        "SG&A Expense": 0.0,
        "Operating Expenses": 5779270000.0,
        "Operating Income": 1859859000.0,
        "Interest Expense": 401000000.0,
        "Earnings before Tax": 1504818000.0,
        "Income Tax Expense": 554997000.0,
        "Net Income - Non-Controlling int": 0.0,
        "Net Income - Discontinued ops": 0.0,
        "Net Income": 949800000.0,
        "Preferred Dividends": 7519000.0,
        "Net Income Com": 949800000.0,
        "EPS": 2.97,
        "EPS Diluted": 2.96,
        "Weighted Average Shs Out": 317650180.0,
        "Weighted Average Shs Out (Dil)": 318454239.0,
        "Dividend per Share": 1.77258120907,
        "Gross Margin": 0.0,
        "EBITDA Margin": 0.350446235428,
        "EBIT Margin": 0.243464798146,
        "Profit Margin": 0.124333546403,
        "Free Cash Flow margin": 0.0259390828457,
        "EBITDA": 2677104000.0,
        "EBIT": 1859859000.0,
        "Consolidated Income": 949800000.0,
        "Earnings Before Tax Margin": 0.196988164488,
        "Net Profit Margin": 0.124333546403
    },
    "2015": {
        "Revenue": 7954827000.0,
        "Revenue Growth": 0.0,
        "Cost of Revenue": 0.0,
        "Gross Profit": 0.0,
        "R&D Expenses": 0.0,
        "SG&A Expense": 0.0,
        "Operating Expenses": 6190663000.0,
        "Operating Income": 1764164000.0,
        "Interest Expense": 372420000.0,
        "Earnings before Tax": 1425971000.0,
        "Income Tax Expense": 539967000.0,
        "Net Income - Non-Controlling int": 0.0,
        "Net Income - Discontinued ops": 0.0,
        "Net Income": 886004000.0,
        "Preferred Dividends": 0.0,
        "Net Income Com": 886004000.0,
        "EPS": 2.77,
        "EPS Diluted": 2.76,
        "Weighted Average Shs Out": 317336881.0,
        "Weighted Average Shs Out (Dil)": 318432687.0,
        "Dividend per Share": 1.66374565686,
        "Gross Margin": 0.0,
        "EBITDA Margin": 0.30828564845,
        "EBIT Margin": 0.221772767654,
        "Profit Margin": 0.111379417805,
        "Free Cash Flow margin": -0.0377272818127,
        "EBITDA": 2452359000.0,
        "EBIT": 1764164000.0,
        "Consolidated Income": 886004000.0,
        "Earnings Before Tax Margin": 0.179258580985,
        "Net Profit Margin": 0.111379417805
    },
    "2014": {
        "Revenue": 0.0,
        "Revenue Growth": 0.0,
        "Cost of Revenue": 0.0,
        "Gross Profit": 0.0,
        "R&D Expenses": 0.0,
        "SG&A Expense": 0.0,
        "Operating Expenses": 6109007000.0,
        "Operating Income": 1632849000.0,
        "Interest Expense": 362106000.0,
        "Earnings before Tax": 0.0,
        "Income Tax Expense": 468297000.0,
        "Net Income - Non-Controlling int": 0.0,
        "Net Income - Discontinued ops": 0.0,
        "Net Income": 827065000.0,
        "Preferred Dividends": -7500000.0,
        "Net Income Com": 827065000.0,
        "EPS": 2.59,
        "EPS Diluted": 2.58,
        "Weighted Average Shs Out": 0.0,
        "Weighted Average Shs Out (Dil)": 0.0,
        "Dividend per Share": 0.0,
        "Gross Margin": 0.0,
        "EBITDA Margin": 0.0,
        "EBIT Margin": 0.0,
        "Profit Margin": 0.0,
        "Free Cash Flow margin": 0.0,
        "EBITDA": 2258210000.0,
        "EBIT": 1632849000.0,
        "Consolidated Income": 827065000.0,
        "Earnings Before Tax Margin": 0.0,
        "Net Profit Margin": 0.0
    },
    "2013": {
        "Revenue": 0.0,
        "Revenue Growth": 0.0,
        "Cost of Revenue": 0.0,
        "Gross Profit": 0.0,
        "R&D Expenses": 0.0,
        "SG&A Expense": 0.0,
        "Operating Expenses": 5771769000.0,
        "Operating Income": 1529435000.0,
        "Interest Expense": 338699000.0,
        "Earnings before Tax": 0.0,
        "Income Tax Expense": 426941000.0,
        "Net Income - Non-Controlling int": 0.0,
        "Net Income - Discontinued ops": 0.0,
        "Net Income": 793689000.0,
        "Preferred Dividends": -7700000.0,
        "Net Income Com": 793689000.0,
        "EPS": 2.49,
        "EPS Diluted": 2.49,
        "Weighted Average Shs Out": 0.0,
        "Weighted Average Shs Out (Dil)": 0.0,
        "Dividend per Share": 0.0,
        "Gross Margin": 0.0,
        "EBITDA Margin": 0.0,
        "EBIT Margin": 0.0,
        "Profit Margin": 0.0,
        "Free Cash Flow margin": 0.0,
        "EBITDA": 2389115000.0,
        "EBIT": 1529435000.0,
        "Consolidated Income": 793689000.0,
        "Earnings Before Tax Margin": 0.0,
        "Net Profit Margin": 0.0
    },
    "2012": {
        "Revenue": 0.0,
        "Revenue Growth": 0.0,
        "Cost of Revenue": 0.0,
        "Gross Profit": 0.0,
        "R&D Expenses": 0.0,
        "SG&A Expense": 0.0,
        "Operating Expenses": 5155581000.0,
        "Operating Income": 1118206000.0,
        "Interest Expense": 329945000.0,
        "Earnings before Tax": 0.0,
        "Income Tax Expense": 274926000.0,
        "Net Income - Non-Controlling int": 0.0,
        "Net Income - Discontinued ops": 0.0,
        "Net Income": 533077000.0,
        "Preferred Dividends": -7000000.0,
        "Net Income Com": 533077000.0,
        "EPS": 1.9,
        "EPS Diluted": 1.89,
        "Weighted Average Shs Out": 0.0,
        "Weighted Average Shs Out (Dil)": 0.0,
        "Dividend per Share": 0.0,