{
    "2018": {
        "Revenue": 11932328.0,
        "Revenue Growth": -0.00563933333333333,
        "Cost of Revenue": 10305889.0,
        "Gross Profit": 1626439.0,
        "R&D Expenses": 4449974.0,
        "SG&A Expense": 10252674.0,
        "Operating Expenses": 14702648.0,
        "Operating Income": -13076209.0,
        "Interest Expense": 38484.0,
        "Earnings before Tax": -13324541.0,
        "Income Tax Expense": 0.0,
        "Net Income - Non-Controlling int": 0.0,
        "Net Income - Discontinued ops": 0.0,
        "Net Income": -12970015.0,
        "Preferred Dividends": 345810.0,
        "Net Income Com": -12970015.0,
        "EPS": -0.24,
        "EPS Diluted": -0.24,
        "Weighted Average Shs Out": 56003019.0,
        "Weighted Average Shs Out (Dil)": 56003019.0,
        "Dividend per Share": 0.0,
        "Gross Margin": 0.136305254096,
        "EBITDA Margin": -1.07102251966,
        "EBIT Margin": -1.09586402586,
        "Profit Margin": -1.08696433755,
        "Free Cash Flow margin": -0.875869151435,
        "EBITDA": -12779792.0,
        "EBIT": -13076209.0,
        "Consolidated Income": -12970015.0,
        "Earnings Before Tax Margin": -1.1166757233,
        "Net Profit Margin": -1.08696433755
    },
    "2017": {
        "Revenue": 12494184.0,
        "Revenue Growth": 0.041182,
        "Cost of Revenue": 14075863.0,
        "Gross Profit": -1581679.0,
        "R&D Expenses": 4829840.0,
        "SG&A Expense": 11109038.0,
        "Operating Expenses": 15938878.0,
        "Operating Income": -17520557.0,
        "Interest Expense": 50474.0,
        "Earnings before Tax": -4441863.0,
        "Income Tax Expense": 0.0,
        "Net Income - Non-Controlling int": 0.0,
        "Net Income - Discontinued ops": 0.0,
        "Net Income": -4089536.0,
        "Preferred Dividends": 313286.0,
        "Net Income Com": -4089536.0,
        "EPS": -0.09,
        "EPS Diluted": -0.09,
        "Weighted Average Shs Out": 48070993.0,
        "Weighted Average Shs Out (Dil)": 48070993.0,
        "Dividend per Share": 0.0,
        "Gross Margin": -0.126593221294,
        "EBITDA Margin": -1.35814207635,
        "EBIT Margin": -1.40229702076,
        "Profit Margin": -0.327315173204,
        "Free Cash Flow margin": -0.581139672667,
        "EBITDA": -16968877.0,
        "EBIT": -17520557.0,
        "Consolidated Income": -4089536.0,
        "Earnings Before Tax Margin": -0.355514453765,
        "Net Profit Margin": -0.327315173204
    },
    "2016": {
        "Revenue": 2100023.0,
        "Revenue Growth": 0.0500115,
        "Cost of Revenue": 4842011.0,
        "Gross Profit": -2741988.0,
        "R&D Expenses": 6234083.0,
        "SG&A Expense": 9038602.0,
        "Operating Expenses": 15272685.0,
        "Operating Income": -18014673.0,
        "Interest Expense": 51825.0,
        "Earnings before Tax": -18262962.0,
        "Income Tax Expense": -468.0,
        "Net Income - Non-Controlling int": 0.0,
        "Net Income - Discontinued ops": 0.0,
        "Net Income": -18262494.0,
        "Preferred Dividends": -291995.0,
        "Net Income Com": -18262494.0,
        "EPS": -0.39,
        "EPS Diluted": -0.39,
        "Weighted Average Shs Out": 47156928.0,
        "Weighted Average Shs Out (Dil)": 47156928.0,
        "Dividend per Share": 0.0,
        "Gross Margin": -1.30569427097,
        "EBITDA Margin": -8.21054864637,
        "EBIT Margin": -8.57832176124,
        "Profit Margin": -8.69633046876,
        "Free Cash Flow margin": -6.32963734207,
        "EBITDA": -17242341.0,
        "EBIT": -18014673.0,
        "Consolidated Income": -18262494.0,
        "Earnings Before Tax Margin": -8.69655332346,
        "Net Profit Margin": -8.69633046876
    },
    "2015": {
        "Revenue": 1763510.0,
        "Revenue Growth": -0.118245,
        "Cost of Revenue": 1753845.0,
        "Gross Profit": 9665.0,
        "R&D Expenses": 6420191.0,
        "SG&A Expense": 7146649.0,
        "Operating Expenses": 13566840.0,
        "Operating Income": -13557175.0,
        "Interest Expense": 128009.0,
        "Earnings before Tax": -12898065.0,
        "Income Tax Expense": -86455.0,
        "Net Income - Non-Controlling int": 0.0,
        "Net Income - Discontinued ops": 0.0,
        "Net Income": -12811610.0,
        "Preferred Dividends": -266356.0,
        "Net Income Com": -12811610.0,
        "EPS": -0.36,
        "EPS Diluted": -0.36,
        "Weighted Average Shs Out": 36944116.0,
        "Weighted Average Shs Out (Dil)": 36944116.0,
        "Dividend per Share": 0.0,
        "Gross Margin": 0.00548054731757,
        "EBITDA Margin": -7.32198002847,
        "EBIT Margin": -7.6876088029,
        "Profit Margin": -7.26483547017,
        "Free Cash Flow margin": -6.57472653969,
        "EBITDA": -12912385.0,
        "EBIT": -13557175.0,
        "Consolidated Income": -12811610.0,
        "Earnings Before Tax Margin": -7.31385985903,
        "Net Profit Margin": -7.26483547017
    },
    "2014": {
        "Revenue": 7851607.0,
        "Revenue Growth": -0.018549125,
        "Cost of Revenue": 9389179.0,
        "Gross Profit": -1537572.0,
        "R&D Expenses": 0.0,
        "SG&A Expense": 7259683.0,
        "Operating Expenses": 7259683.0,
        "Operating Income": -8797255.0,
        "Interest Expense": 147105.0,
        "Earnings before Tax": -9595711.0,
        "Income Tax Expense": -82411.0,
        "Net Income - Non-Controlling int": 0.0,
        "Net Income - Discontinued ops": 0.0,
        "Net Income": -9513300.0,
        "Preferred Dividends": -222009.0,
        "Net Income Com": -9513300.0,
        "EPS": -0.46,
        "EPS Diluted": -0.46,
        "Weighted Average Shs Out": 19853579.0,
        "Weighted Average Shs Out (Dil)": 19853579.0,
        "Dividend per Share": 0.0,
        "Gross Margin": -0.195828955779,
        "EBITDA Margin": -0.972420677703,
        "EBIT Margin": -1.12044005769,
        "Profit Margin": -1.21163731195,
        "Free Cash Flow margin": -0.73080899235,
        "EBITDA": -7635065.0,
        "EBIT": -8797255.0,
        "Consolidated Income": -9513300.0,
        "Earnings Before Tax Margin": -1.22213337983,
        "Net Profit Margin": -1.21163731195
    },
    "2013": {
        "Revenue": 7723699.0,
        "Revenue Growth": 0.0,
        "Cost of Revenue": 13087490.0,
        "Gross Profit": -5363791.0,
        "R&D Expenses": 0.0,
        "SG&A Expense": 6235508.0,
        "Operating Expenses": 6235508.0,
        "Operating Income": -11599299.0,
        "Interest Expense": 186375.0,
        "Earnings before Tax": -12607546.0,
        "Income Tax Expense": -154904.0,
        "Net Income - Non-Controlling int": 0.0,
        "Net Income - Discontinued ops": 0.0,
        "Net Income": -12452642.0,
        "Preferred Dividends": 0.0,
        "Net Income Com": -12452642.0,
        "EPS": -0.15,
        "EPS Diluted": -0.15,
        "Weighted Average Shs Out": 80410005.0,
        "Weighted Average Shs Out (Dil)": 80410005.0,
        "Dividend per Share": 0.0,
        "Gross Margin": -0.694458833779,
        "EBITDA Margin": -1.30174156191,
        "EBIT Margin": -1.50178029983,
        "Profit Margin": -1.61226402013,
        "Free Cash Flow margin": -1.34598551808,
        "EBITDA": -10054260.0,
        "EBIT": -11599299.0,
        "Consolidated Income": -12452642.0,
        "Earnings Before Tax Margin": -1.63231969552,
        "Net Profit Margin": -1.61226402013
    },
    "2012": {
        "Revenue": 0.0,
        "Revenue Growth": 0.0,
        "Cost of Revenue": 0.0,
        "Gross Profit": 0.0,
        "R&D Expenses": 0.0,
        "SG&A Expense": 0.0,
        "Operating Expenses": 0.0,
        "Operating Income": 0.0,
        "Interest Expense": 0.0,
        "Earnings before Tax": 0.0,
        "Income Tax Expense": 0.0,
        "Net Income - Non-Controlling int": 0.0,
        "Net Income - Discontinued ops": 0.0,
        "Net Income": 0.0,
        "Preferred Dividends": 0.0,