{
    "2018": {
        "Revenue": 453869000.0,
        "Revenue Growth": 0.114762835753443,
        "Cost of Revenue": 260024000.0,
        "Gross Profit": 193845000.0,
        "R&D Expenses": 0.0,
        "SG&A Expense": 68717000.0,
        "Operating Expenses": 68717000.0,
        "Operating Income": 125128000.0,
        "Interest Expense": 30044000.0,
        "Earnings before Tax": 99165000.0,
        "Income Tax Expense": 12596000.0,
        "Net Income - Non-Controlling int": 0.0,
        "Net Income - Discontinued ops": 0.0,
        "Net Income": 86270000.0,
        "Preferred Dividends": 0.0,
        "Net Income Com": 86270000.0,
        "EPS": 1.19,
        "EPS Diluted": 1.16,
        "Weighted Average Shs Out": 72607321.0,
        "Weighted Average Shs Out (Dil)": 74420110.0,
        "Dividend per Share": 0.0977289606264,
        "Gross Margin": 0.427094602187,
        "EBITDA Margin": 0.424155428108,
        "EBIT Margin": 0.275691884663,
        "Profit Margin": 0.190076872402,
        "Free Cash Flow margin": 0.349882895725,
        "EBITDA": 192511000.0,
        "EBIT": 125128000.0,
        "Consolidated Income": 86270000.0,
        "Earnings Before Tax Margin": 0.218488154071,
        "Net Profit Margin": 0.190076872402
    },
    "2017": {
        "Revenue": 407144000.0,
        "Revenue Growth": 0.0452803158864924,
        "Cost of Revenue": 264900000.0,
        "Gross Profit": 142244000.0,
        "R&D Expenses": 0.0,
        "SG&A Expense": 56161000.0,
        "Operating Expenses": 56161000.0,
        "Operating Income": 86083000.0,
        "Interest Expense": 29861000.0,
        "Earnings before Tax": 60199000.0,
        "Income Tax Expense": 4780000.0,
        "Net Income - Non-Controlling int": 0.0,
        "Net Income - Discontinued ops": 0.0,
        "Net Income": 55054000.0,
        "Preferred Dividends": 0.0,
        "Net Income Com": 55054000.0,
        "EPS": 0.76,
        "EPS Diluted": 0.76,
        "Weighted Average Shs Out": 72479807.0,
        "Weighted Average Shs Out (Dil)": 72872188.0,
        "Dividend per Share": 0.298632449461,
        "Gross Margin": 0.349370247382,
        "EBITDA Margin": 0.381832963276,
        "EBIT Margin": 0.211431336333,
        "Profit Margin": 0.135219971312,
        "Free Cash Flow margin": 0.330340125361,
        "EBITDA": 155461000.0,
        "EBIT": 86083000.0,
        "Consolidated Income": 55054000.0,
        "Earnings Before Tax Margin": 0.147856777946,
        "Net Profit Margin": 0.135219971312
    },
    "2016": {
        "Revenue": 389507000.0,
        "Revenue Growth": 0.0427785868796984,
        "Cost of Revenue": 235376000.0,
        "Gross Profit": 154131000.0,
        "R&D Expenses": 0.0,
        "SG&A Expense": 46986000.0,
        "Operating Expenses": 46986000.0,
        "Operating Income": 107145000.0,
        "Interest Expense": 24617000.0,
        "Earnings before Tax": 83397000.0,
        "Income Tax Expense": 8271000.0,
        "Net Income - Non-Controlling int": 0.0,
        "Net Income - Discontinued ops": 0.0,
        "Net Income": 75036000.0,
        "Preferred Dividends": 0.0,
        "Net Income Com": 75036000.0,
        "EPS": 1.01,
        "EPS Diluted": 1.01,
        "Weighted Average Shs Out": 74132863.0,
        "Weighted Average Shs Out (Dil)": 74473369.0,
        "Dividend per Share": 0.398746564023,
        "Gross Margin": 0.395707907688,
        "EBITDA Margin": 0.439134598351,
        "EBIT Margin": 0.275078496664,
        "Profit Margin": 0.192643521169,
        "Free Cash Flow margin": 0.384085523495,
        "EBITDA": 171046000.0,
        "EBIT": 107145000.0,
        "Consolidated Income": 75036000.0,
        "Earnings Before Tax Margin": 0.214109117423,
        "Net Profit Margin": 0.192643521169
    },
    "2015": {
        "Revenue": 373528000.0,
        "Revenue Growth": 0.0343339914545772,
        "Cost of Revenue": 232890000.0,
        "Gross Profit": 140638000.0,
        "R&D Expenses": 0.0,
        "SG&A Expense": 37278000.0,
        "Operating Expenses": 37278000.0,
        "Operating Income": 103360000.0,
        "Interest Expense": 24266000.0,
        "Earnings before Tax": 82042000.0,
        "Income Tax Expense": -3335000.0,
        "Net Income - Non-Controlling int": 0.0,
        "Net Income - Discontinued ops": 0.0,
        "Net Income": 85377000.0,
        "Preferred Dividends": 0.0,
        "Net Income Com": 85377000.0,
        "EPS": 1.11,
        "EPS Diluted": 1.11,
        "Weighted Average Shs Out": 77066459.0,
        "Weighted Average Shs Out (Dil)": 77181123.0,
        "Dividend per Share": 0.400629050189,
        "Gross Margin": 0.376512604142,
        "EBITDA Margin": 0.459571973185,
        "EBIT Margin": 0.276712856867,
        "Profit Margin": 0.22856921034,
        "Free Cash Flow margin": 0.378544580326,
        "EBITDA": 171663000.0,
        "EBIT": 103360000.0,
        "Consolidated Income": 85377000.0,
        "Earnings Before Tax Margin": 0.219640830139,
        "Net Profit Margin": 0.22856921034
    },
    "2014": {
        "Revenue": 361129000.0,
        "Revenue Growth": 0.0108862389430075,
        "Cost of Revenue": 224880000.0,
        "Gross Profit": 136249000.0,
        "R&D Expenses": 0.0,
        "SG&A Expense": 41276000.0,
        "Operating Expenses": 38901000.0,
        "Operating Income": 97348000.0,
        "Interest Expense": 26081000.0,
        "Earnings before Tax": 75110000.0,
        "Income Tax Expense": 7578000.0,
        "Net Income - Non-Controlling int": 0.0,
        "Net Income - Discontinued ops": 0.0,
        "Net Income": 67532000.0,
        "Preferred Dividends": 0.0,
        "Net Income Com": 67532000.0,
        "EPS": 0.86,
        "EPS Diluted": 0.86,
        "Weighted Average Shs Out": 78337152.0,
        "Weighted Average Shs Out (Dil)": 78891139.0,
        "Dividend per Share": 0.397497113079,
        "Gross Margin": 0.377286232897,
        "EBITDA Margin": 0.460860246615,
        "EBIT Margin": 0.269565723052,
        "Profit Margin": 0.187002428495,
        "Free Cash Flow margin": 0.357351528124,
        "EBITDA": 166430000.0,
        "EBIT": 97348000.0,
        "Consolidated Income": 67532000.0,
        "Earnings Before Tax Margin": 0.20798661974,
        "Net Profit Margin": 0.187002428495
    },
    "2013": {
        "Revenue": 357240000.0,
        "Revenue Growth": 0.0430669508598791,
        "Cost of Revenue": 232669000.0,
        "Gross Profit": 124571000.0,
        "R&D Expenses": 0.0,
        "SG&A Expense": 38810000.0,
        "Operating Expenses": 38810000.0,
        "Operating Income": 85761000.0,
        "Interest Expense": 37861000.0,
        "Earnings before Tax": -26611000.0,
        "Income Tax Expense": -1990000.0,
        "Net Income - Non-Controlling int": 0.0,
        "Net Income - Discontinued ops": 0.0,
        "Net Income": -24621000.0,
        "Preferred Dividends": 0.0,
        "Net Income Com": -24621000.0,
        "EPS": -0.31,
        "EPS Diluted": -0.31,
        "Weighted Average Shs Out": 78914310.0,
        "Weighted Average Shs Out (Dil)": 78914310.0,
        "Dividend per Share": 0.2076936363,
        "Gross Margin": 0.348703952525,
        "EBITDA Margin": 0.447967752771,
        "EBIT Margin": 0.240065502183,
        "Profit Margin": -0.0689200537454,
        "Free Cash Flow margin": 0.143827678871,
        "EBITDA": 160032000.0,
        "EBIT": 85761000.0,
        "Consolidated Income": -24621000.0,
        "Earnings Before Tax Margin": -0.0744905385735,
        "Net Profit Margin": -0.0689200537454
    },
    "2012": {
        "Revenue": 342490000.0,
        "Revenue Growth": 0.0665416882057287,
        "Cost of Revenue": 159666000.0,
        "Gross Profit": 182824000.0,
        "R&D Expenses": 0.0,
        "SG&A Expense": 31686000.0,
        "Operating Expenses": 103178000.0,
        "Operating Income": 79646000.0,
        "Interest Expense": 54331000.0,
        "Earnings before Tax": 17708000.0,