{
    "2018": {
        "Revenue": 35985000000.0,
        "Revenue Growth": 0.0731860069786168,
        "Cost of Revenue": 31023000000.0,
        "Gross Profit": 4962000000.0,
        "R&D Expenses": 0.0,
        "SG&A Expense": 0.0,
        "Operating Expenses": 1120000000.0,
        "Operating Income": 3898000000.0,
        "Interest Expense": 1529000000.0,
        "Earnings before Tax": 2232000000.0,
        "Income Tax Expense": 120000000.0,
        "Net Income - Non-Controlling int": 0.0,
        "Net Income - Discontinued ops": 0.0,
        "Net Income": 398000000.0,
        "Preferred Dividends": 0.0,
        "Net Income Com": 398000000.0,
        "EPS": 2.08,
        "EPS Diluted": 2.07,
        "Weighted Average Shs Out": 967000000.0,
        "Weighted Average Shs Out (Dil)": 969000000.0,
        "Dividend per Share": 1.3746130031,
        "Gross Margin": 0.137890787828,
        "EBITDA Margin": 0.274253161039,
        "EBIT Margin": 0.108322912325,
        "Profit Margin": 0.0110601639572,
        "Free Cash Flow margin": 0.0291788245102,
        "EBITDA": 9869000000.0,
        "EBIT": 3898000000.0,
        "Consolidated Income": 398000000.0,
        "Earnings Before Tax Margin": 0.0620258441017,
        "Net Profit Margin": 0.0110601639572
    },
    "2017": {
        "Revenue": 33531000000.0,
        "Revenue Growth": 0.0692283163265306,
        "Cost of Revenue": 28737000000.0,
        "Gross Profit": 4794000000.0,
        "R&D Expenses": 0.0,
        "SG&A Expense": 0.0,
        "Operating Expenses": 983000000.0,
        "Operating Income": 4260000000.0,
        "Interest Expense": 1524000000.0,
        "Earnings before Tax": 3756000000.0,
        "Income Tax Expense": -125000000.0,
        "Net Income - Non-Controlling int": 0.0,
        "Net Income - Discontinued ops": 0.0,
        "Net Income": 2694000000.0,
        "Preferred Dividends": 0.0,
        "Net Income Com": 2694000000.0,
        "EPS": 3.98,
        "EPS Diluted": 3.97,
        "Weighted Average Shs Out": 947000000.0,
        "Weighted Average Shs Out (Dil)": 949000000.0,
        "Dividend per Share": 1.30242360379,
        "Gross Margin": 0.142972175002,
        "EBITDA Margin": 0.288896841729,
        "EBIT Margin": 0.127046613581,
        "Profit Margin": 0.0803435626733,
        "Free Cash Flow margin": -0.00310160746772,
        "EBITDA": 9687000000.0,
        "EBIT": 4260000000.0,
        "Consolidated Income": 2694000000.0,
        "Earnings Before Tax Margin": 0.112015746623,
        "Net Profit Margin": 0.0803435626733
    },
    "2016": {
        "Revenue": 31360000000.0,
        "Revenue Growth": 0.0649641729208408,
        "Cost of Revenue": 17844000000.0,
        "Gross Profit": 13516000000.0,
        "R&D Expenses": 0.0,
        "SG&A Expense": 0.0,
        "Operating Expenses": 10356000000.0,
        "Operating Income": 3112000000.0,
        "Interest Expense": 1495000000.0,
        "Earnings before Tax": 1989000000.0,
        "Income Tax Expense": 761000000.0,
        "Net Income - Non-Controlling int": 0.0,
        "Net Income - Discontinued ops": 0.0,
        "Net Income": 1134000000.0,
        "Preferred Dividends": 8000000.0,
        "Net Income Com": 1134000000.0,
        "EPS": 1.22,
        "EPS Diluted": 1.22,
        "Weighted Average Shs Out": 924000000.0,
        "Weighted Average Shs Out (Dil)": 927000000.0,
        "Dividend per Share": 1.25782092772,
        "Gross Margin": 0.430994897959,
        "EBITDA Margin": 0.277040816327,
        "EBIT Margin": 0.0992346938776,
        "Profit Margin": 0.0361607142857,
        "Free Cash Flow margin": -0.00344387755102,
        "EBITDA": 8688000000.0,
        "EBIT": 3112000000.0,
        "Consolidated Income": 1134000000.0,
        "Earnings Before Tax Margin": 0.063424744898,
        "Net Profit Margin": 0.0361607142857
    },
    "2015": {
        "Revenue": 29447000000.0,
        "Revenue Growth": 0.0735717671078056,
        "Cost of Revenue": 15817000000.0,
        "Gross Profit": 13630000000.0,
        "R&D Expenses": 0.0,
        "SG&A Expense": 0.0,
        "Operating Expenses": 9239000000.0,
        "Operating Income": 4409000000.0,
        "Interest Expense": 992000000.0,
        "Earnings before Tax": 3330000000.0,
        "Income Tax Expense": 1073000000.0,
        "Net Income - Non-Controlling int": 0.0,
        "Net Income - Discontinued ops": 0.0,
        "Net Income": 2269000000.0,
        "Preferred Dividends": 0.0,
        "Net Income Com": 2269000000.0,
        "EPS": 2.54,
        "EPS Diluted": 2.54,
        "Weighted Average Shs Out": 890000000.0,
        "Weighted Average Shs Out (Dil)": 893000000.0,
        "Dividend per Share": 1.23740201568,
        "Gross Margin": 0.462865487146,
        "EBITDA Margin": 0.285122423337,
        "EBIT Margin": 0.1497266275,
        "Profit Margin": 0.0770536896798,
        "Free Cash Flow margin": -0.000271674533908,
        "EBITDA": 8396000000.0,
        "EBIT": 4409000000.0,
        "Consolidated Income": 2269000000.0,
        "Earnings Before Tax Margin": 0.113084524739,
        "Net Profit Margin": 0.0770536896798
    },
    "2014": {
        "Revenue": 27429000000.0,
        "Revenue Growth": 0.102097396335583,
        "Cost of Revenue": 16372000000.0,
        "Gross Profit": 11057000000.0,
        "R&D Expenses": 0.0,
        "SG&A Expense": 0.0,
        "Operating Expenses": 8667000000.0,
        "Operating Income": 3096000000.0,
        "Interest Expense": 1024000000.0,
        "Earnings before Tax": 2486000000.0,
        "Income Tax Expense": 666000000.0,
        "Net Income - Non-Controlling int": 0.0,
        "Net Income - Discontinued ops": 0.0,
        "Net Income": 1623000000.0,
        "Preferred Dividends": 0.0,
        "Net Income Com": 1623000000.0,
        "EPS": 1.88,
        "EPS Diluted": 1.88,
        "Weighted Average Shs Out": 860000000.0,
        "Weighted Average Shs Out (Dil)": 864000000.0,
        "Dividend per Share": 1.23263888889,
        "Gross Margin": 0.403113493018,
        "EBITDA Margin": 0.253891866273,
        "EBIT Margin": 0.112873236356,
        "Profit Margin": 0.0591709504539,
        "Free Cash Flow margin": -0.0590615771629,
        "EBITDA": 6964000000.0,
        "EBIT": 3096000000.0,
        "Consolidated Income": 1623000000.0,
        "Earnings Before Tax Margin": 0.0906340005104,
        "Net Profit Margin": 0.0591709504539
    },
    "2013": {
        "Revenue": 24888000000.0,
        "Revenue Growth": 0.0595597939461024,
        "Cost of Revenue": 13871000000.0,
        "Gross Profit": 11017000000.0,
        "R&D Expenses": 0.0,
        "SG&A Expense": 0.0,
        "Operating Expenses": 7371000000.0,
        "Operating Income": 3656000000.0,
        "Interest Expense": 1315000000.0,
        "Earnings before Tax": 2773000000.0,
        "Income Tax Expense": 1044000000.0,
        "Net Income - Non-Controlling int": 0.0,
        "Net Income - Discontinued ops": 0.0,
        "Net Income": 1719000000.0,
        "Preferred Dividends": 7000000.0,
        "Net Income Com": 1719000000.0,
        "EPS": 2.0,
        "EPS Diluted": 2.0,
        "Weighted Average Shs Out": 856000000.0,
        "Weighted Average Shs Out (Dil)": 860000000.0,
        "Dividend per Share": 1.4523255814,
        "Gross Margin": 0.442663130826,
        "EBITDA Margin": 0.298738347798,
        "EBIT Margin": 0.146898103504,
        "Profit Margin": 0.0690694310511,
        "Free Cash Flow margin": 0.0380906460945,
        "EBITDA": 7435000000.0,
        "EBIT": 3656000000.0,
        "Consolidated Income": 1719000000.0,
        "Earnings Before Tax Margin": 0.111419157827,
        "Net Profit Margin": 0.0690694310511
    },
    "2012": {
        "Revenue": 23489000000.0,
        "Revenue Growth": 0.241228070175439,
        "Cost of Revenue": 12946000000.0,
        "Gross Profit": 10543000000.0,
        "R&D Expenses": 0.0,
        "SG&A Expense": 0.0,
        "Operating Expenses": 8072000000.0,