{
    "2018": {
        "Revenue": 160338000000.0,
        "Revenue Growth": 0.0227203143338266,
        "Cost of Revenue": 145732000000.0,
        "Gross Profit": 14606000000.0,
        "R&D Expenses": 0.0,
        "SG&A Expense": 22806000000.0,
        "Operating Expenses": 11403000000.0,
        "Operating Income": 4345000000.0,
        "Interest Expense": 650000000.0,
        "Earnings before Tax": 4327000000.0,
        "Income Tax Expense": 650000000.0,
        "Net Income - Non-Controlling int": 0.0,
        "Net Income - Discontinued ops": 0.0,
        "Net Income": 3677000000.0,
        "Preferred Dividends": 0.0,
        "Net Income Com": 3677000000.0,
        "EPS": 0.93,
        "EPS Diluted": 0.92,
        "Weighted Average Shs Out": 0.0,
        "Weighted Average Shs Out (Dil)": 0.0,
        "Dividend per Share": 0.0,
        "Gross Margin": 0.0910950616822,
        "EBITDA Margin": 0.0789145430279,
        "EBIT Margin": 0.0270990033554,
        "Profit Margin": 0.0229328044506,
        "Free Cash Flow margin": 0.0451359004104,
        "EBITDA": 12653000000.0,
        "EBIT": 4345000000.0,
        "Consolidated Income": 3677000000.0,
        "Earnings Before Tax Margin": 0.0269867405107,
        "Net Profit Margin": 0.0229328044506
    },
    "2017": {
        "Revenue": 156776000000.0,
        "Revenue Growth": 0.0327799736495389,
        "Cost of Revenue": 140436000000.0,
        "Gross Profit": 16340000000.0,
        "R&D Expenses": 0.0,
        "SG&A Expense": 23054000000.0,
        "Operating Expenses": 11527000000.0,
        "Operating Income": 8148000000.0,
        "Interest Expense": 520000000.0,
        "Earnings before Tax": 8122000000.0,
        "Income Tax Expense": 520000000.0,
        "Net Income - Non-Controlling int": 0.0,
        "Net Income - Discontinued ops": 0.0,
        "Net Income": 7602000000.0,
        "Preferred Dividends": 0.0,
        "Net Income Com": 7602000000.0,
        "EPS": 1.91,
        "EPS Diluted": 1.9,
        "Weighted Average Shs Out": 0.0,
        "Weighted Average Shs Out (Dil)": 0.0,
        "Dividend per Share": 0.0,
        "Gross Margin": 0.1042251365,
        "EBITDA Margin": 0.105889932132,
        "EBIT Margin": 0.0519722406491,
        "Profit Margin": 0.0484895647293,
        "Free Cash Flow margin": 0.070463591366,
        "EBITDA": 16601000000.0,
        "EBIT": 8148000000.0,
        "Consolidated Income": 7602000000.0,
        "Earnings Before Tax Margin": 0.0518063989386,
        "Net Profit Margin": 0.0484895647293
    },
    "2016": {
        "Revenue": 151800000000.0,
        "Revenue Growth": 0.0149908396742401,
        "Cost of Revenue": 135488000000.0,
        "Gross Profit": 16312000000.0,
        "R&D Expenses": 0.0,
        "SG&A Expense": 24392000000.0,
        "Operating Expenses": 12196000000.0,
        "Operating Income": 6796000000.0,
        "Interest Expense": 2189000000.0,
        "Earnings before Tax": 6785000000.0,
        "Income Tax Expense": 2189000000.0,
        "Net Income - Non-Controlling int": 0.0,
        "Net Income - Discontinued ops": 0.0,
        "Net Income": 4596000000.0,
        "Preferred Dividends": 0.0,
        "Net Income Com": 4596000000.0,
        "EPS": 1.16,
        "EPS Diluted": 1.15,
        "Weighted Average Shs Out": 0.0,
        "Weighted Average Shs Out (Dil)": 0.0,
        "Dividend per Share": 0.0,
        "Gross Margin": 0.107457180501,
        "EBITDA Margin": 0.102193675889,
        "EBIT Margin": 0.0447694334651,
        "Profit Margin": 0.0302766798419,
        "Free Cash Flow margin": 0.0843214756258,
        "EBITDA": 15513000000.0,
        "EBIT": 6796000000.0,
        "Consolidated Income": 4596000000.0,
        "Earnings Before Tax Margin": 0.044696969697,
        "Net Profit Margin": 0.0302766798419
    },
    "2015": {
        "Revenue": 149558000000.0,
        "Revenue Growth": 0.0380421580127293,
        "Cost of Revenue": -12128000000.0,
        "Gross Profit": 161686000000.0,
        "R&D Expenses": 0.0,
        "SG&A Expense": 29998000000.0,
        "Operating Expenses": 154039000000.0,
        "Operating Income": 10252000000.0,
        "Interest Expense": 2881000000.0,
        "Earnings before Tax": 10254000000.0,
        "Income Tax Expense": 2881000000.0,
        "Net Income - Non-Controlling int": 0.0,
        "Net Income - Discontinued ops": 0.0,
        "Net Income": 7373000000.0,
        "Preferred Dividends": 0.0,
        "Net Income Com": 7373000000.0,
        "EPS": 1.86,
        "EPS Diluted": 1.84,
        "Weighted Average Shs Out": 0.0,
        "Weighted Average Shs Out (Dil)": 0.0,
        "Dividend per Share": 0.0,
        "Gross Margin": 1.08109228527,
        "EBITDA Margin": 0.121812273499,
        "EBIT Margin": 0.0685486567084,
        "Profit Margin": 0.0492985998743,
        "Free Cash Flow margin": 0.060003476912,
        "EBITDA": 18218000000.0,
        "EBIT": 10252000000.0,
        "Consolidated Income": 7373000000.0,
        "Earnings Before Tax Margin": 0.0685620294468,
        "Net Profit Margin": 0.0492985998743
    },
    "2014": {
        "Revenue": 144077000000.0,
        "Revenue Growth": -0.0193306424715996,
        "Cost of Revenue": -11113000000.0,
        "Gross Profit": 155190000000.0,
        "R&D Expenses": 0.0,
        "SG&A Expense": 28234000000.0,
        "Operating Expenses": 151750000000.0,
        "Operating Income": 4342000000.0,
        "Interest Expense": 1156000000.0,
        "Earnings before Tax": 4343000000.0,
        "Income Tax Expense": 1156000000.0,
        "Net Income - Non-Controlling int": 0.0,
        "Net Income - Discontinued ops": 0.0,
        "Net Income": 3187000000.0,
        "Preferred Dividends": 0.0,
        "Net Income Com": 3187000000.0,
        "EPS": 0.81,
        "EPS Diluted": 0.8,
        "Weighted Average Shs Out": 0.0,
        "Weighted Average Shs Out (Dil)": 0.0,
        "Dividend per Share": 0.0,
        "Gross Margin": 1.07713236672,
        "EBITDA Margin": 0.0816577246889,
        "EBIT Margin": 0.0301366630343,
        "Profit Margin": 0.0221201163267,
        "Free Cash Flow margin": 0.0488905238171,
        "EBITDA": 11765000000.0,
        "EBIT": 4342000000.0,
        "Consolidated Income": 3187000000.0,
        "Earnings Before Tax Margin": 0.0301436037674,
        "Net Profit Margin": 0.0221201163267
    },
    "2013": {
        "Revenue": 146917000000.0,
        "Revenue Growth": 0.100015723388166,
        "Cost of Revenue": -10108000000.0,
        "Gross Profit": 157025000000.0,
        "R&D Expenses": 0.0,
        "SG&A Expense": 26352000000.0,
        "Operating Expenses": 151586000000.0,
        "Operating Income": 7001000000.0,
        "Interest Expense": -147000000.0,
        "Earnings before Tax": 7008000000.0,
        "Income Tax Expense": -147000000.0,
        "Net Income - Non-Controlling int": 0.0,
        "Net Income - Discontinued ops": 0.0,
        "Net Income": 7155000000.0,
        "Preferred Dividends": 0.0,
        "Net Income Com": 7155000000.0,
        "EPS": 1.82,
        "EPS Diluted": 1.76,
        "Weighted Average Shs Out": 0.0,
        "Weighted Average Shs Out (Dil)": 0.0,
        "Dividend per Share": 0.0,
        "Gross Margin": 1.06880075144,
        "EBITDA Margin": 0.0476527563182,
        "EBIT Margin": 0.0476527563182,
        "Profit Margin": 0.0487009672128,
        "Free Cash Flow margin": 0.0261848526719,
        "EBITDA": 7001000000.0,
        "EBIT": 7001000000.0,
        "Consolidated Income": 7155000000.0,
        "Earnings Before Tax Margin": 0.0477004022679,
        "Net Profit Margin": 0.0487009672128
    },
    "2012": {
        "Revenue": 133559000000.0,
        "Revenue Growth": -0.0150879392352789,
        "Cost of Revenue": 113039000000.0,
        "Gross Profit": 20520000000.0,
        "R&D Expenses": 0.0,
        "SG&A Expense": 11529000000.0,
        "Operating Expenses": 11606000000.0,
        "Operating Income": 8914000000.0,
        "Interest Expense": 3828000000.0,