{
    "2018": {
        "Revenue": 5485100000.0,
        "Revenue Growth": 0.0381958245793349,
        "Cost of Revenue": 3525700000.0,
        "Gross Profit": 1959400000.0,
        "R&D Expenses": 50300000.0,
        "SG&A Expense": 1241400000.0,
        "Operating Expenses": 1291700000.0,
        "Operating Income": 595200000.0,
        "Interest Expense": 74500000.0,
        "Earnings before Tax": 537000000.0,
        "Income Tax Expense": 147000000.0,
        "Net Income - Non-Controlling int": 0.0,
        "Net Income - Discontinued ops": 0.0,
        "Net Income": 389600000.0,
        "Preferred Dividends": 0.0,
        "Net Income Com": 389600000.0,
        "EPS": 2.69,
        "EPS Diluted": 2.66,
        "Weighted Average Shs Out": 144600000.0,
        "Weighted Average Shs Out (Dil)": 146400000.0,
        "Dividend per Share": 0.786885245902,
        "Gross Margin": 0.357222293121,
        "EBITDA Margin": 0.136205356329,
        "EBIT Margin": 0.1085121511,
        "Profit Margin": 0.0710287870777,
        "Free Cash Flow margin": 0.0827514539389,
        "EBITDA": 747100000.0,
        "EBIT": 595200000.0,
        "Consolidated Income": 389600000.0,
        "Earnings Before Tax Margin": 0.0979015879382,
        "Net Profit Margin": 0.0710287870777
    },
    "2017": {
        "Revenue": 5283300000.0,
        "Revenue Growth": 0.0598607795542538,
        "Cost of Revenue": 3350800000.0,
        "Gross Profit": 1932500000.0,
        "R&D Expenses": 50700000.0,
        "SG&A Expense": 1194800000.0,
        "Operating Expenses": 1245500000.0,
        "Operating Income": 692100000.0,
        "Interest Expense": 49400000.0,
        "Earnings before Tax": 634800000.0,
        "Income Tax Expense": 159500000.0,
        "Net Income - Non-Controlling int": 0.0,
        "Net Income - Discontinued ops": 0.0,
        "Net Income": 472600000.0,
        "Preferred Dividends": 0.0,
        "Net Income Com": 472600000.0,
        "EPS": 3.08,
        "EPS Diluted": 3.03,
        "Weighted Average Shs Out": 153200000.0,
        "Weighted Average Shs Out (Dil)": 155800000.0,
        "Dividend per Share": 0.707958921694,
        "Gross Margin": 0.365775178392,
        "EBITDA Margin": 0.156038839362,
        "EBIT Margin": 0.13099767191,
        "Profit Margin": 0.0894516684648,
        "Free Cash Flow margin": 0.0823916870138,
        "EBITDA": 824400000.0,
        "EBIT": 692100000.0,
        "Consolidated Income": 472600000.0,
        "Earnings Before Tax Margin": 0.120152177616,
        "Net Profit Margin": 0.0894516684648
    },
    "2016": {
        "Revenue": 4984900000.0,
        "Revenue Growth": 0.0885487181726864,
        "Cost of Revenue": 3180300000.0,
        "Gross Profit": 1804600000.0,
        "R&D Expenses": 53100000.0,
        "SG&A Expense": 1129900000.0,
        "Operating Expenses": 1183000000.0,
        "Operating Income": 632700000.0,
        "Interest Expense": 49100000.0,
        "Earnings before Tax": 582100000.0,
        "Income Tax Expense": 169700000.0,
        "Net Income - Non-Controlling int": 0.0,
        "Net Income - Discontinued ops": 0.0,
        "Net Income": 413200000.0,
        "Preferred Dividends": 0.0,
        "Net Income Com": 413200000.0,
        "EPS": 2.68,
        "EPS Diluted": 2.62,
        "Weighted Average Shs Out": 154300000.0,
        "Weighted Average Shs Out (Dil)": 157800000.0,
        "Dividend per Share": 0.622306717364,
        "Gross Margin": 0.362013280106,
        "EBITDA Margin": 0.152259824671,
        "EBIT Margin": 0.126923308391,
        "Profit Margin": 0.082890328793,
        "Free Cash Flow margin": 0.100543641798,
        "EBITDA": 759000000.0,
        "EBIT": 632700000.0,
        "Consolidated Income": 413200000.0,
        "Earnings Before Tax Margin": 0.116772653413,
        "Net Profit Margin": 0.082890328793
    },
    "2015": {
        "Revenue": 4579400000.0,
        "Revenue Growth": 0.140970699621288,
        "Cost of Revenue": 2997500000.0,
        "Gross Profit": 1581900000.0,
        "R&D Expenses": 48700000.0,
        "SG&A Expense": 1047600000.0,
        "Operating Expenses": 1096300000.0,
        "Operating Income": 496100000.0,
        "Interest Expense": 31900000.0,
        "Earnings before Tax": 459900000.0,
        "Income Tax Expense": 153400000.0,
        "Net Income - Non-Controlling int": 0.0,
        "Net Income - Discontinued ops": 0.0,
        "Net Income": 315000000.0,
        "Preferred Dividends": 0.0,
        "Net Income Com": 315000000.0,
        "EPS": 1.97,
        "EPS Diluted": 1.93,
        "Weighted Average Shs Out": 159500000.0,
        "Weighted Average Shs Out (Dil)": 163000000.0,
        "Dividend per Share": 0.549079754601,
        "Gross Margin": 0.345438267022,
        "EBITDA Margin": 0.133598287985,
        "EBIT Margin": 0.108332969385,
        "Profit Margin": 0.0687863038826,
        "Free Cash Flow margin": 0.0617111411975,
        "EBITDA": 611800000.0,
        "EBIT": 496100000.0,
        "Consolidated Income": 315000000.0,
        "Earnings Before Tax Margin": 0.100428003669,
        "Net Profit Margin": 0.0687863038826
    },
    "2014": {
        "Revenue": 4013600000.0,
        "Revenue Growth": -0.0345889257709145,
        "Cost of Revenue": 2646700000.0,
        "Gross Profit": 1366900000.0,
        "R&D Expenses": 46100000.0,
        "SG&A Expense": 943300000.0,
        "Operating Expenses": 989400000.0,
        "Operating Income": 403500000.0,
        "Interest Expense": 10400000.0,
        "Earnings before Tax": 273600000.0,
        "Income Tax Expense": 118300000.0,
        "Net Income - Non-Controlling int": 0.0,
        "Net Income - Discontinued ops": 0.0,
        "Net Income": 158100000.0,
        "Preferred Dividends": 0.0,
        "Net Income Com": 158100000.0,
        "EPS": 0.98,
        "EPS Diluted": 0.95,
        "Weighted Average Shs Out": 161800000.0,
        "Weighted Average Shs Out (Dil)": 166300000.0,
        "Dividend per Share": 0.465423932652,
        "Gross Margin": 0.340567071955,
        "EBITDA Margin": 0.125149491728,
        "EBIT Margin": 0.100533187164,
        "Profit Margin": 0.0393910703608,
        "Free Cash Flow margin": 0.0314430934822,
        "EBITDA": 502300000.0,
        "EBIT": 403500000.0,
        "Consolidated Income": 158100000.0,
        "Earnings Before Tax Margin": 0.0681682280247,
        "Net Profit Margin": 0.0393910703608
    },
    "2013": {
        "Revenue": 4157400000.0,
        "Revenue Growth": 0.157695413661552,
        "Cost of Revenue": 2718600000.0,
        "Gross Profit": 1438800000.0,
        "R&D Expenses": 55600000.0,
        "SG&A Expense": 1043100000.0,
        "Operating Expenses": 1098700000.0,
        "Operating Income": 357100000.0,
        "Interest Expense": 7200000.0,
        "Earnings before Tax": 344900000.0,
        "Income Tax Expense": 114000000.0,
        "Net Income - Non-Controlling int": 0.0,
        "Net Income - Discontinued ops": 0.0,
        "Net Income": 229700000.0,
        "Preferred Dividends": 0.0,
        "Net Income Com": 229700000.0,
        "EPS": 1.39,
        "EPS Diluted": 1.34,
        "Weighted Average Shs Out": 165500000.0,
        "Weighted Average Shs Out (Dil)": 171300000.0,
        "Dividend per Share": 0.291301809691,
        "Gross Margin": 0.346081685669,
        "EBITDA Margin": 0.107639390003,
        "EBIT Margin": 0.0858950305479,
        "Profit Margin": 0.0552508779526,
        "Free Cash Flow margin": 0.0483715783903,
        "EBITDA": 447500000.0,
        "EBIT": 357100000.0,
        "Consolidated Income": 229700000.0,
        "Earnings Before Tax Margin": 0.0829605041613,
        "Net Profit Margin": 0.0552508779526
    },
    "2012": {
        "Revenue": 3591100000.0,
        "Revenue Growth": 0.0788619840173046,
        "Cost of Revenue": 2421100000.0,
        "Gross Profit": 1170000000.0,
        "R&D Expenses": 47000000.0,
        "SG&A Expense": 976900000.0,
        "Operating Expenses": 1023900000.0,