{
    "2018": {
        "Revenue": 89437000.0,
        "Revenue Growth": -0.0651119519996655,
        "Cost of Revenue": 86344000.0,
        "Gross Profit": 3093000.0,
        "R&D Expenses": 22817000.0,
        "SG&A Expense": 24908000.0,
        "Operating Expenses": 47725000.0,
        "Operating Income": -44632000.0,
        "Interest Expense": 9055000.0,
        "Earnings before Tax": -50349000.0,
        "Income Tax Expense": -3015000.0,
        "Net Income - Non-Controlling int": 0.0,
        "Net Income - Discontinued ops": 0.0,
        "Net Income": -47334000.0,
        "Preferred Dividends": 3200000.0,
        "Net Income Com": -47334000.0,
        "EPS": -0.75,
        "EPS Diluted": -0.75,
        "Weighted Average Shs Out": 82754268.0,
        "Weighted Average Shs Out (Dil)": 82754268.0,
        "Dividend per Share": 0.00604198444484,
        "Gross Margin": 0.0345830025605,
        "EBITDA Margin": -0.335733533102,
        "EBIT Margin": -0.499032838758,
        "Profit Margin": -0.529244048884,
        "Free Cash Flow margin": 0.0703735590416,
        "EBITDA": -30027000.0,
        "EBIT": -44632000.0,
        "Consolidated Income": -47334000.0,
        "Earnings Before Tax Margin": -0.562954929168,
        "Net Profit Margin": -0.529244048884
    },
    "2017": {
        "Revenue": 95666000.0,
        "Revenue Growth": -0.116265750286369,
        "Cost of Revenue": 92932000.0,
        "Gross Profit": 2734000.0,
        "R&D Expenses": 20398000.0,
        "SG&A Expense": 25916000.0,
        "Operating Expenses": 47669000.0,
        "Operating Income": -44935000.0,
        "Interest Expense": 9171000.0,
        "Earnings before Tax": -49723000.0,
        "Income Tax Expense": 44000.0,
        "Net Income - Non-Controlling int": 0.0,
        "Net Income - Discontinued ops": 0.0,
        "Net Income": -53903000.0,
        "Preferred Dividends": 3200000.0,
        "Net Income Com": -53903000.0,
        "EPS": -1.14,
        "EPS Diluted": -1.14,
        "Weighted Average Shs Out": 49914904.0,
        "Weighted Average Shs Out (Dil)": 49914904.0,
        "Dividend per Share": 0.0100170482147,
        "Gross Margin": 0.0285785963665,
        "EBITDA Margin": -0.315273974035,
        "EBIT Margin": -0.469707105973,
        "Profit Margin": -0.563449919512,
        "Free Cash Flow margin": -0.880103694102,
        "EBITDA": -30161000.0,
        "EBIT": -44935000.0,
        "Consolidated Income": -53903000.0,
        "Earnings Before Tax Margin": -0.519756235235,
        "Net Profit Margin": -0.563449919512
    },
    "2016": {
        "Revenue": 108252000.0,
        "Revenue Growth": -0.336190879155246,
        "Cost of Revenue": 108609000.0,
        "Gross Profit": -357000.0,
        "R&D Expenses": 20846000.0,
        "SG&A Expense": 25150000.0,
        "Operating Expenses": 45996000.0,
        "Operating Income": -46353000.0,
        "Interest Expense": 4958000.0,
        "Earnings before Tax": -50689000.0,
        "Income Tax Expense": 519000.0,
        "Net Income - Non-Controlling int": 0.0,
        "Net Income - Discontinued ops": 0.0,
        "Net Income": -50957000.0,
        "Preferred Dividends": 3200000.0,
        "Net Income Com": -50957000.0,
        "EPS": -1.82,
        "EPS Diluted": -1.82,
        "Weighted Average Shs Out": 29773700.0,
        "Weighted Average Shs Out (Dil)": 29773700.0,
        "Dividend per Share": 0.0167933444617,
        "Gross Margin": -0.00329786054761,
        "EBITDA Margin": -0.352852603185,
        "EBIT Margin": -0.428195322026,
        "Profit Margin": -0.470725714075,
        "Free Cash Flow margin": -0.5018013524,
        "EBITDA": -38197000.0,
        "EBIT": -46353000.0,
        "Consolidated Income": -50957000.0,
        "Earnings Before Tax Margin": -0.468250009238,
        "Net Profit Margin": -0.470725714075
    },
    "2015": {
        "Revenue": 163077000.0,
        "Revenue Growth": -0.0954890095566661,
        "Cost of Revenue": 150301000.0,
        "Gross Profit": 12776000.0,
        "R&D Expenses": 17442000.0,
        "SG&A Expense": 24226000.0,
        "Operating Expenses": 41668000.0,
        "Operating Income": -28892000.0,
        "Interest Expense": 2960000.0,
        "Earnings before Tax": -29410000.0,
        "Income Tax Expense": 274000.0,
        "Net Income - Non-Controlling int": 0.0,
        "Net Income - Discontinued ops": 0.0,
        "Net Income": -29359000.0,
        "Preferred Dividends": 3200000.0,
        "Net Income Com": -29359000.0,
        "EPS": -1.33,
        "EPS Diluted": -1.33,
        "Weighted Average Shs Out": 24513731.0,
        "Weighted Average Shs Out (Dil)": 24513731.0,
        "Dividend per Share": 0.0203967319377,
        "Gross Margin": 0.078343359272,
        "EBITDA Margin": -0.140810782636,
        "EBIT Margin": -0.177167840959,
        "Profit Margin": -0.180031518853,
        "Free Cash Flow margin": -0.313986644346,
        "EBITDA": -22963000.0,
        "EBIT": -28892000.0,
        "Consolidated Income": -29359000.0,
        "Earnings Before Tax Margin": -0.180344254555,
        "Net Profit Margin": -0.180031518853
    },
    "2014": {
        "Revenue": 180293000.0,
        "Revenue Growth": -0.039246927922071,
        "Cost of Revenue": 166567000.0,
        "Gross Profit": 13726000.0,
        "R&D Expenses": 18240000.0,
        "SG&A Expense": 22797000.0,
        "Operating Expenses": 41037000.0,
        "Operating Income": -27311000.0,
        "Interest Expense": 3561000.0,
        "Earnings before Tax": -38395000.0,
        "Income Tax Expense": 488000.0,
        "Net Income - Non-Controlling int": 0.0,
        "Net Income - Discontinued ops": 0.0,
        "Net Income": -38125000.0,
        "Preferred Dividends": 3200000.0,
        "Net Income Com": -38125000.0,
        "EPS": -0.17,
        "EPS Diluted": -0.17,
        "Weighted Average Shs Out": 245686983.0,
        "Weighted Average Shs Out (Dil)": 245686983.0,
        "Dividend per Share": 0.0,
        "Gross Margin": 0.0761316301798,
        "EBITDA Margin": -0.115295657624,
        "EBIT Margin": -0.151481200047,
        "Profit Margin": -0.21146134348,
        "Free Cash Flow margin": -0.358011680986,
        "EBITDA": -20787000.0,
        "EBIT": -27311000.0,
        "Consolidated Income": -38125000.0,
        "Earnings Before Tax Margin": -0.212958905781,
        "Net Profit Margin": -0.21146134348
    },
    "2013": {
        "Revenue": 187658000.0,
        "Revenue Growth": 0.555997777833056,
        "Cost of Revenue": 180536000.0,
        "Gross Profit": 7122000.0,
        "R&D Expenses": 15717000.0,
        "SG&A Expense": 21218000.0,
        "Operating Expenses": 36935000.0,
        "Operating Income": -29813000.0,
        "Interest Expense": 3973000.0,
        "Earnings before Tax": -34948000.0,
        "Income Tax Expense": 371000.0,
        "Net Income - Non-Controlling int": 0.0,
        "Net Income - Discontinued ops": 0.0,
        "Net Income": -34358000.0,
        "Preferred Dividends": 3200000.0,
        "Net Income Com": -34358000.0,
        "EPS": -0.2,
        "EPS Diluted": -0.2,
        "Weighted Average Shs Out": 186525001.0,
        "Weighted Average Shs Out (Dil)": 186525001.0,
        "Dividend per Share": 0.0,
        "Gross Margin": 0.0379520190986,
        "EBITDA Margin": -0.123820993509,
        "EBIT Margin": -0.15886879323,
        "Profit Margin": -0.183088384188,
        "Free Cash Flow margin": -0.123677114751,
        "EBITDA": -23236000.0,
        "EBIT": -29813000.0,
        "Consolidated Income": -34358000.0,
        "Earnings Before Tax Margin": -0.186232401496,
        "Net Profit Margin": -0.183088384188
    },
    "2012": {
        "Revenue": 120603000.0,
        "Revenue Growth": 0.0,
        "Cost of Revenue": 120158000.0,
        "Gross Profit": 445000.0,
        "R&D Expenses": 14354000.0,
        "SG&A Expense": 18220000.0,
        "Operating Expenses": 32574000.0,
        "Operating Income": -32129000.0,