{
    "2019": {
        "Revenue": 69693000000.0,
        "Revenue Growth": 0.0648281130634072,
        "Cost of Revenue": 27159000000.0,
        "Gross Profit": 42534000000.0,
        "R&D Expenses": 0.0,
        "SG&A Expense": 24776000000.0,
        "Operating Expenses": 38068000000.0,
        "Operating Income": 4466000000.0,
        "Interest Expense": 588000000.0,
        "Earnings before Tax": 655000000.0,
        "Income Tax Expense": 115000000.0,
        "Net Income - Non-Controlling int": 0.0,
        "Net Income - Discontinued ops": 0.0,
        "Net Income": 540000000.0,
        "Preferred Dividends": 0.0,
        "Net Income Com": 540000000.0,
        "EPS": 2.06,
        "EPS Diluted": 2.03,
        "Weighted Average Shs Out": 262000000.0,
        "Weighted Average Shs Out (Dil)": 265000000.0,
        "Dividend per Share": 2.57735849057,
        "Gross Margin": 0.610305195644,
        "EBITDA Margin": 0.112192042242,
        "EBIT Margin": 0.0640810411376,
        "Profit Margin": 0.00774826740132,
        "Free Cash Flow margin": 0.0017648831303,
        "EBITDA": 7819000000.0,
        "EBIT": 4466000000.0,
        "Consolidated Income": 540000000.0,
        "Earnings Before Tax Margin": 0.00939836138493,
        "Net Profit Margin": 0.00774826740132
    },
    "2018": {
        "Revenue": 65450000000.0,
        "Revenue Growth": 0.0850644075664384,
        "Cost of Revenue": 27923000000.0,
        "Gross Profit": 37527000000.0,
        "R&D Expenses": 0.0,
        "SG&A Expense": 23207000000.0,
        "Operating Expenses": 32657000000.0,
        "Operating Income": 4870000000.0,
        "Interest Expense": 558000000.0,
        "Earnings before Tax": 4353000000.0,
        "Income Tax Expense": -219000000.0,
        "Net Income - Non-Controlling int": 0.0,
        "Net Income - Discontinued ops": 0.0,
        "Net Income": 4572000000.0,
        "Preferred Dividends": 0.0,
        "Net Income Com": 4572000000.0,
        "EPS": 17.08,
        "EPS Diluted": 16.79,
        "Weighted Average Shs Out": 267000000.0,
        "Weighted Average Shs Out (Dil)": 272000000.0,
        "Dividend per Share": 1.96691176471,
        "Gross Margin": 0.573368983957,
        "EBITDA Margin": 0.121695951108,
        "EBIT Margin": 0.0744079449962,
        "Profit Margin": 0.0698548510313,
        "Free Cash Flow margin": -0.0151107715814,
        "EBITDA": 7965000000.0,
        "EBIT": 4870000000.0,
        "Consolidated Income": 4572000000.0,
        "Earnings Before Tax Margin": 0.0665087853323,
        "Net Profit Margin": 0.0698548510313
    },
    "2017": {
        "Revenue": 60319000000.0,
        "Revenue Growth": 0.197637248088951,
        "Cost of Revenue": 24988000000.0,
        "Gross Profit": 35331000000.0,
        "R&D Expenses": 0.0,
        "SG&A Expense": 21542000000.0,
        "Operating Expenses": 30294000000.0,
        "Operating Income": 5037000000.0,
        "Interest Expense": 512000000.0,
        "Earnings before Tax": 4579000000.0,
        "Income Tax Expense": 1582000000.0,
        "Net Income - Non-Controlling int": 0.0,
        "Net Income - Discontinued ops": 0.0,
        "Net Income": 2997000000.0,
        "Preferred Dividends": 0.0,
        "Net Income Com": 2997000000.0,
        "EPS": 11.24,
        "EPS Diluted": 11.07,
        "Weighted Average Shs Out": 266000000.0,
        "Weighted Average Shs Out (Dil)": 270000000.0,
        "Dividend per Share": 1.57777777778,
        "Gross Margin": 0.585735837796,
        "EBITDA Margin": 0.133158706212,
        "EBIT Margin": 0.0835060262935,
        "Profit Margin": 0.0496858369668,
        "Free Cash Flow margin": -0.00308360549744,
        "EBITDA": 8032000000.0,
        "EBIT": 5037000000.0,
        "Consolidated Income": 2997000000.0,
        "Earnings Before Tax Margin": 0.0759130622192,
        "Net Profit Margin": 0.0496858369668
    },
    "2016": {
        "Revenue": 50365000000.0,
        "Revenue Growth": 0.0613659831833604,
        "Cost of Revenue": 0.0,
        "Gross Profit": 0.0,
        "R&D Expenses": 0.0,
        "SG&A Expense": 18581000000.0,
        "Operating Expenses": 47288000000.0,
        "Operating Income": 3077000000.0,
        "Interest Expense": 336000000.0,
        "Earnings before Tax": 2740000000.0,
        "Income Tax Expense": 920000000.0,
        "Net Income - Non-Controlling int": 0.0,
        "Net Income - Discontinued ops": 0.0,
        "Net Income": 1820000000.0,
        "Preferred Dividends": 0.0,
        "Net Income Com": 1820000000.0,
        "EPS": 6.59,
        "EPS Diluted": 6.51,
        "Weighted Average Shs Out": 276000000.0,
        "Weighted Average Shs Out (Dil)": 279000000.0,
        "Dividend per Share": 0.992831541219,
        "Gross Margin": 0.0,
        "EBITDA Margin": 0.113332671498,
        "EBIT Margin": 0.0610940137,
        "Profit Margin": 0.0361362056984,
        "Free Cash Flow margin": 0.0176710016877,
        "EBITDA": 5708000000.0,
        "EBIT": 3077000000.0,
        "Consolidated Income": 1820000000.0,
        "Earnings Before Tax Margin": 0.0544028591284,
        "Net Profit Margin": 0.0361362056984
    },
    "2015": {
        "Revenue": 47453000000.0,
        "Revenue Growth": 0.0413896021243444,
        "Cost of Revenue": 0.0,
        "Gross Profit": 0.0,
        "R&D Expenses": 0.0,
        "SG&A Expense": 17110000000.0,
        "Operating Expenses": 45586000000.0,
        "Operating Income": 1867000000.0,
        "Interest Expense": 235000000.0,
        "Earnings before Tax": 1627000000.0,
        "Income Tax Expense": 577000000.0,
        "Net Income - Non-Controlling int": 0.0,
        "Net Income - Discontinued ops": 0.0,
        "Net Income": 1050000000.0,
        "Preferred Dividends": 0.0,
        "Net Income Com": 1050000000.0,
        "EPS": 3.7,
        "EPS Diluted": 3.65,
        "Weighted Average Shs Out": 283000000.0,
        "Weighted Average Shs Out (Dil)": 287000000.0,
        "Dividend per Share": 0.790940766551,
        "Gross Margin": 0.0,
        "EBITDA Margin": 0.094367057931,
        "EBIT Margin": 0.0393441932017,
        "Profit Margin": 0.0221271573978,
        "Free Cash Flow margin": 0.0214738794175,
        "EBITDA": 4478000000.0,
        "EBIT": 1867000000.0,
        "Consolidated Income": 1050000000.0,
        "Earnings Before Tax Margin": 0.034286557225,
        "Net Profit Margin": 0.0221271573978
    },
    "2014": {
        "Revenue": 45567000000.0,
        "Revenue Growth": 0.0289023867049021,
        "Cost of Revenue": 0.0,
        "Gross Profit": 0.0,
        "R&D Expenses": 0.0,
        "SG&A Expense": 16555000000.0,
        "Operating Expenses": 42121000000.0,
        "Operating Income": 3446000000.0,
        "Interest Expense": 160000000.0,
        "Earnings before Tax": 3289000000.0,
        "Income Tax Expense": 1192000000.0,
        "Net Income - Non-Controlling int": 0.0,
        "Net Income - Discontinued ops": 0.0,
        "Net Income": 2097000000.0,
        "Preferred Dividends": 0.0,
        "Net Income Com": 2097000000.0,
        "EPS": 6.82,
        "EPS Diluted": 6.75,
        "Weighted Average Shs Out": 307000000.0,
        "Weighted Average Shs Out (Dil)": 310000000.0,
        "Dividend per Share": 0.603225806452,
        "Gross Margin": 0.0,
        "EBITDA Margin": 0.132398446244,
        "EBIT Margin": 0.0756249039875,
        "Profit Margin": 0.0460201461584,
        "Free Cash Flow margin": 0.0160423113218,
        "EBITDA": 6033000000.0,
        "EBIT": 3446000000.0,
        "Consolidated Income": 2097000000.0,
        "Earnings Before Tax Margin": 0.0721794280949,
        "Net Profit Margin": 0.0460201461584
    },
    "2013": {
        "Revenue": 44287000000.0,
        "Revenue Growth": 0.0376522961574508,
        "Cost of Revenue": 0.0,
        "Gross Profit": 0.0,
        "R&D Expenses": 0.0,
        "SG&A Expense": 16570000000.0,
        "Operating Expenses": 41736000000.0,
        "Operating Income": 2551000000.0,