{
    "2018": {
        "Revenue": 1298100000.0,
        "Revenue Growth": 0.153969241710374,
        "Cost of Revenue": 865763000.0,
        "Gross Profit": 432400000.0,
        "R&D Expenses": 22100000.0,
        "SG&A Expense": 298706000.0,
        "Operating Expenses": 320806000.0,
        "Operating Income": 132000000.0,
        "Interest Expense": 9839000.0,
        "Earnings before Tax": 120407000.0,
        "Income Tax Expense": 14900000.0,
        "Net Income - Non-Controlling int": 0.0,
        "Net Income - Discontinued ops": 0.0,
        "Net Income": 105900000.0,
        "Preferred Dividends": 0.0,
        "Net Income Com": 105900000.0,
        "EPS": 2.25,
        "EPS Diluted": 2.23,
        "Weighted Average Shs Out": 46600000.0,
        "Weighted Average Shs Out (Dil)": 47000000.0,
        "Dividend per Share": 0.481106382979,
        "Gross Margin": 0.333102226331,
        "EBITDA Margin": 0.131425930206,
        "EBIT Margin": 0.101687081119,
        "Profit Margin": 0.0815807718974,
        "Free Cash Flow margin": 0.0816601186349,
        "EBITDA": 170604000.0,
        "EBIT": 132000000.0,
        "Consolidated Income": 105900000.0,
        "Earnings Before Tax Margin": 0.0927563361837,
        "Net Profit Margin": 0.0815807718974
    },
    "2017": {
        "Revenue": 1124900000.0,
        "Revenue Growth": 0.184229918938836,
        "Cost of Revenue": 747927000.0,
        "Gross Profit": 376982000.0,
        "R&D Expenses": 20800000.0,
        "SG&A Expense": 265686000.0,
        "Operating Expenses": 286486000.0,
        "Operating Income": 107000000.0,
        "Interest Expense": 10322000.0,
        "Earnings before Tax": 104587000.0,
        "Income Tax Expense": 25994000.0,
        "Net Income - Non-Controlling int": 0.0,
        "Net Income - Discontinued ops": 0.0,
        "Net Income": 78180000.0,
        "Preferred Dividends": 0.0,
        "Net Income Com": 78180000.0,
        "EPS": 1.67,
        "EPS Diluted": 1.65,
        "Weighted Average Shs Out": 46500000.0,
        "Weighted Average Shs Out (Dil)": 47000000.0,
        "Dividend per Share": 0.431680851064,
        "Gross Margin": 0.335124899991,
        "EBITDA Margin": 0.129350164459,
        "EBIT Margin": 0.0951195661837,
        "Profit Margin": 0.0694995110677,
        "Free Cash Flow margin": 0.0295759623078,
        "EBITDA": 145506000.0,
        "EBIT": 107000000.0,
        "Consolidated Income": 78180000.0,
        "Earnings Before Tax Margin": 0.092974486621,
        "Net Profit Margin": 0.0694995110677
    },
    "2016": {
        "Revenue": 949900000.0,
        "Revenue Growth": 0.0270044100968405,
        "Cost of Revenue": 618450000.0,
        "Gross Profit": 331406000.0,
        "R&D Expenses": 21500000.0,
        "SG&A Expense": 221209000.0,
        "Operating Expenses": 242709000.0,
        "Operating Income": 110795000.0,
        "Interest Expense": 8732000.0,
        "Earnings before Tax": 104113000.0,
        "Income Tax Expense": 24798000.0,
        "Net Income - Non-Controlling int": 0.0,
        "Net Income - Discontinued ops": 0.0,
        "Net Income": 78700000.0,
        "Preferred Dividends": 0.0,
        "Net Income Com": 78700000.0,
        "EPS": 1.67,
        "EPS Diluted": 1.65,
        "Weighted Average Shs Out": 46200000.0,
        "Weighted Average Shs Out (Dil)": 46700000.0,
        "Dividend per Share": 0.409785867238,
        "Gross Margin": 0.348885145805,
        "EBITDA Margin": 0.154046741762,
        "EBIT Margin": 0.116638593536,
        "Profit Margin": 0.0828508264028,
        "Free Cash Flow margin": 0.0802589746289,
        "EBITDA": 146329000.0,
        "EBIT": 110795000.0,
        "Consolidated Income": 78700000.0,
        "Earnings Before Tax Margin": 0.10960416886,
        "Net Profit Margin": 0.0828508264028
    },
    "2015": {
        "Revenue": 1047777000.0,
        "Revenue Growth": 0.0852596995013786,
        "Cost of Revenue": 703367000.0,
        "Gross Profit": 344410000.0,
        "R&D Expenses": 19300000.0,
        "SG&A Expense": 227711000.0,
        "Operating Expenses": 247011000.0,
        "Operating Income": 100088000.0,
        "Interest Expense": 10735000.0,
        "Earnings before Tax": 89703000.0,
        "Income Tax Expense": 18851000.0,
        "Net Income - Non-Controlling int": 0.0,
        "Net Income - Discontinued ops": 0.0,
        "Net Income": 69806000.0,
        "Preferred Dividends": 0.0,
        "Net Income Com": 69806000.0,
        "EPS": 1.43,
        "EPS Diluted": 1.41,
        "Weighted Average Shs Out": 47700000.0,
        "Weighted Average Shs Out (Dil)": 48200000.0,
        "Dividend per Share": 0.36143153527,
        "Gross Margin": 0.328705440184,
        "EBITDA Margin": 0.131037424948,
        "EBIT Margin": 0.095524143019,
        "Profit Margin": 0.0666229550754,
        "Free Cash Flow margin": 0.0112848440078,
        "EBITDA": 137298000.0,
        "EBIT": 100088000.0,
        "Consolidated Income": 69806000.0,
        "Earnings Before Tax Margin": 0.0856126828514,
        "Net Profit Margin": 0.0666229550754
    },
    "2013": {
        "Revenue": 965462000.0,
        "Revenue Growth": 0.083151866000258,
        "Cost of Revenue": 633948000.0,
        "Gross Profit": 331514000.0,
        "R&D Expenses": 16800000.0,
        "SG&A Expense": 204014000.0,
        "Operating Expenses": 220814000.0,
        "Operating Income": 123781000.0,
        "Interest Expense": 10597000.0,
        "Earnings before Tax": 111549000.0,
        "Income Tax Expense": 28851000.0,
        "Net Income - Non-Controlling int": 0.0,
        "Net Income - Discontinued ops": 0.0,
        "Net Income": 81958000.0,
        "Preferred Dividends": 0.0,
        "Net Income Com": 81958000.0,
        "EPS": 1.7,
        "EPS Diluted": 1.68,
        "Weighted Average Shs Out": 47500000.0,
        "Weighted Average Shs Out (Dil)": 48100000.0,
        "Dividend per Share": 0.317962577963,
        "Gross Margin": 0.34337343158,
        "EBITDA Margin": 0.160686800723,
        "EBIT Margin": 0.128209085391,
        "Profit Margin": 0.0848899283452,
        "Free Cash Flow margin": 0.0318158560358,
        "EBITDA": 155137000.0,
        "EBIT": 123781000.0,
        "Consolidated Income": 81958000.0,
        "Earnings Before Tax Margin": 0.115539503367,
        "Net Profit Margin": 0.0848899283452
    },
    "2012": {
        "Revenue": 891345000.0,
        "Revenue Growth": 0.0855802805339816,
        "Cost of Revenue": 589681000.0,
        "Gross Profit": 301664000.0,
        "R&D Expenses": 9900000.0,
        "SG&A Expense": 188486000.0,
        "Operating Expenses": 198386000.0,
        "Operating Income": 112957000.0,
        "Interest Expense": 10208000.0,
        "Earnings before Tax": 115988000.0,
        "Income Tax Expense": 32250000.0,
        "Net Income - Non-Controlling int": 0.0,
        "Net Income - Discontinued ops": 0.0,
        "Net Income": 82864000.0,
        "Preferred Dividends": 0.0,
        "Net Income Com": 82864000.0,
        "EPS": 3.52,
        "EPS Diluted": 3.46,
        "Weighted Average Shs Out": 23400000.0,
        "Weighted Average Shs Out (Dil)": 23800000.0,
        "Dividend per Share": 0.580294117647,
        "Gross Margin": 0.33843685666,
        "EBITDA Margin": 0.158515501854,
        "EBIT Margin": 0.126726463939,
        "Profit Margin": 0.0929651257369,
        "Free Cash Flow margin": 0.0346431516416,
        "EBITDA": 141292000.0,
        "EBIT": 112957000.0,
        "Consolidated Income": 82864000.0,
        "Earnings Before Tax Margin": 0.130126942991,
        "Net Profit Margin": 0.0929651257369
    },
    "2011": {
        "Revenue": 821077000.0,
        "Revenue Growth": 0.150302889357124,
        "Cost of Revenue": 548772000.0,
        "Gross Profit": 272305000.0,
        "R&D Expenses": 8200000.0,
        "SG&A Expense": 177320000.0,
        "Operating Expenses": 185520000.0,
        "Operating Income": 93398000.0,