{
    "2018": {
        "Revenue": 522493000.0,
        "Revenue Growth": 0.148853879220308,
        "Cost of Revenue": 84429000.0,
        "Gross Profit": 74742000.0,
        "R&D Expenses": 0.0,
        "SG&A Expense": 155584000.0,
        "Operating Expenses": 155584000.0,
        "Operating Income": -92881000.0,
        "Interest Expense": 0.0,
        "Earnings before Tax": -93683000.0,
        "Income Tax Expense": -2950000.0,
        "Net Income - Non-Controlling int": 0.0,
        "Net Income - Discontinued ops": 0.0,
        "Net Income": -90733000.0,
        "Preferred Dividends": 0.0,
        "Net Income Com": -90733000.0,
        "EPS": -0.41,
        "EPS Diluted": -0.41,
        "Weighted Average Shs Out": 223999000.0,
        "Weighted Average Shs Out (Dil)": 223999000.0,
        "Dividend per Share": 0.0,
        "Gross Margin": 0.143048806395,
        "EBITDA Margin": 0.0353478419807,
        "EBIT Margin": -0.177765060967,
        "Profit Margin": -0.173654001106,
        "Free Cash Flow margin": -0.100246319089,
        "EBITDA": 18469000.0,
        "EBIT": -92881000.0,
        "Consolidated Income": -90733000.0,
        "Earnings Before Tax Margin": -0.179300009761,
        "Net Profit Margin": -0.173654001106
    },
    "2017": {
        "Revenue": 454795000.0,
        "Revenue Growth": -0.0671464994020893,
        "Cost of Revenue": 87200000.0,
        "Gross Profit": 37190000.0,
        "R&D Expenses": 0.0,
        "SG&A Expense": 163704000.0,
        "Operating Expenses": 163704000.0,
        "Operating Income": -214742000.0,
        "Interest Expense": 0.0,
        "Earnings before Tax": -86539000.0,
        "Income Tax Expense": 72918000.0,
        "Net Income - Non-Controlling int": 0.0,
        "Net Income - Discontinued ops": 0.0,
        "Net Income": -159457000.0,
        "Preferred Dividends": 0.0,
        "Net Income Com": -159457000.0,
        "EPS": -0.72,
        "EPS Diluted": -0.72,
        "Weighted Average Shs Out": 222940000.0,
        "Weighted Average Shs Out (Dil)": 222940000.0,
        "Dividend per Share": 0.224966358662,
        "Gross Margin": 0.0817731065645,
        "EBITDA Margin": -0.203109093108,
        "EBIT Margin": -0.472173176926,
        "Profit Margin": -0.35061291351,
        "Free Cash Flow margin": 0.00630833672314,
        "EBITDA": -92373000.0,
        "EBIT": -214742000.0,
        "Consolidated Income": -159457000.0,
        "Earnings Before Tax Margin": -0.190281335547,
        "Net Profit Margin": -0.35061291351
    },
    "2016": {
        "Revenue": 487531000.0,
        "Revenue Growth": -0.499762979683973,
        "Cost of Revenue": 59037000.0,
        "Gross Profit": 428494000.0,
        "R&D Expenses": 0.0,
        "SG&A Expense": 228802000.0,
        "Operating Expenses": 228802000.0,
        "Operating Income": -163362000.0,
        "Interest Expense": 0.0,
        "Earnings before Tax": -181722000.0,
        "Income Tax Expense": -25643000.0,
        "Net Income - Non-Controlling int": 0.0,
        "Net Income - Discontinued ops": 0.0,
        "Net Income": -135338000.0,
        "Preferred Dividends": 1000.0,
        "Net Income Com": -135338000.0,
        "EPS": -0.77,
        "EPS Diluted": -0.77,
        "Weighted Average Shs Out": 176584000.0,
        "Weighted Average Shs Out (Dil)": 176584000.0,
        "Dividend per Share": 0.447452770353,
        "Gross Margin": 0.878906161865,
        "EBITDA Margin": -0.100471559757,
        "EBIT Margin": -0.335080230796,
        "Profit Margin": -0.277598757823,
        "Free Cash Flow margin": -0.108624887443,
        "EBITDA": -48983000.0,
        "EBIT": -163362000.0,
        "Consolidated Income": -135338000.0,
        "Earnings Before Tax Margin": -0.372739374522,
        "Net Profit Margin": -0.277598757823
    },
    "2015": {
        "Revenue": 974600000.0,
        "Revenue Growth": -0.154456929878747,
        "Cost of Revenue": 113918000.0,
        "Gross Profit": 860682000.0,
        "R&D Expenses": 0.0,
        "SG&A Expense": 270678000.0,
        "Operating Expenses": 270678000.0,
        "Operating Income": 143655000.0,
        "Interest Expense": 0.0,
        "Earnings before Tax": 143429000.0,
        "Income Tax Expense": 37319000.0,
        "Net Income - Non-Controlling int": 0.0,
        "Net Income - Discontinued ops": 0.0,
        "Net Income": 79110000.0,
        "Preferred Dividends": 2000.0,
        "Net Income Com": 79110000.0,
        "EPS": 0.51,
        "EPS Diluted": 0.5,
        "Weighted Average Shs Out": 154662000.0,
        "Weighted Average Shs Out (Dil)": 209152000.0,
        "Dividend per Share": 0.443906823745,
        "Gross Margin": 0.88311307203,
        "EBITDA Margin": 0.259368971886,
        "EBIT Margin": 0.147398932896,
        "Profit Margin": 0.0811717627745,
        "Free Cash Flow margin": 0.336584239688,
        "EBITDA": 252781000.0,
        "EBIT": 143655000.0,
        "Consolidated Income": 79110000.0,
        "Earnings Before Tax Margin": 0.147167042889,
        "Net Profit Margin": 0.0811717627745
    },
    "2014": {
        "Revenue": 1152632000.0,
        "Revenue Growth": 0.0695077209150412,
        "Cost of Revenue": 110126000.0,
        "Gross Profit": 1042506000.0,
        "R&D Expenses": 0.0,
        "SG&A Expense": 267378000.0,
        "Operating Expenses": 267378000.0,
        "Operating Income": 314943000.0,
        "Interest Expense": 0.0,
        "Earnings before Tax": 304724000.0,
        "Income Tax Expense": 75412000.0,
        "Net Income - Non-Controlling int": 0.0,
        "Net Income - Discontinued ops": 0.0,
        "Net Income": 159037000.0,
        "Preferred Dividends": 1000.0,
        "Net Income Com": 159037000.0,
        "EPS": 1.03,
        "EPS Diluted": 1.03,
        "Weighted Average Shs Out": 153814000.0,
        "Weighted Average Shs Out (Dil)": 207828000.0,
        "Dividend per Share": 0.333501741825,
        "Gross Margin": 0.904456929879,
        "EBITDA Margin": 0.35155973459,
        "EBIT Margin": 0.273238119365,
        "Profit Margin": 0.137977255533,
        "Free Cash Flow margin": 0.169965782661,
        "EBITDA": 405219000.0,
        "EBIT": 314943000.0,
        "Consolidated Income": 159037000.0,
        "Earnings Before Tax Margin": 0.264372323517,
        "Net Profit Margin": 0.137977255533
    },
    "2013": {
        "Revenue": 1077722000.0,
        "Revenue Growth": 0.0372146202218556,
        "Cost of Revenue": 124092000.0,
        "Gross Profit": 953630000.0,
        "R&D Expenses": 0.0,
        "SG&A Expense": 224755000.0,
        "Operating Expenses": 224755000.0,
        "Operating Income": 340671000.0,
        "Interest Expense": 0.0,
        "Earnings before Tax": 346922000.0,
        "Income Tax Expense": 38727000.0,
        "Net Income - Non-Controlling int": 0.0,
        "Net Income - Discontinued ops": 0.0,
        "Net Income": 255462000.0,
        "Preferred Dividends": 0.0,
        "Net Income Com": 255462000.0,
        "EPS": 1.93,
        "EPS Diluted": 1.85,
        "Weighted Average Shs Out": 132257000.0,
        "Weighted Average Shs Out (Dil)": 185506000.0,
        "Dividend per Share": 0.0620680732699,
        "Gross Margin": 0.884857133843,
        "EBITDA Margin": 0.38880713208,
        "EBIT Margin": 0.316102853983,
        "Profit Margin": 0.23703886531,
        "Free Cash Flow margin": 0.0862253902212,
        "EBITDA": 419026000.0,
        "EBIT": 340671000.0,
        "Consolidated Income": 255462000.0,
        "Earnings Before Tax Margin": 0.321903051065,
        "Net Profit Margin": 0.23703886531
    },
    "2012": {
        "Revenue": 1039054000.0,
        "Revenue Growth": 0.444310075450507,
        "Cost of Revenue": 425607000.0,
        "Gross Profit": 613447000.0,
        "R&D Expenses": 0.0,
        "SG&A Expense": 186112000.0,
        "Operating Expenses": 249319000.0,
        "Operating Income": 364128000.0,
        "Interest Expense": -260000.0,