{
    "2018": {
        "Revenue": 21351000.0,
        "Revenue Growth": 0.139935931660438,
        "Cost of Revenue": 10697000.0,
        "Gross Profit": 10654000.0,
        "R&D Expenses": 5534000.0,
        "SG&A Expense": 10190000.0,
        "Operating Expenses": 15724000.0,
        "Operating Income": -5070000.0,
        "Interest Expense": 0.0,
        "Earnings before Tax": -4636000.0,
        "Income Tax Expense": 36000.0,
        "Net Income - Non-Controlling int": 0.0,
        "Net Income - Discontinued ops": 0.0,
        "Net Income": -5607000.0,
        "Preferred Dividends": 0.0,
        "Net Income Com": -5607000.0,
        "EPS": -0.31,
        "EPS Diluted": -0.31,
        "Weighted Average Shs Out": 17978000.0,
        "Weighted Average Shs Out (Dil)": 17978000.0,
        "Dividend per Share": 0.0,
        "Gross Margin": 0.498993021404,
        "EBITDA Margin": -0.122242517915,
        "EBIT Margin": -0.237459603766,
        "Profit Margin": -0.262610650555,
        "Free Cash Flow margin": -0.14036813264,
        "EBITDA": -2610000.0,
        "EBIT": -5070000.0,
        "Consolidated Income": -5607000.0,
        "Earnings Before Tax Margin": -0.217132686994,
        "Net Profit Margin": -0.262610650555
    },
    "2017": {
        "Revenue": 18730000.0,
        "Revenue Growth": 0.0248413219522872,
        "Cost of Revenue": 8551000.0,
        "Gross Profit": 10179000.0,
        "R&D Expenses": 4223000.0,
        "SG&A Expense": 9438000.0,
        "Operating Expenses": 13661000.0,
        "Operating Income": -3482000.0,
        "Interest Expense": 0.0,
        "Earnings before Tax": -3001000.0,
        "Income Tax Expense": -1015000.0,
        "Net Income - Non-Controlling int": 0.0,
        "Net Income - Discontinued ops": 0.0,
        "Net Income": -2510000.0,
        "Preferred Dividends": 0.0,
        "Net Income Com": -2510000.0,
        "EPS": -0.14,
        "EPS Diluted": -0.14,
        "Weighted Average Shs Out": 17739000.0,
        "Weighted Average Shs Out (Dil)": 17739000.0,
        "Dividend per Share": 0.0,
        "Gross Margin": 0.543459690336,
        "EBITDA Margin": -0.0738921516284,
        "EBIT Margin": -0.185904965296,
        "Profit Margin": -0.134009610251,
        "Free Cash Flow margin": -0.0835024025627,
        "EBITDA": -1384000.0,
        "EBIT": -3482000.0,
        "Consolidated Income": -2510000.0,
        "Earnings Before Tax Margin": -0.160224239188,
        "Net Profit Margin": -0.134009610251
    },
    "2016": {
        "Revenue": 18276000.0,
        "Revenue Growth": 0.908521303258145,
        "Cost of Revenue": 6722000.0,
        "Gross Profit": 11554000.0,
        "R&D Expenses": 3558000.0,
        "SG&A Expense": 7078000.0,
        "Operating Expenses": 10636000.0,
        "Operating Income": 918000.0,
        "Interest Expense": 0.0,
        "Earnings before Tax": -4468000.0,
        "Income Tax Expense": 920000.0,
        "Net Income - Non-Controlling int": 0.0,
        "Net Income - Discontinued ops": 0.0,
        "Net Income": -5347000.0,
        "Preferred Dividends": 0.0,
        "Net Income Com": -5347000.0,
        "EPS": -1.0,
        "EPS Diluted": -1.0,
        "Weighted Average Shs Out": 13710000.0,
        "Weighted Average Shs Out (Dil)": 13710000.0,
        "Dividend per Share": 0.0,
        "Gross Margin": 0.632195228715,
        "EBITDA Margin": 0.117695338148,
        "EBIT Margin": 0.0502298095863,
        "Profit Margin": -0.292569490042,
        "Free Cash Flow margin": 0.0337601225651,
        "EBITDA": 2151000.0,
        "EBIT": 918000.0,
        "Consolidated Income": -5347000.0,
        "Earnings Before Tax Margin": -0.244473626614,
        "Net Profit Margin": -0.292569490042
    },
    "2015": {
        "Revenue": 9576000.0,
        "Revenue Growth": 6.49295774647887,
        "Cost of Revenue": 5069000.0,
        "Gross Profit": 4507000.0,
        "R&D Expenses": 4431000.0,
        "SG&A Expense": 5088000.0,
        "Operating Expenses": 9519000.0,
        "Operating Income": -5012000.0,
        "Interest Expense": -27000.0,
        "Earnings before Tax": -8314000.0,
        "Income Tax Expense": 0.0,
        "Net Income - Non-Controlling int": 0.0,
        "Net Income - Discontinued ops": 3329000.0,
        "Net Income": -8314000.0,
        "Preferred Dividends": 0.0,
        "Net Income Com": -8314000.0,
        "EPS": -0.61,
        "EPS Diluted": -0.61,
        "Weighted Average Shs Out": 17446000.0,
        "Weighted Average Shs Out (Dil)": 11842000.0,
        "Dividend per Share": 0.0,
        "Gross Margin": 0.4707,
        "EBITDA Margin": -0.811,
        "EBIT Margin": -0.871,
        "Profit Margin": -0.868,
        "Free Cash Flow margin": -0.3132,
        "EBITDA": -7766000.0,
        "EBIT": -8341000.0,
        "Consolidated Income": -8314000.0,
        "Earnings Before Tax Margin": -0.8682,
        "Net Profit Margin": -0.8682
    },
    "2014": {
        "Revenue": 1278000.0,
        "Revenue Growth": NaN,
        "Cost of Revenue": 936000.0,
        "Gross Profit": 342000.0,
        "R&D Expenses": 521000.0,
        "SG&A Expense": 811000.0,
        "Operating Expenses": 1332000.0,
        "Operating Income": -990000.0,
        "Interest Expense": 0.0,
        "Earnings before Tax": -4283000.0,
        "Income Tax Expense": 0.0,
        "Net Income - Non-Controlling int": 0.0,
        "Net Income - Discontinued ops": 3293000.0,
        "Net Income": -4283000.0,
        "Preferred Dividends": 0.0,
        "Net Income Com": -4283000.0,
        "EPS": NaN,
        "EPS Diluted": NaN,
        "Weighted Average Shs Out": NaN,
        "Weighted Average Shs Out (Dil)": NaN,
        "Dividend per Share": 0.0,
        "Gross Margin": 0.2676,
        "EBITDA Margin": -3.198,
        "EBIT Margin": -3.3513,
        "Profit Margin": -3.351,
        "Free Cash Flow margin": -4.0125,
        "EBITDA": -4087000.0,
        "EBIT": -4283000.0,
        "Consolidated Income": -4283000.0,
        "Earnings Before Tax Margin": -3.3513,
        "Net Profit Margin": -3.3513
    }
}