{
    "2018": {
        "Revenue": 7594000000.0,
        "Revenue Growth": -0.00900430640741224,
        "Cost of Revenue": 221000000.0,
        "Gross Profit": 7373000000.0,
        "R&D Expenses": 0.0,
        "SG&A Expense": 2538000000.0,
        "Operating Expenses": 2538000000.0,
        "Operating Income": 750000000.0,
        "Interest Expense": 43000000.0,
        "Earnings before Tax": 750000000.0,
        "Income Tax Expense": 120000000.0,
        "Net Income - Non-Controlling int": 0.0,
        "Net Income - Discontinued ops": 0.0,
        "Net Income": 628000000.0,
        "Preferred Dividends": 0.0,
        "Net Income Com": 628000000.0,
        "EPS": 2.3,
        "EPS Diluted": 2.26,
        "Weighted Average Shs Out": 273000000.0,
        "Weighted Average Shs Out (Dil)": 278000000.0,
        "Dividend per Share": 1.17985611511,
        "Gross Margin": 0.97089807743,
        "EBITDA Margin": 0.122728469845,
        "EBIT Margin": 0.0987621806689,
        "Profit Margin": 0.0826968659468,
        "Free Cash Flow margin": 0.124176981828,
        "EBITDA": 932000000.0,
        "EBIT": 750000000.0,
        "Consolidated Income": 628000000.0,
        "Earnings Before Tax Margin": 0.0987621806689,
        "Net Profit Margin": 0.0826968659468
    },
    "2017": {
        "Revenue": 7663000000.0,
        "Revenue Growth": -0.197927569604354,
        "Cost of Revenue": 238000000.0,
        "Gross Profit": 7425000000.0,
        "R&D Expenses": 0.0,
        "SG&A Expense": 2460000000.0,
        "Operating Expenses": 2460000000.0,
        "Operating Income": 864000000.0,
        "Interest Expense": 48000000.0,
        "Earnings before Tax": 864000000.0,
        "Income Tax Expense": 235000000.0,
        "Net Income - Non-Controlling int": 0.0,
        "Net Income - Discontinued ops": 0.0,
        "Net Income": 771000000.0,
        "Preferred Dividends": 0.0,
        "Net Income Com": 771000000.0,
        "EPS": 2.44,
        "EPS Diluted": 2.38,
        "Weighted Average Shs Out": 271000000.0,
        "Weighted Average Shs Out (Dil)": 278000000.0,
        "Dividend per Share": 1.0,
        "Gross Margin": 0.968941667754,
        "EBITDA Margin": 0.163512984471,
        "EBIT Margin": 0.112749575884,
        "Profit Margin": 0.100613336813,
        "Free Cash Flow margin": 0.0961764322067,
        "EBITDA": 1253000000.0,
        "EBIT": 864000000.0,
        "Consolidated Income": 771000000.0,
        "Earnings Before Tax Margin": 0.112749575884,
        "Net Profit Margin": 0.100613336813
    },
    "2016": {
        "Revenue": 9554000000.0,
        "Revenue Growth": 0.0462111257117827,
        "Cost of Revenue": 157000000.0,
        "Gross Profit": 9397000000.0,
        "R&D Expenses": 0.0,
        "SG&A Expense": 2832000000.0,
        "Operating Expenses": 2832000000.0,
        "Operating Income": 1072000000.0,
        "Interest Expense": 136000000.0,
        "Earnings before Tax": 1072000000.0,
        "Income Tax Expense": 372000000.0,
        "Net Income - Non-Controlling int": 0.0,
        "Net Income - Discontinued ops": 0.0,
        "Net Income": 650000000.0,
        "Preferred Dividends": 0.0,
        "Net Income Com": 650000000.0,
        "EPS": 2.4,
        "EPS Diluted": 2.34,
        "Weighted Average Shs Out": 272000000.0,
        "Weighted Average Shs Out (Dil)": 280000000.0,
        "Dividend per Share": 0.853571428571,
        "Gross Margin": 0.983567092317,
        "EBITDA Margin": 0.157316307306,
        "EBIT Margin": 0.11220431233,
        "Profit Margin": 0.0680343311702,
        "Free Cash Flow margin": 0.121624450492,
        "EBITDA": 1503000000.0,
        "EBIT": 1072000000.0,
        "Consolidated Income": 650000000.0,
        "Earnings Before Tax Margin": 0.11220431233,
        "Net Profit Margin": 0.0680343311702
    },
    "2015": {
        "Revenue": 9132000000.0,
        "Revenue Growth": 0.138085742771685,
        "Cost of Revenue": 246000000.0,
        "Gross Profit": 8886000000.0,
        "R&D Expenses": 0.0,
        "SG&A Expense": 2671000000.0,
        "Operating Expenses": 2671000000.0,
        "Operating Income": 867000000.0,
        "Interest Expense": 131000000.0,
        "Earnings before Tax": 867000000.0,
        "Income Tax Expense": 290000000.0,
        "Net Income - Non-Controlling int": 0.0,
        "Net Income - Discontinued ops": 0.0,
        "Net Income": 527000000.0,
        "Preferred Dividends": 0.0,
        "Net Income Com": 527000000.0,
        "EPS": 1.95,
        "EPS Diluted": 1.89,
        "Weighted Average Shs Out": 277000000.0,
        "Weighted Average Shs Out (Dil)": 286000000.0,
        "Dividend per Share": 0.769230769231,
        "Gross Margin": 0.973061760841,
        "EBITDA Margin": 0.139837932545,
        "EBIT Margin": 0.0949408672799,
        "Profit Margin": 0.0577091546211,
        "Free Cash Flow margin": 0.100416119141,
        "EBITDA": 1277000000.0,
        "EBIT": 867000000.0,
        "Consolidated Income": 527000000.0,
        "Earnings Before Tax Margin": 0.0949408672799,
        "Net Profit Margin": 0.0577091546211
    },
    "2014": {
        "Revenue": 8024000000.0,
        "Revenue Growth": -0.063164039696439,
        "Cost of Revenue": 228000000.0,
        "Gross Profit": 7796000000.0,
        "R&D Expenses": 0.0,
        "SG&A Expense": 2540000000.0,
        "Operating Expenses": 2540000000.0,
        "Operating Income": 583000000.0,
        "Interest Expense": 127000000.0,
        "Earnings before Tax": 512000000.0,
        "Income Tax Expense": 312000000.0,
        "Net Income - Non-Controlling int": 0.0,
        "Net Income - Discontinued ops": 0.0,
        "Net Income": 583000000.0,
        "Preferred Dividends": 0.0,
        "Net Income Com": 583000000.0,
        "EPS": 0.33,
        "EPS Diluted": 0.32,
        "Weighted Average Shs Out": 138000000.0,
        "Weighted Average Shs Out (Dil)": 47000000.0,
        "Dividend per Share": 4.31914893617,
        "Gross Margin": 0.971585244267,
        "EBITDA Margin": 0.131979062812,
        "EBIT Margin": 0.0726570289133,
        "Profit Margin": 0.0726570289133,
        "Free Cash Flow margin": 0.0444915254237,
        "EBITDA": 1059000000.0,
        "EBIT": 583000000.0,
        "Consolidated Income": 583000000.0,
        "Earnings Before Tax Margin": 0.0638085742772,
        "Net Profit Margin": 0.0726570289133
    },
    "2013": {
        "Revenue": 8565000000.0,
        "Revenue Growth": 0.189302525792521,
        "Cost of Revenue": 291000000.0,
        "Gross Profit": 8274000000.0,
        "R&D Expenses": 0.0,
        "SG&A Expense": 2134000000.0,
        "Operating Expenses": 2134000000.0,
        "Operating Income": 402000000.0,
        "Interest Expense": 93000000.0,
        "Earnings before Tax": 420000000.0,
        "Income Tax Expense": 205000000.0,
        "Net Income - Non-Controlling int": 0.0,
        "Net Income - Discontinued ops": 0.0,
        "Net Income": 402000000.0,
        "Preferred Dividends": 0.0,
        "Net Income Com": 402000000.0,
        "EPS": 1.75,
        "EPS Diluted": 1.71,
        "Weighted Average Shs Out": 230000000.0,
        "Weighted Average Shs Out (Dil)": 235000000.0,
        "Dividend per Share": 0.651063829787,
        "Gross Margin": 0.966024518389,
        "EBITDA Margin": 0.0713368359603,
        "EBIT Margin": 0.0469352014011,
        "Profit Margin": 0.0469352014011,
        "Free Cash Flow margin": 0.0395796847636,
        "EBITDA": 611000000.0,
        "EBIT": 402000000.0,
        "Consolidated Income": 402000000.0,
        "Earnings Before Tax Margin": 0.0490367775832,
        "Net Profit Margin": 0.0469352014011
    },
    "2012": {
        "Revenue": 7201700000.0,
        "Revenue Growth": 0.488077527068353,
        "Cost of Revenue": 279300000.0,
        "Gross Profit": 6922400000.0,
        "R&D Expenses": 0.0,
        "SG&A Expense": 1872900000.0,
        "Operating Expenses": 1872900000.0,
        "Operating Income": 606500000.0,