{
    "2019": {
        "Revenue": 428115000.0,
        "Revenue Growth": -0.09235749812372,
        "Cost of Revenue": 265119000.0,
        "Gross Profit": 162996000.0,
        "R&D Expenses": 0.0,
        "SG&A Expense": 176379000.0,
        "Operating Expenses": 176379000.0,
        "Operating Income": -33505000.0,
        "Interest Expense": 426000.0,
        "Earnings before Tax": -33448000.0,
        "Income Tax Expense": 7493000.0,
        "Net Income - Non-Controlling int": 0.0,
        "Net Income - Discontinued ops": 0.0,
        "Net Income": -40941000.0,
        "Preferred Dividends": 0.0,
        "Net Income Com": -40941000.0,
        "EPS": -1.18,
        "EPS Diluted": -1.18,
        "Weighted Average Shs Out": 34805000.0,
        "Weighted Average Shs Out (Dil)": 34805000.0,
        "Dividend per Share": 0.0,
        "Gross Margin": 0.380729476893,
        "EBITDA Margin": -0.0204828141971,
        "EBIT Margin": -0.0782616820247,
        "Profit Margin": -0.0956308468519,
        "Free Cash Flow margin": -0.0389287924973,
        "EBITDA": -8769000.0,
        "EBIT": -33505000.0,
        "Consolidated Income": -40941000.0,
        "Earnings Before Tax Margin": -0.0781285402287,
        "Net Profit Margin": -0.0956308468519
    },
    "2018": {
        "Revenue": 471678000.0,
        "Revenue Growth": -0.0318357595014656,
        "Cost of Revenue": 264915000.0,
        "Gross Profit": 206763000.0,
        "R&D Expenses": 0.0,
        "SG&A Expense": 176801000.0,
        "Operating Expenses": 176801000.0,
        "Operating Income": 29962000.0,
        "Interest Expense": 452000.0,
        "Earnings before Tax": 29856000.0,
        "Income Tax Expense": 14295000.0,
        "Net Income - Non-Controlling int": 0.0,
        "Net Income - Discontinued ops": 0.0,
        "Net Income": 15561000.0,
        "Preferred Dividends": 0.0,
        "Net Income Com": 15561000.0,
        "EPS": 0.43,
        "EPS Diluted": 0.43,
        "Weighted Average Shs Out": 36168000.0,
        "Weighted Average Shs Out (Dil)": 36300000.0,
        "Dividend per Share": 0.0,
        "Gross Margin": 0.438356251511,
        "EBITDA Margin": 0.109002327859,
        "EBIT Margin": 0.0635221485844,
        "Profit Margin": 0.0329907267246,
        "Free Cash Flow margin": -0.00414053655248,
        "EBITDA": 51414000.0,
        "EBIT": 29962000.0,
        "Consolidated Income": 15561000.0,
        "Earnings Before Tax Margin": 0.0632974190019,
        "Net Profit Margin": 0.0329907267246
    },
    "2017": {
        "Revenue": 487188000.0,
        "Revenue Growth": 0.108815436401996,
        "Cost of Revenue": 258561000.0,
        "Gross Profit": 228627000.0,
        "R&D Expenses": 0.0,
        "SG&A Expense": 160702000.0,
        "Operating Expenses": 160702000.0,
        "Operating Income": 67925000.0,
        "Interest Expense": 464000.0,
        "Earnings before Tax": 67608000.0,
        "Income Tax Expense": 25607000.0,
        "Net Income - Non-Controlling int": 0.0,
        "Net Income - Discontinued ops": 0.0,
        "Net Income": 42001000.0,
        "Preferred Dividends": 0.0,
        "Net Income Com": 42001000.0,
        "EPS": 1.09,
        "EPS Diluted": 1.09,
        "Weighted Average Shs Out": 38429000.0,
        "Weighted Average Shs Out (Dil)": 38551000.0,
        "Dividend per Share": 0.0,
        "Gross Margin": 0.46927879997,
        "EBITDA Margin": 0.179616493017,
        "EBIT Margin": 0.139422563774,
        "Profit Margin": 0.0862110725223,
        "Free Cash Flow margin": 0.103284563659,
        "EBITDA": 87507000.0,
        "EBIT": 67925000.0,
        "Consolidated Income": 42001000.0,
        "Earnings Before Tax Margin": 0.138771890933,
        "Net Profit Margin": 0.0862110725223
    },
    "2016": {
        "Revenue": 439377000.0,
        "Revenue Growth": 0.163921832491384,
        "Cost of Revenue": 229673000.0,
        "Gross Profit": 209704000.0,
        "R&D Expenses": 0.0,
        "SG&A Expense": 147387000.0,
        "Operating Expenses": 147387000.0,
        "Operating Income": 62317000.0,
        "Interest Expense": 457000.0,
        "Earnings before Tax": 61709000.0,
        "Income Tax Expense": 23557000.0,
        "Net Income - Non-Controlling int": 0.0,
        "Net Income - Discontinued ops": 0.0,
        "Net Income": 38152000.0,
        "Preferred Dividends": 0.0,
        "Net Income Com": 38152000.0,
        "EPS": 0.91,
        "EPS Diluted": 0.91,
        "Weighted Average Shs Out": 42013000.0,
        "Weighted Average Shs Out (Dil)": 42117000.0,
        "Dividend per Share": 0.0,
        "Gross Margin": 0.477275779115,
        "EBITDA Margin": 0.180660344078,
        "EBIT Margin": 0.141830364357,
        "Profit Margin": 0.0868320371799,
        "Free Cash Flow margin": 0.0878311791468,
        "EBITDA": 79378000.0,
        "EBIT": 62317000.0,
        "Consolidated Income": 38152000.0,
        "Earnings Before Tax Margin": 0.140446586872,
        "Net Profit Margin": 0.0868320371799
    },
    "2015": {
        "Revenue": 377497000.0,
        "Revenue Growth": 0.10922500550944,
        "Cost of Revenue": 199919000.0,
        "Gross Profit": 177578000.0,
        "R&D Expenses": 0.0,
        "SG&A Expense": 124804000.0,
        "Operating Expenses": 124804000.0,
        "Operating Income": 52774000.0,
        "Interest Expense": 623000.0,
        "Earnings before Tax": 52239000.0,
        "Income Tax Expense": 20131000.0,
        "Net Income - Non-Controlling int": 0.0,
        "Net Income - Discontinued ops": 0.0,
        "Net Income": 32108000.0,
        "Preferred Dividends": 0.0,
        "Net Income Com": 32108000.0,
        "EPS": 0.76,
        "EPS Diluted": 0.76,
        "Weighted Average Shs Out": 42259000.0,
        "Weighted Average Shs Out (Dil)": 42380000.0,
        "Dividend per Share": 0.0,
        "Gross Margin": 0.470409036363,
        "EBITDA Margin": 0.175286161215,
        "EBIT Margin": 0.139799786488,
        "Profit Margin": 0.0850549805694,
        "Free Cash Flow margin": 0.0799714964622,
        "EBITDA": 66170000.0,
        "EBIT": 52774000.0,
        "Consolidated Income": 32108000.0,
        "Earnings Before Tax Margin": 0.138382556683,
        "Net Profit Margin": 0.0850549805694
    },
    "2014": {
        "Revenue": 340325000.0,
        "Revenue Growth": 0.666968720304862,
        "Cost of Revenue": 164260000.0,
        "Gross Profit": 176065000.0,
        "R&D Expenses": 0.0,
        "SG&A Expense": 101795000.0,
        "Operating Expenses": 101795000.0,
        "Operating Income": 74270000.0,
        "Interest Expense": 588000.0,
        "Earnings before Tax": 73890000.0,
        "Income Tax Expense": 29051000.0,
        "Net Income - Non-Controlling int": 0.0,
        "Net Income - Discontinued ops": 0.0,
        "Net Income": 44839000.0,
        "Preferred Dividends": 0.0,
        "Net Income Com": 44839000.0,
        "EPS": 1.03,
        "EPS Diluted": 1.02,
        "Weighted Average Shs Out": 43372000.0,
        "Weighted Average Shs Out (Dil)": 44123000.0,
        "Dividend per Share": 0.0,
        "Gross Margin": 0.517343715566,
        "EBITDA Margin": 0.248591787262,
        "EBIT Margin": 0.218232571806,
        "Profit Margin": 0.131753470947,
        "Free Cash Flow margin": 0.074954822596,
        "EBITDA": 84602000.0,
        "EBIT": 74270000.0,
        "Consolidated Income": 44839000.0,
        "Earnings Before Tax Margin": 0.217115992066,
        "Net Profit Margin": 0.131753470947
    },
    "2013": {
        "Revenue": 204158000.0,
        "Revenue Growth": 0.0,
        "Cost of Revenue": 97365000.0,
        "Gross Profit": 106793000.0,
        "R&D Expenses": 0.0,
        "SG&A Expense": 63262000.0,
        "Operating Expenses": 63262000.0,
        "Operating Income": 43531000.0,
        "Interest Expense": 4868000.0,
        "Earnings before Tax": 37356000.0,
        "Income Tax Expense": 14855000.0,
        "Net Income - Non-Controlling int": 0.0,