{
    "2018": {
        "Revenue": 297651000.0,
        "Revenue Growth": 0.347623726066346,
        "Cost of Revenue": 67882000.0,
        "Gross Profit": 229769000.0,
        "R&D Expenses": 61713000.0,
        "SG&A Expense": 241601000.0,
        "Operating Expenses": 303314000.0,
        "Operating Income": -73545000.0,
        "Interest Expense": 0.0,
        "Earnings before Tax": -71891000.0,
        "Income Tax Expense": 2945000.0,
        "Net Income - Non-Controlling int": 0.0,
        "Net Income - Discontinued ops": 0.0,
        "Net Income": -74836000.0,
        "Preferred Dividends": 0.0,
        "Net Income Com": -74836000.0,
        "EPS": -1.83,
        "EPS Diluted": -1.83,
        "Weighted Average Shs Out": 40980000.0,
        "Weighted Average Shs Out (Dil)": 40980000.0,
        "Dividend per Share": 0.0,
        "Gross Margin": 0.771940964418,
        "EBITDA Margin": -0.220197479599,
        "EBIT Margin": -0.24708467299,
        "Profit Margin": -0.251421967338,
        "Free Cash Flow margin": 0.0196908459908,
        "EBITDA": -65542000.0,
        "EBIT": -73545000.0,
        "Consolidated Income": -74836000.0,
        "Earnings Before Tax Margin": -0.241527829572,
        "Net Profit Margin": -0.251421967338
    },
    "2017": {
        "Revenue": 220871000.0,
        "Revenue Growth": 0.318270803242095,
        "Cost of Revenue": 58869000.0,
        "Gross Profit": 162002000.0,
        "R&D Expenses": 47435000.0,
        "SG&A Expense": 202299000.0,
        "Operating Expenses": 249734000.0,
        "Operating Income": -87732000.0,
        "Interest Expense": 0.0,
        "Earnings before Tax": -89366000.0,
        "Income Tax Expense": 1839000.0,
        "Net Income - Non-Controlling int": 0.0,
        "Net Income - Discontinued ops": 0.0,
        "Net Income": -91205000.0,
        "Preferred Dividends": 0.0,
        "Net Income Com": -91205000.0,
        "EPS": -9.12,
        "EPS Diluted": -9.12,
        "Weighted Average Shs Out": 11405356.0,
        "Weighted Average Shs Out (Dil)": 11405356.0,
        "Dividend per Share": 0.0,
        "Gross Margin": 0.733468857387,
        "EBITDA Margin": -0.370311177112,
        "EBIT Margin": -0.397209230727,
        "Profit Margin": -0.412933341181,
        "Free Cash Flow margin": -0.0328336449783,
        "EBITDA": -81791000.0,
        "EBIT": -87732000.0,
        "Consolidated Income": -91205000.0,
        "Earnings Before Tax Margin": -0.404607214166,
        "Net Profit Margin": -0.412933341181
    },
    "2016": {
        "Revenue": 167546000.0,
        "Revenue Growth": 0.330162989544217,
        "Cost of Revenue": 48403000.0,
        "Gross Profit": 119143000.0,
        "R&D Expenses": 31490000.0,
        "SG&A Expense": 149802000.0,
        "Operating Expenses": 181292000.0,
        "Operating Income": -62149000.0,
        "Interest Expense": 2577000.0,
        "Earnings before Tax": -64229000.0,
        "Income Tax Expense": 1250000.0,
        "Net Income - Non-Controlling int": 0.0,
        "Net Income - Discontinued ops": 0.0,
        "Net Income": -65479000.0,
        "Preferred Dividends": 0.0,
        "Net Income Com": -65479000.0,
        "EPS": -11.67,
        "EPS Diluted": -11.67,
        "Weighted Average Shs Out": 37014000.0,
        "Weighted Average Shs Out (Dil)": 5609000.0,
        "Dividend per Share": 0.0,
        "Gross Margin": 0.7111,
        "EBITDA Margin": -0.346,
        "EBIT Margin": -0.368,
        "Profit Margin": -0.391,
        "Free Cash Flow margin": -0.3599,
        "EBITDA": -58042000.0,
        "EBIT": -61652000.0,
        "Consolidated Income": -65479000.0,
        "Earnings Before Tax Margin": -0.3834,
        "Net Profit Margin": -0.3908
    },
    "2015": {
        "Revenue": 125959000.0,
        "Revenue Growth": 0.771251388634989,
        "Cost of Revenue": 33122000.0,
        "Gross Profit": 92837000.0,
        "R&D Expenses": 17772000.0,
        "SG&A Expense": 93143000.0,
        "Operating Expenses": 110915000.0,
        "Operating Income": -18078000.0,
        "Interest Expense": 2745000.0,
        "Earnings before Tax": -26932000.0,
        "Income Tax Expense": 328000.0,
        "Net Income - Non-Controlling int": 0.0,
        "Net Income - Discontinued ops": 0.0,
        "Net Income": -27260000.0,
        "Preferred Dividends": 0.0,
        "Net Income Com": -27260000.0,
        "EPS": -6.61,
        "EPS Diluted": -6.61,
        "Weighted Average Shs Out": 37014000.0,
        "Weighted Average Shs Out (Dil)": 4121852.0,
        "Dividend per Share": 0.0,
        "Gross Margin": 0.737,
        "EBITDA Margin": -0.178,
        "EBIT Margin": -0.192,
        "Profit Margin": -0.216,
        "Free Cash Flow margin": 0.0051,
        "EBITDA": -22399000.0,
        "EBIT": -24187000.0,
        "Consolidated Income": -27260000.0,
        "Earnings Before Tax Margin": -0.2138,
        "Net Profit Margin": -0.2164
    },
    "2014": {
        "Revenue": 71113000.0,
        "Revenue Growth": NaN,
        "Cost of Revenue": 21876000.0,
        "Gross Profit": 49237000.0,
        "R&D Expenses": 12302000.0,
        "SG&A Expense": 77469000.0,
        "Operating Expenses": 89771000.0,
        "Operating Income": -40534000.0,
        "Interest Expense": 2749000.0,
        "Earnings before Tax": -43413000.0,
        "Income Tax Expense": 575000.0,
        "Net Income - Non-Controlling int": 0.0,
        "Net Income - Discontinued ops": 0.0,
        "Net Income": -43988000.0,
        "Preferred Dividends": -41780000.0,
        "Net Income Com": -2208000.0,
        "EPS": -0.91,
        "EPS Diluted": -0.91,
        "Weighted Average Shs Out": NaN,
        "Weighted Average Shs Out (Dil)": 2439328.0,
        "Dividend per Share": 0.0,
        "Gross Margin": 0.6924,
        "EBITDA Margin": -0.553,
        "EBIT Margin": -0.5718,
        "Profit Margin": -0.031,
        "Free Cash Flow margin": -0.1344,
        "EBITDA": -39323000.0,
        "EBIT": -40664000.0,
        "Consolidated Income": -43988000.0,
        "Earnings Before Tax Margin": -0.6105,
        "Net Profit Margin": -0.6186
    }
}