{
    "2018": {
        "Revenue": 394111000.0,
        "Revenue Growth": 0.156598679383712,
        "Cost of Revenue": 64326000.0,
        "Gross Profit": 329785000.0,
        "R&D Expenses": 64200000.0,
        "SG&A Expense": 241689000.0,
        "Operating Expenses": 305889000.0,
        "Operating Income": 23896000.0,
        "Interest Expense": 0.0,
        "Earnings before Tax": 26924000.0,
        "Income Tax Expense": 1247000.0,
        "Net Income - Non-Controlling int": 0.0,
        "Net Income - Discontinued ops": 0.0,
        "Net Income": 25677000.0,
        "Preferred Dividends": 0.0,
        "Net Income Com": 25677000.0,
        "EPS": 0.72,
        "EPS Diluted": 0.68,
        "Weighted Average Shs Out": 35727000.0,
        "Weighted Average Shs Out (Dil)": 37555000.0,
        "Dividend per Share": 0.0,
        "Gross Margin": 0.836782023339,
        "EBITDA Margin": 0.0927784304422,
        "EBIT Margin": 0.0606326644017,
        "Profit Margin": 0.065151695842,
        "Free Cash Flow margin": 0.168698666112,
        "EBITDA": 36565000.0,
        "EBIT": 23896000.0,
        "Consolidated Income": 25677000.0,
        "Earnings Before Tax Margin": 0.0683157790572,
        "Net Profit Margin": 0.065151695842
    },
    "2017": {
        "Revenue": 340750000.0,
        "Revenue Growth": 0.0392902021545256,
        "Cost of Revenue": 54718000.0,
        "Gross Profit": 286032000.0,
        "R&D Expenses": 62811000.0,
        "SG&A Expense": 229671000.0,
        "Operating Expenses": 292482000.0,
        "Operating Income": -6450000.0,
        "Interest Expense": 0.0,
        "Earnings before Tax": -2353000.0,
        "Income Tax Expense": 1504000.0,
        "Net Income - Non-Controlling int": 0.0,
        "Net Income - Discontinued ops": 0.0,
        "Net Income": -3857000.0,
        "Preferred Dividends": 0.0,
        "Net Income Com": -3857000.0,
        "EPS": -0.11,
        "EPS Diluted": -0.11,
        "Weighted Average Shs Out": 34495000.0,
        "Weighted Average Shs Out (Dil)": 34495000.0,
        "Dividend per Share": 0.0,
        "Gross Margin": 0.839418928833,
        "EBITDA Margin": 0.0166045487894,
        "EBIT Margin": -0.0189288334556,
        "Profit Margin": -0.0113191489362,
        "Free Cash Flow margin": 0.0508202494497,
        "EBITDA": 5658000.0,
        "EBIT": -6450000.0,
        "Consolidated Income": -3857000.0,
        "Earnings Before Tax Margin": -0.00690535583272,
        "Net Profit Margin": -0.0113191489362
    },
    "2016": {
        "Revenue": 327868000.0,
        "Revenue Growth": 0.140577058213722,
        "Cost of Revenue": 57263000.0,
        "Gross Profit": 270605000.0,
        "R&D Expenses": 61723000.0,
        "SG&A Expense": 224314000.0,
        "Operating Expenses": 286037000.0,
        "Operating Income": -15432000.0,
        "Interest Expense": 0.0,
        "Earnings before Tax": -12538000.0,
        "Income Tax Expense": 1381000.0,
        "Net Income - Non-Controlling int": 0.0,
        "Net Income - Discontinued ops": 0.0,
        "Net Income": -13919000.0,
        "Preferred Dividends": 0.0,
        "Net Income Com": -13919000.0,
        "EPS": -0.42,
        "EPS Diluted": -0.42,
        "Weighted Average Shs Out": 33264000.0,
        "Weighted Average Shs Out (Dil)": 33264000.0,
        "Dividend per Share": 0.0,
        "Gross Margin": 0.825347395903,
        "EBITDA Margin": -0.0198220015372,
        "EBIT Margin": -0.0470677223761,
        "Profit Margin": -0.042453060378,
        "Free Cash Flow margin": -0.019306550197,
        "EBITDA": -6499000.0,
        "EBIT": -15432000.0,
        "Consolidated Income": -13919000.0,
        "Earnings Before Tax Margin": -0.0382409994266,
        "Net Profit Margin": -0.042453060378
    },
    "2015": {
        "Revenue": 287458000.0,
        "Revenue Growth": 0.0426251151589011,
        "Cost of Revenue": 53782000.0,
        "Gross Profit": 233676000.0,
        "R&D Expenses": 59798000.0,
        "SG&A Expense": 207905000.0,
        "Operating Expenses": 267703000.0,
        "Operating Income": -34027000.0,
        "Interest Expense": 0.0,
        "Earnings before Tax": -34304000.0,
        "Income Tax Expense": -996000.0,
        "Net Income - Non-Controlling int": 0.0,
        "Net Income - Discontinued ops": 0.0,
        "Net Income": -33308000.0,
        "Preferred Dividends": 0.0,
        "Net Income Com": -33308000.0,
        "EPS": -1.03,
        "EPS Diluted": -1.03,
        "Weighted Average Shs Out": 32382000.0,
        "Weighted Average Shs Out (Dil)": 32382000.0,
        "Dividend per Share": 0.0,
        "Gross Margin": 0.812904841751,
        "EBITDA Margin": -0.0937806566525,
        "EBIT Margin": -0.118372075225,
        "Profit Margin": -0.115870840262,
        "Free Cash Flow margin": -0.122849251021,
        "EBITDA": -26958000.0,
        "EBIT": -34027000.0,
        "Consolidated Income": -33308000.0,
        "Earnings Before Tax Margin": -0.119335694258,
        "Net Profit Margin": -0.115870840262
    },
    "2014": {
        "Revenue": 275706000.0,
        "Revenue Growth": 0.0539421625031059,
        "Cost of Revenue": 48742000.0,
        "Gross Profit": 226964000.0,
        "R&D Expenses": 56064000.0,
        "SG&A Expense": 194527000.0,
        "Operating Expenses": 250591000.0,
        "Operating Income": -23627000.0,
        "Interest Expense": 0.0,
        "Earnings before Tax": -24199000.0,
        "Income Tax Expense": 393000.0,
        "Net Income - Non-Controlling int": 0.0,
        "Net Income - Discontinued ops": 0.0,
        "Net Income": -24592000.0,
        "Preferred Dividends": 0.0,
        "Net Income Com": -24592000.0,
        "EPS": -0.78,
        "EPS Diluted": -0.78,
        "Weighted Average Shs Out": 31453000.0,
        "Weighted Average Shs Out (Dil)": 31453000.0,
        "Dividend per Share": 0.0,
        "Gross Margin": 0.823210231188,
        "EBITDA Margin": -0.0607785104423,
        "EBIT Margin": -0.0856963577144,
        "Profit Margin": -0.0891964628989,
        "Free Cash Flow margin": -0.0296257607742,
        "EBITDA": -16757000.0,
        "EBIT": -23627000.0,
        "Consolidated Income": -24592000.0,
        "Earnings Before Tax Margin": -0.087771031461,
        "Net Profit Margin": -0.0891964628989
    },
    "2013": {
        "Revenue": 261595000.0,
        "Revenue Growth": 0.112351332848584,
        "Cost of Revenue": 42100000.0,
        "Gross Profit": 219495000.0,
        "R&D Expenses": 66333000.0,
        "SG&A Expense": 164994000.0,
        "Operating Expenses": 231327000.0,
        "Operating Income": -11832000.0,
        "Interest Expense": 0.0,
        "Earnings before Tax": -12411000.0,
        "Income Tax Expense": 346000.0,
        "Net Income - Non-Controlling int": 0.0,
        "Net Income - Discontinued ops": 0.0,
        "Net Income": -12757000.0,
        "Preferred Dividends": 0.0,
        "Net Income Com": -12757000.0,
        "EPS": -0.42,
        "EPS Diluted": -0.42,
        "Weighted Average Shs Out": 30512000.0,
        "Weighted Average Shs Out (Dil)": 30512000.0,
        "Dividend per Share": 0.0,
        "Gross Margin": 0.839064202297,
        "EBITDA Margin": -0.0210554483075,
        "EBIT Margin": -0.0452302222902,
        "Profit Margin": -0.048766222596,
        "Free Cash Flow margin": -0.00932739540129,
        "EBITDA": -5508000.0,
        "EBIT": -11832000.0,
        "Consolidated Income": -12757000.0,
        "Earnings Before Tax Margin": -0.0474435673465,
        "Net Profit Margin": -0.048766222596
    },
    "2012": {
        "Revenue": 235173000.0,
        "Revenue Growth": 0.141001693262368,
        "Cost of Revenue": 37018000.0,
        "Gross Profit": 198155000.0,
        "R&D Expenses": 49104000.0,
        "SG&A Expense": 140617000.0,
        "Operating Expenses": 189721000.0,
        "Operating Income": 8434000.0,
        "Interest Expense": 0.0,
        "Earnings before Tax": 8671000.0,