{
    "2018": {
        "Revenue": 183029000.0,
        "Revenue Growth": -0.716530762380455,
        "Cost of Revenue": 363873000.0,
        "Gross Profit": -180844000.0,
        "R&D Expenses": 0.0,
        "SG&A Expense": 25173000.0,
        "Operating Expenses": 25173000.0,
        "Operating Income": -353997000.0,
        "Interest Expense": 0.0,
        "Earnings before Tax": -353997000.0,
        "Income Tax Expense": 332000.0,
        "Net Income - Non-Controlling int": 0.0,
        "Net Income - Discontinued ops": 0.0,
        "Net Income": -350054000.0,
        "Preferred Dividends": 0.0,
        "Net Income Com": -350054000.0,
        "EPS": -9.74,
        "EPS Diluted": -9.74,
        "Weighted Average Shs Out": 35951659.0,
        "Weighted Average Shs Out (Dil)": 35951659.0,
        "Dividend per Share": 0.0,
        "Gross Margin": -0.988062001104,
        "EBITDA Margin": -1.9326827989,
        "EBIT Margin": -1.93410333882,
        "Profit Margin": -1.91256030465,
        "Free Cash Flow margin": -0.324036081714,
        "EBITDA": -353737000.0,
        "EBIT": -353997000.0,
        "Consolidated Income": -350054000.0,
        "Earnings Before Tax Margin": -1.93410333882,
        "Net Profit Margin": -1.91256030465
    },
    "2017": {
        "Revenue": 645675000.0,
        "Revenue Growth": 0.0974036569074352,
        "Cost of Revenue": 502404000.0,
        "Gross Profit": 143271000.0,
        "R&D Expenses": 0.0,
        "SG&A Expense": 26356000.0,
        "Operating Expenses": 26356000.0,
        "Operating Income": -44825000.0,
        "Interest Expense": 14000.0,
        "Earnings before Tax": -44825000.0,
        "Income Tax Expense": -451000.0,
        "Net Income - Non-Controlling int": 0.0,
        "Net Income - Discontinued ops": 0.0,
        "Net Income": -44952000.0,
        "Preferred Dividends": 0.0,
        "Net Income Com": -44952000.0,
        "EPS": -1.21,
        "EPS Diluted": -1.21,
        "Weighted Average Shs Out": 37002260.0,
        "Weighted Average Shs Out (Dil)": 37002260.0,
        "Dividend per Share": 0.0,
        "Gross Margin": 0.221893367406,
        "EBITDA Margin": -0.0688535253804,
        "EBIT Margin": -0.0694234715608,
        "Profit Margin": -0.0696201649437,
        "Free Cash Flow margin": 0.146233011964,
        "EBITDA": -44457000.0,
        "EBIT": -44825000.0,
        "Consolidated Income": -44952000.0,
        "Earnings Before Tax Margin": -0.0694234715608,
        "Net Profit Margin": -0.0696201649437
    },
    "2016": {
        "Revenue": 588366000.0,
        "Revenue Growth": 3.781519707436,
        "Cost of Revenue": 380815000.0,
        "Gross Profit": 207551000.0,
        "R&D Expenses": 0.0,
        "SG&A Expense": 25808000.0,
        "Operating Expenses": 25808000.0,
        "Operating Income": 47209000.0,
        "Interest Expense": 0.0,
        "Earnings before Tax": 47209000.0,
        "Income Tax Expense": 509000.0,
        "Net Income - Non-Controlling int": 0.0,
        "Net Income - Discontinued ops": 0.0,
        "Net Income": 44881000.0,
        "Preferred Dividends": 0.0,
        "Net Income Com": 44881000.0,
        "EPS": 1.2,
        "EPS Diluted": 1.2,
        "Weighted Average Shs Out": 37267145.0,
        "Weighted Average Shs Out (Dil)": 37340018.0,
        "Dividend per Share": 0.0,
        "Gross Margin": 0.352758317102,
        "EBITDA Margin": 0.080900323948,
        "EBIT Margin": 0.0802374712339,
        "Profit Margin": 0.0762807504173,
        "Free Cash Flow margin": -0.0608243848217,
        "EBITDA": 47599000.0,
        "EBIT": 47209000.0,
        "Consolidated Income": 44881000.0,
        "Earnings Before Tax Margin": 0.0802374712339,
        "Net Profit Margin": 0.0762807504173
    },
    "2015": {
        "Revenue": 123050000.0,
        "Revenue Growth": -0.742156788788587,
        "Cost of Revenue": 317097000.0,
        "Gross Profit": -194047000.0,
        "R&D Expenses": 0.0,
        "SG&A Expense": 23434000.0,
        "Operating Expenses": 23434000.0,
        "Operating Income": -333688000.0,
        "Interest Expense": 0.0,
        "Earnings before Tax": -333688000.0,
        "Income Tax Expense": -1755000.0,
        "Net Income - Non-Controlling int": 0.0,
        "Net Income - Discontinued ops": 0.0,
        "Net Income": -326425000.0,
        "Preferred Dividends": 0.0,
        "Net Income Com": -326425000.0,
        "EPS": -8.9,
        "EPS Diluted": -8.9,
        "Weighted Average Shs Out": 36670466.0,
        "Weighted Average Shs Out (Dil)": 36670466.0,
        "Dividend per Share": 0.0,
        "Gross Margin": -1.57697683868,
        "EBITDA Margin": -2.70851686306,
        "EBIT Margin": -2.71180820805,
        "Profit Margin": -2.65278342137,
        "Free Cash Flow margin": -0.487159691182,
        "EBITDA": -333283000.0,
        "EBIT": -333688000.0,
        "Consolidated Income": -326425000.0,
        "Earnings Before Tax Margin": -2.71180820805,
        "Net Profit Margin": -2.65278342137
    },
    "2014": {
        "Revenue": 477228000.0,
        "Revenue Growth": -0.376245116581208,
        "Cost of Revenue": 234986000.0,
        "Gross Profit": 242242000.0,
        "R&D Expenses": 0.0,
        "SG&A Expense": 21926000.0,
        "Operating Expenses": 21926000.0,
        "Operating Income": 112651000.0,
        "Interest Expense": 0.0,
        "Earnings before Tax": 112651000.0,
        "Income Tax Expense": -624000.0,
        "Net Income - Non-Controlling int": 0.0,
        "Net Income - Discontinued ops": 0.0,
        "Net Income": 109592000.0,
        "Preferred Dividends": 0.0,
        "Net Income Com": 109592000.0,
        "EPS": 2.94,
        "EPS Diluted": 2.89,
        "Weighted Average Shs Out": 37242687.0,
        "Weighted Average Shs Out (Dil)": 37874387.0,
        "Dividend per Share": 0.0,
        "Gross Margin": 0.507602236248,
        "EBITDA Margin": 0.236966397613,
        "EBIT Margin": 0.236052788185,
        "Profit Margin": 0.229642854149,
        "Free Cash Flow margin": -0.280226642192,
        "EBITDA": 113087000.0,
        "EBIT": 112651000.0,
        "Consolidated Income": 109592000.0,
        "Earnings Before Tax Margin": 0.236052788185,
        "Net Profit Margin": 0.229642854149
    },
    "2013": {
        "Revenue": 765089000.0,
        "Revenue Growth": 0.402813735340927,
        "Cost of Revenue": 338493000.0,
        "Gross Profit": 426596000.0,
        "R&D Expenses": 0.0,
        "SG&A Expense": 21718000.0,
        "Operating Expenses": 21718000.0,
        "Operating Income": 233006000.0,
        "Interest Expense": 0.0,
        "Earnings before Tax": 233006000.0,
        "Income Tax Expense": 538000.0,
        "Net Income - Non-Controlling int": 0.0,
        "Net Income - Discontinued ops": 0.0,
        "Net Income": 225699000.0,
        "Preferred Dividends": 0.0,
        "Net Income Com": 225699000.0,
        "EPS": 6.13,
        "EPS Diluted": 6.01,
        "Weighted Average Shs Out": 36838128.0,
        "Weighted Average Shs Out (Dil)": 37585167.0,
        "Dividend per Share": 0.0,
        "Gross Margin": 0.557576961635,
        "EBITDA Margin": 0.304972362692,
        "EBIT Margin": 0.304547575511,
        "Profit Margin": 0.29499705263,
        "Free Cash Flow margin": -0.122517772442,
        "EBITDA": 233331000.0,
        "EBIT": 233006000.0,
        "Consolidated Income": 225699000.0,
        "Earnings Before Tax Margin": 0.304547575511,
        "Net Profit Margin": 0.29499705263
    },
    "2012": {
        "Revenue": 545396000.0,
        "Revenue Growth": 0.352849836039549,
        "Cost of Revenue": 0.0,
        "Gross Profit": 0.0,
        "R&D Expenses": 0.0,
        "SG&A Expense": 17539000.0,
        "Operating Expenses": 17539000.0,
        "Operating Income": 18535000.0,
        "Interest Expense": 0.0,
        "Earnings before Tax": 18535000.0,
        "Income Tax Expense": 86000.0,
        "Net Income - Non-Controlling int": 0.0,