{
    "2018": {
        "Revenue": 2941070618.5567,
        "Revenue Growth": -0.0572317974709639,
        "Cost of Revenue": 1902600515.4639,
        "Gross Profit": 1038470103.0928,
        "R&D Expenses": 0.0,
        "SG&A Expense": 640677577.3196,
        "Operating Expenses": 677754896.9072,
        "Operating Income": 360715206.1856,
        "Interest Expense": 273476546.3918,
        "Earnings before Tax": -203161082.4742,
        "Income Tax Expense": 76579381.4433,
        "Net Income - Non-Controlling int": 78780670.1031,
        "Net Income - Discontinued ops": 0.0,
        "Net Income": -279740463.9175,
        "Preferred Dividends": 0.0,
        "Net Income Com": -279740463.9175,
        "EPS": -0.1147,
        "EPS Diluted": -0.1147,
        "Weighted Average Shs Out": 806593335.567,
        "Weighted Average Shs Out (Dil)": 806593335.567,
        "Dividend per Share": 0.0,
        "Gross Margin": 0.3531,
        "EBITDA Margin": 0.0211,
        "EBIT Margin": 0.0239,
        "Profit Margin": -0.0245,
        "Free Cash Flow margin": 0.1129,
        "EBITDA": 242613402.0619,
        "EBIT": 70315463.9175,
        "Consolidated Income": -200959793.8144,
        "Earnings Before Tax Margin": -0.0691,
        "Net Profit Margin": -0.0951
    },
    "2017": {
        "Revenue": 3119611597.7046,
        "Revenue Growth": 0.0449522655195786,
        "Cost of Revenue": 1789657203.2619,
        "Gross Profit": 1329954394.4428,
        "R&D Expenses": 0.0,
        "SG&A Expense": 694329507.7016,
        "Operating Expenses": 1031307762.0054,
        "Operating Income": 298646632.4373,
        "Interest Expense": 317263968.5895,
        "Earnings before Tax": -87109936.5751,
        "Income Tax Expense": -92785563.2739,
        "Net Income - Non-Controlling int": 108434007.8526,
        "Net Income - Discontinued ops": 0.0,
        "Net Income": 5675626.6989,
        "Preferred Dividends": 0.0,
        "Net Income Com": 5675626.6989,
        "EPS": 0.003,
        "EPS Diluted": 0.003,
        "Weighted Average Shs Out": 213496728.4808,
        "Weighted Average Shs Out (Dil)": 213496728.4808,
        "Dividend per Share": 0.0,
        "Gross Margin": 0.4263,
        "EBITDA Margin": 0.0371,
        "EBIT Margin": 0.0738,
        "Profit Margin": 0.0006,
        "Free Cash Flow margin": 0.0359,
        "EBITDA": 382804288.7345,
        "EBIT": 230154032.0145,
        "Consolidated Income": 114109634.5515,
        "Earnings Before Tax Margin": -0.0279,
        "Net Profit Margin": 0.0018
    },
    "2016": {
        "Revenue": 2985410626.5356,
        "Revenue Growth": 0.205399132314234,
        "Cost of Revenue": 1856548218.6732,
        "Gross Profit": 1128862407.8624,
        "R&D Expenses": 0.0,
        "SG&A Expense": 679597358.7224,
        "Operating Expenses": 915658783.7838,
        "Operating Income": 213203624.0786,
        "Interest Expense": 390529484.0295,
        "Earnings before Tax": 339386670.7617,
        "Income Tax Expense": 79563267.8133,
        "Net Income - Non-Controlling int": 77624385.7494,
        "Net Income - Discontinued ops": 0.0,
        "Net Income": 259823402.9484,
        "Preferred Dividends": 0.0,
        "Net Income Com": 259823402.9484,
        "EPS": 0.1075,
        "EPS Diluted": 0.1075,
        "Weighted Average Shs Out": 217103092.1376,
        "Weighted Average Shs Out (Dil)": 217103092.1376,
        "Dividend per Share": 0.0,
        "Gross Margin": 0.3781,
        "EBITDA Margin": 0.0894,
        "EBIT Margin": 0.2445,
        "Profit Margin": 0.0267,
        "Free Cash Flow margin": 0.0109,
        "EBITDA": 867406326.7813,
        "EBIT": 729916154.7912,
        "Consolidated Income": 337447788.6978,
        "Earnings Before Tax Margin": 0.1137,
        "Net Profit Margin": 0.087
    },
    "2015": {
        "Revenue": 2476698834.8531,
        "Revenue Growth": -0.344793484699036,
        "Cost of Revenue": 1734193768.997,
        "Gross Profit": 742505065.8561,
        "R&D Expenses": 0.0,
        "SG&A Expense": 556720871.3273,
        "Operating Expenses": 788056231.003,
        "Operating Income": -45551165.1469,
        "Interest Expense": 336598530.9017,
        "Earnings before Tax": -916094984.8024,
        "Income Tax Expense": 213814589.6657,
        "Net Income - Non-Controlling int": 42969351.5704,
        "Net Income - Discontinued ops": 0.0,
        "Net Income": -1129909574.4681,
        "Preferred Dividends": 0.0,
        "Net Income Com": -1129909574.4681,
        "EPS": -0.5344,
        "EPS Diluted": -0.5344,
        "Weighted Average Shs Out": 101000000.0,
        "Weighted Average Shs Out (Dil)": NaN,
        "Dividend per Share": 0.0,
        "Gross Margin": 0.2998,
        "EBITDA Margin": -0.0484,
        "EBIT Margin": -0.234,
        "Profit Margin": -0.1155,
        "Free Cash Flow margin": -0.1185,
        "EBITDA": -473191742.6545,
        "EBIT": -579496453.9007,
        "Consolidated Income": -1086940222.8977,
        "Earnings Before Tax Margin": -0.3699,
        "Net Profit Margin": -0.4562
    },
    "2014": {
        "Revenue": 3780027788.2088,
        "Revenue Growth": NaN,
        "Cost of Revenue": 2471236575.291,
        "Gross Profit": 1308791212.9178,
        "R&D Expenses": 0.0,
        "SG&A Expense": 766604581.2993,
        "Operating Expenses": 1118242208.036,
        "Operating Income": 190549004.8817,
        "Interest Expense": 536662035.2985,
        "Earnings before Tax": -406146451.3706,
        "Income Tax Expense": 61810364.2508,
        "Net Income - Non-Controlling int": 48399549.3804,
        "Net Income - Discontinued ops": 0.0,
        "Net Income": -467956815.6215,
        "Preferred Dividends": 0.0,
        "Net Income Com": -467956815.6215,
        "EPS": -0.2403,
        "EPS Diluted": -0.2403,
        "Weighted Average Shs Out": NaN,
        "Weighted Average Shs Out (Dil)": NaN,
        "Dividend per Share": 0.0,
        "Gross Margin": 0.3462,
        "EBITDA Margin": 0.0304,
        "EBIT Margin": 0.0345,
        "Profit Margin": -0.0466,
        "Free Cash Flow margin": 0.0935,
        "EBITDA": 304490799.8498,
        "EBIT": 130515583.9279,
        "Consolidated Income": -419557266.2411,
        "Earnings Before Tax Margin": -0.1074,
        "Net Profit Margin": -0.1238
    }
}