{
    "2018": {
        "Revenue": 100748000.0,
        "Revenue Growth": -0.0583683044685166,
        "Cost of Revenue": 32587000.0,
        "Gross Profit": 68161000.0,
        "R&D Expenses": 0.0,
        "SG&A Expense": 5258000.0,
        "Operating Expenses": 5258000.0,
        "Operating Income": 62903000.0,
        "Interest Expense": 7307000.0,
        "Earnings before Tax": 55796000.0,
        "Income Tax Expense": 101000.0,
        "Net Income - Non-Controlling int": 0.0,
        "Net Income - Discontinued ops": 0.0,
        "Net Income": 55681000.0,
        "Preferred Dividends": 1114000.0,
        "Net Income Com": 55681000.0,
        "EPS": 1.81,
        "EPS Diluted": 1.81,
        "Weighted Average Shs Out": 20950000.0,
        "Weighted Average Shs Out (Dil)": 20950000.0,
        "Dividend per Share": 0.0,
        "Gross Margin": 0.67654941041,
        "EBITDA Margin": 0.676321118037,
        "EBIT Margin": 0.62435978878,
        "Profit Margin": 0.552675983642,
        "Free Cash Flow margin": 0.537330765871,
        "EBITDA": 68138000.0,
        "EBIT": 62903000.0,
        "Consolidated Income": 55681000.0,
        "Earnings Before Tax Margin": 0.553817445508,
        "Net Profit Margin": 0.552675983642
    },
    "2017": {
        "Revenue": 106993000.0,
        "Revenue Growth": 0.0310392013259839,
        "Cost of Revenue": 38612000.0,
        "Gross Profit": 68381000.0,
        "R&D Expenses": 0.0,
        "SG&A Expense": 4223000.0,
        "Operating Expenses": 4223000.0,
        "Operating Income": 64158000.0,
        "Interest Expense": 5402000.0,
        "Earnings before Tax": 58987000.0,
        "Income Tax Expense": 109000.0,
        "Net Income - Non-Controlling int": 0.0,
        "Net Income - Discontinued ops": 0.0,
        "Net Income": 58867000.0,
        "Preferred Dividends": 1177000.0,
        "Net Income Com": 58867000.0,
        "EPS": 1.81,
        "EPS Diluted": 1.81,
        "Weighted Average Shs Out": 15916000.0,
        "Weighted Average Shs Out (Dil)": 15916000.0,
        "Dividend per Share": 0.0,
        "Gross Margin": 0.63911657772,
        "EBITDA Margin": 0.652014617779,
        "EBIT Margin": 0.599646705859,
        "Profit Margin": 0.550194872562,
        "Free Cash Flow margin": 0.580785658875,
        "EBITDA": 69761000.0,
        "EBIT": 64158000.0,
        "Consolidated Income": 58867000.0,
        "Earnings Before Tax Margin": 0.551316441263,
        "Net Profit Margin": 0.550194872562
    },
    "2016": {
        "Revenue": 103772000.0,
        "Revenue Growth": 1.03726171545242,
        "Cost of Revenue": 39858000.0,
        "Gross Profit": 63914000.0,
        "R&D Expenses": 0.0,
        "SG&A Expense": 4423000.0,
        "Operating Expenses": 4423000.0,
        "Operating Income": 59491000.0,
        "Interest Expense": 2545000.0,
        "Earnings before Tax": 57029000.0,
        "Income Tax Expense": 224000.0,
        "Net Income - Non-Controlling int": 0.0,
        "Net Income - Discontinued ops": 0.0,
        "Net Income": 56805000.0,
        "Preferred Dividends": 0.0,
        "Net Income Com": 56805000.0,
        "EPS": 1.75,
        "EPS Diluted": 1.75,
        "Weighted Average Shs Out": 15904.0,
        "Weighted Average Shs Out (Dil)": 15904.0,
        "Dividend per Share": 0.0,
        "Gross Margin": 0.615907952049,
        "EBITDA Margin": 0.630584358016,
        "EBIT Margin": 0.573285664727,
        "Profit Margin": 0.547401996685,
        "Free Cash Flow margin": -0.267943183132,
        "EBITDA": 65437000.0,
        "EBIT": 59491000.0,
        "Consolidated Income": 56805000.0,
        "Earnings Before Tax Margin": 0.549560575107,
        "Net Profit Margin": 0.547401996685
    },
    "2015": {
        "Revenue": 50937000.0,
        "Revenue Growth": 2.96612940901659,
        "Cost of Revenue": 35156000.0,
        "Gross Profit": 15781000.0,
        "R&D Expenses": 0.0,
        "SG&A Expense": 3114000.0,
        "Operating Expenses": 3114000.0,
        "Operating Income": 12667000.0,
        "Interest Expense": 381000.0,
        "Earnings before Tax": 12372000.0,
        "Income Tax Expense": -4009000.0,
        "Net Income - Non-Controlling int": 0.0,
        "Net Income - Discontinued ops": 0.0,
        "Net Income": 16381000.0,
        "Preferred Dividends": 0.0,
        "Net Income Com": 16381000.0,
        "EPS": 0.71,
        "EPS Diluted": 0.71,
        "Weighted Average Shs Out": 15897.0,
        "Weighted Average Shs Out (Dil)": 15897.0,
        "Dividend per Share": 0.0,
        "Gross Margin": 0.309814084065,
        "EBITDA Margin": 0.361014586646,
        "EBIT Margin": 0.248679741642,
        "Profit Margin": 0.321593340794,
        "Free Cash Flow margin": 0.283997879734,
        "EBITDA": 18389000.0,
        "EBIT": 12667000.0,
        "Consolidated Income": 16381000.0,
        "Earnings Before Tax Margin": 0.24288827375,
        "Net Profit Margin": 0.321593340794
    },
    "2014": {
        "Revenue": 12843000.0,
        "Revenue Growth": 0.164158810732415,
        "Cost of Revenue": 26424000.0,
        "Gross Profit": -13581000.0,
        "R&D Expenses": 0.0,
        "SG&A Expense": 1403000.0,
        "Operating Expenses": 6947000.0,
        "Operating Income": -20528000.0,
        "Interest Expense": 138000.0,
        "Earnings before Tax": -7758000.0,
        "Income Tax Expense": -7758000.0,
        "Net Income - Non-Controlling int": -12833000.0,
        "Net Income - Discontinued ops": 0.0,
        "Net Income": 0.0,
        "Preferred Dividends": 0.0,
        "Net Income Com": 0.0,
        "EPS": NaN,
        "EPS Diluted": NaN,
        "Weighted Average Shs Out": NaN,
        "Weighted Average Shs Out (Dil)": NaN,
        "Dividend per Share": 0.0,
        "Gross Margin": -1.0575,
        "EBITDA Margin": -0.171,
        "EBIT Margin": -0.5933,
        "Profit Margin": 0.0,
        "Free Cash Flow margin": -1.315,
        "EBITDA": -2194000.0,
        "EBIT": -7620000.0,
        "Consolidated Income": -12833000.0,
        "Earnings Before Tax Margin": -0.6041,
        "Net Profit Margin": 0.0
    },
    "2013": {
        "Revenue": 11032000.0,
        "Revenue Growth": NaN,
        "Cost of Revenue": 17854000.0,
        "Gross Profit": -6822000.0,
        "R&D Expenses": 0.0,
        "SG&A Expense": 1402000.0,
        "Operating Expenses": 4974000.0,
        "Operating Income": -11796000.0,
        "Interest Expense": 768000.0,
        "Earnings before Tax": -4705000.0,
        "Income Tax Expense": -4705000.0,
        "Net Income - Non-Controlling int": -7810000.0,
        "Net Income - Discontinued ops": 0.0,
        "Net Income": 0.0,
        "Preferred Dividends": 0.0,
        "Net Income Com": 0.0,
        "EPS": NaN,
        "EPS Diluted": NaN,
        "Weighted Average Shs Out": NaN,
        "Weighted Average Shs Out (Dil)": NaN,
        "Dividend per Share": 0.0,
        "Gross Margin": -0.6184,
        "EBITDA Margin": -0.018,
        "EBIT Margin": -0.3569,
        "Profit Margin": 0.0,
        "Free Cash Flow margin": -1.0692,
        "EBITDA": -195000.0,
        "EBIT": -3937000.0,
        "Consolidated Income": -7810000.0,
        "Earnings Before Tax Margin": -0.4265,
        "Net Profit Margin": 0.0
    }
}