{
    "2018": {
        "Revenue": 3843353000.0,
        "Revenue Growth": 0.0687362596721064,
        "Cost of Revenue": 3611745000.0,
        "Gross Profit": 231608000.0,
        "R&D Expenses": 0.0,
        "SG&A Expense": 115878000.0,
        "Operating Expenses": 115878000.0,
        "Operating Income": 115730000.0,
        "Interest Expense": 101025000.0,
        "Earnings before Tax": 20008000.0,
        "Income Tax Expense": -16726000.0,
        "Net Income - Non-Controlling int": 0.0,
        "Net Income - Discontinued ops": 0.0,
        "Net Income": 15923000.0,
        "Preferred Dividends": 0.0,
        "Net Income Com": 15923000.0,
        "EPS": 0.39,
        "EPS Diluted": 0.39,
        "Weighted Average Shs Out": 40320000.0,
        "Weighted Average Shs Out (Dil)": 41254000.0,
        "Dividend per Share": 1.00026664081,
        "Gross Margin": 0.0602619639674,
        "EBITDA Margin": 0.0607958727705,
        "EBIT Margin": 0.0301117279625,
        "Profit Margin": 0.00414299701329,
        "Free Cash Flow margin": -0.00135818906044,
        "EBITDA": 233660000.0,
        "EBIT": 115730000.0,
        "Consolidated Income": 15923000.0,
        "Earnings Before Tax Margin": 0.00520587101939,
        "Net Profit Margin": 0.00414299701329
    },
    "2017": {
        "Revenue": 3596166000.0,
        "Revenue Growth": 0.0543217426817294,
        "Cost of Revenue": 3442396000.0,
        "Gross Profit": 153770000.0,
        "R&D Expenses": 0.0,
        "SG&A Expense": 112024000.0,
        "Operating Expenses": 112024000.0,
        "Operating Income": 41746000.0,
        "Interest Expense": 90160000.0,
        "Earnings before Tax": -43151000.0,
        "Income Tax Expense": -124782000.0,
        "Net Income - Non-Controlling int": 0.0,
        "Net Income - Discontinued ops": 0.0,
        "Net Income": 61061000.0,
        "Preferred Dividends": 0.0,
        "Net Income Com": 61061000.0,
        "EPS": 1.56,
        "EPS Diluted": 1.47,
        "Weighted Average Shs Out": 39247000.0,
        "Weighted Average Shs Out (Dil)": 50240000.0,
        "Dividend per Share": 0.783897292994,
        "Gross Margin": 0.0427594276794,
        "EBITDA Margin": 0.0455665839675,
        "EBIT Margin": 0.0116084741361,
        "Profit Margin": 0.0169794720266,
        "Free Cash Flow margin": -0.0573630360779,
        "EBITDA": 163865000.0,
        "EBIT": 41746000.0,
        "Consolidated Income": 61061000.0,
        "Earnings Before Tax Margin": -0.0119991680028,
        "Net Profit Margin": 0.0169794720266
    },
    "2016": {
        "Revenue": 3410881000.0,
        "Revenue Growth": 0.15015297129845,
        "Cost of Revenue": 3214516000.0,
        "Gross Profit": 196365000.0,
        "R&D Expenses": 0.0,
        "SG&A Expense": 104677000.0,
        "Operating Expenses": 104677000.0,
        "Operating Income": 91688000.0,
        "Interest Expense": 51851000.0,
        "Earnings before Tax": 38351000.0,
        "Income Tax Expense": 7860000.0,
        "Net Income - Non-Controlling int": 0.0,
        "Net Income - Discontinued ops": 0.0,
        "Net Income": 10663000.0,
        "Preferred Dividends": 0.0,
        "Net Income Com": 10663000.0,
        "EPS": 0.28,
        "EPS Diluted": 0.28,
        "Weighted Average Shs Out": 38318000.0,
        "Weighted Average Shs Out (Dil)": 38573000.0,
        "Dividend per Share": 0.966427293703,
        "Gross Margin": 0.0575701702874,
        "EBITDA Margin": 0.0549424034436,
        "EBIT Margin": 0.0268810316162,
        "Profit Margin": 0.00312617180136,
        "Free Cash Flow margin": 0.00727553966263,
        "EBITDA": 187402000.0,
        "EBIT": 91688000.0,
        "Consolidated Income": 10663000.0,
        "Earnings Before Tax Margin": 0.0112437226629,
        "Net Profit Margin": 0.00312617180136
    },
    "2015": {
        "Revenue": 2965589000.0,
        "Revenue Growth": -0.0834531715957203,
        "Cost of Revenue": 2824918000.0,
        "Gross Profit": 140671000.0,
        "R&D Expenses": 0.0,
        "SG&A Expense": 79594000.0,
        "Operating Expenses": 79594000.0,
        "Operating Income": 61077000.0,
        "Interest Expense": 40366000.0,
        "Earnings before Tax": 21465000.0,
        "Income Tax Expense": 6237000.0,
        "Net Income - Non-Controlling int": 0.0,
        "Net Income - Discontinued ops": 0.0,
        "Net Income": 7064000.0,
        "Preferred Dividends": 0.0,
        "Net Income Com": 7064000.0,
        "EPS": 0.19,
        "EPS Diluted": 0.18,
        "Weighted Average Shs Out": 37947000.0,
        "Weighted Average Shs Out (Dil)": 39028000.0,
        "Dividend per Share": 0.507199959004,
        "Gross Margin": 0.0474344219647,
        "EBITDA Margin": 0.0454816901465,
        "EBIT Margin": 0.0205952342014,
        "Profit Margin": 0.00238198887304,
        "Free Cash Flow margin": -0.0179364031901,
        "EBITDA": 134880000.0,
        "EBIT": 61077000.0,
        "Consolidated Income": 7064000.0,
        "Earnings Before Tax Margin": 0.00723802253111,
        "Net Profit Margin": 0.00238198887304
    },
    "2014": {
        "Revenue": 3235611000.0,
        "Revenue Growth": 0.0639918763858467,
        "Cost of Revenue": 2860813000.0,
        "Gross Profit": 374798000.0,
        "R&D Expenses": 0.0,
        "SG&A Expense": 88524000.0,
        "Operating Expenses": 88524000.0,
        "Operating Income": 286274000.0,
        "Interest Expense": 39908000.0,
        "Earnings before Tax": 250430000.0,
        "Income Tax Expense": 90926000.0,
        "Net Income - Non-Controlling int": 0.0,
        "Net Income - Discontinued ops": 0.0,
        "Net Income": 159504000.0,
        "Preferred Dividends": 0.0,
        "Net Income Com": 159504000.0,
        "EPS": 4.37,
        "EPS Diluted": 3.96,
        "Weighted Average Shs Out": 36467000.0,
        "Weighted Average Shs Out (Dil)": 40730000.0,
        "Dividend per Share": 0.218708568623,
        "Gross Margin": 0.115835309003,
        "EBITDA Margin": 0.109840768869,
        "EBIT Margin": 0.0884760250846,
        "Profit Margin": 0.0492964080045,
        "Free Cash Flow margin": 0.0500687505389,
        "EBITDA": 355402000.0,
        "EBIT": 286274000.0,
        "Consolidated Income": 159504000.0,
        "Earnings Before Tax Margin": 0.0773980555759,
        "Net Profit Margin": 0.0492964080045
    },
    "2013": {
        "Revenue": 3041011000.0,
        "Revenue Growth": -0.125359590666318,
        "Cost of Revenue": 2867991000.0,
        "Gross Profit": 173020000.0,
        "R&D Expenses": 0.0,
        "SG&A Expense": 65169000.0,
        "Operating Expenses": 65169000.0,
        "Operating Income": 107851000.0,
        "Interest Expense": 33357000.0,
        "Earnings before Tax": 72281000.0,
        "Income Tax Expense": 28890000.0,
        "Net Income - Non-Controlling int": 0.0,
        "Net Income - Discontinued ops": 0.0,
        "Net Income": 43391000.0,
        "Preferred Dividends": 0.0,
        "Net Income Com": 43391000.0,
        "EPS": 1.44,
        "EPS Diluted": 1.26,
        "Weighted Average Shs Out": 30183000.0,
        "Weighted Average Shs Out (Dil)": 38304000.0,
        "Dividend per Share": 0.0633354218881,
        "Gross Margin": 0.05689555217,
        "EBITDA Margin": 0.0538242051739,
        "EBIT Margin": 0.0354655080169,
        "Profit Margin": 0.0142686100116,
        "Free Cash Flow margin": 0.0287970020496,
        "EBITDA": 163680000.0,
        "EBIT": 107851000.0,
        "Consolidated Income": 43391000.0,
        "Earnings Before Tax Margin": 0.023768740067,
        "Net Profit Margin": 0.0142686100116
    },
    "2012": {
        "Revenue": 3476870000.0,
        "Revenue Growth": -0.0216230240379637,
        "Cost of Revenue": 3380099000.0,
        "Gross Profit": 96771000.0,
        "R&D Expenses": 0.0,
        "SG&A Expense": 79019000.0,
        "Operating Expenses": 79019000.0,
        "Operating Income": 64885000.0,
        "Interest Expense": 37521000.0,