{
    "2018": {
        "Revenue": 515160000.0,
        "Revenue Growth": 0.0116887401611915,
        "Cost of Revenue": 437417000.0,
        "Gross Profit": 77743000.0,
        "R&D Expenses": 0.0,
        "SG&A Expense": 59646000.0,
        "Operating Expenses": 59646000.0,
        "Operating Income": 19605000.0,
        "Interest Expense": 2945000.0,
        "Earnings before Tax": 14763000.0,
        "Income Tax Expense": 4927000.0,
        "Net Income - Non-Controlling int": 0.0,
        "Net Income - Discontinued ops": 0.0,
        "Net Income": 9836000.0,
        "Preferred Dividends": 0.0,
        "Net Income Com": 9836000.0,
        "EPS": 0.59,
        "EPS Diluted": 0.59,
        "Weighted Average Shs Out": 16608000.0,
        "Weighted Average Shs Out (Dil)": 16696000.0,
        "Dividend per Share": 0.0,
        "Gross Margin": 0.15091039677,
        "EBITDA Margin": 0.0534319434739,
        "EBIT Margin": 0.0380561378989,
        "Profit Margin": 0.0190930972902,
        "Free Cash Flow margin": 0.0162590263219,
        "EBITDA": 27526000.0,
        "EBIT": 19605000.0,
        "Consolidated Income": 9836000.0,
        "Earnings Before Tax Margin": 0.0286571162357,
        "Net Profit Margin": 0.0190930972902
    },
    "2017": {
        "Revenue": 509208000.0,
        "Revenue Growth": 0.0380158146114942,
        "Cost of Revenue": 427181000.0,
        "Gross Profit": 82027000.0,
        "R&D Expenses": 0.0,
        "SG&A Expense": 57419000.0,
        "Operating Expenses": 57419000.0,
        "Operating Income": 22911000.0,
        "Interest Expense": 3132000.0,
        "Earnings before Tax": 19689000.0,
        "Income Tax Expense": 6798000.0,
        "Net Income - Non-Controlling int": 0.0,
        "Net Income - Discontinued ops": 0.0,
        "Net Income": 12891000.0,
        "Preferred Dividends": 0.0,
        "Net Income Com": 12891000.0,
        "EPS": 0.77,
        "EPS Diluted": 0.76,
        "Weighted Average Shs Out": 16748000.0,
        "Weighted Average Shs Out (Dil)": 16873000.0,
        "Dividend per Share": 0.0,
        "Gross Margin": 0.16108741418,
        "EBITDA Margin": 0.05868918006,
        "EBIT Margin": 0.0449934015177,
        "Profit Margin": 0.0253157845124,
        "Free Cash Flow margin": 0.0462011594476,
        "EBITDA": 29885000.0,
        "EBIT": 22911000.0,
        "Consolidated Income": 12891000.0,
        "Earnings Before Tax Margin": 0.0386659282651,
        "Net Profit Margin": 0.0253157845124
    },
    "2016": {
        "Revenue": 490559000.0,
        "Revenue Growth": 0.000569062576486905,
        "Cost of Revenue": 410402000.0,
        "Gross Profit": 80157000.0,
        "R&D Expenses": 0.0,
        "SG&A Expense": 48597000.0,
        "Operating Expenses": 48597000.0,
        "Operating Income": 31424000.0,
        "Interest Expense": 1568000.0,
        "Earnings before Tax": 30034000.0,
        "Income Tax Expense": 9787000.0,
        "Net Income - Non-Controlling int": 0.0,
        "Net Income - Discontinued ops": 0.0,
        "Net Income": 20247000.0,
        "Preferred Dividends": 0.0,
        "Net Income Com": 20247000.0,
        "EPS": 1.21,
        "EPS Diluted": 1.21,
        "Weighted Average Shs Out": 16696000.0,
        "Weighted Average Shs Out (Dil)": 16791000.0,
        "Dividend per Share": 0.0,
        "Gross Margin": 0.16339930569,
        "EBITDA Margin": 0.0772302618034,
        "EBIT Margin": 0.0640575343639,
        "Profit Margin": 0.0412733228827,
        "Free Cash Flow margin": 0.0339918338059,
        "EBITDA": 37886000.0,
        "EBIT": 31424000.0,
        "Consolidated Income": 20247000.0,
        "Earnings Before Tax Margin": 0.0612240321755,
        "Net Profit Margin": 0.0412733228827
    },
    "2015": {
        "Revenue": 490280000.0,
        "Revenue Growth": -0.0230877901914252,
        "Cost of Revenue": 408288000.0,
        "Gross Profit": 81992000.0,
        "R&D Expenses": 0.0,
        "SG&A Expense": 47748000.0,
        "Operating Expenses": 47748000.0,
        "Operating Income": 32322000.0,
        "Interest Expense": 1381000.0,
        "Earnings before Tax": 29623000.0,
        "Income Tax Expense": 10834000.0,
        "Net Income - Non-Controlling int": 0.0,
        "Net Income - Discontinued ops": 0.0,
        "Net Income": 18789000.0,
        "Preferred Dividends": 0.0,
        "Net Income Com": 18789000.0,
        "EPS": 1.1,
        "EPS Diluted": 1.09,
        "Weighted Average Shs Out": 17110000.0,
        "Weighted Average Shs Out (Dil)": 17264000.0,
        "Dividend per Share": 0.0,
        "Gross Margin": 0.16723504936,
        "EBITDA Margin": 0.081967447173,
        "EBIT Margin": 0.0659255935384,
        "Profit Margin": 0.0383229991026,
        "Free Cash Flow margin": 0.0473137798809,
        "EBITDA": 40187000.0,
        "EBIT": 32322000.0,
        "Consolidated Income": 18789000.0,
        "Earnings Before Tax Margin": 0.0604205759974,
        "Net Profit Margin": 0.0383229991026
    },
    "2014": {
        "Revenue": 501867000.0,
        "Revenue Growth": 0.149254961769131,
        "Cost of Revenue": 412292000.0,
        "Gross Profit": 89575000.0,
        "R&D Expenses": 0.0,
        "SG&A Expense": 47108000.0,
        "Operating Expenses": 47108000.0,
        "Operating Income": 43859000.0,
        "Interest Expense": 833000.0,
        "Earnings before Tax": 42823000.0,
        "Income Tax Expense": 15725000.0,
        "Net Income - Non-Controlling int": 0.0,
        "Net Income - Discontinued ops": 0.0,
        "Net Income": 27098000.0,
        "Preferred Dividends": 0.0,
        "Net Income Com": 27098000.0,
        "EPS": 1.45,
        "EPS Diluted": 1.43,
        "Weighted Average Shs Out": 18641000.0,
        "Weighted Average Shs Out (Dil)": 18887000.0,
        "Dividend per Share": 0.0,
        "Gross Margin": 0.178483542452,
        "EBITDA Margin": 0.106835077819,
        "EBIT Margin": 0.0873916794689,
        "Profit Margin": 0.0539943849665,
        "Free Cash Flow margin": 0.0562718807971,
        "EBITDA": 53617000.0,
        "EBIT": 43859000.0,
        "Consolidated Income": 27098000.0,
        "Earnings Before Tax Margin": 0.0853273875349,
        "Net Profit Margin": 0.0539943849665
    },
    "2013": {
        "Revenue": 436689000.0,
        "Revenue Growth": 0.310721049803852,
        "Cost of Revenue": 360424000.0,
        "Gross Profit": 76265000.0,
        "R&D Expenses": 0.0,
        "SG&A Expense": 39589000.0,
        "Operating Expenses": 39589000.0,
        "Operating Income": 38352000.0,
        "Interest Expense": 366000.0,
        "Earnings before Tax": 38488000.0,
        "Income Tax Expense": 14732000.0,
        "Net Income - Non-Controlling int": 0.0,
        "Net Income - Discontinued ops": 0.0,
        "Net Income": 23756000.0,
        "Preferred Dividends": 0.0,
        "Net Income Com": 23756000.0,
        "EPS": 1.24,
        "EPS Diluted": 1.23,
        "Weighted Average Shs Out": 19103000.0,
        "Weighted Average Shs Out (Dil)": 19362000.0,
        "Dividend per Share": 0.0,
        "Gross Margin": 0.174643739595,
        "EBITDA Margin": 0.107557094408,
        "EBIT Margin": 0.0878245158454,
        "Profit Margin": 0.0544002711312,
        "Free Cash Flow margin": 0.0218439209598,
        "EBITDA": 46969000.0,
        "EBIT": 38352000.0,
        "Consolidated Income": 23756000.0,
        "Earnings Before Tax Margin": 0.0881359502987,
        "Net Profit Margin": 0.0544002711312
    },
    "2012": {
        "Revenue": 333167000.0,
        "Revenue Growth": 0.0,
        "Cost of Revenue": 276533000.0,
        "Gross Profit": 56634000.0,
        "R&D Expenses": 0.0,
        "SG&A Expense": 30249000.0,
        "Operating Expenses": 30249000.0,
        "Operating Income": 27943000.0,
        "Interest Expense": 209000.0,
        "Earnings before Tax": 28391000.0,
        "Income Tax Expense": 10531000.0,
        "Net Income - Non-Controlling int": 0.0,