{
    "2018": {
        "Revenue": 3347444000.0,
        "Revenue Growth": 0.0843665897420282,
        "Cost of Revenue": 1367725000.0,
        "Gross Profit": 1979719000.0,
        "R&D Expenses": 567805000.0,
        "SG&A Expense": 478177000.0,
        "Operating Expenses": 1201376000.0,
        "Operating Income": 778343000.0,
        "Interest Expense": 0.0,
        "Earnings before Tax": 823247000.0,
        "Income Tax Expense": 129167000.0,
        "Net Income - Non-Controlling int": 0.0,
        "Net Income - Discontinued ops": 0.0,
        "Net Income": 694080000.0,
        "Preferred Dividends": 0.0,
        "Net Income Com": 694080000.0,
        "EPS": 3.68,
        "EPS Diluted": 3.66,
        "Weighted Average Shs Out": 188635.0,
        "Weighted Average Shs Out (Dil)": 189734.0,
        "Dividend per Share": 1560.85888665,
        "Gross Margin": 0.591412134154,
        "EBITDA Margin": 0.255951107771,
        "EBIT Margin": 0.232518602253,
        "Profit Margin": 0.207346261805,
        "Free Cash Flow margin": 0.228163637689,
        "EBITDA": 856782000.0,
        "EBIT": 778343000.0,
        "Consolidated Income": 694080000.0,
        "Earnings Before Tax Margin": 0.245933016355,
        "Net Profit Margin": 0.207346261805
    },
    "2017": {
        "Revenue": 3087004000.0,
        "Revenue Growth": 0.0226388155028796,
        "Cost of Revenue": 1303840000.0,
        "Gross Profit": 1783164000.0,
        "R&D Expenses": 511634000.0,
        "SG&A Expense": 437977000.0,
        "Operating Expenses": 1114304000.0,
        "Operating Income": 668860000.0,
        "Interest Expense": 0.0,
        "Earnings before Tax": 682294000.0,
        "Income Tax Expense": -12661000.0,
        "Net Income - Non-Controlling int": 0.0,
        "Net Income - Discontinued ops": 0.0,
        "Net Income": 694955000.0,
        "Preferred Dividends": 0.0,
        "Net Income Com": 694955000.0,
        "EPS": 3.7,
        "EPS Diluted": 3.68,
        "Weighted Average Shs Out": 187828.0,
        "Weighted Average Shs Out (Dil)": 188732.0,
        "Dividend per Share": 2029.20543416,
        "Gross Margin": 0.577635791855,
        "EBITDA Margin": 0.246222874995,
        "EBIT Margin": 0.216669625307,
        "Profit Margin": 0.225122805153,
        "Free Cash Flow margin": 0.168819347173,
        "EBITDA": 760091000.0,
        "EBIT": 668860000.0,
        "Consolidated Income": 694955000.0,
        "Earnings Before Tax Margin": 0.22102141753,
        "Net Profit Margin": 0.225122805153
    },
    "2016": {
        "Revenue": 3018665000.0,
        "Revenue Growth": 0.0703461016143844,
        "Cost of Revenue": 1339095000.0,
        "Gross Profit": 1679570000.0,
        "R&D Expenses": 467960000.0,
        "SG&A Expense": 410558000.0,
        "Operating Expenses": 1055661000.0,
        "Operating Income": 623909000.0,
        "Interest Expense": 0.0,
        "Earnings before Tax": 629670000.0,
        "Income Tax Expense": 118856000.0,
        "Net Income - Non-Controlling int": 0.0,
        "Net Income - Discontinued ops": 0.0,
        "Net Income": 510814000.0,
        "Preferred Dividends": 0.0,
        "Net Income Com": 510814000.0,
        "EPS": 2.71,
        "EPS Diluted": 2.7,
        "Weighted Average Shs Out": 188818.0,
        "Weighted Average Shs Out (Dil)": 189343.0,
        "Dividend per Share": 2542.75045816,
        "Gross Margin": 0.556394962674,
        "EBITDA Margin": 0.231269783166,
        "EBIT Margin": 0.206683749273,
        "Profit Margin": 0.169218512157,
        "Free Cash Flow margin": 0.20364035095,
        "EBITDA": 698126000.0,
        "EBIT": 623909000.0,
        "Consolidated Income": 510814000.0,
        "Earnings Before Tax Margin": 0.208592208808,
        "Net Profit Margin": 0.169218512157
    },
    "2015": {
        "Revenue": 2820270000.0,
        "Revenue Growth": -0.0175527701314472,
        "Cost of Revenue": 1281566000.0,
        "Gross Profit": 1538704000.0,
        "R&D Expenses": 427043000.0,
        "SG&A Expense": 394914000.0,
        "Operating Expenses": 989123000.0,
        "Operating Income": 549581000.0,
        "Interest Expense": 0.0,
        "Earnings before Tax": 567187000.0,
        "Income Tax Expense": 110960000.0,
        "Net Income - Non-Controlling int": 0.0,
        "Net Income - Discontinued ops": 0.0,
        "Net Income": 456227000.0,
        "Preferred Dividends": 0.0,
        "Net Income Com": 456227000.0,
        "EPS": 2.39,
        "EPS Diluted": 2.39,
        "Weighted Average Shs Out": 190631.0,
        "Weighted Average Shs Out (Dil)": 191107.0,
        "Dividend per Share": 1978.56174813,
        "Gross Margin": 0.545587479213,
        "EBITDA Margin": 0.22331478901,
        "EBIT Margin": 0.194868221837,
        "Profit Margin": 0.161767135771,
        "Free Cash Flow margin": 0.0708708740652,
        "EBITDA": 629808000.0,
        "EBIT": 549581000.0,
        "Consolidated Income": 456227000.0,
        "Earnings Before Tax Margin": 0.201110886546,
        "Net Profit Margin": 0.161767135771
    },
    "2014": {
        "Revenue": 2870658000.0,
        "Revenue Growth": 0.090737279580037,
        "Cost of Revenue": 1266246000.0,
        "Gross Profit": 1604412000.0,
        "R&D Expenses": 395121000.0,
        "SG&A Expense": 372032000.0,
        "Operating Expenses": 913786000.0,
        "Operating Income": 690626000.0,
        "Interest Expense": 0.0,
        "Earnings before Tax": 723745000.0,
        "Income Tax Expense": 359534000.0,
        "Net Income - Non-Controlling int": 0.0,
        "Net Income - Discontinued ops": 0.0,
        "Net Income": 364211000.0,
        "Preferred Dividends": 0.0,
        "Net Income Com": 364211000.0,
        "EPS": 1.89,
        "EPS Diluted": 1.88,
        "Weighted Average Shs Out": 193106.0,
        "Weighted Average Shs Out (Dil)": 194165.0,
        "Dividend per Share": 1854.47943759,
        "Gross Margin": 0.55890043328,
        "EBITDA Margin": 0.267409423205,
        "EBIT Margin": 0.24058107932,
        "Profit Margin": 0.12687369934,
        "Free Cash Flow margin": 0.156539720162,
        "EBITDA": 767641000.0,
        "EBIT": 690626000.0,
        "Consolidated Income": 364211000.0,
        "Earnings Before Tax Margin": 0.252118155489,
        "Net Profit Margin": 0.12687369934
    },
    "2013": {
        "Revenue": 2631851000.0,
        "Revenue Growth": -0.0308667274250417,
        "Cost of Revenue": 1224551000.0,
        "Gross Profit": 1407300000.0,
        "R&D Expenses": 364923000.0,
        "SG&A Expense": 355440000.0,
        "Operating Expenses": 833268000.0,
        "Operating Income": 574032000.0,
        "Interest Expense": 0.0,
        "Earnings before Tax": 653558000.0,
        "Income Tax Expense": 41146000.0,
        "Net Income - Non-Controlling int": 0.0,
        "Net Income - Discontinued ops": 0.0,
        "Net Income": 612412000.0,
        "Preferred Dividends": 0.0,
        "Net Income Com": 612412000.0,
        "EPS": 3.13,
        "EPS Diluted": 3.12,
        "Weighted Average Shs Out": 195411.0,
        "Weighted Average Shs Out (Dil)": 196339.0,
        "Dividend per Share": 1791.32520793,
        "Gross Margin": 0.534718720779,
        "EBITDA Margin": 0.24805203638,
        "EBIT Margin": 0.218109611828,
        "Profit Margin": 0.232692504249,
        "Free Cash Flow margin": 0.218097833046,
        "EBITDA": 652836000.0,
        "EBIT": 574032000.0,
        "Consolidated Income": 612412000.0,
        "Earnings Before Tax Margin": 0.24832636802,
        "Net Profit Margin": 0.232692504249
    },
    "2012": {
        "Revenue": 2715675000.0,
        "Revenue Growth": -0.0155493663562521,
        "Cost of Revenue": 1277195000.0,
        "Gross Profit": 1438480000.0,
        "R&D Expenses": 325773000.0,
        "SG&A Expense": 369790000.0,
        "Operating Expenses": 834320000.0,
        "Operating Income": 604160000.0,
        "Interest Expense": 0.0,