{
    "2018": {
        "Revenue": 2636746000.0,
        "Revenue Growth": -0.0728340220058744,
        "Cost of Revenue": 1316145000.0,
        "Gross Profit": 1320601000.0,
        "R&D Expenses": 0.0,
        "SG&A Expense": 870961000.0,
        "Operating Expenses": 1266562000.0,
        "Operating Income": 54039000.0,
        "Interest Expense": 21909000.0,
        "Earnings before Tax": 1031000.0,
        "Income Tax Expense": -957000.0,
        "Net Income - Non-Controlling int": 0.0,
        "Net Income - Discontinued ops": 0.0,
        "Net Income": -11079000.0,
        "Preferred Dividends": 0.0,
        "Net Income Com": -11079000.0,
        "EPS": -0.02,
        "EPS Diluted": -0.02,
        "Weighted Average Shs Out": 566511108.0,
        "Weighted Average Shs Out (Dil)": 566511108.0,
        "Dividend per Share": 0.0168681599797,
        "Gross Margin": 0.500844980897,
        "EBITDA Margin": 0.068942931932,
        "EBIT Margin": 0.0204945793034,
        "Profit Margin": -0.00420176990882,
        "Free Cash Flow margin": 0.0459505769611,
        "EBITDA": 181785000.0,
        "EBIT": 54039000.0,
        "Consolidated Income": -11079000.0,
        "Earnings Before Tax Margin": 0.000391012255257,
        "Net Profit Margin": -0.00420176990882
    },
    "2017": {
        "Revenue": 2843877000.0,
        "Revenue Growth": -0.0952730745566678,
        "Cost of Revenue": 1510016000.0,
        "Gross Profit": 1333861000.0,
        "R&D Expenses": 0.0,
        "SG&A Expense": 901781000.0,
        "Operating Expenses": 1304426000.0,
        "Operating Income": 29435000.0,
        "Interest Expense": 20680000.0,
        "Earnings before Tax": 36145000.0,
        "Income Tax Expense": 7544000.0,
        "Net Income - Non-Controlling int": 0.0,
        "Net Income - Discontinued ops": 0.0,
        "Net Income": 14040000.0,
        "Preferred Dividends": 0.0,
        "Net Income Com": 14040000.0,
        "EPS": 0.03,
        "EPS Diluted": 0.02,
        "Weighted Average Shs Out": 559367075.0,
        "Weighted Average Shs Out (Dil)": 568418371.0,
        "Dividend per Share": 0.0,
        "Gross Margin": 0.469029075449,
        "EBITDA Margin": 0.0623806866471,
        "EBIT Margin": 0.0103503069929,
        "Profit Margin": 0.00493692237744,
        "Free Cash Flow margin": 0.0266963022662,
        "EBITDA": 177403000.0,
        "EBIT": 29435000.0,
        "Consolidated Income": 14040000.0,
        "Earnings Before Tax Margin": 0.0127097620607,
        "Net Profit Margin": 0.00493692237744
    },
    "2016": {
        "Revenue": 3143354000.0,
        "Revenue Growth": 0.00764157003842904,
        "Cost of Revenue": 1786451000.0,
        "Gross Profit": 1356903000.0,
        "R&D Expenses": 0.0,
        "SG&A Expense": 1066168000.0,
        "Operating Expenses": 1466666000.0,
        "Operating Income": -109763000.0,
        "Interest Expense": 15684000.0,
        "Earnings before Tax": -185870000.0,
        "Income Tax Expense": -2547000.0,
        "Net Income - Non-Controlling int": 0.0,
        "Net Income - Discontinued ops": 0.0,
        "Net Income": -194587000.0,
        "Preferred Dividends": 0.0,
        "Net Income Com": -194587000.0,
        "EPS": -0.34,
        "EPS Diluted": -0.34,
        "Weighted Average Shs Out": 576354258.0,
        "Weighted Average Shs Out (Dil)": 576354258.0,
        "Dividend per Share": 0.0,
        "Gross Margin": 0.431673619961,
        "EBITDA Margin": 0.0112239983152,
        "EBIT Margin": -0.0349190705215,
        "Profit Margin": -0.061904258954,
        "Free Cash Flow margin": 0.0153377570582,
        "EBITDA": 35281000.0,
        "EBIT": -109763000.0,
        "Consolidated Income": -194587000.0,
        "Earnings Before Tax Margin": -0.0591311064551,
        "Net Profit Margin": -0.061904258954
    },
    "2015": {
        "Revenue": 3119516000.0,
        "Revenue Growth": -0.0226124859322089,
        "Cost of Revenue": 1734451000.0,
        "Gross Profit": 1385065000.0,
        "R&D Expenses": 0.0,
        "SG&A Expense": 1192792000.0,
        "Operating Expenses": 1464842000.0,
        "Operating Income": -79777000.0,
        "Interest Expense": 3001000.0,
        "Earnings before Tax": -108316000.0,
        "Income Tax Expense": -19145000.0,
        "Net Income - Non-Controlling int": 0.0,
        "Net Income - Discontinued ops": 0.0,
        "Net Income": 20668000.0,
        "Preferred Dividends": 0.0,
        "Net Income Com": 20668000.0,
        "EPS": 0.03,
        "EPS Diluted": 0.03,
        "Weighted Average Shs Out": 650106225.0,
        "Weighted Average Shs Out (Dil)": 650106225.0,
        "Dividend per Share": 0.0,
        "Gross Margin": 0.443999966661,
        "EBITDA Margin": 0.0170516836586,
        "EBIT Margin": -0.0255735184561,
        "Profit Margin": 0.00662538675872,
        "Free Cash Flow margin": 0.054778369465,
        "EBITDA": 53193000.0,
        "EBIT": -79777000.0,
        "Consolidated Income": 20668000.0,
        "Earnings Before Tax Margin": -0.0347220530364,
        "Net Profit Margin": 0.00662538675872
    },
    "2014": {
        "Revenue": 3191688000.0,
        "Revenue Growth": 0.240138246967834,
        "Cost of Revenue": 1642502000.0,
        "Gross Profit": 1549186000.0,
        "R&D Expenses": 0.0,
        "SG&A Expense": 1293716000.0,
        "Operating Expenses": 1564028000.0,
        "Operating Income": -14842000.0,
        "Interest Expense": 907000.0,
        "Earnings before Tax": -48195000.0,
        "Income Tax Expense": 15724000.0,
        "Net Income - Non-Controlling int": 0.0,
        "Net Income - Discontinued ops": 0.0,
        "Net Income": -73090000.0,
        "Preferred Dividends": 0.0,
        "Net Income Com": -73090000.0,
        "EPS": -0.11,
        "EPS Diluted": -0.11,
        "Weighted Average Shs Out": 674832393.0,
        "Weighted Average Shs Out (Dil)": 674832393.0,
        "Dividend per Share": 0.0,
        "Gross Margin": 0.485381403195,
        "EBITDA Margin": 0.0407555500412,
        "EBIT Margin": -0.00465020390464,
        "Profit Margin": -0.0229001080306,
        "Free Cash Flow margin": 0.0628294494951,
        "EBITDA": 130079000.0,
        "EBIT": -14842000.0,
        "Consolidated Income": -73090000.0,
        "Earnings Before Tax Margin": -0.015100160166,
        "Net Profit Margin": -0.0229001080306
    },
    "2013": {
        "Revenue": 2573655000.0,
        "Revenue Growth": 0.10245700098352,
        "Cost of Revenue": 1072122000.0,
        "Gross Profit": 1501533000.0,
        "R&D Expenses": 0.0,
        "SG&A Expense": 1210966000.0,
        "Operating Expenses": 1425779000.0,
        "Operating Income": 75754000.0,
        "Interest Expense": 291000.0,
        "Earnings before Tax": -18909000.0,
        "Income Tax Expense": 70037000.0,
        "Net Income - Non-Controlling int": 0.0,
        "Net Income - Discontinued ops": 0.0,
        "Net Income": -95393000.0,
        "Preferred Dividends": 0.0,
        "Net Income Com": -95393000.0,
        "EPS": -0.14,
        "EPS Diluted": -0.14,
        "Weighted Average Shs Out": 663910194.0,
        "Weighted Average Shs Out (Dil)": 663910194.0,
        "Dividend per Share": 0.0,
        "Gross Margin": 0.583424351749,
        "EBITDA Margin": 0.0641900332407,
        "EBIT Margin": 0.0294344036011,
        "Profit Margin": -0.0370651855047,
        "Free Cash Flow margin": 0.0601972680876,
        "EBITDA": 165203000.0,
        "EBIT": 75754000.0,
        "Consolidated Income": -95393000.0,
        "Earnings Before Tax Margin": -0.00734713860249,
        "Net Profit Margin": -0.0370651855047
    },
    "2012": {
        "Revenue": 2334472000.0,
        "Revenue Growth": 1448.59544966251,
        "Cost of Revenue": 718940000.0,
        "Gross Profit": 1615532000.0,
        "R&D Expenses": 0.0,
        "SG&A Expense": 1179080000.0,
        "Operating Expenses": 1516831000.0,
        "Operating Income": 98701000.0,
        "Interest Expense": 0.0,