{
    "2018": {
        "Revenue": 1007257000.0,
        "Revenue Growth": 0.474609372140654,
        "Cost of Revenue": 171748000.0,
        "Gross Profit": 835509000.0,
        "R&D Expenses": 0.0,
        "SG&A Expense": 299755000.0,
        "Operating Expenses": 750546000.0,
        "Operating Income": 84963000.0,
        "Interest Expense": 7500000.0,
        "Earnings before Tax": 81433000.0,
        "Income Tax Expense": 2952000.0,
        "Net Income - Non-Controlling int": 0.0,
        "Net Income - Discontinued ops": 0.0,
        "Net Income": 78481000.0,
        "Preferred Dividends": 0.0,
        "Net Income Com": 78481000.0,
        "EPS": 0.88,
        "EPS Diluted": 0.85,
        "Weighted Average Shs Out": 89447000.0,
        "Weighted Average Shs Out (Dil)": 92354000.0,
        "Dividend per Share": 0.0,
        "Gross Margin": 0.829489395457,
        "EBITDA Margin": 0.171212510809,
        "EBIT Margin": 0.0843508657671,
        "Profit Margin": 0.0779155667322,
        "Free Cash Flow margin": 0.181179182671,
        "EBITDA": 172455000.0,
        "EBIT": 84963000.0,
        "Consolidated Income": 78481000.0,
        "Earnings Before Tax Margin": 0.0808462984124,
        "Net Profit Margin": 0.0779155667322
    },
    "2017": {
        "Revenue": 683067000.0,
        "Revenue Growth": 0.384601819062658,
        "Cost of Revenue": 108213000.0,
        "Gross Profit": 574854000.0,
        "R&D Expenses": 0.0,
        "SG&A Expense": 215753000.0,
        "Operating Expenses": 485104000.0,
        "Operating Income": 89750000.0,
        "Interest Expense": 2100000.0,
        "Earnings before Tax": 89648000.0,
        "Income Tax Expense": -9335000.0,
        "Net Income - Non-Controlling int": 0.0,
        "Net Income - Discontinued ops": 0.0,
        "Net Income": 98983000.0,
        "Preferred Dividends": 0.0,
        "Net Income Com": 98983000.0,
        "EPS": 1.15,
        "EPS Diluted": 1.12,
        "Weighted Average Shs Out": 86297000.0,
        "Weighted Average Shs Out (Dil)": 88182000.0,
        "Dividend per Share": 0.0,
        "Gross Margin": 0.841577766163,
        "EBITDA Margin": 0.209092226678,
        "EBIT Margin": 0.131392674511,
        "Profit Margin": 0.144909650151,
        "Free Cash Flow margin": 0.195835840408,
        "EBITDA": 142824000.0,
        "EBIT": 89750000.0,
        "Consolidated Income": 98983000.0,
        "Earnings Before Tax Margin": 0.131243348017,
        "Net Profit Margin": 0.144909650151
    },
    "2016": {
        "Revenue": 493331000.0,
        "Revenue Growth": 0.363451945001036,
        "Cost of Revenue": 77647000.0,
        "Gross Profit": 415684000.0,
        "R&D Expenses": 0.0,
        "SG&A Expense": 160076000.0,
        "Operating Expenses": 331832000.0,
        "Operating Income": 83852000.0,
        "Interest Expense": 0.0,
        "Earnings before Tax": 83852000.0,
        "Income Tax Expense": 34295000.0,
        "Net Income - Non-Controlling int": 0.0,
        "Net Income - Discontinued ops": 0.0,
        "Net Income": 49557000.0,
        "Preferred Dividends": 0.0,
        "Net Income Com": 49557000.0,
        "EPS": 0.58,
        "EPS Diluted": 0.58,
        "Weighted Average Shs Out": 85069000.0,
        "Weighted Average Shs Out (Dil)": 86135000.0,
        "Dividend per Share": 0.0,
        "Gross Margin": 0.842606688005,
        "EBITDA Margin": 0.241308573757,
        "EBIT Margin": 0.169971074188,
        "Profit Margin": 0.100453853498,
        "Free Cash Flow margin": 0.149171651488,
        "EBITDA": 119045000.0,
        "EBIT": 83852000.0,
        "Consolidated Income": 49557000.0,
        "Earnings Before Tax Margin": 0.169971074188,
        "Net Profit Margin": 0.100453853498
    },
    "2015": {
        "Revenue": 361825000.0,
        "Revenue Growth": 0.425220484257877,
        "Cost of Revenue": 60816000.0,
        "Gross Profit": 301009000.0,
        "R&D Expenses": 0.0,
        "SG&A Expense": 131656000.0,
        "Operating Expenses": 239080000.0,
        "Operating Income": 61929000.0,
        "Interest Expense": 0.0,
        "Earnings before Tax": 61929000.0,
        "Income Tax Expense": 23852000.0,
        "Net Income - Non-Controlling int": 0.0,
        "Net Income - Discontinued ops": 0.0,
        "Net Income": 38077000.0,
        "Preferred Dividends": 0.0,
        "Net Income Com": 38077000.0,
        "EPS": 0.45,
        "EPS Diluted": 0.44,
        "Weighted Average Shs Out": 84076000.0,
        "Weighted Average Shs Out (Dil)": 85706000.0,
        "Dividend per Share": 0.0,
        "Gross Margin": 0.83191874525,
        "EBITDA Margin": 0.250977682581,
        "EBIT Margin": 0.171157327437,
        "Profit Margin": 0.105235956609,
        "Free Cash Flow margin": 0.112222759621,
        "EBITDA": 90810000.0,
        "EBIT": 61929000.0,
        "Consolidated Income": 38077000.0,
        "Earnings Before Tax Margin": 0.171157327437,
        "Net Profit Margin": 0.105235956609
    },
    "2014": {
        "Revenue": 253873000.0,
        "Revenue Growth": 0.85115536337983,
        "Cost of Revenue": 47872000.0,
        "Gross Profit": 206001000.0,
        "R&D Expenses": 0.0,
        "SG&A Expense": 98508000.0,
        "Operating Expenses": 161017000.0,
        "Operating Income": 44984000.0,
        "Interest Expense": 0.0,
        "Earnings before Tax": 44984000.0,
        "Income Tax Expense": 20721000.0,
        "Net Income - Non-Controlling int": 0.0,
        "Net Income - Discontinued ops": 0.0,
        "Net Income": 24263000.0,
        "Preferred Dividends": 320000.0,
        "Net Income Com": 24263000.0,
        "EPS": 0.33,
        "EPS Diluted": 0.3,
        "Weighted Average Shs Out": 73571000.0,
        "Weighted Average Shs Out (Dil)": 81698000.0,
        "Dividend per Share": 0.00391686454993,
        "Gross Margin": 0.811433275693,
        "EBITDA Margin": 0.26779531498,
        "EBIT Margin": 0.177190957684,
        "Profit Margin": 0.0955714077511,
        "Free Cash Flow margin": 0.272778121344,
        "EBITDA": 67986000.0,
        "EBIT": 44984000.0,
        "Consolidated Income": 24263000.0,
        "Earnings Before Tax Margin": 0.177190957684,
        "Net Profit Margin": 0.0955714077511
    },
    "2013": {
        "Revenue": 137143000.0,
        "Revenue Growth": 0.666399348716266,
        "Cost of Revenue": 34173000.0,
        "Gross Profit": 102970000.0,
        "R&D Expenses": 15357000.0,
        "SG&A Expense": 59254000.0,
        "Operating Expenses": 88081000.0,
        "Operating Income": 14889000.0,
        "Interest Expense": 0.0,
        "Earnings before Tax": 14889000.0,
        "Income Tax Expense": 8142000.0,
        "Net Income - Non-Controlling int": 0.0,
        "Net Income - Discontinued ops": 0.0,
        "Net Income": 6747000.0,
        "Preferred Dividends": 1073000.0,
        "Net Income Com": 5674000.0,
        "EPS": 0.14,
        "EPS Diluted": 0.12,
        "Weighted Average Shs Out": NaN,
        "Weighted Average Shs Out (Dil)": 40681000.0,
        "Dividend per Share": 0.0,
        "Gross Margin": 0.7508,
        "EBITDA Margin": 0.207,
        "EBIT Margin": 0.1086,
        "Profit Margin": 0.041,
        "Free Cash Flow margin": 0.2464,
        "EBITDA": 28358000.0,
        "EBIT": 14889000.0,
        "Consolidated Income": 6747000.0,
        "Earnings Before Tax Margin": 0.1086,
        "Net Profit Margin": 0.0492
    },
    "2012": {
        "Revenue": 82299000.0,
        "Revenue Growth": 0.357822837438749,
        "Cost of Revenue": 18165000.0,
        "Gross Profit": 64134000.0,
        "R&D Expenses": 10172000.0,
        "SG&A Expense": 39141000.0,
        "Operating Expenses": 55402000.0,
        "Operating Income": 8732000.0,
        "Interest Expense": 0.0,
        "Earnings before Tax": 8732000.0,
        "Income Tax Expense": 813000.0,
        "Net Income - Non-Controlling int": 0.0,
        "Net Income - Discontinued ops": 0.0,
        "Net Income": 7919000.0,