{
    "2019": {
        "Revenue": 2302468000.0,
        "Revenue Growth": 0.0,
        "Cost of Revenue": 1857255000.0,
        "Gross Profit": 445213000.0,
        "R&D Expenses": 11120000.0,
        "SG&A Expense": 340949000.0,
        "Operating Expenses": 367363000.0,
        "Operating Income": -14886000.0,
        "Interest Expense": 0.0,
        "Earnings before Tax": -51987000.0,
        "Income Tax Expense": -2697000.0,
        "Net Income - Non-Controlling int": 0.0,
        "Net Income - Discontinued ops": 0.0,
        "Net Income": -183314000.0,
        "Preferred Dividends": 0.0,
        "Net Income Com": -183314000.0,
        "EPS": -1.76,
        "EPS Diluted": -1.76,
        "Weighted Average Shs Out": 104076000.0,
        "Weighted Average Shs Out (Dil)": 104076000.0,
        "Dividend per Share": 0.0,
        "Gross Margin": 0.193363382249,
        "EBITDA Margin": 0.0182534567256,
        "EBIT Margin": -0.00646523643325,
        "Profit Margin": -0.079616307371,
        "Free Cash Flow margin": 0.0215069221375,
        "EBITDA": 42028000.0,
        "EBIT": -14886000.0,
        "Consolidated Income": -183314000.0,
        "Earnings Before Tax Margin": -0.0225788154276,
        "Net Profit Margin": -0.079616307371
    },
    "2018": {
        "Revenue": 2457769000.0,
        "Revenue Growth": 0.0,
        "Cost of Revenue": 1942321000.0,
        "Gross Profit": 515448000.0,
        "R&D Expenses": 9696000.0,
        "SG&A Expense": 339431000.0,
        "Operating Expenses": 367329000.0,
        "Operating Income": 106040000.0,
        "Interest Expense": 0.0,
        "Earnings before Tax": 81202000.0,
        "Income Tax Expense": -887000.0,
        "Net Income - Non-Controlling int": 0.0,
        "Net Income - Discontinued ops": 0.0,
        "Net Income": 9694000.0,
        "Preferred Dividends": 0.0,
        "Net Income Com": 9694000.0,
        "EPS": 0.09,
        "EPS Diluted": 0.09,
        "Weighted Average Shs Out": 103848000.0,
        "Weighted Average Shs Out (Dil)": 104477000.0,
        "Dividend per Share": 0.0,
        "Gross Margin": 0.20972190633,
        "EBITDA Margin": 0.0678863636086,
        "EBIT Margin": 0.0431448195498,
        "Profit Margin": 0.00394422746808,
        "Free Cash Flow margin": 0.0493569574683,
        "EBITDA": 166849000.0,
        "EBIT": 106040000.0,
        "Consolidated Income": 9694000.0,
        "Earnings Before Tax Margin": 0.0330389064229,
        "Net Profit Margin": 0.00394422746808
    },
    "2017": {
        "Revenue": 2853111000.0,
        "Revenue Growth": 0.0,
        "Cost of Revenue": 2311739000.0,
        "Gross Profit": 541372000.0,
        "R&D Expenses": 10149000.0,
        "SG&A Expense": 331763000.0,
        "Operating Expenses": 360314000.0,
        "Operating Income": 110805000.0,
        "Interest Expense": 0.0,
        "Earnings before Tax": 89143000.0,
        "Income Tax Expense": 21842000.0,
        "Net Income - Non-Controlling int": 0.0,
        "Net Income - Discontinued ops": 0.0,
        "Net Income": 67430000.0,
        "Preferred Dividends": 0.0,
        "Net Income Com": 67430000.0,
        "EPS": 0.65,
        "EPS Diluted": 0.65,
        "Weighted Average Shs Out": 103611000.0,
        "Weighted Average Shs Out (Dil)": 104248000.0,
        "Dividend per Share": 0.0,
        "Gross Margin": 0.189747962838,
        "EBITDA Margin": 0.062914481771,
        "EBIT Margin": 0.0388365542035,
        "Profit Margin": 0.0236338509087,
        "Free Cash Flow margin": 0.0759255423291,
        "EBITDA": 179502000.0,
        "EBIT": 110805000.0,
        "Consolidated Income": 67430000.0,
        "Earnings Before Tax Margin": 0.0312441401684,
        "Net Profit Margin": 0.0236338509087
    },
    "2016": {
        "Revenue": 2885374000.0,
        "Revenue Growth": 0.0,
        "Cost of Revenue": 2271243000.0,
        "Gross Profit": 614131000.0,
        "R&D Expenses": 11354000.0,
        "SG&A Expense": 303763000.0,
        "Operating Expenses": 333986000.0,
        "Operating Income": 150360000.0,
        "Interest Expense": 0.0,
        "Earnings before Tax": 118408000.0,
        "Income Tax Expense": 70932000.0,
        "Net Income - Non-Controlling int": 0.0,
        "Net Income - Discontinued ops": 0.0,
        "Net Income": 47429000.0,
        "Preferred Dividends": 0.0,
        "Net Income Com": 47429000.0,
        "EPS": 0.46,
        "EPS Diluted": 0.46,
        "Weighted Average Shs Out": 103135000.0,
        "Weighted Average Shs Out (Dil)": 104183000.0,
        "Dividend per Share": 0.0,
        "Gross Margin": 0.212842771856,
        "EBITDA Margin": 0.0748540743765,
        "EBIT Margin": 0.0521110954767,
        "Profit Margin": 0.0164377304294,
        "Free Cash Flow margin": 0.0715938384417,
        "EBITDA": 215982000.0,
        "EBIT": 150360000.0,
        "Consolidated Income": 47429000.0,
        "Earnings Before Tax Margin": 0.0410373144001,
        "Net Profit Margin": 0.0164377304294
    },
    "2015": {
        "Revenue": 2688515000.0,
        "Revenue Growth": 0.0,
        "Cost of Revenue": 2069898000.0,
        "Gross Profit": 618617000.0,
        "R&D Expenses": 10271000.0,
        "SG&A Expense": 348517000.0,
        "Operating Expenses": 382283000.0,
        "Operating Income": 237745000.0,
        "Interest Expense": 0.0,
        "Earnings before Tax": 215290000.0,
        "Income Tax Expense": 47883000.0,
        "Net Income - Non-Controlling int": 0.0,
        "Net Income - Discontinued ops": 0.0,
        "Net Income": 167896000.0,
        "Preferred Dividends": 0.0,
        "Net Income Com": 167896000.0,
        "EPS": 1.65,
        "EPS Diluted": 1.62,
        "Weighted Average Shs Out": 101703000.0,
        "Weighted Average Shs Out (Dil)": 103421000.0,
        "Dividend per Share": 0.0,
        "Gross Margin": 0.230096168331,
        "EBITDA Margin": 0.109477536856,
        "EBIT Margin": 0.0884298581187,
        "Profit Margin": 0.0624493447126,
        "Free Cash Flow margin": 0.0689905021917,
        "EBITDA": 294332000.0,
        "EBIT": 237745000.0,
        "Consolidated Income": 167896000.0,
        "Earnings Before Tax Margin": 0.0800776636917,
        "Net Profit Margin": 0.0624493447126
    },
    "2014": {
        "Revenue": 2153611000.0,
        "Revenue Growth": 0.0,
        "Cost of Revenue": 1586418000.0,
        "Gross Profit": 567193000.0,
        "R&D Expenses": 10049000.0,
        "SG&A Expense": 311288000.0,
        "Operating Expenses": 336937000.0,
        "Operating Income": 227737000.0,
        "Interest Expense": 0.0,
        "Earnings before Tax": 157492000.0,
        "Income Tax Expense": 70099000.0,
        "Net Income - Non-Controlling int": 0.0,
        "Net Income - Discontinued ops": 0.0,
        "Net Income": 139851000.0,
        "Preferred Dividends": 0.0,
        "Net Income Com": 139851000.0,
        "EPS": 2.86,
        "EPS Diluted": 2.8,
        "Weighted Average Shs Out": 48875000.0,
        "Weighted Average Shs Out (Dil)": 50003000.0,
        "Dividend per Share": 0.0,
        "Gross Margin": 0.263368361324,
        "EBITDA Margin": 0.128053302105,
        "EBIT Margin": 0.105746580975,
        "Profit Margin": 0.064937911257,
        "Free Cash Flow margin": 0.0857945097792,
        "EBITDA": 275777000.0,
        "EBIT": 227737000.0,
        "Consolidated Income": 139851000.0,
        "Earnings Before Tax Margin": 0.0731292698635,
        "Net Profit Margin": 0.064937911257
    },
    "2013": {
        "Revenue": 1734683000.0,
        "Revenue Growth": 0.0,
        "Cost of Revenue": 1259823000.0,
        "Gross Profit": 474860000.0,
        "R&D Expenses": 7516000.0,
        "SG&A Expense": 274750000.0,
        "Operating Expenses": 294458000.0,
        "Operating Income": 174312000.0,
        "Interest Expense": 0.0,
        "Earnings before Tax": 130908000.0,
        "Income Tax Expense": 34324000.0,
        "Net Income - Non-Controlling int": 0.0,