{
    "2017": {
        "Revenue": 261810000.0,
        "Revenue Growth": 0.419324410037894,
        "Cost of Revenue": 81095000.0,
        "Gross Profit": 180715000.0,
        "R&D Expenses": 101094000.0,
        "SG&A Expense": 278470000.0,
        "Operating Expenses": 379564000.0,
        "Operating Income": -198849000.0,
        "Interest Expense": 0.0,
        "Earnings before Tax": -202021000.0,
        "Income Tax Expense": 2486000.0,
        "Net Income - Non-Controlling int": 0.0,
        "Net Income - Discontinued ops": 0.0,
        "Net Income": -204507000.0,
        "Preferred Dividends": 0.0,
        "Net Income Com": -204507000.0,
        "EPS": -3.08,
        "EPS Diluted": -3.08,
        "Weighted Average Shs Out": 66356474.0,
        "Weighted Average Shs Out (Dil)": 66356474.0,
        "Dividend per Share": 0.0,
        "Gross Margin": 0.690252473168,
        "EBITDA Margin": -0.721423933387,
        "EBIT Margin": -0.759516443222,
        "Profit Margin": -0.781127535235,
        "Free Cash Flow margin": -0.133581604981,
        "EBITDA": -188876000.0,
        "EBIT": -198849000.0,
        "Consolidated Income": -204507000.0,
        "Earnings Before Tax Margin": -0.771632099614,
        "Net Profit Margin": -0.781127535235
    },
    "2016": {
        "Revenue": 184461000.0,
        "Revenue Growth": 0.512669750049203,
        "Cost of Revenue": 72170000.0,
        "Gross Profit": 112291000.0,
        "R&D Expenses": 99202000.0,
        "SG&A Expense": 264265000.0,
        "Operating Expenses": 363467000.0,
        "Operating Income": -251176000.0,
        "Interest Expense": 0.0,
        "Earnings before Tax": -250464000.0,
        "Income Tax Expense": 1224000.0,
        "Net Income - Non-Controlling int": 0.0,
        "Net Income - Discontinued ops": 0.0,
        "Net Income": -251688000.0,
        "Preferred Dividends": 0.0,
        "Net Income Com": -251688000.0,
        "EPS": -4.4,
        "EPS Diluted": -4.4,
        "Weighted Average Shs Out": 57203067.0,
        "Weighted Average Shs Out (Dil)": 57203067.0,
        "Dividend per Share": 0.0,
        "Gross Margin": 0.608751985515,
        "EBITDA Margin": -1.31298756919,
        "EBIT Margin": -1.36167536769,
        "Profit Margin": -1.36445102217,
        "Free Cash Flow margin": -0.516212099034,
        "EBITDA": -242195000.0,
        "EBIT": -251176000.0,
        "Consolidated Income": -251688000.0,
        "Earnings Before Tax Margin": -1.35781547319,
        "Net Profit Margin": -1.36445102217
    },
    "2015": {
        "Revenue": 121944000.0,
        "Revenue Growth": 29.486,
        "Cost of Revenue": 55171000.0,
        "Gross Profit": 66773000.0,
        "R&D Expenses": 66645000.0,
        "SG&A Expense": 179721000.0,
        "Operating Expenses": 246366000.0,
        "Operating Income": -179593000.0,
        "Interest Expense": 0.0,
        "Earnings before Tax": -178685000.0,
        "Income Tax Expense": 432000.0,
        "Net Income - Non-Controlling int": 0.0,
        "Net Income - Discontinued ops": 0.0,
        "Net Income": -179117000.0,
        "Preferred Dividends": 0.0,
        "Net Income Com": -179117000.0,
        "EPS": -4.13,
        "EPS Diluted": -4.13,
        "Weighted Average Shs Out": 43318044.0,
        "Weighted Average Shs Out (Dil)": 43318044.0,
        "Dividend per Share": 0.0,
        "Gross Margin": 0.547571016204,
        "EBITDA Margin": -1.42485075116,
        "EBIT Margin": -1.47274978679,
        "Profit Margin": -1.4688463557,
        "Free Cash Flow margin": -0.919889457456,
        "EBITDA": -173752000.0,
        "EBIT": -179593000.0,
        "Consolidated Income": -179117000.0,
        "Earnings Before Tax Margin": -1.46530374598,
        "Net Profit Margin": -1.4688463557
    },
    "2006": {
        "Revenue": 4000000.0,
        "Revenue Growth": 1.0,
        "Cost of Revenue": NaN,
        "Gross Profit": 4000000.0,
        "R&D Expenses": NaN,
        "SG&A Expense": 0.0,
        "Operating Expenses": 0.0,
        "Operating Income": 4000000.0,
        "Interest Expense": NaN,
        "Earnings before Tax": 3000000.0,
        "Income Tax Expense": 1000000.0,
        "Net Income - Non-Controlling int": NaN,
        "Net Income - Discontinued ops": NaN,
        "Net Income": 2000000.0,
        "Preferred Dividends": NaN,
        "Net Income Com": 2000000.0,
        "EPS": 0.13,
        "EPS Diluted": 0.13,
        "Weighted Average Shs Out": 16000000.0,
        "Weighted Average Shs Out (Dil)": 16000000.0,
        "Dividend per Share": NaN,
        "Gross Margin": 1.0,
        "EBITDA Margin": 0.0,
        "EBIT Margin": 0.75,
        "Profit Margin": 0.5,
        "Free Cash Flow margin": NaN,
        "EBITDA": NaN,
        "EBIT": 3000000.0,
        "Consolidated Income": 2000000.0,
        "Earnings Before Tax Margin": 0.75,
        "Net Profit Margin": 0.5
    },
    "2005": {
        "Revenue": 0.0,
        "Revenue Growth": NaN,
        "Cost of Revenue": NaN,
        "Gross Profit": 0.0,
        "R&D Expenses": NaN,
        "SG&A Expense": 0.0,
        "Operating Expenses": 0.0,
        "Operating Income": 0.0,
        "Interest Expense": NaN,
        "Earnings before Tax": 0.0,
        "Income Tax Expense": 0.0,
        "Net Income - Non-Controlling int": NaN,
        "Net Income - Discontinued ops": NaN,
        "Net Income": -0.0,
        "Preferred Dividends": NaN,
        "Net Income Com": -0.0,
        "EPS": 5.0,
        "EPS Diluted": 5.0,
        "Weighted Average Shs Out": NaN,
        "Weighted Average Shs Out (Dil)": NaN,
        "Dividend per Share": NaN,
        "Gross Margin": NaN,
        "EBITDA Margin": NaN,
        "EBIT Margin": NaN,
        "Profit Margin": NaN,
        "Free Cash Flow margin": NaN,
        "EBITDA": NaN,
        "EBIT": 0.0,
        "Consolidated Income": -0.0,
        "Earnings Before Tax Margin": NaN,
        "Net Profit Margin": NaN
    },
    "2004": {
        "Revenue": 0.0,
        "Revenue Growth": NaN,
        "Cost of Revenue": NaN,
        "Gross Profit": 0.0,
        "R&D Expenses": NaN,
        "SG&A Expense": 0.0,
        "Operating Expenses": 0.0,
        "Operating Income": 0.0,
        "Interest Expense": NaN,
        "Earnings before Tax": 0.0,
        "Income Tax Expense": 0.0,
        "Net Income - Non-Controlling int": NaN,
        "Net Income - Discontinued ops": NaN,
        "Net Income": 0.0,
        "Preferred Dividends": NaN,
        "Net Income Com": 0.0,
        "EPS": NaN,
        "EPS Diluted": NaN,
        "Weighted Average Shs Out": NaN,
        "Weighted Average Shs Out (Dil)": NaN,
        "Dividend per Share": NaN,
        "Gross Margin": NaN,
        "EBITDA Margin": NaN,
        "EBIT Margin": NaN,
        "Profit Margin": NaN,
        "Free Cash Flow margin": NaN,
        "EBITDA": NaN,
        "EBIT": 0.0,
        "Consolidated Income": 0.0,
        "Earnings Before Tax Margin": NaN,
        "Net Profit Margin": NaN
    },
    "2003": {
        "Revenue": 0.0,
        "Revenue Growth": NaN,
        "Cost of Revenue": NaN,
        "Gross Profit": 0.0,
        "R&D Expenses": NaN,
        "SG&A Expense": 0.0,
        "Operating Expenses": 0.0,
        "Operating Income": 0.0,
        "Interest Expense": NaN,
        "Earnings before Tax": 0.0,
        "Income Tax Expense": 0.0,
        "Net Income - Non-Controlling int": NaN,
        "Net Income - Discontinued ops": NaN,
        "Net Income": 0.0,
        "Preferred Dividends": NaN,
        "Net Income Com": 0.0,
        "EPS": NaN,
        "EPS Diluted": NaN,
        "Weighted Average Shs Out": NaN,
        "Weighted Average Shs Out (Dil)": NaN,
        "Dividend per Share": NaN,
        "Gross Margin": NaN,
        "EBITDA Margin": NaN,
        "EBIT Margin": NaN,
        "Profit Margin": NaN,
        "Free Cash Flow margin": NaN,
        "EBITDA": NaN,
        "EBIT": 0.0,
        "Consolidated Income": 0.0,
        "Earnings Before Tax Margin": NaN,