{
    "2018": {
        "Revenue": 147079000.0,
        "Revenue Growth": 0.181699125851652,
        "Cost of Revenue": 68507000.0,
        "Gross Profit": 78572000.0,
        "R&D Expenses": 0.0,
        "SG&A Expense": 44499000.0,
        "Operating Expenses": 33840000.0,
        "Operating Income": 44732000.0,
        "Interest Expense": 0.0,
        "Earnings before Tax": -526000.0,
        "Income Tax Expense": 10271000.0,
        "Net Income - Non-Controlling int": 0.0,
        "Net Income - Discontinued ops": 0.0,
        "Net Income": -10906000.0,
        "Preferred Dividends": 0.0,
        "Net Income Com": -10906000.0,
        "EPS": -0.28,
        "EPS Diluted": -0.28,
        "Weighted Average Shs Out": 38986000.0,
        "Weighted Average Shs Out (Dil)": 38986000.0,
        "Dividend per Share": 0.0,
        "Gross Margin": 0.534216305523,
        "EBITDA Margin": 0.502539451587,
        "EBIT Margin": 0.304135872558,
        "Profit Margin": -0.074150626534,
        "Free Cash Flow margin": 0.177877195249,
        "EBITDA": 73913000.0,
        "EBIT": 44732000.0,
        "Consolidated Income": -10906000.0,
        "Earnings Before Tax Margin": -0.00357630933036,
        "Net Profit Margin": -0.074150626534
    },
    "2017": {
        "Revenue": 124464000.0,
        "Revenue Growth": -0.101505143475907,
        "Cost of Revenue": 67075000.0,
        "Gross Profit": 57389000.0,
        "R&D Expenses": 0.0,
        "SG&A Expense": 39437000.0,
        "Operating Expenses": 32033000.0,
        "Operating Income": 25356000.0,
        "Interest Expense": 0.0,
        "Earnings before Tax": 5270000.0,
        "Income Tax Expense": 18706000.0,
        "Net Income - Non-Controlling int": 0.0,
        "Net Income - Discontinued ops": 0.0,
        "Net Income": -13436000.0,
        "Preferred Dividends": 0.0,
        "Net Income Com": -13436000.0,
        "EPS": -0.33,
        "EPS Diluted": -0.33,
        "Weighted Average Shs Out": 40164000.0,
        "Weighted Average Shs Out (Dil)": 40164000.0,
        "Dividend per Share": 0.0,
        "Gross Margin": 0.461089150276,
        "EBITDA Margin": 0.436351073403,
        "EBIT Margin": 0.203721558041,
        "Profit Margin": -0.107950893431,
        "Free Cash Flow margin": 0.186519796889,
        "EBITDA": 54310000.0,
        "EBIT": 25356000.0,
        "Consolidated Income": -13436000.0,
        "Earnings Before Tax Margin": 0.0423415606119,
        "Net Profit Margin": -0.107950893431
    },
    "2016": {
        "Revenue": 138525000.0,
        "Revenue Growth": 0.0673010247322598,
        "Cost of Revenue": 69558000.0,
        "Gross Profit": 68967000.0,
        "R&D Expenses": 0.0,
        "SG&A Expense": 38333000.0,
        "Operating Expenses": 28944000.0,
        "Operating Income": 40023000.0,
        "Interest Expense": 0.0,
        "Earnings before Tax": 28372000.0,
        "Income Tax Expense": 10372000.0,
        "Net Income - Non-Controlling int": 0.0,
        "Net Income - Discontinued ops": 0.0,
        "Net Income": 18000000.0,
        "Preferred Dividends": 0.0,
        "Net Income Com": 18000000.0,
        "EPS": 0.43,
        "EPS Diluted": 0.43,
        "Weighted Average Shs Out": 41666000.0,
        "Weighted Average Shs Out (Dil)": 42274000.0,
        "Dividend per Share": 0.0,
        "Gross Margin": 0.497866811045,
        "EBITDA Margin": 0.503100523371,
        "EBIT Margin": 0.288922577152,
        "Profit Margin": 0.129940443963,
        "Free Cash Flow margin": 0.173636527703,
        "EBITDA": 69692000.0,
        "EBIT": 40023000.0,
        "Consolidated Income": 18000000.0,
        "Earnings Before Tax Margin": 0.20481501534,
        "Net Profit Margin": 0.129940443963
    },
    "2015": {
        "Revenue": 129790000.0,
        "Revenue Growth": 0.158953111466305,
        "Cost of Revenue": 70526000.0,
        "Gross Profit": 59264000.0,
        "R&D Expenses": 0.0,
        "SG&A Expense": 36037000.0,
        "Operating Expenses": 24397000.0,
        "Operating Income": 34867000.0,
        "Interest Expense": 0.0,
        "Earnings before Tax": 22781000.0,
        "Income Tax Expense": 9042000.0,
        "Net Income - Non-Controlling int": 0.0,
        "Net Income - Discontinued ops": 0.0,
        "Net Income": 13739000.0,
        "Preferred Dividends": 0.0,
        "Net Income Com": 13739000.0,
        "EPS": 0.32,
        "EPS Diluted": 0.31,
        "Weighted Average Shs Out": 42840000.0,
        "Weighted Average Shs Out (Dil)": 43802000.0,
        "Dividend per Share": 0.0,
        "Gross Margin": 0.456614531166,
        "EBITDA Margin": 0.498297249403,
        "EBIT Margin": 0.268641651899,
        "Profit Margin": 0.105855612913,
        "Free Cash Flow margin": 0.283796902689,
        "EBITDA": 64674000.0,
        "EBIT": 34867000.0,
        "Consolidated Income": 13739000.0,
        "Earnings Before Tax Margin": 0.175521997072,
        "Net Profit Margin": 0.105855612913
    },
    "2014": {
        "Revenue": 111989000.0,
        "Revenue Growth": 0.302121969652927,
        "Cost of Revenue": 64997000.0,
        "Gross Profit": 46992000.0,
        "R&D Expenses": 0.0,
        "SG&A Expense": 31608000.0,
        "Operating Expenses": 20965000.0,
        "Operating Income": 26027000.0,
        "Interest Expense": 0.0,
        "Earnings before Tax": 12986000.0,
        "Income Tax Expense": 2429000.0,
        "Net Income - Non-Controlling int": 0.0,
        "Net Income - Discontinued ops": 0.0,
        "Net Income": 10557000.0,
        "Preferred Dividends": 0.0,
        "Net Income Com": 10557000.0,
        "EPS": 0.25,
        "EPS Diluted": 0.25,
        "Weighted Average Shs Out": 42321000.0,
        "Weighted Average Shs Out (Dil)": 42622000.0,
        "Dividend per Share": 0.0,
        "Gross Margin": 0.419612640527,
        "EBITDA Margin": 0.480100724178,
        "EBIT Margin": 0.232406754235,
        "Profit Margin": 0.0942681870541,
        "Free Cash Flow margin": 0.181294591433,
        "EBITDA": 53766000.0,
        "EBIT": 26027000.0,
        "Consolidated Income": 10557000.0,
        "Earnings Before Tax Margin": 0.115957817286,
        "Net Profit Margin": 0.0942681870541
    },
    "2013": {
        "Revenue": 86005000.0,
        "Revenue Growth": 0.205108803788866,
        "Cost of Revenue": 50088000.0,
        "Gross Profit": 35917000.0,
        "R&D Expenses": 0.0,
        "SG&A Expense": 29678000.0,
        "Operating Expenses": 28195000.0,
        "Operating Income": 7722000.0,
        "Interest Expense": 0.0,
        "Earnings before Tax": 0.0,
        "Income Tax Expense": 3130000.0,
        "Net Income - Non-Controlling int": 0.0,
        "Net Income - Discontinued ops": 0.0,
        "Net Income": -4297000.0,
        "Preferred Dividends": 0.0,
        "Net Income Com": -4297000.0,
        "EPS": -0.14,
        "EPS Diluted": -0.14,
        "Weighted Average Shs Out": 31143000.0,
        "Weighted Average Shs Out (Dil)": 31143000.0,
        "Dividend per Share": 0.0,
        "Gross Margin": 0.417615254927,
        "EBITDA Margin": 0.308307656532,
        "EBIT Margin": 0.0897854775885,
        "Profit Margin": -0.0499622114993,
        "Free Cash Flow margin": 0.0606476367653,
        "EBITDA": 26516000.0,
        "EBIT": 7722000.0,
        "Consolidated Income": -4297000.0,
        "Earnings Before Tax Margin": 0.0,
        "Net Profit Margin": -0.0499622114993
    },
    "2012": {
        "Revenue": 71367000.0,
        "Revenue Growth": 0.173857262693883,
        "Cost of Revenue": 32409000.0,
        "Gross Profit": 38958000.0,
        "R&D Expenses": 0.0,
        "SG&A Expense": 13667000.0,
        "Operating Expenses": 18092000.0,
        "Operating Income": 20866000.0,
        "Interest Expense": 3551000.0,
        "Earnings before Tax": 17315000.0,
        "Income Tax Expense": 6285000.0,
        "Net Income - Non-Controlling int": 0.0,
        "Net Income - Discontinued ops": 0.0,
        "Net Income": 11030000.0,