{
    "2019": {
        "Revenue": 2798490000.0,
        "Revenue Growth": 0.12512604190622,
        "Cost of Revenue": 2556025000.0,
        "Gross Profit": 242465000.0,
        "R&D Expenses": 27467000.0,
        "SG&A Expense": 194416000.0,
        "Operating Expenses": 221883000.0,
        "Operating Income": 20582000.0,
        "Interest Expense": 25188000.0,
        "Earnings before Tax": -51222000.0,
        "Income Tax Expense": -18712000.0,
        "Net Income - Non-Controlling int": 0.0,
        "Net Income - Discontinued ops": 0.0,
        "Net Income": -33656000.0,
        "Preferred Dividends": 0.0,
        "Net Income Com": -33656000.0,
        "EPS": -0.34,
        "EPS Diluted": -0.34,
        "Weighted Average Shs Out": 109216000.0,
        "Weighted Average Shs Out (Dil)": 109216000.0,
        "Dividend per Share": 2.86973520363,
        "Gross Margin": 0.0866413673088,
        "EBITDA Margin": 0.209083112679,
        "EBIT Margin": 0.00735468055987,
        "Profit Margin": -0.0120264857119,
        "Free Cash Flow margin": 0.141986928665,
        "EBITDA": 585117000.0,
        "EBIT": 20582000.0,
        "Consolidated Income": -33656000.0,
        "Earnings Before Tax Margin": -0.0183034422135,
        "Net Profit Margin": -0.0120264857119
    },
    "2018": {
        "Revenue": 2487268000.0,
        "Revenue Growth": 0.378185567901433,
        "Cost of Revenue": 2236880000.0,
        "Gross Profit": 250388000.0,
        "R&D Expenses": 18167000.0,
        "SG&A Expense": 200619000.0,
        "Operating Expenses": 218786000.0,
        "Operating Income": 31602000.0,
        "Interest Expense": 24265000.0,
        "Earnings before Tax": 15841000.0,
        "Income Tax Expense": -477169000.0,
        "Net Income - Non-Controlling int": 0.0,
        "Net Income - Discontinued ops": 0.0,
        "Net Income": 482672000.0,
        "Preferred Dividends": 0.0,
        "Net Income Com": 482672000.0,
        "EPS": 4.39,
        "EPS Diluted": 4.37,
        "Weighted Average Shs Out": 108851000.0,
        "Weighted Average Shs Out (Dil)": 109387000.0,
        "Dividend per Share": 2.81962207575,
        "Gross Margin": 0.100667881386,
        "EBITDA Margin": 0.24785065381,
        "EBIT Margin": 0.012705506604,
        "Profit Margin": 0.194057093968,
        "Free Cash Flow margin": 0.0313384002046,
        "EBITDA": 616471000.0,
        "EBIT": 31602000.0,
        "Consolidated Income": 482672000.0,
        "Earnings Before Tax Margin": 0.00636883520393,
        "Net Profit Margin": 0.194057093968
    },
    "2017": {
        "Revenue": 1804741000.0,
        "Revenue Growth": 0.111134985642445,
        "Cost of Revenue": 1814233000.0,
        "Gross Profit": -9492000.0,
        "R&D Expenses": 12047000.0,
        "SG&A Expense": 151002000.0,
        "Operating Expenses": 163049000.0,
        "Operating Income": -172541000.0,
        "Interest Expense": 19747000.0,
        "Earnings before Tax": -184598000.0,
        "Income Tax Expense": -56735000.0,
        "Net Income - Non-Controlling int": 0.0,
        "Net Income - Discontinued ops": 0.0,
        "Net Income": -128212000.0,
        "Preferred Dividends": 0.0,
        "Net Income Com": -128212000.0,
        "EPS": -1.2,
        "EPS Diluted": -1.2,
        "Weighted Average Shs Out": 108500000.0,
        "Weighted Average Shs Out (Dil)": 108500000.0,
        "Dividend per Share": 2.81580645161,
        "Gross Margin": -0.00525948044622,
        "EBITDA Margin": 0.229427380439,
        "EBIT Margin": -0.0956043000076,
        "Profit Margin": -0.071041772753,
        "Free Cash Flow margin": -0.0223577787616,
        "EBITDA": 414057000.0,
        "EBIT": -172541000.0,
        "Consolidated Income": -128212000.0,
        "Earnings Before Tax Margin": -0.102285037022,
        "Net Profit Margin": -0.071041772753
    },
    "2016": {
        "Revenue": 1624232000.0,
        "Revenue Growth": -0.486886029466352,
        "Cost of Revenue": 1493746000.0,
        "Gross Profit": 130486000.0,
        "R&D Expenses": 10269000.0,
        "SG&A Expense": 146183000.0,
        "Operating Expenses": 156452000.0,
        "Operating Income": -25966000.0,
        "Interest Expense": 22913000.0,
        "Earnings before Tax": -72667000.0,
        "Income Tax Expense": -19677000.0,
        "Net Income - Non-Controlling int": 0.0,
        "Net Income - Discontinued ops": 0.0,
        "Net Income": -56828000.0,
        "Preferred Dividends": 0.0,
        "Net Income Com": -56828000.0,
        "EPS": -0.54,
        "EPS Diluted": -0.54,
        "Weighted Average Shs Out": 107996000.0,
        "Weighted Average Shs Out (Dil)": 107996000.0,
        "Dividend per Share": 2.77928812178,
        "Gross Margin": 0.0803370454467,
        "EBITDA Margin": 0.353267882913,
        "EBIT Margin": -0.0159866324515,
        "Profit Margin": -0.0349876126071,
        "Free Cash Flow margin": 0.305638603352,
        "EBITDA": 573789000.0,
        "EBIT": -25966000.0,
        "Consolidated Income": -56828000.0,
        "Earnings Before Tax Margin": -0.0447392983268,
        "Net Profit Margin": -0.0349876126071
    },
    "2015": {
        "Revenue": 3165441000.0,
        "Revenue Growth": -0.149007972939804,
        "Cost of Revenue": 2338681000.0,
        "Gross Profit": 826760000.0,
        "R&D Expenses": 16104000.0,
        "SG&A Expense": 134906000.0,
        "Operating Expenses": 151010000.0,
        "Operating Income": 675750000.0,
        "Interest Expense": 15036000.0,
        "Earnings before Tax": 665647000.0,
        "Income Tax Expense": 243375000.0,
        "Net Income - Non-Controlling int": 0.0,
        "Net Income - Discontinued ops": 0.0,
        "Net Income": 422225000.0,
        "Preferred Dividends": 0.0,
        "Net Income Com": 422225000.0,
        "EPS": 3.9,
        "EPS Diluted": 3.87,
        "Weighted Average Shs Out": 107754000.0,
        "Weighted Average Shs Out (Dil)": 108570000.0,
        "Dividend per Share": 2.74815326517,
        "Gross Margin": 0.261183196907,
        "EBITDA Margin": 0.405469885555,
        "EBIT Margin": 0.213477363818,
        "Profit Margin": 0.133385837866,
        "Free Cash Flow margin": 0.090117617103,
        "EBITDA": 1283491000.0,
        "EBIT": 675750000.0,
        "Consolidated Income": 422225000.0,
        "Earnings Before Tax Margin": 0.210285707426,
        "Net Profit Margin": 0.133385837866
    },
    "2014": {
        "Revenue": 3719707000.0,
        "Revenue Growth": 0.0980315348797118,
        "Cost of Revenue": 2513876000.0,
        "Gross Profit": 1205831000.0,
        "R&D Expenses": 15905000.0,
        "SG&A Expense": 135139000.0,
        "Operating Expenses": 151044000.0,
        "Operating Income": 1054787000.0,
        "Interest Expense": 4654000.0,
        "Earnings before Tax": 1096314000.0,
        "Income Tax Expense": 387548000.0,
        "Net Income - Non-Controlling int": 0.0,
        "Net Income - Discontinued ops": 0.0,
        "Net Income": 708719000.0,
        "Preferred Dividends": 0.0,
        "Net Income Com": 708719000.0,
        "EPS": 6.54,
        "EPS Diluted": 6.46,
        "Weighted Average Shs Out": 107800000.0,
        "Weighted Average Shs Out (Dil)": 109141000.0,
        "Dividend per Share": 2.42242603605,
        "Gross Margin": 0.324173651312,
        "EBITDA Margin": 0.424317291658,
        "EBIT Margin": 0.283567227204,
        "Profit Margin": 0.190530867082,
        "Free Cash Flow margin": 0.0445290448952,
        "EBITDA": 1578336000.0,
        "EBIT": 1054787000.0,
        "Consolidated Income": 708719000.0,
        "Earnings Before Tax Margin": 0.294731278566,
        "Net Profit Margin": 0.190530867082
    },
    "2013": {
        "Revenue": 3387614000.0,
        "Revenue Growth": 0.074818151647851,
        "Cost of Revenue": 2289468000.0,
        "Gross Profit": 1098146000.0,
        "R&D Expenses": 15235000.0,
        "SG&A Expense": 126250000.0,
        "Operating Expenses": 141485000.0,