{
    "2019": {
        "Revenue": 58756000000.0,
        "Revenue Growth": 0.00485702558489533,
        "Cost of Revenue": 48012000000.0,
        "Gross Profit": 10744000000.0,
        "R&D Expenses": 1499000000.0,
        "SG&A Expense": 5368000000.0,
        "Operating Expenses": 6867000000.0,
        "Operating Income": 3877000000.0,
        "Interest Expense": 0.0,
        "Earnings before Tax": 2523000000.0,
        "Income Tax Expense": -629000000.0,
        "Net Income - Non-Controlling int": 0.0,
        "Net Income - Discontinued ops": 0.0,
        "Net Income": 3152000000.0,
        "Preferred Dividends": 0.0,
        "Net Income Com": 3152000000.0,
        "EPS": 2.08,
        "EPS Diluted": 2.07,
        "Weighted Average Shs Out": 1515000000.0,
        "Weighted Average Shs Out (Dil)": 1524000000.0,
        "Dividend per Share": 0.636482939633,
        "Gross Margin": 0.182857920893,
        "EBITDA Margin": 0.0786472870856,
        "EBIT Margin": 0.0659847504936,
        "Profit Margin": 0.0536455851317,
        "Free Cash Flow margin": 0.0677888215672,
        "EBITDA": 4621000000.0,
        "EBIT": 3877000000.0,
        "Consolidated Income": 3152000000.0,
        "Earnings Before Tax Margin": 0.0429402954592,
        "Net Profit Margin": 0.0536455851317
    },
    "2018": {
        "Revenue": 58472000000.0,
        "Revenue Growth": 0.123251882587982,
        "Cost of Revenue": 48145000000.0,
        "Gross Profit": 10327000000.0,
        "R&D Expenses": 1404000000.0,
        "SG&A Expense": 4859000000.0,
        "Operating Expenses": 6263000000.0,
        "Operating Income": 4064000000.0,
        "Interest Expense": 0.0,
        "Earnings before Tax": 3013000000.0,
        "Income Tax Expense": -2314000000.0,
        "Net Income - Non-Controlling int": 0.0,
        "Net Income - Discontinued ops": 0.0,
        "Net Income": 5327000000.0,
        "Preferred Dividends": 0.0,
        "Net Income Com": 5327000000.0,
        "EPS": 3.3,
        "EPS Diluted": 3.26,
        "Weighted Average Shs Out": 1615000000.0,
        "Weighted Average Shs Out (Dil)": 1634000000.0,
        "Dividend per Share": 0.550183598531,
        "Gross Margin": 0.176614447941,
        "EBITDA Margin": 0.078533315091,
        "EBIT Margin": 0.0695033520317,
        "Profit Margin": 0.0911034341223,
        "Free Cash Flow margin": 0.0681009714051,
        "EBITDA": 4592000000.0,
        "EBIT": 4064000000.0,
        "Consolidated Income": 5327000000.0,
        "Earnings Before Tax Margin": 0.0515289369271,
        "Net Profit Margin": 0.0911034341223
    },
    "2017": {
        "Revenue": 52056000000.0,
        "Revenue Growth": 0.0791492184584767,
        "Cost of Revenue": 42971000000.0,
        "Gross Profit": 9085000000.0,
        "R&D Expenses": 1190000000.0,
        "SG&A Expense": 4376000000.0,
        "Operating Expenses": 5566000000.0,
        "Operating Income": 3519000000.0,
        "Interest Expense": 0.0,
        "Earnings before Tax": 3276000000.0,
        "Income Tax Expense": 750000000.0,
        "Net Income - Non-Controlling int": 0.0,
        "Net Income - Discontinued ops": 0.0,
        "Net Income": 2526000000.0,
        "Preferred Dividends": 0.0,
        "Net Income Com": 2526000000.0,
        "EPS": 1.5,
        "EPS Diluted": 1.48,
        "Weighted Average Shs Out": 1688000000.0,
        "Weighted Average Shs Out (Dil)": 1702000000.0,
        "Dividend per Share": 0.52526439483,
        "Gross Margin": 0.17452358998,
        "EBITDA Margin": 0.0744006454587,
        "EBIT Margin": 0.0676002766252,
        "Profit Margin": 0.0485246657446,
        "Free Cash Flow margin": 0.0629130167512,
        "EBITDA": 3873000000.0,
        "EBIT": 3519000000.0,
        "Consolidated Income": 2526000000.0,
        "Earnings Before Tax Margin": 0.0629322268326,
        "Net Profit Margin": 0.0485246657446
    },
    "2016": {
        "Revenue": 48238000000.0,
        "Revenue Growth": -0.533278506119685,
        "Cost of Revenue": 39640000000.0,
        "Gross Profit": 8598000000.0,
        "R&D Expenses": 1209000000.0,
        "SG&A Expense": 3840000000.0,
        "Operating Expenses": 5049000000.0,
        "Operating Income": 3549000000.0,
        "Interest Expense": 0.0,
        "Earnings before Tax": 3761000000.0,
        "Income Tax Expense": 1095000000.0,
        "Net Income - Non-Controlling int": 0.0,
        "Net Income - Discontinued ops": 0.0,
        "Net Income": 2496000000.0,
        "Preferred Dividends": 0.0,
        "Net Income Com": 2496000000.0,
        "EPS": 1.44,
        "EPS Diluted": 1.43,
        "Weighted Average Shs Out": 1730000000.0,
        "Weighted Average Shs Out (Dil)": 1743000000.0,
        "Dividend per Share": 0.492254733219,
        "Gross Margin": 0.178241220614,
        "EBITDA Margin": 0.0804552427547,
        "EBIT Margin": 0.0735727020192,
        "Profit Margin": 0.0517434387827,
        "Free Cash Flow margin": 0.0579833326423,
        "EBITDA": 3881000000.0,
        "EBIT": 3549000000.0,
        "Consolidated Income": 2496000000.0,
        "Earnings Before Tax Margin": 0.0779675774286,
        "Net Profit Margin": 0.0517434387827
    },
    "2015": {
        "Revenue": 103355000000.0,
        "Revenue Growth": -0.0726667504082402,
        "Cost of Revenue": 82197000000.0,
        "Gross Profit": 21158000000.0,
        "R&D Expenses": 3502000000.0,
        "SG&A Expense": 12185000000.0,
        "Operating Expenses": 15687000000.0,
        "Operating Income": 5471000000.0,
        "Interest Expense": 567000000.0,
        "Earnings before Tax": 4732000000.0,
        "Income Tax Expense": 178000000.0,
        "Net Income - Non-Controlling int": 0.0,
        "Net Income - Discontinued ops": 0.0,
        "Net Income": 4554000000.0,
        "Preferred Dividends": 0.0,
        "Net Income Com": 4554000000.0,
        "EPS": 2.51,
        "EPS Diluted": 2.48,
        "Weighted Average Shs Out": 1814000000.0,
        "Weighted Average Shs Out (Dil)": 1836000000.0,
        "Dividend per Share": 0.68082788671,
        "Gross Margin": 0.204711915244,
        "EBITDA Margin": 0.0922258236176,
        "EBIT Margin": 0.0529340622128,
        "Profit Margin": 0.0440617289923,
        "Free Cash Flow margin": 0.0279328527889,
        "EBITDA": 9532000000.0,
        "EBIT": 5471000000.0,
        "Consolidated Income": 4554000000.0,
        "Earnings Before Tax Margin": 0.0457839485269,
        "Net Profit Margin": 0.0440617289923
    },
    "2014": {
        "Revenue": 111454000000.0,
        "Revenue Growth": -0.00751571710983277,
        "Cost of Revenue": 87469000000.0,
        "Gross Profit": 23985000000.0,
        "R&D Expenses": 3447000000.0,
        "SG&A Expense": 13353000000.0,
        "Operating Expenses": 16800000000.0,
        "Operating Income": 7185000000.0,
        "Interest Expense": 621000000.0,
        "Earnings before Tax": 6557000000.0,
        "Income Tax Expense": 1544000000.0,
        "Net Income - Non-Controlling int": 0.0,
        "Net Income - Discontinued ops": 0.0,
        "Net Income": 5013000000.0,
        "Preferred Dividends": 0.0,
        "Net Income Com": 5013000000.0,
        "EPS": 2.66,
        "EPS Diluted": 2.62,
        "Weighted Average Shs Out": 1882000000.0,
        "Weighted Average Shs Out (Dil)": 1912000000.0,
        "Dividend per Share": 0.619246861925,
        "Gross Margin": 0.215200890053,
        "EBITDA Margin": 0.103352055557,
        "EBIT Margin": 0.0644660577458,
        "Profit Margin": 0.0449781972832,
        "Free Cash Flow margin": 0.0760852010695,
        "EBITDA": 11519000000.0,
        "EBIT": 7185000000.0,
        "Consolidated Income": 5013000000.0,
        "Earnings Before Tax Margin": 0.0588314461572,
        "Net Profit Margin": 0.0449781972832
    },
    "2013": {
        "Revenue": 112298000000.0,
        "Revenue Growth": -0.0669591299218159,
        "Cost of Revenue": 88765000000.0,
        "Gross Profit": 23533000000.0,