{
    "2018": {
        "Revenue": 480171000.0,
        "Revenue Growth": 0.18087515954582,
        "Cost of Revenue": 237425000.0,
        "Gross Profit": 242746000.0,
        "R&D Expenses": 0.0,
        "SG&A Expense": 88544000.0,
        "Operating Expenses": 88544000.0,
        "Operating Income": 69536000.0,
        "Interest Expense": 0.0,
        "Earnings before Tax": 38994000.0,
        "Income Tax Expense": 11839000.0,
        "Net Income - Non-Controlling int": 0.0,
        "Net Income - Discontinued ops": 0.0,
        "Net Income": 27155000.0,
        "Preferred Dividends": 0.0,
        "Net Income Com": 27155000.0,
        "EPS": 1.05,
        "EPS Diluted": 1.04,
        "Weighted Average Shs Out": 25941253.0,
        "Weighted Average Shs Out (Dil)": 26095874.0,
        "Dividend per Share": 0.244483093381,
        "Gross Margin": 0.505540734447,
        "EBITDA Margin": 0.196271744858,
        "EBIT Margin": 0.144815076296,
        "Profit Margin": 0.0565527697424,
        "Free Cash Flow margin": 0.193987142081,
        "EBITDA": 94244000.0,
        "EBIT": 69536000.0,
        "Consolidated Income": 27155000.0,
        "Earnings Before Tax Margin": 0.0812085694471,
        "Net Profit Margin": 0.0565527697424
    },
    "2017": {
        "Revenue": 406623000.0,
        "Revenue Growth": -0.0736630839396935,
        "Cost of Revenue": 201482000.0,
        "Gross Profit": 205141000.0,
        "R&D Expenses": 0.0,
        "SG&A Expense": 71714000.0,
        "Operating Expenses": 71714000.0,
        "Operating Income": 49535000.0,
        "Interest Expense": 0.0,
        "Earnings before Tax": -5892000.0,
        "Income Tax Expense": -4773000.0,
        "Net Income - Non-Controlling int": 0.0,
        "Net Income - Discontinued ops": 0.0,
        "Net Income": -1119000.0,
        "Preferred Dividends": 0.0,
        "Net Income Com": -1119000.0,
        "EPS": -0.04,
        "EPS Diluted": -0.04,
        "Weighted Average Shs Out": 26798465.0,
        "Weighted Average Shs Out (Dil)": 26798465.0,
        "Dividend per Share": 0.307816137977,
        "Gross Margin": 0.504499253608,
        "EBITDA Margin": 0.124884721228,
        "EBIT Margin": 0.12182045777,
        "Profit Margin": -0.0027519348389,
        "Free Cash Flow margin": 0.01766009301,
        "EBITDA": 50781000.0,
        "EBIT": 49535000.0,
        "Consolidated Income": -1119000.0,
        "Earnings Before Tax Margin": -0.0144900804922,
        "Net Profit Margin": -0.0027519348389
    },
    "2016": {
        "Revenue": 438958000.0,
        "Revenue Growth": 0.111871567812924,
        "Cost of Revenue": 238862000.0,
        "Gross Profit": 200096000.0,
        "R&D Expenses": 0.0,
        "SG&A Expense": 58910000.0,
        "Operating Expenses": 58910000.0,
        "Operating Income": 56765000.0,
        "Interest Expense": 0.0,
        "Earnings before Tax": 56403000.0,
        "Income Tax Expense": 22538000.0,
        "Net Income - Non-Controlling int": 0.0,
        "Net Income - Discontinued ops": 0.0,
        "Net Income": 33865000.0,
        "Preferred Dividends": 0.0,
        "Net Income Com": 33865000.0,
        "EPS": 1.14,
        "EPS Diluted": 1.14,
        "Weighted Average Shs Out": 29632171.0,
        "Weighted Average Shs Out (Dil)": 29634349.0,
        "Dividend per Share": 0.229665919099,
        "Gross Margin": 0.455843155837,
        "EBITDA Margin": 0.168027465042,
        "EBIT Margin": 0.129317611252,
        "Profit Margin": 0.0771486110288,
        "Free Cash Flow margin": 0.167462490717,
        "EBITDA": 73757000.0,
        "EBIT": 56765000.0,
        "Consolidated Income": 33865000.0,
        "Earnings Before Tax Margin": 0.128492930987,
        "Net Profit Margin": 0.0771486110288
    },
    "2015": {
        "Revenue": 394792000.0,
        "Revenue Growth": 0.688444102300915,
        "Cost of Revenue": 141191000.0,
        "Gross Profit": 253601000.0,
        "R&D Expenses": 0.0,
        "SG&A Expense": 46125000.0,
        "Operating Expenses": 46125000.0,
        "Operating Income": 150290000.0,
        "Interest Expense": 0.0,
        "Earnings before Tax": 150290000.0,
        "Income Tax Expense": 57778000.0,
        "Net Income - Non-Controlling int": 0.0,
        "Net Income - Discontinued ops": 0.0,
        "Net Income": 92512000.0,
        "Preferred Dividends": 0.0,
        "Net Income Com": 92512000.0,
        "EPS": 3.08,
        "EPS Diluted": 3.05,
        "Weighted Average Shs Out": 30056491.0,
        "Weighted Average Shs Out (Dil)": 30326468.0,
        "Dividend per Share": 0.0,
        "Gross Margin": 0.642366106709,
        "EBITDA Margin": 0.399921984235,
        "EBIT Margin": 0.380681472776,
        "Profit Margin": 0.234330989483,
        "Free Cash Flow margin": 0.386750491398,
        "EBITDA": 157886000.0,
        "EBIT": 150290000.0,
        "Consolidated Income": 92512000.0,
        "Earnings Before Tax Margin": 0.380681472776,
        "Net Profit Margin": 0.234330989483
    },
    "2014": {
        "Revenue": 233820000.0,
        "Revenue Growth": 0.873077416047167,
        "Cost of Revenue": 89560000.0,
        "Gross Profit": 144260000.0,
        "R&D Expenses": 0.0,
        "SG&A Expense": 33498000.0,
        "Operating Expenses": 33498000.0,
        "Operating Income": 74252000.0,
        "Interest Expense": 0.0,
        "Earnings before Tax": 74252000.0,
        "Income Tax Expense": 27155000.0,
        "Net Income - Non-Controlling int": 0.0,
        "Net Income - Discontinued ops": 0.0,
        "Net Income": 47097000.0,
        "Preferred Dividends": 0.0,
        "Net Income Com": 47097000.0,
        "EPS": 1.92,
        "EPS Diluted": 1.82,
        "Weighted Average Shs Out": 24568876.0,
        "Weighted Average Shs Out (Dil)": 25816590.0,
        "Dividend per Share": 0.0,
        "Gross Margin": 0.616970319049,
        "EBITDA Margin": 0.33170815157,
        "EBIT Margin": 0.317560516637,
        "Profit Margin": 0.20142417244,
        "Free Cash Flow margin": 0.800902403558,
        "EBITDA": 77560000.0,
        "EBIT": 74252000.0,
        "Consolidated Income": 47097000.0,
        "Earnings Before Tax Margin": 0.317560516637,
        "Net Profit Margin": 0.20142417244
    },
    "2013": {
        "Revenue": 124832000.0,
        "Revenue Growth": 0.0,
        "Cost of Revenue": 38501000.0,
        "Gross Profit": 86331000.0,
        "R&D Expenses": 0.0,
        "SG&A Expense": 30870000.0,
        "Operating Expenses": 30870000.0,
        "Operating Income": 55461000.0,
        "Interest Expense": 0.0,
        "Earnings before Tax": 55461000.0,
        "Income Tax Expense": 21248000.0,
        "Net Income - Non-Controlling int": 0.0,
        "Net Income - Discontinued ops": 0.0,
        "Net Income": 34213000.0,
        "Preferred Dividends": 0.0,
        "Net Income Com": 34213000.0,
        "EPS": 2.39,
        "EPS Diluted": 2.36,
        "Weighted Average Shs Out": 29196716.0,
        "Weighted Average Shs Out (Dil)": 14313150.0,
        "Dividend per Share": 0.0,
        "Gross Margin": 0.6916,
        "EBITDA Margin": 0.445,
        "EBIT Margin": 0.4443,
        "Profit Margin": 0.274,
        "Free Cash Flow margin": 0.7543,
        "EBITDA": 55611000.0,
        "EBIT": 55461000.0,
        "Consolidated Income": 34213000.0,
        "Earnings Before Tax Margin": 0.4443,
        "Net Profit Margin": 0.2741
    },
    "2012": {
        "Revenue": 124832000.0,
        "Revenue Growth": NaN,
        "Cost of Revenue": 38501000.0,
        "Gross Profit": 86331000.0,
        "R&D Expenses": 0.0,
        "SG&A Expense": 30854000.0,
        "Operating Expenses": 30854000.0,
        "Operating Income": 55477000.0,
        "Interest Expense": 16000.0,
        "Earnings before Tax": 55461000.0,
        "Income Tax Expense": 21248000.0,
        "Net Income - Non-Controlling int": 0.0,
        "Net Income - Discontinued ops": 0.0,
        "Net Income": 34213000.0,
        "Preferred Dividends": 0.0,