{
    "2018": {
        "Revenue": 5524000000.0,
        "Revenue Growth": 0.0254315945795433,
        "Cost of Revenue": 4503000000.0,
        "Gross Profit": 1021000000.0,
        "R&D Expenses": 0.0,
        "SG&A Expense": 104000000.0,
        "Operating Expenses": 491000000.0,
        "Operating Income": 530000000.0,
        "Interest Expense": 176000000.0,
        "Earnings before Tax": 1301000000.0,
        "Income Tax Expense": 150000000.0,
        "Net Income - Non-Controlling int": 0.0,
        "Net Income - Discontinued ops": 0.0,
        "Net Income": 1087000000.0,
        "Preferred Dividends": 0.0,
        "Net Income Com": 1087000000.0,
        "EPS": 1.47,
        "EPS Diluted": 1.47,
        "Weighted Average Shs Out": 739800000.0,
        "Weighted Average Shs Out (Dil)": 740600000.0,
        "Dividend per Share": 0.84931136916,
        "Gross Margin": 0.184829833454,
        "EBITDA Margin": 0.268102824041,
        "EBIT Margin": 0.0959449674149,
        "Profit Margin": 0.196777697321,
        "Free Cash Flow margin": 0.185734974656,
        "EBITDA": 1481000000.0,
        "EBIT": 530000000.0,
        "Consolidated Income": 1087000000.0,
        "Earnings Before Tax Margin": 0.235517740768,
        "Net Profit Margin": 0.196777697321
    },
    "2017": {
        "Revenue": 5387000000.0,
        "Revenue Growth": -0.00791896869244935,
        "Cost of Revenue": 4219000000.0,
        "Gross Profit": 1168000000.0,
        "R&D Expenses": 0.0,
        "SG&A Expense": 98000000.0,
        "Operating Expenses": 492000000.0,
        "Operating Income": 676000000.0,
        "Interest Expense": 167000000.0,
        "Earnings before Tax": 651000000.0,
        "Income Tax Expense": 80000000.0,
        "Net Income - Non-Controlling int": 0.0,
        "Net Income - Discontinued ops": 0.0,
        "Net Income": 564000000.0,
        "Preferred Dividends": 0.0,
        "Net Income Com": 564000000.0,
        "EPS": 0.76,
        "EPS Diluted": 0.76,
        "Weighted Average Shs Out": 738600000.0,
        "Weighted Average Shs Out (Dil)": 739100000.0,
        "Dividend per Share": 0.849682045731,
        "Gross Margin": 0.216818266196,
        "EBITDA Margin": 0.266196398738,
        "EBIT Margin": 0.125487284203,
        "Profit Margin": 0.104696491554,
        "Free Cash Flow margin": 0.190272879154,
        "EBITDA": 1434000000.0,
        "EBIT": 676000000.0,
        "Consolidated Income": 564000000.0,
        "Earnings Before Tax Margin": 0.120846482272,
        "Net Profit Margin": 0.104696491554
    },
    "2016": {
        "Revenue": 5430000000.0,
        "Revenue Growth": 0.0079821793205866,
        "Cost of Revenue": 4258000000.0,
        "Gross Profit": 1172000000.0,
        "R&D Expenses": 0.0,
        "SG&A Expense": 106000000.0,
        "Operating Expenses": 488000000.0,
        "Operating Income": 684000000.0,
        "Interest Expense": 154000000.0,
        "Earnings before Tax": 811000000.0,
        "Income Tax Expense": 40000000.0,
        "Net Income - Non-Controlling int": 0.0,
        "Net Income - Discontinued ops": 0.0,
        "Net Income": 762000000.0,
        "Preferred Dividends": 0.0,
        "Net Income Com": 762000000.0,
        "EPS": 1.03,
        "EPS Diluted": 1.02,
        "Weighted Average Shs Out": 743000000.0,
        "Weighted Average Shs Out (Dil)": 743700000.0,
        "Dividend per Share": 0.801398413339,
        "Gross Margin": 0.215837937385,
        "EBITDA Margin": 0.2605893186,
        "EBIT Margin": 0.125966850829,
        "Profit Margin": 0.140331491713,
        "Free Cash Flow margin": 0.186003683241,
        "EBITDA": 1415000000.0,
        "EBIT": 684000000.0,
        "Consolidated Income": 762000000.0,
        "Earnings Before Tax Margin": 0.149355432781,
        "Net Profit Margin": 0.140331491713
    },
    "2015": {
        "Revenue": 5387000000.0,
        "Revenue Growth": 0.00616361598804632,
        "Cost of Revenue": 4247000000.0,
        "Gross Profit": 1140000000.0,
        "R&D Expenses": 0.0,
        "SG&A Expense": 94000000.0,
        "Operating Expenses": 490000000.0,
        "Operating Income": 650000000.0,
        "Interest Expense": 234000000.0,
        "Earnings before Tax": 580000000.0,
        "Income Tax Expense": 9000000.0,
        "Net Income - Non-Controlling int": 0.0,
        "Net Income - Discontinued ops": 0.0,
        "Net Income": 558000000.0,
        "Preferred Dividends": 0.0,
        "Net Income Com": 558000000.0,
        "EPS": 0.74,
        "EPS Diluted": 0.74,
        "Weighted Average Shs Out": 752400000.0,
        "Weighted Average Shs Out (Dil)": 752900000.0,
        "Dividend per Share": 0.858015672732,
        "Gross Margin": 0.211620568034,
        "EBITDA Margin": 0.257471691108,
        "EBIT Margin": 0.120660850195,
        "Profit Margin": 0.10358269909,
        "Free Cash Flow margin": 0.145349916466,
        "EBITDA": 1387000000.0,
        "EBIT": 650000000.0,
        "Consolidated Income": 558000000.0,
        "Earnings Before Tax Margin": 0.107666604789,
        "Net Profit Margin": 0.10358269909
    },
    "2014": {
        "Revenue": 5354000000.0,
        "Revenue Growth": 0.0363917924893535,
        "Cost of Revenue": 4215000000.0,
        "Gross Profit": 1139000000.0,
        "R&D Expenses": 0.0,
        "SG&A Expense": 43000000.0,
        "Operating Expenses": 429000000.0,
        "Operating Income": 710000000.0,
        "Interest Expense": 214000000.0,
        "Earnings before Tax": 761000000.0,
        "Income Tax Expense": 14000000.0,
        "Net Income - Non-Controlling int": 0.0,
        "Net Income - Discontinued ops": 0.0,
        "Net Income": 732000000.0,
        "Preferred Dividends": 0.0,
        "Net Income Com": 732000000.0,
        "EPS": 0.97,
        "EPS Diluted": 0.96,
        "Weighted Average Shs Out": 755400000.0,
        "Weighted Average Shs Out (Dil)": 786800000.0,
        "Dividend per Share": 0.596085409253,
        "Gross Margin": 0.212738139709,
        "EBITDA Margin": 0.268023907359,
        "EBIT Margin": 0.132611131864,
        "Profit Margin": 0.136720209189,
        "Free Cash Flow margin": 0.154277175943,
        "EBITDA": 1435000000.0,
        "EBIT": 710000000.0,
        "Consolidated Income": 732000000.0,
        "Earnings Before Tax Margin": 0.142136720209,
        "Net Profit Margin": 0.136720209189
    },
    "2013": {
        "Revenue": 5166000000.0,
        "Revenue Growth": -0.0227014755959137,
        "Cost of Revenue": 4157000000.0,
        "Gross Profit": 1009000000.0,
        "R&D Expenses": 0.0,
        "SG&A Expense": 121000000.0,
        "Operating Expenses": 497000000.0,
        "Operating Income": 512000000.0,
        "Interest Expense": 304000000.0,
        "Earnings before Tax": 231000000.0,
        "Income Tax Expense": 21000000.0,
        "Net Income - Non-Controlling int": 0.0,
        "Net Income - Discontinued ops": 0.0,
        "Net Income": 317000000.0,
        "Preferred Dividends": 0.0,
        "Net Income Com": 317000000.0,
        "EPS": 0.43,
        "EPS Diluted": 0.42,
        "Weighted Average Shs Out": 744400000.0,
        "Weighted Average Shs Out (Dil)": 747900000.0,
        "Dividend per Share": 0.418505147747,
        "Gross Margin": 0.195315524584,
        "EBITDA Margin": 0.240805265196,
        "EBIT Margin": 0.0991095625242,
        "Profit Margin": 0.0613627564847,
        "Free Cash Flow margin": 0.138598528842,
        "EBITDA": 1244000000.0,
        "EBIT": 512000000.0,
        "Consolidated Income": 317000000.0,
        "Earnings Before Tax Margin": 0.0447154471545,
        "Net Profit Margin": 0.0613627564847
    },
    "2012": {
        "Revenue": 5286000000.0,
        "Revenue Growth": 0.0576230492196879,
        "Cost of Revenue": 4209000000.0,
        "Gross Profit": 1077000000.0,
        "R&D Expenses": 0.0,
        "SG&A Expense": 107000000.0,
        "Operating Expenses": 694000000.0,
        "Operating Income": 383000000.0,