{
    "2018": {
        "Revenue": 9504000000.0,
        "Revenue Growth": 0.079631943655572,
        "Cost of Revenue": 148000000.0,
        "Gross Profit": 9356000000.0,
        "R&D Expenses": 0.0,
        "SG&A Expense": 1017000000.0,
        "Operating Expenses": 1017000000.0,
        "Operating Income": -257000000.0,
        "Interest Expense": 73000000.0,
        "Earnings before Tax": -257000000.0,
        "Income Tax Expense": -30000000.0,
        "Net Income - Non-Controlling int": 0.0,
        "Net Income - Discontinued ops": 0.0,
        "Net Income": -225000000.0,
        "Preferred Dividends": 0.0,
        "Net Income Com": -225000000.0,
        "EPS": -2.68,
        "EPS Diluted": -2.68,
        "Weighted Average Shs Out": 84000000.0,
        "Weighted Average Shs Out (Dil)": 84000000.0,
        "Dividend per Share": 0.0,
        "Gross Margin": 0.984427609428,
        "EBITDA Margin": 0.269044612795,
        "EBIT Margin": -0.0270412457912,
        "Profit Margin": -0.0236742424242,
        "Free Cash Flow margin": 0.268939393939,
        "EBITDA": 2557000000.0,
        "EBIT": -257000000.0,
        "Consolidated Income": -225000000.0,
        "Earnings Before Tax Margin": -0.0270412457912,
        "Net Profit Margin": -0.0236742424242
    },
    "2017": {
        "Revenue": 8803000000.0,
        "Revenue Growth": 0.0,
        "Cost of Revenue": 0.0,
        "Gross Profit": 0.0,
        "R&D Expenses": 0.0,
        "SG&A Expense": 880000000.0,
        "Operating Expenses": 880000000.0,
        "Operating Income": -575000000.0,
        "Interest Expense": 71000000.0,
        "Earnings before Tax": -575000000.0,
        "Income Tax Expense": -902000000.0,
        "Net Income - Non-Controlling int": 0.0,
        "Net Income - Discontinued ops": 0.0,
        "Net Income": 327000000.0,
        "Preferred Dividends": 0.0,
        "Net Income Com": 327000000.0,
        "EPS": 3.94,
        "EPS Diluted": 3.94,
        "Weighted Average Shs Out": 83000000.0,
        "Weighted Average Shs Out (Dil)": 83000000.0,
        "Dividend per Share": 0.0,
        "Gross Margin": 0.0,
        "EBITDA Margin": 0.276383051233,
        "EBIT Margin": -0.0653186413723,
        "Profit Margin": 0.0371464273543,
        "Free Cash Flow margin": 0.271952743383,
        "EBITDA": 2433000000.0,
        "EBIT": -575000000.0,
        "Consolidated Income": 327000000.0,
        "Earnings Before Tax Margin": -0.0653186413723,
        "Net Profit Margin": 0.0371464273543
    },
    "2016": {
        "Revenue": 8803000000.0,
        "Revenue Growth": -0.0237329488743485,
        "Cost of Revenue": 0.0,
        "Gross Profit": 0.0,
        "R&D Expenses": 0.0,
        "SG&A Expense": 899000000.0,
        "Operating Expenses": 899000000.0,
        "Operating Income": -470000000.0,
        "Interest Expense": 76000000.0,
        "Earnings before Tax": -470000000.0,
        "Income Tax Expense": 4000000.0,
        "Net Income - Non-Controlling int": 0.0,
        "Net Income - Discontinued ops": 0.0,
        "Net Income": -491000000.0,
        "Preferred Dividends": 0.0,
        "Net Income Com": -491000000.0,
        "EPS": -5.85,
        "EPS Diluted": -5.85,
        "Weighted Average Shs Out": 84000000.0,
        "Weighted Average Shs Out (Dil)": 84000000.0,
        "Dividend per Share": 0.0,
        "Gross Margin": 0.0,
        "EBITDA Margin": 0.26968079064,
        "EBIT Margin": -0.0533908894695,
        "Profit Margin": -0.0557764398501,
        "Free Cash Flow margin": 0.287288424401,
        "EBITDA": 2374000000.0,
        "EBIT": -470000000.0,
        "Consolidated Income": -491000000.0,
        "Earnings Before Tax Margin": -0.0533908894695,
        "Net Profit Margin": -0.0557764398501
    },
    "2015": {
        "Revenue": 9017000000.0,
        "Revenue Growth": -0.0483377308707124,
        "Cost of Revenue": 5055000000.0,
        "Gross Profit": 3962000000.0,
        "R&D Expenses": 0.0,
        "SG&A Expense": 873000000.0,
        "Operating Expenses": 3191000000.0,
        "Operating Income": 771000000.0,
        "Interest Expense": 599000000.0,
        "Earnings before Tax": 290000000.0,
        "Income Tax Expense": 17000000.0,
        "Net Income - Non-Controlling int": 0.0,
        "Net Income - Discontinued ops": -158000000.0,
        "Net Income": 273000000.0,
        "Preferred Dividends": 0.0,
        "Net Income Com": 273000000.0,
        "EPS": 3.03,
        "EPS Diluted": 3.0,
        "Weighted Average Shs Out": 88871741.0,
        "Weighted Average Shs Out (Dil)": 90000000.0,
        "Dividend per Share": 0.0,
        "Gross Margin": 0.4394,
        "EBITDA Margin": 0.391,
        "EBIT Margin": 0.0986,
        "Profit Margin": 0.03,
        "Free Cash Flow margin": 0.0048,
        "EBITDA": 3524000000.0,
        "EBIT": 889000000.0,
        "Consolidated Income": 273000000.0,
        "Earnings Before Tax Margin": 0.0322,
        "Net Profit Margin": 0.0303
    },
    "2014": {
        "Revenue": 9475000000.0,
        "Revenue Growth": -0.120649651972158,
        "Cost of Revenue": 5458000000.0,
        "Gross Profit": 4017000000.0,
        "R&D Expenses": 0.0,
        "SG&A Expense": 936000000.0,
        "Operating Expenses": 3631000000.0,
        "Operating Income": 386000000.0,
        "Interest Expense": 617000000.0,
        "Earnings before Tax": -99000000.0,
        "Income Tax Expense": -17000000.0,
        "Net Income - Non-Controlling int": 0.0,
        "Net Income - Discontinued ops": -132000000.0,
        "Net Income": -82000000.0,
        "Preferred Dividends": 0.0,
        "Net Income Com": -82000000.0,
        "EPS": -0.9,
        "EPS Diluted": -0.9,
        "Weighted Average Shs Out": 89535462.0,
        "Weighted Average Shs Out (Dil)": 91000000.0,
        "Dividend per Share": 0.0,
        "Gross Margin": 0.424,
        "EBITDA Margin": 0.362,
        "EBIT Margin": 0.0547,
        "Profit Margin": -0.009,
        "Free Cash Flow margin": 0.0043,
        "EBITDA": 3434000000.0,
        "EBIT": 518000000.0,
        "Consolidated Income": -82000000.0,
        "Earnings Before Tax Margin": -0.0104,
        "Net Profit Margin": -0.0087
    },
    "2013": {
        "Revenue": 10775000000.0,
        "Revenue Growth": 0.195495395539776,
        "Cost of Revenue": 8310000000.0,
        "Gross Profit": 2465000000.0,
        "R&D Expenses": 0.0,
        "SG&A Expense": 1053000000.0,
        "Operating Expenses": 1155000000.0,
        "Operating Income": 1310000000.0,
        "Interest Expense": 707000000.0,
        "Earnings before Tax": 603000000.0,
        "Income Tax Expense": 301000000.0,
        "Net Income - Non-Controlling int": 0.0,
        "Net Income - Discontinued ops": 0.0,
        "Net Income": 302000000.0,
        "Preferred Dividends": 0.0,
        "Net Income Com": 302000000.0,
        "EPS": 3.6,
        "EPS Diluted": 3.35,
        "Weighted Average Shs Out": 89796217.0,
        "Weighted Average Shs Out (Dil)": 84400000.0,
        "Dividend per Share": 0.0,
        "Gross Margin": 0.2288,
        "EBITDA Margin": 0.381,
        "EBIT Margin": 0.1216,
        "Profit Margin": 0.028,
        "Free Cash Flow margin": 0.0291,
        "EBITDA": 4101000000.0,
        "EBIT": 1310000000.0,
        "Consolidated Income": 302000000.0,
        "Earnings Before Tax Margin": 0.056,
        "Net Profit Margin": 0.028
    },
    "2012": {
        "Revenue": 9013000000.0,
        "Revenue Growth": 0.0859952044148302,
        "Cost of Revenue": 6989000000.0,
        "Gross Profit": 2024000000.0,
        "R&D Expenses": 0.0,
        "SG&A Expense": 978000000.0,
        "Operating Expenses": 1012000000.0,
        "Operating Income": 1012000000.0,
        "Interest Expense": 647000000.0,
        "Earnings before Tax": 365000000.0,
        "Income Tax Expense": 181000000.0,
        "Net Income - Non-Controlling int": 0.0,
        "Net Income - Discontinued ops": 0.0,
        "Net Income": 184000000.0,