{
    "2018": {
        "Revenue": 356858000.0,
        "Revenue Growth": 0.123265249593166,
        "Cost of Revenue": 271650000.0,
        "Gross Profit": 85208000.0,
        "R&D Expenses": 0.0,
        "SG&A Expense": 38110000.0,
        "Operating Expenses": 71310000.0,
        "Operating Income": 13898000.0,
        "Interest Expense": 2907000.0,
        "Earnings before Tax": 10991000.0,
        "Income Tax Expense": 2355000.0,
        "Net Income - Non-Controlling int": 0.0,
        "Net Income - Discontinued ops": 0.0,
        "Net Income": 8636000.0,
        "Preferred Dividends": 0.0,
        "Net Income Com": 8636000.0,
        "EPS": 0.53,
        "EPS Diluted": 0.52,
        "Weighted Average Shs Out": 16389876.0,
        "Weighted Average Shs Out (Dil)": 16523599.0,
        "Dividend per Share": 0.00290493614617,
        "Gross Margin": 0.238772845221,
        "EBITDA Margin": 0.0450487308677,
        "EBIT Margin": 0.0389454629012,
        "Profit Margin": 0.0242001020014,
        "Free Cash Flow margin": 0.0107465714654,
        "EBITDA": 16076000.0,
        "EBIT": 13898000.0,
        "Consolidated Income": 8636000.0,
        "Earnings Before Tax Margin": 0.030799365574,
        "Net Profit Margin": 0.0242001020014
    },
    "2017": {
        "Revenue": 317697000.0,
        "Revenue Growth": 0.214233844460412,
        "Cost of Revenue": 245035000.0,
        "Gross Profit": 72662000.0,
        "R&D Expenses": 0.0,
        "SG&A Expense": 36570000.0,
        "Operating Expenses": 68058000.0,
        "Operating Income": 4604000.0,
        "Interest Expense": 2073000.0,
        "Earnings before Tax": 2531000.0,
        "Income Tax Expense": 2753000.0,
        "Net Income - Non-Controlling int": 0.0,
        "Net Income - Discontinued ops": 0.0,
        "Net Income": -222000.0,
        "Preferred Dividends": 0.0,
        "Net Income Com": -222000.0,
        "EPS": -0.01,
        "EPS Diluted": -0.01,
        "Weighted Average Shs Out": 16269611.0,
        "Weighted Average Shs Out (Dil)": 16269611.0,
        "Dividend per Share": 0.00497860704844,
        "Gross Margin": 0.228714781695,
        "EBITDA Margin": 0.0232170904982,
        "EBIT Margin": 0.0144917956418,
        "Profit Margin": -0.000698779025298,
        "Free Cash Flow margin": -0.041268881985,
        "EBITDA": 7376000.0,
        "EBIT": 4604000.0,
        "Consolidated Income": -222000.0,
        "Earnings Before Tax Margin": 0.00796671041905,
        "Net Profit Margin": -0.000698779025298
    },
    "2016": {
        "Revenue": 261644000.0,
        "Revenue Growth": -0.150873161913849,
        "Cost of Revenue": 208694000.0,
        "Gross Profit": 52950000.0,
        "R&D Expenses": 0.0,
        "SG&A Expense": 29369000.0,
        "Operating Expenses": 59485000.0,
        "Operating Income": -6535000.0,
        "Interest Expense": 845000.0,
        "Earnings before Tax": -7380000.0,
        "Income Tax Expense": -1374000.0,
        "Net Income - Non-Controlling int": 0.0,
        "Net Income - Discontinued ops": 0.0,
        "Net Income": -6006000.0,
        "Preferred Dividends": 0.0,
        "Net Income Com": -6006000.0,
        "EPS": -0.37,
        "EPS Diluted": -0.37,
        "Weighted Average Shs Out": 16345679.0,
        "Weighted Average Shs Out (Dil)": 16345679.0,
        "Dividend per Share": 0.152639728212,
        "Gross Margin": 0.202374218404,
        "EBITDA Margin": -0.0134419287276,
        "EBIT Margin": -0.0249766858785,
        "Profit Margin": -0.022954854688,
        "Free Cash Flow margin": 0.0608613230191,
        "EBITDA": -3517000.0,
        "EBIT": -6535000.0,
        "Consolidated Income": -6006000.0,
        "Earnings Before Tax Margin": -0.0282062650013,
        "Net Profit Margin": -0.022954854688
    },
    "2015": {
        "Revenue": 308133000.0,
        "Revenue Growth": -0.209937668424737,
        "Cost of Revenue": 242223000.0,
        "Gross Profit": 65910000.0,
        "R&D Expenses": 0.0,
        "SG&A Expense": 28537000.0,
        "Operating Expenses": 59892000.0,
        "Operating Income": 6018000.0,
        "Interest Expense": 901000.0,
        "Earnings before Tax": 5117000.0,
        "Income Tax Expense": 3073000.0,
        "Net Income - Non-Controlling int": 0.0,
        "Net Income - Discontinued ops": 0.0,
        "Net Income": 2044000.0,
        "Preferred Dividends": 0.0,
        "Net Income Com": 2044000.0,
        "EPS": 0.12,
        "EPS Diluted": 0.12,
        "Weighted Average Shs Out": 17012560.0,
        "Weighted Average Shs Out (Dil)": 17067593.0,
        "Dividend per Share": 0.420211567032,
        "Gross Margin": 0.213901140092,
        "EBITDA Margin": 0.0289907280298,
        "EBIT Margin": 0.0195305274021,
        "Profit Margin": 0.00663349917081,
        "Free Cash Flow margin": 0.0931610700574,
        "EBITDA": 8933000.0,
        "EBIT": 6018000.0,
        "Consolidated Income": 2044000.0,
        "Earnings Before Tax Margin": 0.0166064653899,
        "Net Profit Margin": 0.00663349917081
    },
    "2014": {
        "Revenue": 390011000.0,
        "Revenue Growth": 0.017529716247665,
        "Cost of Revenue": 304073000.0,
        "Gross Profit": 85938000.0,
        "R&D Expenses": 0.0,
        "SG&A Expense": 31196000.0,
        "Operating Expenses": 60515000.0,
        "Operating Income": 25423000.0,
        "Interest Expense": 1168000.0,
        "Earnings before Tax": 24255000.0,
        "Income Tax Expense": 9283000.0,
        "Net Income - Non-Controlling int": 0.0,
        "Net Income - Discontinued ops": 0.0,
        "Net Income": 14972000.0,
        "Preferred Dividends": 0.0,
        "Net Income Com": 14972000.0,
        "EPS": 0.85,
        "EPS Diluted": 0.85,
        "Weighted Average Shs Out": 17605290.0,
        "Weighted Average Shs Out (Dil)": 17683931.0,
        "Dividend per Share": 0.46895681735,
        "Gross Margin": 0.220347631221,
        "EBITDA Margin": 0.0726697452123,
        "EBIT Margin": 0.0651853409263,
        "Profit Margin": 0.0383886608326,
        "Free Cash Flow margin": 0.0233121629903,
        "EBITDA": 28342000.0,
        "EBIT": 25423000.0,
        "Consolidated Income": 14972000.0,
        "Earnings Before Tax Margin": 0.0621905535998,
        "Net Profit Margin": 0.0383886608326
    },
    "2013": {
        "Revenue": 383292000.0,
        "Revenue Growth": -0.0330920007063394,
        "Cost of Revenue": 298633000.0,
        "Gross Profit": 84659000.0,
        "R&D Expenses": 0.0,
        "SG&A Expense": 30946000.0,
        "Operating Expenses": 67554000.0,
        "Operating Income": 17105000.0,
        "Interest Expense": 992000.0,
        "Earnings before Tax": 16113000.0,
        "Income Tax Expense": 8211000.0,
        "Net Income - Non-Controlling int": 0.0,
        "Net Income - Discontinued ops": 0.0,
        "Net Income": 7902000.0,
        "Preferred Dividends": 0.0,
        "Net Income Com": 7902000.0,
        "EPS": 0.44,
        "EPS Diluted": 0.44,
        "Weighted Average Shs Out": 17805464.0,
        "Weighted Average Shs Out (Dil)": 17900372.0,
        "Dividend per Share": 0.417086304128,
        "Gross Margin": 0.22087338113,
        "EBITDA Margin": 0.0524430460328,
        "EBIT Margin": 0.0446265510368,
        "Profit Margin": 0.0206161360008,
        "Free Cash Flow margin": 0.045263141417,
        "EBITDA": 20101000.0,
        "EBIT": 17105000.0,
        "Consolidated Income": 7902000.0,
        "Earnings Before Tax Margin": 0.0420384458846,
        "Net Profit Margin": 0.0206161360008
    },
    "2012": {
        "Revenue": 396410000.0,
        "Revenue Growth": 0.0,
        "Cost of Revenue": 307515000.0,
        "Gross Profit": 88895000.0,
        "R&D Expenses": 0.0,
        "SG&A Expense": 28053000.0,
        "Operating Expenses": 55518000.0,
        "Operating Income": 33377000.0,
        "Interest Expense": 1424000.0,
        "Earnings before Tax": 31953000.0,
        "Income Tax Expense": 12276000.0,