{
    "2018": {
        "Revenue": 3174400000.0,
        "Revenue Growth": 0.100235685567725,
        "Cost of Revenue": 2677300000.0,
        "Gross Profit": 497100000.0,
        "R&D Expenses": 110900000.0,
        "SG&A Expense": 458300000.0,
        "Operating Expenses": 569200000.0,
        "Operating Income": 38800000.0,
        "Interest Expense": 16000000.0,
        "Earnings before Tax": 36600000.0,
        "Income Tax Expense": 2300000.0,
        "Net Income - Non-Controlling int": 0.0,
        "Net Income - Discontinued ops": 0.0,
        "Net Income": 34700000.0,
        "Preferred Dividends": 0.0,
        "Net Income Com": 34700000.0,
        "EPS": 2.1,
        "EPS Diluted": 2.09,
        "Weighted Average Shs Out": 16540000.0,
        "Weighted Average Shs Out (Dil)": 16602000.0,
        "Dividend per Share": 1.22876761836,
        "Gross Margin": 0.156596522177,
        "EBITDA Margin": 0.026619203629,
        "EBIT Margin": 0.0122227822581,
        "Profit Margin": 0.0109311995968,
        "Free Cash Flow margin": 0.00907258064516,
        "EBITDA": 84500000.0,
        "EBIT": 38800000.0,
        "Consolidated Income": 34700000.0,
        "Earnings Before Tax Margin": 0.0115297379032,
        "Net Profit Margin": 0.0109311995968
    },
    "2017": {
        "Revenue": 2885200000.0,
        "Revenue Growth": 0.122776977857337,
        "Cost of Revenue": 2382600000.0,
        "Gross Profit": 502600000.0,
        "R&D Expenses": 104500000.0,
        "SG&A Expense": 426600000.0,
        "Operating Expenses": 531100000.0,
        "Operating Income": 76000000.0,
        "Interest Expense": 14600000.0,
        "Earnings before Tax": 93800000.0,
        "Income Tax Expense": 44900000.0,
        "Net Income - Non-Controlling int": 0.0,
        "Net Income - Discontinued ops": 0.0,
        "Net Income": 48600000.0,
        "Preferred Dividends": 0.0,
        "Net Income Com": 48600000.0,
        "EPS": 2.95,
        "EPS Diluted": 2.94,
        "Weighted Average Shs Out": 16447000.0,
        "Weighted Average Shs Out (Dil)": 16514000.0,
        "Dividend per Share": 1.19898268136,
        "Gross Margin": 0.174199362263,
        "EBITDA Margin": 0.0416608900596,
        "EBIT Margin": 0.0263413281575,
        "Profit Margin": 0.0168445861639,
        "Free Cash Flow margin": 0.0428739775406,
        "EBITDA": 120200000.0,
        "EBIT": 76000000.0,
        "Consolidated Income": 48600000.0,
        "Earnings Before Tax Margin": 0.0325107444891,
        "Net Profit Margin": 0.0168445861639
    },
    "2016": {
        "Revenue": 2569700000.0,
        "Revenue Growth": -0.00325821341297855,
        "Cost of Revenue": 2142200000.0,
        "Gross Profit": 427500000.0,
        "R&D Expenses": 107000000.0,
        "SG&A Expense": 392900000.0,
        "Operating Expenses": 499900000.0,
        "Operating Income": 34900000.0,
        "Interest Expense": 6700000.0,
        "Earnings before Tax": 38300000.0,
        "Income Tax Expense": -4000000.0,
        "Net Income - Non-Controlling int": 0.0,
        "Net Income - Discontinued ops": 0.0,
        "Net Income": 42800000.0,
        "Preferred Dividends": 0.0,
        "Net Income Com": 42800000.0,
        "EPS": 2.61,
        "EPS Diluted": 2.61,
        "Weighted Average Shs Out": 16376000.0,
        "Weighted Average Shs Out (Dil)": 16427000.0,
        "Dividend per Share": 1.16880745115,
        "Gross Margin": 0.16636183212,
        "EBITDA Margin": 0.0292252013854,
        "EBIT Margin": 0.0135813519088,
        "Profit Margin": 0.0166556407363,
        "Free Cash Flow margin": -0.0356461843795,
        "EBITDA": 75100000.0,
        "EBIT": 34900000.0,
        "Consolidated Income": 42800000.0,
        "Earnings Before Tax Margin": 0.0149044635561,
        "Net Profit Margin": 0.0166556407363
    },
    "2015": {
        "Revenue": 2578100000.0,
        "Revenue Growth": -0.0683362243422955,
        "Cost of Revenue": 2147300000.0,
        "Gross Profit": 430800000.0,
        "R&D Expenses": 88300000.0,
        "SG&A Expense": 327300000.0,
        "Operating Expenses": 415600000.0,
        "Operating Income": 103500000.0,
        "Interest Expense": 4700000.0,
        "Earnings before Tax": 104500000.0,
        "Income Tax Expense": 29400000.0,
        "Net Income - Non-Controlling int": 0.0,
        "Net Income - Discontinued ops": 0.0,
        "Net Income": 74700000.0,
        "Preferred Dividends": 0.0,
        "Net Income Com": 74700000.0,
        "EPS": 4.58,
        "EPS Diluted": 4.57,
        "Weighted Average Shs Out": 16307000.0,
        "Weighted Average Shs Out (Dil)": 16355000.0,
        "Dividend per Share": 1.12503821461,
        "Gross Margin": 0.16709980218,
        "EBITDA Margin": 0.0518211085683,
        "EBIT Margin": 0.0401458438385,
        "Profit Margin": 0.0289748264226,
        "Free Cash Flow margin": 0.0166013731042,
        "EBITDA": 133600000.0,
        "EBIT": 103500000.0,
        "Consolidated Income": 74700000.0,
        "Earnings Before Tax Margin": 0.0405337263876,
        "Net Profit Margin": 0.0289748264226
    },
    "2014": {
        "Revenue": 2767200000.0,
        "Revenue Growth": 0.0378427033717136,
        "Cost of Revenue": 2319500000.0,
        "Gross Profit": 447700000.0,
        "R&D Expenses": 71400000.0,
        "SG&A Expense": 316700000.0,
        "Operating Expenses": 388100000.0,
        "Operating Income": 148800000.0,
        "Interest Expense": 3900000.0,
        "Earnings before Tax": 150100000.0,
        "Income Tax Expense": 39900000.0,
        "Net Income - Non-Controlling int": 0.0,
        "Net Income - Discontinued ops": 0.0,
        "Net Income": 109800000.0,
        "Preferred Dividends": 0.0,
        "Net Income Com": 109800000.0,
        "EPS": 6.61,
        "EPS Diluted": 6.58,
        "Weighted Average Shs Out": 16607000.0,
        "Weighted Average Shs Out (Dil)": 16675000.0,
        "Dividend per Share": 1.06746626687,
        "Gross Margin": 0.161788089043,
        "EBITDA Margin": 0.0649392888118,
        "EBIT Margin": 0.0537727666956,
        "Profit Margin": 0.0396790980052,
        "Free Cash Flow margin": 0.0186108701937,
        "EBITDA": 179700000.0,
        "EBIT": 148800000.0,
        "Consolidated Income": 109800000.0,
        "Earnings Before Tax Margin": 0.0542425556519,
        "Net Profit Margin": 0.0396790980052
    },
    "2013": {
        "Revenue": 2666300000.0,
        "Revenue Growth": 0.0798671580737921,
        "Cost of Revenue": 2205300000.0,
        "Gross Profit": 461000000.0,
        "R&D Expenses": 69200000.0,
        "SG&A Expense": 326700000.0,
        "Operating Expenses": 395900000.0,
        "Operating Income": 134300000.0,
        "Interest Expense": 9000000.0,
        "Earnings before Tax": 127400000.0,
        "Income Tax Expense": 17200000.0,
        "Net Income - Non-Controlling int": 0.0,
        "Net Income - Discontinued ops": 0.0,
        "Net Income": 110000000.0,
        "Preferred Dividends": 0.0,
        "Net Income Com": 110000000.0,
        "EPS": 6.58,
        "EPS Diluted": 6.54,
        "Weighted Average Shs Out": 16725000.0,
        "Weighted Average Shs Out (Dil)": 16808000.0,
        "Dividend per Share": 0.993574488339,
        "Gross Margin": 0.172898773581,
        "EBITDA Margin": 0.0624085811799,
        "EBIT Margin": 0.050369425796,
        "Profit Margin": 0.041255672655,
        "Free Cash Flow margin": 0.0436560027004,
        "EBITDA": 166400000.0,
        "EBIT": 134300000.0,
        "Consolidated Income": 110000000.0,
        "Earnings Before Tax Margin": 0.0477815699659,
        "Net Profit Margin": 0.041255672655
    },
    "2012": {
        "Revenue": 2469100000.0,
        "Revenue Growth": -0.0282194584382872,
        "Cost of Revenue": 2065900000.0,
        "Gross Profit": 403200000.0,
        "R&D Expenses": 67500000.0,
        "SG&A Expense": 291600000.0,
        "Operating Expenses": 359100000.0,
        "Operating Income": 111700000.0,