{
    "2018": {
        "Revenue": 1472441000.0,
        "Revenue Growth": 0.239182283654089,
        "Cost of Revenue": 592656000.0,
        "Gross Profit": 879785000.0,
        "R&D Expenses": 78041000.0,
        "SG&A Expense": 690746000.0,
        "Operating Expenses": 768787000.0,
        "Operating Income": 110998000.0,
        "Interest Expense": 64683000.0,
        "Earnings before Tax": -21218000.0,
        "Income Tax Expense": -3398000.0,
        "Net Income - Non-Controlling int": 0.0,
        "Net Income - Discontinued ops": 0.0,
        "Net Income": 60801000.0,
        "Preferred Dividends": 0.0,
        "Net Income Com": 60801000.0,
        "EPS": 0.73,
        "EPS Diluted": 0.72,
        "Weighted Average Shs Out": 82857000.0,
        "Weighted Average Shs Out (Dil)": 83999000.0,
        "Dividend per Share": 0.0,
        "Gross Margin": 0.597501020414,
        "EBITDA Margin": 0.154843555701,
        "EBIT Margin": 0.0753836656273,
        "Profit Margin": 0.0412926562083,
        "Free Cash Flow margin": 0.0828162214989,
        "EBITDA": 227998000.0,
        "EBIT": 110998000.0,
        "Consolidated Income": 60801000.0,
        "Earnings Before Tax Margin": -0.0144100850221,
        "Net Profit Margin": 0.0412926562083
    },
    "2017": {
        "Revenue": 1188236000.0,
        "Revenue Growth": 0.197727994355265,
        "Cost of Revenue": 455881000.0,
        "Gross Profit": 732355000.0,
        "R&D Expenses": 63455000.0,
        "SG&A Expense": 624096000.0,
        "Operating Expenses": 687551000.0,
        "Operating Income": 44804000.0,
        "Interest Expense": 35019000.0,
        "Earnings before Tax": 11385000.0,
        "Income Tax Expense": -53358000.0,
        "Net Income - Non-Controlling int": 0.0,
        "Net Income - Discontinued ops": 0.0,
        "Net Income": 64743000.0,
        "Preferred Dividends": 0.0,
        "Net Income Com": 64743000.0,
        "EPS": 0.84,
        "EPS Diluted": 0.82,
        "Weighted Average Shs Out": 76897000.0,
        "Weighted Average Shs Out (Dil)": 79121000.0,
        "Dividend per Share": 0.0,
        "Gross Margin": 0.616338000195,
        "EBITDA Margin": 0.114851763454,
        "EBIT Margin": 0.0377063142339,
        "Profit Margin": 0.0544866508,
        "Free Cash Flow margin": 0.059786944681,
        "EBITDA": 136471000.0,
        "EBIT": 44804000.0,
        "Consolidated Income": 64743000.0,
        "Earnings Before Tax Margin": 0.00958142995163,
        "Net Profit Margin": 0.0544866508
    },
    "2016": {
        "Revenue": 992075000.0,
        "Revenue Growth": 0.123866306271198,
        "Cost of Revenue": 362951000.0,
        "Gross Profit": 629124000.0,
        "R&D Expenses": 58155000.0,
        "SG&A Expense": 455629000.0,
        "Operating Expenses": 513784000.0,
        "Operating Income": 115340000.0,
        "Interest Expense": 25803000.0,
        "Earnings before Tax": 90406000.0,
        "Income Tax Expense": 15842000.0,
        "Net Income - Non-Controlling int": 0.0,
        "Net Income - Discontinued ops": 0.0,
        "Net Income": 74564000.0,
        "Preferred Dividends": 0.0,
        "Net Income Com": 74564000.0,
        "EPS": 1.0,
        "EPS Diluted": 0.94,
        "Weighted Average Shs Out": 74386000.0,
        "Weighted Average Shs Out (Dil)": 79194000.0,
        "Dividend per Share": 0.0,
        "Gross Margin": 0.634149635864,
        "EBITDA Margin": 0.19205604415,
        "EBIT Margin": 0.116261371368,
        "Profit Margin": 0.0751596401482,
        "Free Cash Flow margin": 0.0696288083058,
        "EBITDA": 190534000.0,
        "EBIT": 115340000.0,
        "Consolidated Income": 74564000.0,
        "Earnings Before Tax Margin": 0.091128190913,
        "Net Profit Margin": 0.0751596401482
    },
    "2015": {
        "Revenue": 882734000.0,
        "Revenue Growth": -0.0490905467491827,
        "Cost of Revenue": 336495000.0,
        "Gross Profit": 546239000.0,
        "R&D Expenses": 50895000.0,
        "SG&A Expense": 415757000.0,
        "Operating Expenses": 466652000.0,
        "Operating Income": 79587000.0,
        "Interest Expense": 23517000.0,
        "Earnings before Tax": 60671000.0,
        "Income Tax Expense": 53820000.0,
        "Net Income - Non-Controlling int": 0.0,
        "Net Income - Discontinued ops": 0.0,
        "Net Income": -3519000.0,
        "Preferred Dividends": 0.0,
        "Net Income Com": -3519000.0,
        "EPS": -0.1,
        "EPS Diluted": -0.1,
        "Weighted Average Shs Out": 34495000.0,
        "Weighted Average Shs Out (Dil)": 35677000.0,
        "Dividend per Share": 0.0,
        "Gross Margin": 0.618803626007,
        "EBITDA Margin": 0.159407024087,
        "EBIT Margin": 0.0901596630469,
        "Profit Margin": -0.00398647837287,
        "Free Cash Flow margin": 0.0691827889262,
        "EBITDA": 140714000.0,
        "EBIT": 79587000.0,
        "Consolidated Income": -3519000.0,
        "Earnings Before Tax Margin": 0.068730784132,
        "Net Profit Margin": -0.00398647837287
    },
    "2014": {
        "Revenue": 928305000.0,
        "Revenue Growth": 0.110128507774326,
        "Cost of Revenue": 365201000.0,
        "Gross Profit": 563104000.0,
        "R&D Expenses": 51596000.0,
        "SG&A Expense": 445967000.0,
        "Operating Expenses": 497563000.0,
        "Operating Income": 65541000.0,
        "Interest Expense": 21967000.0,
        "Earnings before Tax": 42979000.0,
        "Income Tax Expense": 8975000.0,
        "Net Income - Non-Controlling int": 0.0,
        "Net Income - Discontinued ops": 0.0,
        "Net Income": 34004000.0,
        "Preferred Dividends": 0.0,
        "Net Income Com": 34004000.0,
        "EPS": 1.05,
        "EPS Diluted": 1.03,
        "Weighted Average Shs Out": 32432000.0,
        "Weighted Average Shs Out (Dil)": 32960000.0,
        "Dividend per Share": 0.0,
        "Gross Margin": 0.606593738049,
        "EBITDA Margin": 0.139221484318,
        "EBIT Margin": 0.0706028729782,
        "Profit Margin": 0.0366302023581,
        "Free Cash Flow margin": 0.040441449739,
        "EBITDA": 129240000.0,
        "EBIT": 65541000.0,
        "Consolidated Income": 34004000.0,
        "Earnings Before Tax Margin": 0.0462983609913,
        "Net Profit Margin": 0.0366302023581
    },
    "2013": {
        "Revenue": 836214000.0,
        "Revenue Growth": 0.00643060114024921,
        "Cost of Revenue": 393520000.0,
        "Gross Profit": 442694000.0,
        "R&D Expenses": 52088000.0,
        "SG&A Expense": 394250000.0,
        "Operating Expenses": 446338000.0,
        "Operating Income": -3644000.0,
        "Interest Expense": 19788000.0,
        "Earnings before Tax": -1830000.0,
        "Income Tax Expense": -7813000.0,
        "Net Income - Non-Controlling int": 0.0,
        "Net Income - Discontinued ops": 0.0,
        "Net Income": -16977000.0,
        "Preferred Dividends": 0.0,
        "Net Income Com": -16977000.0,
        "EPS": -0.6,
        "EPS Diluted": -0.6,
        "Weighted Average Shs Out": 28416000.0,
        "Weighted Average Shs Out (Dil)": 28416000.0,
        "Dividend per Share": 0.0,
        "Gross Margin": 0.529402760537,
        "EBITDA Margin": 0.0546080309586,
        "EBIT Margin": -0.00435773617758,
        "Profit Margin": -0.0203022192884,
        "Free Cash Flow margin": 0.006478006826,
        "EBITDA": 45664000.0,
        "EBIT": -3644000.0,
        "Consolidated Income": -16977000.0,
        "Earnings Before Tax Margin": -0.00218843501783,
        "Net Profit Margin": -0.0203022192884
    },
    "2012": {
        "Revenue": 830871000.0,
        "Revenue Growth": 0.065112719497281,
        "Cost of Revenue": 332963000.0,
        "Gross Profit": 497908000.0,
        "R&D Expenses": 51012000.0,
        "SG&A Expense": 373114000.0,
        "Operating Expenses": 424126000.0,
        "Operating Income": 73782000.0,
        "Interest Expense": 22237000.0,
        "Earnings before Tax": 52029000.0,