{
    "2018": {
        "Revenue": 11777000000.0,
        "Revenue Growth": -0.458379323031641,
        "Cost of Revenue": 9584000000.0,
        "Gross Profit": 2193000000.0,
        "R&D Expenses": 0.0,
        "SG&A Expense": 1386000000.0,
        "Operating Expenses": 1915000000.0,
        "Operating Income": 278000000.0,
        "Interest Expense": 524000000.0,
        "Earnings before Tax": 278000000.0,
        "Income Tax Expense": -4000000.0,
        "Net Income - Non-Controlling int": 0.0,
        "Net Income - Discontinued ops": 0.0,
        "Net Income": 1507000000.0,
        "Preferred Dividends": -556000000.0,
        "Net Income Com": 1507000000.0,
        "EPS": 11.46,
        "EPS Diluted": 11.46,
        "Weighted Average Shs Out": 180000000.0,
        "Weighted Average Shs Out (Dil)": 180000000.0,
        "Dividend per Share": 0.538888888889,
        "Gross Margin": 0.186210410121,
        "EBITDA Margin": 0.0615606691008,
        "EBIT Margin": 0.0236053324276,
        "Profit Margin": 0.127961280462,
        "Free Cash Flow margin": 0.0545979451473,
        "EBITDA": 725000000.0,
        "EBIT": 278000000.0,
        "Consolidated Income": 1507000000.0,
        "Earnings Before Tax Margin": 0.0236053324276,
        "Net Profit Margin": 0.127961280462
    },
    "2017": {
        "Revenue": 21744000000.0,
        "Revenue Growth": 0.33007095669195,
        "Cost of Revenue": 15985000000.0,
        "Gross Profit": 5759000000.0,
        "R&D Expenses": 195000000.0,
        "SG&A Expense": 2565000000.0,
        "Operating Expenses": 3606000000.0,
        "Operating Income": 2153000000.0,
        "Interest Expense": 843000000.0,
        "Earnings before Tax": 2153000000.0,
        "Income Tax Expense": -438000000.0,
        "Net Income - Non-Controlling int": 0.0,
        "Net Income - Discontinued ops": 0.0,
        "Net Income": 2430000000.0,
        "Preferred Dividends": 48000000.0,
        "Net Income Com": 2430000000.0,
        "EPS": 14.8,
        "EPS Diluted": 14.8,
        "Weighted Average Shs Out": 161000000.0,
        "Weighted Average Shs Out (Dil)": 161000000.0,
        "Dividend per Share": 0.0,
        "Gross Margin": 0.264854672553,
        "EBITDA Margin": 0.145787343635,
        "EBIT Margin": 0.0990158204562,
        "Profit Margin": 0.111754966887,
        "Free Cash Flow margin": -0.111616997792,
        "EBITDA": 3170000000.0,
        "EBIT": 2153000000.0,
        "Consolidated Income": 2430000000.0,
        "Earnings Before Tax Margin": 0.0990158204562,
        "Net Profit Margin": 0.111754966887
    },
    "2016": {
        "Revenue": 16348000000.0,
        "Revenue Growth": 0.070455735987428,
        "Cost of Revenue": 13412000000.0,
        "Gross Profit": 2936000000.0,
        "R&D Expenses": 192000000.0,
        "SG&A Expense": 2342000000.0,
        "Operating Expenses": 2534000000.0,
        "Operating Income": -2184000000.0,
        "Interest Expense": 878000000.0,
        "Earnings before Tax": -2184000000.0,
        "Income Tax Expense": 36000000.0,
        "Net Income - Non-Controlling int": 0.0,
        "Net Income - Discontinued ops": 0.0,
        "Net Income": -1128000000.0,
        "Preferred Dividends": -22000000.0,
        "Net Income Com": -1128000000.0,
        "EPS": -8.07,
        "EPS Diluted": -8.07,
        "Weighted Average Shs Out": 137000000.0,
        "Weighted Average Shs Out (Dil)": 137000000.0,
        "Dividend per Share": 0.0,
        "Gross Margin": 0.179593834108,
        "EBITDA Margin": -0.0703449963298,
        "EBIT Margin": -0.133594323465,
        "Profit Margin": -0.0689992659653,
        "Free Cash Flow margin": 0.0507095669195,
        "EBITDA": -1150000000.0,
        "EBIT": -2184000000.0,
        "Consolidated Income": -1128000000.0,
        "Earnings Before Tax Margin": -0.133594323465,
        "Net Profit Margin": -0.0689992659653
    },
    "2015": {
        "Revenue": 15272000000.0,
        "Revenue Growth": -0.202797932870491,
        "Cost of Revenue": 12741000000.0,
        "Gross Profit": 2531000000.0,
        "R&D Expenses": 189000000.0,
        "SG&A Expense": 1908000000.0,
        "Operating Expenses": 2097000000.0,
        "Operating Income": -2059000000.0,
        "Interest Expense": 1154000000.0,
        "Earnings before Tax": -2059000000.0,
        "Income Tax Expense": 68000000.0,
        "Net Income - Non-Controlling int": 0.0,
        "Net Income - Discontinued ops": 0.0,
        "Net Income": -1194000000.0,
        "Preferred Dividends": -24000000.0,
        "Net Income Com": -1194000000.0,
        "EPS": -9.29,
        "EPS Diluted": -9.29,
        "Weighted Average Shs Out": 126000000.0,
        "Weighted Average Shs Out (Dil)": 126000000.0,
        "Dividend per Share": 0.0,
        "Gross Margin": 0.165728129911,
        "EBITDA Margin": -0.078313253012,
        "EBIT Margin": -0.134821896281,
        "Profit Margin": -0.078182294395,
        "Free Cash Flow margin": -0.0422341540073,
        "EBITDA": -1196000000.0,
        "EBIT": -2059000000.0,
        "Consolidated Income": -1194000000.0,
        "Earnings Before Tax Margin": -0.134821896281,
        "Net Profit Margin": -0.078182294395
    },
    "2014": {
        "Revenue": 19157000000.0,
        "Revenue Growth": -0.0737356155110724,
        "Cost of Revenue": 16485000000.0,
        "Gross Profit": 2672000000.0,
        "R&D Expenses": 192000000.0,
        "SG&A Expense": 1625000000.0,
        "Operating Expenses": 1817000000.0,
        "Operating Income": -632000000.0,
        "Interest Expense": 847000000.0,
        "Earnings before Tax": -632000000.0,
        "Income Tax Expense": -103000000.0,
        "Net Income - Non-Controlling int": 0.0,
        "Net Income - Discontinued ops": 0.0,
        "Net Income": -373000000.0,
        "Preferred Dividends": -7000000.0,
        "Net Income Com": -373000000.0,
        "EPS": -3.08,
        "EPS Diluted": -3.08,
        "Weighted Average Shs Out": 119000000.0,
        "Weighted Average Shs Out (Dil)": 119000000.0,
        "Dividend per Share": 0.0,
        "Gross Margin": 0.139479041604,
        "EBITDA Margin": 0.00923944250144,
        "EBIT Margin": -0.0329905517565,
        "Profit Margin": -0.0194706895652,
        "Free Cash Flow margin": -0.0940126324581,
        "EBITDA": 177000000.0,
        "EBIT": -632000000.0,
        "Consolidated Income": -373000000.0,
        "Earnings Before Tax Margin": -0.0329905517565,
        "Net Profit Margin": -0.0194706895652
    },
    "2013": {
        "Revenue": 20682000000.0,
        "Revenue Growth": 0.321195860482944,
        "Cost of Revenue": 15809000000.0,
        "Gross Profit": 4873000000.0,
        "R&D Expenses": 177000000.0,
        "SG&A Expense": 1417000000.0,
        "Operating Expenses": 1594000000.0,
        "Operating Income": 2326000000.0,
        "Interest Expense": 560000000.0,
        "Earnings before Tax": 2326000000.0,
        "Income Tax Expense": -118000000.0,
        "Net Income - Non-Controlling int": 0.0,
        "Net Income - Discontinued ops": 0.0,
        "Net Income": 1025000000.0,
        "Preferred Dividends": 20000000.0,
        "Net Income Com": 1025000000.0,
        "EPS": 9.07,
        "EPS Diluted": 9.07,
        "Weighted Average Shs Out": 110000000.0,
        "Weighted Average Shs Out (Dil)": 111000000.0,
        "Dividend per Share": 0.0,
        "Gross Margin": 0.235615511072,
        "EBITDA Margin": 0.148341553041,
        "EBIT Margin": 0.112464945363,
        "Profit Margin": 0.0495600038681,
        "Free Cash Flow margin": -0.021467943139,
        "EBITDA": 3068000000.0,
        "EBIT": 2326000000.0,
        "Consolidated Income": 1025000000.0,
        "Earnings Before Tax Margin": 0.112464945363,
        "Net Profit Margin": 0.0495600038681
    },
    "2012": {
        "Revenue": 15654000000.0,
        "Revenue Growth": 0.320455504006748,
        "Cost of Revenue": 12643000000.0,
        "Gross Profit": 3011000000.0,