{
    "2019": {
        "Revenue": 1076996000.0,
        "Revenue Growth": 0.228286505449187,
        "Cost of Revenue": 894893000.0,
        "Gross Profit": 182103000.0,
        "R&D Expenses": 0.0,
        "SG&A Expense": 140575000.0,
        "Operating Expenses": 140575000.0,
        "Operating Income": 41850000.0,
        "Interest Expense": 0.0,
        "Earnings before Tax": 40141000.0,
        "Income Tax Expense": 6663000.0,
        "Net Income - Non-Controlling int": 0.0,
        "Net Income - Discontinued ops": 0.0,
        "Net Income": 33206000.0,
        "Preferred Dividends": 0.0,
        "Net Income Com": 33206000.0,
        "EPS": 1.56,
        "EPS Diluted": 1.55,
        "Weighted Average Shs Out": 21082012.0,
        "Weighted Average Shs Out (Dil)": 21315245.0,
        "Dividend per Share": 0.0,
        "Gross Margin": 0.169084193442,
        "EBITDA Margin": 0.0480271050217,
        "EBIT Margin": 0.0388580830384,
        "Profit Margin": 0.0308320550866,
        "Free Cash Flow margin": 0.0301059613963,
        "EBITDA": 51725000.0,
        "EBIT": 41850000.0,
        "Consolidated Income": 33206000.0,
        "Earnings Before Tax Margin": 0.0372712619174,
        "Net Profit Margin": 0.0308320550866
    },
    "2018": {
        "Revenue": 876828000.0,
        "Revenue Growth": 0.0815103164500755,
        "Cost of Revenue": 726866000.0,
        "Gross Profit": 149962000.0,
        "R&D Expenses": 0.0,
        "SG&A Expense": 123920000.0,
        "Operating Expenses": 123920000.0,
        "Operating Income": 25954000.0,
        "Interest Expense": 1946000.0,
        "Earnings before Tax": 24348000.0,
        "Income Tax Expense": 38151000.0,
        "Net Income - Non-Controlling int": 0.0,
        "Net Income - Discontinued ops": 0.0,
        "Net Income": -13803000.0,
        "Preferred Dividends": 0.0,
        "Net Income Com": -13803000.0,
        "EPS": -0.67,
        "EPS Diluted": -0.67,
        "Weighted Average Shs Out": 21196388.0,
        "Weighted Average Shs Out (Dil)": 21196388.0,
        "Dividend per Share": 0.0,
        "Gross Margin": 0.171027841264,
        "EBITDA Margin": 0.0400329369044,
        "EBIT Margin": 0.0295998759164,
        "Profit Margin": -0.0157419699188,
        "Free Cash Flow margin": 0.00873717536393,
        "EBITDA": 35102000.0,
        "EBIT": 25954000.0,
        "Consolidated Income": -13803000.0,
        "Earnings Before Tax Margin": 0.0277682738234,
        "Net Profit Margin": -0.0157419699188
    },
    "2017": {
        "Revenue": 810744000.0,
        "Revenue Growth": 0.164873784650133,
        "Cost of Revenue": 670246000.0,
        "Gross Profit": 140498000.0,
        "R&D Expenses": 0.0,
        "SG&A Expense": 120370000.0,
        "Operating Expenses": 120370000.0,
        "Operating Income": 20342000.0,
        "Interest Expense": 1702000.0,
        "Earnings before Tax": 18805000.0,
        "Income Tax Expense": 5211000.0,
        "Net Income - Non-Controlling int": 0.0,
        "Net Income - Discontinued ops": 0.0,
        "Net Income": 13422000.0,
        "Preferred Dividends": 0.0,
        "Net Income Com": 13422000.0,
        "EPS": 0.62,
        "EPS Diluted": 0.62,
        "Weighted Average Shs Out": 21280549.0,
        "Weighted Average Shs Out (Dil)": 21533254.0,
        "Dividend per Share": 0.0,
        "Gross Margin": 0.173295146187,
        "EBITDA Margin": 0.0373360764927,
        "EBIT Margin": 0.0250905341267,
        "Profit Margin": 0.0165551641455,
        "Free Cash Flow margin": 0.0219058050383,
        "EBITDA": 30270000.0,
        "EBIT": 20342000.0,
        "Consolidated Income": 13422000.0,
        "Earnings Before Tax Margin": 0.0231947445803,
        "Net Profit Margin": 0.0165551641455
    },
    "2016": {
        "Revenue": 695993000.0,
        "Revenue Growth": 0.212833510787531,
        "Cost of Revenue": 569013000.0,
        "Gross Profit": 126980000.0,
        "R&D Expenses": 0.0,
        "SG&A Expense": 100558000.0,
        "Operating Expenses": 100558000.0,
        "Operating Income": 24960000.0,
        "Interest Expense": 1282000.0,
        "Earnings before Tax": 23761000.0,
        "Income Tax Expense": -97117000.0,
        "Net Income - Non-Controlling int": 0.0,
        "Net Income - Discontinued ops": 0.0,
        "Net Income": 120778000.0,
        "Preferred Dividends": 0.0,
        "Net Income Com": 120778000.0,
        "EPS": 5.63,
        "EPS Diluted": 5.62,
        "Weighted Average Shs Out": 21279342.0,
        "Weighted Average Shs Out (Dil)": 21492339.0,
        "Dividend per Share": 0.0,
        "Gross Margin": 0.182444363665,
        "EBITDA Margin": 0.0444961371738,
        "EBIT Margin": 0.0358624296509,
        "Profit Margin": 0.173533354502,
        "Free Cash Flow margin": 0.0309643918833,
        "EBITDA": 30969000.0,
        "EBIT": 24960000.0,
        "Consolidated Income": 120778000.0,
        "Earnings Before Tax Margin": 0.0341397111753,
        "Net Profit Margin": 0.173533354502
    },
    "2015": {
        "Revenue": 573857000.0,
        "Revenue Growth": 0.119950428868354,
        "Cost of Revenue": 473966000.0,
        "Gross Profit": 99891000.0,
        "R&D Expenses": 0.0,
        "SG&A Expense": 81416000.0,
        "Operating Expenses": 81416000.0,
        "Operating Income": 18488000.0,
        "Interest Expense": 1130000.0,
        "Earnings before Tax": 17538000.0,
        "Income Tax Expense": 661000.0,
        "Net Income - Non-Controlling int": 0.0,
        "Net Income - Discontinued ops": 0.0,
        "Net Income": 16538000.0,
        "Preferred Dividends": 0.0,
        "Net Income Com": 16538000.0,
        "EPS": 0.77,
        "EPS Diluted": 0.77,
        "Weighted Average Shs Out": 21480622.0,
        "Weighted Average Shs Out (Dil)": 21526188.0,
        "Dividend per Share": 0.0,
        "Gross Margin": 0.17406949815,
        "EBITDA Margin": 0.0371399146477,
        "EBIT Margin": 0.0322170854411,
        "Profit Margin": 0.0288190263428,
        "Free Cash Flow margin": 0.0152076214109,
        "EBITDA": 21313000.0,
        "EBIT": 18488000.0,
        "Consolidated Income": 16538000.0,
        "Earnings Before Tax Margin": 0.0305616207522,
        "Net Profit Margin": 0.0288190263428
    },
    "2014": {
        "Revenue": 512395000.0,
        "Revenue Growth": 0.0359932307978479,
        "Cost of Revenue": 429269000.0,
        "Gross Profit": 83126000.0,
        "R&D Expenses": 0.0,
        "SG&A Expense": 75571000.0,
        "Operating Expenses": 75571000.0,
        "Operating Income": 7641000.0,
        "Interest Expense": 1574000.0,
        "Earnings before Tax": 6270000.0,
        "Income Tax Expense": 748000.0,
        "Net Income - Non-Controlling int": 0.0,
        "Net Income - Discontinued ops": 0.0,
        "Net Income": 5324000.0,
        "Preferred Dividends": 0.0,
        "Net Income Com": 5324000.0,
        "EPS": 0.29,
        "EPS Diluted": 0.29,
        "Weighted Average Shs Out": 18417564.0,
        "Weighted Average Shs Out (Dil)": 18473420.0,
        "Dividend per Share": 0.0,
        "Gross Margin": 0.1622303106,
        "EBITDA Margin": 0.0205934874462,
        "EBIT Margin": 0.0149123235004,
        "Profit Margin": 0.0103904214522,
        "Free Cash Flow margin": 0.020718391085,
        "EBITDA": 10552000.0,
        "EBIT": 7641000.0,
        "Consolidated Income": 5324000.0,
        "Earnings Before Tax Margin": 0.0122366533631,
        "Net Profit Margin": 0.0103904214522
    },
    "2013": {
        "Revenue": 494593000.0,
        "Revenue Growth": 0.0843603038707344,
        "Cost of Revenue": 427633000.0,
        "Gross Profit": 66960000.0,
        "R&D Expenses": 0.0,
        "SG&A Expense": 66598000.0,
        "Operating Expenses": 66598000.0,
        "Operating Income": 426000.0,
        "Interest Expense": 1771000.0,
        "Earnings before Tax": -1852000.0,
        "Income Tax Expense": 326000.0,
        "Net Income - Non-Controlling int": 0.0,