{
    "2018": {
        "Revenue": 2478989361.7021,
        "Revenue Growth": -0.120742561668226,
        "Cost of Revenue": 0.0,
        "Gross Profit": 2478989361.7021,
        "R&D Expenses": 0.0,
        "SG&A Expense": 1436170212.766,
        "Operating Expenses": 2850000000.0,
        "Operating Income": -371010638.2979,
        "Interest Expense": 151595744.6809,
        "Earnings before Tax": -206382978.7234,
        "Income Tax Expense": -15691489.3617,
        "Net Income - Non-Controlling int": 317021276.5957,
        "Net Income - Discontinued ops": 0.0,
        "Net Income": -190691489.3617,
        "Preferred Dividends": 0.0,
        "Net Income Com": -190691489.3617,
        "EPS": -791.7553,
        "EPS Diluted": -791.7553,
        "Weighted Average Shs Out": 51072.3404,
        "Weighted Average Shs Out (Dil)": 51072.3404,
        "Dividend per Share": 0.0,
        "Gross Margin": 1.0,
        "EBITDA Margin": 0.0622,
        "EBIT Margin": -0.0221,
        "Profit Margin": -0.0205,
        "Free Cash Flow margin": 0.2758,
        "EBITDA": 580053191.4894,
        "EBIT": -54787234.0426,
        "Consolidated Income": -507712765.9574,
        "Earnings Before Tax Margin": -0.0833,
        "Net Profit Margin": -0.0769
    },
    "2017": {
        "Revenue": 2819412442.3963,
        "Revenue Growth": 0.0769909488407967,
        "Cost of Revenue": 0.0,
        "Gross Profit": 2819412442.3963,
        "R&D Expenses": 0.0,
        "SG&A Expense": 1704781105.9908,
        "Operating Expenses": 2357430875.576,
        "Operating Income": 461981566.8203,
        "Interest Expense": 166186635.9447,
        "Earnings before Tax": 95622119.8157,
        "Income Tax Expense": 99942396.3134,
        "Net Income - Non-Controlling int": -198732718.894,
        "Net Income - Discontinued ops": 0.0,
        "Net Income": -4320276.4977,
        "Preferred Dividends": 0.0,
        "Net Income Com": -4320276.4977,
        "EPS": -23.6175,
        "EPS Diluted": -23.6175,
        "Weighted Average Shs Out": 55308.7558,
        "Weighted Average Shs Out (Dil)": 55308.7558,
        "Dividend per Share": 0.0,
        "Gross Margin": 1.0,
        "EBITDA Margin": 0.089,
        "EBIT Margin": 0.0929,
        "Profit Margin": -0.0006,
        "Free Cash Flow margin": 0.25,
        "EBITDA": 871543778.8018,
        "EBIT": 261808755.7604,
        "Consolidated Income": 194412442.3963,
        "Earnings Before Tax Margin": 0.0339,
        "Net Profit Margin": -0.0015
    },
    "2016": {
        "Revenue": 2617860851.5057,
        "Revenue Growth": 0.0196155084131755,
        "Cost of Revenue": 0.0,
        "Gross Profit": 2617860851.5057,
        "R&D Expenses": 0.0,
        "SG&A Expense": 1568276220.1454,
        "Operating Expenses": 2134735202.4922,
        "Operating Income": 483125649.0135,
        "Interest Expense": 253115264.7975,
        "Earnings before Tax": 62305295.9502,
        "Income Tax Expense": 114745586.7082,
        "Net Income - Non-Controlling int": -166407061.2669,
        "Net Income - Discontinued ops": 0.0,
        "Net Income": -52440290.758,
        "Preferred Dividends": 0.0,
        "Net Income Com": -52440290.758,
        "EPS": -273.1049,
        "EPS Diluted": -273.1049,
        "Weighted Average Shs Out": 49852.5441,
        "Weighted Average Shs Out (Dil)": 49852.5441,
        "Dividend per Share": 0.0,
        "Gross Margin": 1.0,
        "EBITDA Margin": 0.087,
        "EBIT Margin": 0.1205,
        "Profit Margin": -0.0052,
        "Free Cash Flow margin": 0.2382,
        "EBITDA": 876427829.6989,
        "EBIT": 315420560.7477,
        "Consolidated Income": 113966770.5088,
        "Earnings Before Tax Margin": 0.0238,
        "Net Profit Margin": -0.02
    },
    "2015": {
        "Revenue": 2567498071.4837,
        "Revenue Growth": 0.115465203005744,
        "Cost of Revenue": 0.0,
        "Gross Profit": 2567498071.4837,
        "R&D Expenses": 0.0,
        "SG&A Expense": 1501157109.7969,
        "Operating Expenses": 2049884289.0203,
        "Operating Income": 517613782.4634,
        "Interest Expense": 152995628.6963,
        "Earnings before Tax": 111596811.5197,
        "Income Tax Expense": 89226022.1137,
        "Net Income - Non-Controlling int": 256106968.3723,
        "Net Income - Discontinued ops": 0.0,
        "Net Income": 22370789.406,
        "Preferred Dividends": 0.0,
        "Net Income Com": 22370789.406,
        "EPS": 116.7395,
        "EPS Diluted": 114.9396,
        "Weighted Average Shs Out": 49378.2463,
        "Weighted Average Shs Out (Dil)": 49378.2463,
        "Dividend per Share": 0.0,
        "Gross Margin": 1.0,
        "EBITDA Margin": 0.0813,
        "EBIT Margin": 0.1031,
        "Profit Margin": 0.0023,
        "Free Cash Flow margin": 0.2475,
        "EBITDA": 812548212.9082,
        "EBIT": 264592440.216,
        "Consolidated Income": 278477757.7783,
        "Earnings Before Tax Margin": 0.0435,
        "Net Profit Margin": 0.0087
    },
    "2014": {
        "Revenue": 2301728520.5897,
        "Revenue Growth": -0.164079979921785,
        "Cost of Revenue": 0.0,
        "Gross Profit": 2301728520.5897,
        "R&D Expenses": 0.0,
        "SG&A Expense": 1307066598.8815,
        "Operating Expenses": 1647178444.3315,
        "Operating Income": 654550076.2583,
        "Interest Expense": 176410777.8343,
        "Earnings before Tax": 143365531.2659,
        "Income Tax Expense": 169547534.3162,
        "Net Income - Non-Controlling int": 291560752.4148,
        "Net Income - Discontinued ops": 0.0,
        "Net Income": -26182003.0503,
        "Preferred Dividends": 0.0,
        "Net Income Com": -26182003.0503,
        "EPS": -136.7565,
        "EPS Diluted": -139.8068,
        "Weighted Average Shs Out": 48813.4215,
        "Weighted Average Shs Out (Dil)": 48813.4215,
        "Dividend per Share": 0.0,
        "Gross Margin": 1.0,
        "EBITDA Margin": 0.088,
        "EBIT Margin": 0.1389,
        "Profit Margin": -0.0028,
        "Free Cash Flow margin": 0.3237,
        "EBITDA": 795882053.8892,
        "EBIT": 319776309.1002,
        "Consolidated Income": 265378749.3645,
        "Earnings Before Tax Margin": 0.0623,
        "Net Profit Margin": -0.0114
    },
    "2013": {
        "Revenue": 2753527209.905,
        "Revenue Growth": -0.000178678014646092,
        "Cost of Revenue": 0.0,
        "Gross Profit": 2753527209.905,
        "R&D Expenses": 0.0,
        "SG&A Expense": 1572127843.3631,
        "Operating Expenses": 2168442268.9318,
        "Operating Income": 585084940.9732,
        "Interest Expense": 114022458.9692,
        "Earnings before Tax": 158364526.3461,
        "Income Tax Expense": 150878203.2825,
        "Net Income - Non-Controlling int": 240138209.0412,
        "Net Income - Discontinued ops": 0.0,
        "Net Income": 7486323.0636,
        "Preferred Dividends": 0.0,
        "Net Income Com": 7486323.0636,
        "EPS": 38.2954,
        "EPS Diluted": 36.2799,
        "Weighted Average Shs Out": 55292.8304,
        "Weighted Average Shs Out (Dil)": 55292.8304,
        "Dividend per Share": 0.0,
        "Gross Margin": 1.0,
        "EBITDA Margin": 0.0893,
        "EBIT Margin": 0.0989,
        "Profit Margin": 0.0009,
        "Free Cash Flow margin": 0.3567,
        "EBITDA": 852289087.2445,
        "EBIT": 272386985.3153,
        "Consolidated Income": 247624532.1048,
        "Earnings Before Tax Margin": 0.0575,
        "Net Profit Margin": 0.0027
    },
    "2012": {
        "Revenue": 2754019292.6045,
        "Revenue Growth": -0.0759413115443575,
        "Cost of Revenue": 0.0,
        "Gross Profit": 2754019292.6045,
        "R&D Expenses": 0.0,
        "SG&A Expense": 1601554126.4737,
        "Operating Expenses": 2235530546.6238,
        "Operating Income": 518488745.9807,
        "Interest Expense": 111200428.7245,
        "Earnings before Tax": 139067524.1158,
        "Income Tax Expense": 148981779.2069,