{
    "2018": {
        "Revenue": 275769000.0,
        "Revenue Growth": 0.0230566046135468,
        "Cost of Revenue": 159921000.0,
        "Gross Profit": 115848000.0,
        "R&D Expenses": 0.0,
        "SG&A Expense": 95400000.0,
        "Operating Expenses": 95400000.0,
        "Operating Income": 12677000.0,
        "Interest Expense": 6688000.0,
        "Earnings before Tax": 6112000.0,
        "Income Tax Expense": 435000.0,
        "Net Income - Non-Controlling int": 0.0,
        "Net Income - Discontinued ops": 0.0,
        "Net Income": 5677000.0,
        "Preferred Dividends": 0.0,
        "Net Income Com": 5677000.0,
        "EPS": 0.13,
        "EPS Diluted": 0.12,
        "Weighted Average Shs Out": 44673000.0,
        "Weighted Average Shs Out (Dil)": 46067000.0,
        "Dividend per Share": 0.0,
        "Gross Margin": 0.420090728109,
        "EBITDA Margin": 0.0769085720295,
        "EBIT Margin": 0.0459696340053,
        "Profit Margin": 0.0205860702254,
        "Free Cash Flow margin": 0.054861133775,
        "EBITDA": 21209000.0,
        "EBIT": 12677000.0,
        "Consolidated Income": 5677000.0,
        "Earnings Before Tax Margin": 0.0221634774032,
        "Net Profit Margin": 0.0205860702254
    },
    "2017": {
        "Revenue": 269554000.0,
        "Revenue Growth": 0.245058868632188,
        "Cost of Revenue": 156630000.0,
        "Gross Profit": 112924000.0,
        "R&D Expenses": 0.0,
        "SG&A Expense": 91046000.0,
        "Operating Expenses": 91046000.0,
        "Operating Income": 9157000.0,
        "Interest Expense": 6821000.0,
        "Earnings before Tax": 2100000.0,
        "Income Tax Expense": 4198000.0,
        "Net Income - Non-Controlling int": 0.0,
        "Net Income - Discontinued ops": 0.0,
        "Net Income": -2130000.0,
        "Preferred Dividends": 0.0,
        "Net Income Com": -2130000.0,
        "EPS": -0.05,
        "EPS Diluted": -0.05,
        "Weighted Average Shs Out": 43025000.0,
        "Weighted Average Shs Out (Dil)": 43025000.0,
        "Dividend per Share": 0.0,
        "Gross Margin": 0.418929045757,
        "EBITDA Margin": 0.0844431913457,
        "EBIT Margin": 0.033970929758,
        "Profit Margin": -0.00790194172596,
        "Free Cash Flow margin": 0.0306988581138,
        "EBITDA": 22762000.0,
        "EBIT": 9157000.0,
        "Consolidated Income": -2130000.0,
        "Earnings Before Tax Margin": 0.00779064677208,
        "Net Profit Margin": -0.00790194172596
    },
    "2016": {
        "Revenue": 216499000.0,
        "Revenue Growth": 0.0346922194609061,
        "Cost of Revenue": 132359000.0,
        "Gross Profit": 84140000.0,
        "R&D Expenses": 0.0,
        "SG&A Expense": 78863000.0,
        "Operating Expenses": 78863000.0,
        "Operating Income": -2592000.0,
        "Interest Expense": 2664000.0,
        "Earnings before Tax": -5324000.0,
        "Income Tax Expense": 1054000.0,
        "Net Income - Non-Controlling int": 0.0,
        "Net Income - Discontinued ops": 0.0,
        "Net Income": -6505000.0,
        "Preferred Dividends": 0.0,
        "Net Income Com": -6505000.0,
        "EPS": -0.18,
        "EPS Diluted": -0.18,
        "Weighted Average Shs Out": 36625000.0,
        "Weighted Average Shs Out (Dil)": 36625000.0,
        "Dividend per Share": 0.0,
        "Gross Margin": 0.388639208495,
        "EBITDA Margin": 0.025769172144,
        "EBIT Margin": -0.0119723416736,
        "Profit Margin": -0.0300463281586,
        "Free Cash Flow margin": 0.0383373595259,
        "EBITDA": 5579000.0,
        "EBIT": -2592000.0,
        "Consolidated Income": -6505000.0,
        "Earnings Before Tax Margin": -0.0245913376043,
        "Net Profit Margin": -0.0300463281586
    },
    "2015": {
        "Revenue": 209240000.0,
        "Revenue Growth": -0.0017985182499511,
        "Cost of Revenue": 124701000.0,
        "Gross Profit": 84539000.0,
        "R&D Expenses": 0.0,
        "SG&A Expense": 67841000.0,
        "Operating Expenses": 67841000.0,
        "Operating Income": 9615000.0,
        "Interest Expense": 1789000.0,
        "Earnings before Tax": 8143000.0,
        "Income Tax Expense": 3189000.0,
        "Net Income - Non-Controlling int": 0.0,
        "Net Income - Discontinued ops": 0.0,
        "Net Income": 4841000.0,
        "Preferred Dividends": 0.0,
        "Net Income Com": 4841000.0,
        "EPS": 0.13,
        "EPS Diluted": 0.13,
        "Weighted Average Shs Out": 37186000.0,
        "Weighted Average Shs Out (Dil)": 38936000.0,
        "Dividend per Share": 0.133269981508,
        "Gross Margin": 0.404028866374,
        "EBITDA Margin": 0.0804769642516,
        "EBIT Margin": 0.0459520168228,
        "Profit Margin": 0.0231361116421,
        "Free Cash Flow margin": 0.0259749569872,
        "EBITDA": 16839000.0,
        "EBIT": 9615000.0,
        "Consolidated Income": 4841000.0,
        "Earnings Before Tax Margin": 0.0389170330721,
        "Net Profit Margin": 0.0231361116421
    },
    "2014": {
        "Revenue": 209617000.0,
        "Revenue Growth": -0.00646974623427591,
        "Cost of Revenue": 124132000.0,
        "Gross Profit": 85485000.0,
        "R&D Expenses": 0.0,
        "SG&A Expense": 65434000.0,
        "Operating Expenses": 65434000.0,
        "Operating Income": 12678000.0,
        "Interest Expense": 2229000.0,
        "Earnings before Tax": 10468000.0,
        "Income Tax Expense": 4164000.0,
        "Net Income - Non-Controlling int": 0.0,
        "Net Income - Discontinued ops": 0.0,
        "Net Income": 6178000.0,
        "Preferred Dividends": 0.0,
        "Net Income Com": 6178000.0,
        "EPS": 0.17,
        "EPS Diluted": 0.16,
        "Weighted Average Shs Out": 37086000.0,
        "Weighted Average Shs Out (Dil)": 38693000.0,
        "Dividend per Share": 0.0,
        "Gross Margin": 0.407815205828,
        "EBITDA Margin": 0.09638531226,
        "EBIT Margin": 0.0604817357371,
        "Profit Margin": 0.0294728003931,
        "Free Cash Flow margin": 0.0230754185014,
        "EBITDA": 20204000.0,
        "EBIT": 12678000.0,
        "Consolidated Income": 6178000.0,
        "Earnings Before Tax Margin": 0.0499386977201,
        "Net Profit Margin": 0.0294728003931
    },
    "2013": {
        "Revenue": 210982000.0,
        "Revenue Growth": 0.094617240395341,
        "Cost of Revenue": 123985000.0,
        "Gross Profit": 86997000.0,
        "R&D Expenses": 0.0,
        "SG&A Expense": 67823000.0,
        "Operating Expenses": 67823000.0,
        "Operating Income": 11701000.0,
        "Interest Expense": 2712000.0,
        "Earnings before Tax": 9043000.0,
        "Income Tax Expense": 4267000.0,
        "Net Income - Non-Controlling int": 0.0,
        "Net Income - Discontinued ops": 0.0,
        "Net Income": 4776000.0,
        "Preferred Dividends": 0.0,
        "Net Income Com": 4776000.0,
        "EPS": 0.13,
        "EPS Diluted": 0.13,
        "Weighted Average Shs Out": 36810000.0,
        "Weighted Average Shs Out (Dil)": 38687000.0,
        "Dividend per Share": 0.0,
        "Gross Margin": 0.412343233072,
        "EBITDA Margin": 0.0918988349717,
        "EBIT Margin": 0.0554597074632,
        "Profit Margin": 0.0226370022087,
        "Free Cash Flow margin": 0.100264477538,
        "EBITDA": 19389000.0,
        "EBIT": 11701000.0,
        "Consolidated Income": 4776000.0,
        "Earnings Before Tax Margin": 0.0428614763345,
        "Net Profit Margin": 0.0226370022087
    },
    "2012": {
        "Revenue": 192745000.0,
        "Revenue Growth": 0.0451075228004728,
        "Cost of Revenue": 114429000.0,
        "Gross Profit": 78316000.0,
        "R&D Expenses": 0.0,
        "SG&A Expense": 62909000.0,
        "Operating Expenses": 62909000.0,
        "Operating Income": 6550000.0,
        "Interest Expense": 3146000.0,
        "Earnings before Tax": 3240000.0,
        "Income Tax Expense": 2637000.0,
        "Net Income - Non-Controlling int": 0.0,