{
    "2018": {
        "Revenue": 176051000000.0,
        "Revenue Growth": NaN,
        "Cost of Revenue": 147817000000.0,
        "Gross Profit": 28233000000.0,
        "R&D Expenses": 487000000.0,
        "SG&A Expense": 20984000000.0,
        "Operating Expenses": 21471000000.0,
        "Operating Income": 6762000000.0,
        "Interest Expense": 375000000.0,
        "Earnings before Tax": 7840000000.0,
        "Income Tax Expense": 2696000000.0,
        "Net Income - Non-Controlling int": NaN,
        "Net Income - Discontinued ops": NaN,
        "Net Income": 5109000000.0,
        "Preferred Dividends": NaN,
        "Net Income Com": 5109000000.0,
        "EPS": 56.69,
        "EPS Diluted": 56.49,
        "Weighted Average Shs Out": 90000000.0,
        "Weighted Average Shs Out (Dil)": 90000000.0,
        "Dividend per Share": NaN,
        "Gross Margin": 0.16036830236693,
        "EBITDA Margin": 0.11689794434567,
        "EBIT Margin": 0.046463808782682,
        "Profit Margin": 0.029019999886397,
        "Free Cash Flow margin": NaN,
        "EBITDA": 20580000000.0,
        "EBIT": 8180000000.0,
        "Consolidated Income": 5109000000.0,
        "Earnings Before Tax Margin": 0.044532550226923,
        "Net Profit Margin": 0.029019999886397
    },
    "2017": {
        "Revenue": 157789000000.0,
        "Revenue Growth": NaN,
        "Cost of Revenue": 132542000000.0,
        "Gross Profit": 25247000000.0,
        "R&D Expenses": 466000000.0,
        "SG&A Expense": 19646000000.0,
        "Operating Expenses": 20112000000.0,
        "Operating Income": 5134000000.0,
        "Interest Expense": 304000000.0,
        "Earnings before Tax": 5427000000.0,
        "Income Tax Expense": 2225000000.0,
        "Net Income - Non-Controlling int": NaN,
        "Net Income - Discontinued ops": NaN,
        "Net Income": 3167000000.0,
        "Preferred Dividends": NaN,
        "Net Income Com": 3167000000.0,
        "EPS": 34.68,
        "EPS Diluted": 34.59,
        "Weighted Average Shs Out": 91000000.0,
        "Weighted Average Shs Out (Dil)": 92000000.0,
        "Dividend per Share": NaN,
        "Gross Margin": 0.16000481655882,
        "EBITDA Margin": 0.10536222423616,
        "EBIT Margin": 0.036098840857094,
        "Profit Margin": 0.020071107618402,
        "Free Cash Flow margin": NaN,
        "EBITDA": 16625000000.0,
        "EBIT": 5696000000.0,
        "Consolidated Income": 3167000000.0,
        "Earnings Before Tax Margin": 0.034394032537122,
        "Net Profit Margin": 0.020071107618402
    },
    "2016": {
        "Revenue": 140648000000.0,
        "Revenue Growth": NaN,
        "Cost of Revenue": 115993000000.0,
        "Gross Profit": 24655000000.0,
        "R&D Expenses": 455000000.0,
        "SG&A Expense": 18060000000.0,
        "Operating Expenses": 18515000000.0,
        "Operating Income": 6140000000.0,
        "Interest Expense": 241000000.0,
        "Earnings before Tax": 6193000000.0,
        "Income Tax Expense": 2184000000.0,
        "Net Income - Non-Controlling int": NaN,
        "Net Income - Discontinued ops": NaN,
        "Net Income": 4038000000.0,
        "Preferred Dividends": NaN,
        "Net Income Com": 4038000000.0,
        "EPS": 43.94,
        "EPS Diluted": 43.85,
        "Weighted Average Shs Out": 92000000.0,
        "Weighted Average Shs Out (Dil)": 92000000.0,
        "Dividend per Share": NaN,
        "Gross Margin": 0.17529577384677,
        "EBITDA Margin": 0.11629031340652,
        "EBIT Margin": 0.045951595472385,
        "Profit Margin": 0.028709970991411,
        "Free Cash Flow margin": NaN,
        "EBITDA": 16356000000.0,
        "EBIT": 6463000000.0,
        "Consolidated Income": 4038000000.0,
        "Earnings Before Tax Margin": 0.044031909447699,
        "Net Profit Margin": 0.028709970991411
    },
    "2015": {
        "Revenue": 123050000000.0,
        "Revenue Growth": NaN,
        "Cost of Revenue": 100978000000.0,
        "Gross Profit": 22073000000.0,
        "R&D Expenses": 441000000.0,
        "SG&A Expense": 16556000000.0,
        "Operating Expenses": 16997000000.0,
        "Operating Income": 5075000000.0,
        "Interest Expense": 238000000.0,
        "Earnings before Tax": 5139000000.0,
        "Income Tax Expense": 1897000000.0,
        "Net Income - Non-Controlling int": NaN,
        "Net Income - Discontinued ops": NaN,
        "Net Income": 3322000000.0,
        "Preferred Dividends": NaN,
        "Net Income Com": 3322000000.0,
        "EPS": 36.16,
        "EPS Diluted": 36.1,
        "Weighted Average Shs Out": 92000000.0,
        "Weighted Average Shs Out (Dil)": 92000000.0,
        "Dividend per Share": NaN,
        "Gross Margin": 0.17938236489232,
        "EBITDA Margin": 0.12234863876473,
        "EBIT Margin": 0.044347826086957,
        "Profit Margin": 0.026997155627794,
        "Free Cash Flow margin": NaN,
        "EBITDA": 15055000000.0,
        "EBIT": 5457000000.0,
        "Consolidated Income": 3322000000.0,
        "Earnings Before Tax Margin": 0.04176351076798,
        "Net Profit Margin": 0.026997155627794
    },
    "2014": {
        "Revenue": 114272000000.0,
        "Revenue Growth": NaN,
        "Cost of Revenue": 93206000000.0,
        "Gross Profit": 21066000000.0,
        "R&D Expenses": 421000000.0,
        "SG&A Expense": 14922000000.0,
        "Operating Expenses": 15343000000.0,
        "Operating Income": 5723000000.0,
        "Interest Expense": 256000000.0,
        "Earnings before Tax": 6275000000.0,
        "Income Tax Expense": 1795000000.0,
        "Net Income - Non-Controlling int": NaN,
        "Net Income - Discontinued ops": NaN,
        "Net Income": 4442000000.0,
        "Preferred Dividends": NaN,
        "Net Income Com": 4442000000.0,
        "EPS": 50.13,
        "EPS Diluted": 50.07,
        "Weighted Average Shs Out": 89000000.0,
        "Weighted Average Shs Out (Dil)": 89000000.0,
        "Dividend per Share": NaN,
        "Gross Margin": 0.18434962195463,
        "EBITDA Margin": 0.13436362363484,
        "EBIT Margin": 0.056820568468216,
        "Profit Margin": 0.038872164659759,
        "Free Cash Flow margin": NaN,
        "EBITDA": 15354000000.0,
        "EBIT": 6493000000.0,
        "Consolidated Income": 4442000000.0,
        "Earnings Before Tax Margin": 0.054912839540745,
        "Net Profit Margin": 0.038872164659759
    }
}