{
    "2018": {
        "Revenue": 3333000000.0,
        "Revenue Growth": 0.211119186046512,
        "Cost of Revenue": 1033000000.0,
        "Gross Profit": 2300000000.0,
        "R&D Expenses": 623000000.0,
        "SG&A Expense": 794000000.0,
        "Operating Expenses": 1417000000.0,
        "Operating Income": 883000000.0,
        "Interest Expense": 57000000.0,
        "Earnings before Tax": 894000000.0,
        "Income Tax Expense": 112000000.0,
        "Net Income - Non-Controlling int": 0.0,
        "Net Income - Discontinued ops": 0.0,
        "Net Income": 826000000.0,
        "Preferred Dividends": 0.0,
        "Net Income Com": 826000000.0,
        "EPS": 5.63,
        "EPS Diluted": 5.56,
        "Weighted Average Shs Out": 147000000.0,
        "Weighted Average Shs Out (Dil)": 149000000.0,
        "Dividend per Share": 0.0,
        "Gross Margin": 0.690069006901,
        "EBITDA Margin": 0.330933093309,
        "EBIT Margin": 0.264926492649,
        "Profit Margin": 0.247824782478,
        "Free Cash Flow margin": 0.253825382538,
        "EBITDA": 1103000000.0,
        "EBIT": 883000000.0,
        "Consolidated Income": 826000000.0,
        "Earnings Before Tax Margin": 0.268226822682,
        "Net Profit Margin": 0.247824782478
    },
    "2017": {
        "Revenue": 2752000000.0,
        "Revenue Growth": 0.147444538443353,
        "Cost of Revenue": 926000000.0,
        "Gross Profit": 1826000000.0,
        "R&D Expenses": 546000000.0,
        "SG&A Expense": 674000000.0,
        "Operating Expenses": 1220000000.0,
        "Operating Income": 606000000.0,
        "Interest Expense": 37000000.0,
        "Earnings before Tax": 1043000000.0,
        "Income Tax Expense": 365000000.0,
        "Net Income - Non-Controlling int": 0.0,
        "Net Income - Discontinued ops": 0.0,
        "Net Income": 726000000.0,
        "Preferred Dividends": 0.0,
        "Net Income Com": 726000000.0,
        "EPS": 4.96,
        "EPS Diluted": 4.92,
        "Weighted Average Shs Out": 146000000.0,
        "Weighted Average Shs Out (Dil)": 148000000.0,
        "Dividend per Share": 0.0,
        "Gross Margin": 0.66351744186,
        "EBITDA Margin": 0.287790697674,
        "EBIT Margin": 0.220203488372,
        "Profit Margin": 0.263808139535,
        "Free Cash Flow margin": 0.205305232558,
        "EBITDA": 792000000.0,
        "EBIT": 606000000.0,
        "Consolidated Income": 726000000.0,
        "Earnings Before Tax Margin": 0.378997093023,
        "Net Profit Margin": 0.263808139535
    },
    "2016": {
        "Revenue": 2219762000.0,
        "Revenue Growth": 0.192549740565759,
        "Cost of Revenue": 670472000.0,
        "Gross Profit": 1549290000.0,
        "R&D Expenses": 401527000.0,
        "SG&A Expense": 524657000.0,
        "Operating Expenses": 936449000.0,
        "Operating Income": 612841000.0,
        "Interest Expense": 42121000.0,
        "Earnings before Tax": 583142000.0,
        "Income Tax Expense": 125752000.0,
        "Net Income - Non-Controlling int": 0.0,
        "Net Income - Discontinued ops": 0.0,
        "Net Income": 461559000.0,
        "Preferred Dividends": 0.0,
        "Net Income Com": 461559000.0,
        "EPS": 3.19,
        "EPS Diluted": 3.1,
        "Weighted Average Shs Out": 144826000.0,
        "Weighted Average Shs Out (Dil)": 149069000.0,
        "Dividend per Share": 0.0,
        "Gross Margin": 0.697953203992,
        "EBITDA Margin": 0.350387564072,
        "EBIT Margin": 0.27608410271,
        "Profit Margin": 0.207931751242,
        "Free Cash Flow margin": 0.232794777098,
        "EBITDA": 777777000.0,
        "EBIT": 612841000.0,
        "Consolidated Income": 461559000.0,
        "Earnings Before Tax Margin": 0.262704740418,
        "Net Profit Margin": 0.207931751242
    },
    "2014": {
        "Revenue": 1861358000.0,
        "Revenue Growth": 0.30972897131816,
        "Cost of Revenue": 563648000.0,
        "Gross Profit": 1297710000.0,
        "R&D Expenses": 388055000.0,
        "SG&A Expense": 466283000.0,
        "Operating Expenses": 854338000.0,
        "Operating Income": 514711000.0,
        "Interest Expense": 41728000.0,
        "Earnings before Tax": 448758000.0,
        "Income Tax Expense": 95407000.0,
        "Net Income - Non-Controlling int": 0.0,
        "Net Income - Discontinued ops": 0.0,
        "Net Income": 353351000.0,
        "Preferred Dividends": 0.0,
        "Net Income Com": 353351000.0,
        "EPS": 2.61,
        "EPS Diluted": 2.37,
        "Weighted Average Shs Out": 135553000.0,
        "Weighted Average Shs Out (Dil)": 148977000.0,
        "Dividend per Share": 0.0,
        "Gross Margin": 0.697184528715,
        "EBITDA Margin": 0.357456222822,
        "EBIT Margin": 0.276524451503,
        "Profit Margin": 0.189835055911,
        "Free Cash Flow margin": 0.212358396397,
        "EBITDA": 665354000.0,
        "EBIT": 514711000.0,
        "Consolidated Income": 353351000.0,
        "Earnings Before Tax Margin": 0.241091719057,
        "Net Profit Margin": 0.189835055911
    },
    "2013": {
        "Revenue": 1421178000.0,
        "Revenue Growth": 0.237403745354875,
        "Cost of Revenue": 509291000.0,
        "Gross Profit": 911887000.0,
        "R&D Expenses": 276743000.0,
        "SG&A Expense": 381040000.0,
        "Operating Expenses": 777780000.0,
        "Operating Income": 134107000.0,
        "Interest Expense": 39690000.0,
        "Earnings before Tax": -53703000.0,
        "Income Tax Expense": 34006000.0,
        "Net Income - Non-Controlling int": 0.0,
        "Net Income - Discontinued ops": 0.0,
        "Net Income": 125308000.0,
        "Preferred Dividends": 0.0,
        "Net Income Com": 125308000.0,
        "EPS": 1.0,
        "EPS Diluted": 0.9,
        "Weighted Average Shs Out": 125076000.0,
        "Weighted Average Shs Out (Dil)": 139936000.0,
        "Dividend per Share": 0.0,
        "Gross Margin": 0.641641652207,
        "EBITDA Margin": 0.1887652356,
        "EBIT Margin": 0.0943632676554,
        "Profit Margin": 0.0881719249805,
        "Free Cash Flow margin": 0.216162929626,
        "EBITDA": 268269000.0,
        "EBIT": 134107000.0,
        "Consolidated Income": 125308000.0,
        "Earnings Before Tax Margin": -0.0377876662881,
        "Net Profit Margin": 0.0881719249805
    },
    "2012": {
        "Revenue": 1148516000.0,
        "Revenue Growth": 0.0880889785748459,
        "Cost of Revenue": 374988000.0,
        "Gross Profit": 773528000.0,
        "R&D Expenses": 231025000.0,
        "SG&A Expense": 285991000.0,
        "Operating Expenses": 572776000.0,
        "Operating Income": 200752000.0,
        "Interest Expense": 37779000.0,
        "Earnings before Tax": 222608000.0,
        "Income Tax Expense": 71354000.0,
        "Net Income - Non-Controlling int": 0.0,
        "Net Income - Discontinued ops": 0.0,
        "Net Income": 151254000.0,
        "Preferred Dividends": 0.0,
        "Net Income Com": 151254000.0,
        "EPS": 1.23,
        "EPS Diluted": 1.13,
        "Weighted Average Shs Out": 122999000.0,
        "Weighted Average Shs Out (Dil)": 133693000.0,
        "Dividend per Share": 0.0,
        "Gross Margin": 0.673502154084,
        "EBITDA Margin": 0.260811342637,
        "EBIT Margin": 0.174792514863,
        "Profit Margin": 0.131695161408,
        "Free Cash Flow margin": 0.194243702308,
        "EBITDA": 299546000.0,
        "EBIT": 200752000.0,
        "Consolidated Income": 151254000.0,
        "Earnings Before Tax Margin": 0.193822288936,
        "Net Profit Margin": 0.131695161408
    },
    "2011": {
        "Revenue": 0.0,
        "Revenue Growth": -1.0,
        "Cost of Revenue": 0.0,
        "Gross Profit": 0.0,
        "R&D Expenses": 0.0,
        "SG&A Expense": 0.0,
        "Operating Expenses": 0.0,
        "Operating Income": 0.0,
        "Interest Expense": 0.0,
        "Earnings before Tax": 0.0,
        "Income Tax Expense": 0.0,