{
    "2018": {
        "Revenue": 358111000.0,
        "Revenue Growth": 0.435671389283108,
        "Cost of Revenue": 179531000.0,
        "Gross Profit": 178580000.0,
        "R&D Expenses": 7029000.0,
        "SG&A Expense": 133659000.0,
        "Operating Expenses": 140688000.0,
        "Operating Income": 37892000.0,
        "Interest Expense": 0.0,
        "Earnings before Tax": 40455000.0,
        "Income Tax Expense": -11390000.0,
        "Net Income - Non-Controlling int": 0.0,
        "Net Income - Discontinued ops": 0.0,
        "Net Income": 51845000.0,
        "Preferred Dividends": 0.0,
        "Net Income Com": 51845000.0,
        "EPS": 2.44,
        "EPS Diluted": 2.3,
        "Weighted Average Shs Out": 21266696.0,
        "Weighted Average Shs Out (Dil)": 22514513.0,
        "Dividend per Share": 0.0,
        "Gross Margin": 0.498672199402,
        "EBITDA Margin": 0.137351268182,
        "EBIT Margin": 0.10581076817,
        "Profit Margin": 0.144773547866,
        "Free Cash Flow margin": 0.145022074161,
        "EBITDA": 49187000.0,
        "EBIT": 37892000.0,
        "Consolidated Income": 51845000.0,
        "Earnings Before Tax Margin": 0.112967766977,
        "Net Profit Margin": 0.144773547866
    },
    "2017": {
        "Revenue": 249438000.0,
        "Revenue Growth": 0.229794556005305,
        "Cost of Revenue": 128201000.0,
        "Gross Profit": 121237000.0,
        "R&D Expenses": 5313000.0,
        "SG&A Expense": 88334000.0,
        "Operating Expenses": 93647000.0,
        "Operating Income": 27590000.0,
        "Interest Expense": 0.0,
        "Earnings before Tax": 29656000.0,
        "Income Tax Expense": 8654000.0,
        "Net Income - Non-Controlling int": 0.0,
        "Net Income - Discontinued ops": 0.0,
        "Net Income": 21002000.0,
        "Preferred Dividends": 0.0,
        "Net Income Com": 21002000.0,
        "EPS": 1.02,
        "EPS Diluted": 0.96,
        "Weighted Average Shs Out": 20683807.0,
        "Weighted Average Shs Out (Dil)": 21897988.0,
        "Dividend per Share": 0.0,
        "Gross Margin": 0.486040619312,
        "EBITDA Margin": 0.159927517058,
        "EBIT Margin": 0.110608648241,
        "Profit Margin": 0.0841972754753,
        "Free Cash Flow margin": 0.230838925905,
        "EBITDA": 39892000.0,
        "EBIT": 27590000.0,
        "Consolidated Income": 21002000.0,
        "Earnings Before Tax Margin": 0.118891267569,
        "Net Profit Margin": 0.0841972754753
    },
    "2016": {
        "Revenue": 202829000.0,
        "Revenue Growth": 0.275613974403321,
        "Cost of Revenue": 105519000.0,
        "Gross Profit": 97310000.0,
        "R&D Expenses": 5113000.0,
        "SG&A Expense": 69333000.0,
        "Operating Expenses": 74446000.0,
        "Operating Income": 22864000.0,
        "Interest Expense": 6000.0,
        "Earnings before Tax": 22725000.0,
        "Income Tax Expense": 2206000.0,
        "Net Income - Non-Controlling int": 0.0,
        "Net Income - Discontinued ops": 0.0,
        "Net Income": 20519000.0,
        "Preferred Dividends": 0.0,
        "Net Income Com": 20519000.0,
        "EPS": 1.02,
        "EPS Diluted": 0.97,
        "Weighted Average Shs Out": 20067152.0,
        "Weighted Average Shs Out (Dil)": 21095867.0,
        "Dividend per Share": 0.0,
        "Gross Margin": 0.479763741871,
        "EBITDA Margin": 0.179569982596,
        "EBIT Margin": 0.112725497833,
        "Profit Margin": 0.101164034729,
        "Free Cash Flow margin": 0.14453554472,
        "EBITDA": 36422000.0,
        "EBIT": 22864000.0,
        "Consolidated Income": 20519000.0,
        "Earnings Before Tax Margin": 0.112040191491,
        "Net Profit Margin": 0.101164034729
    },
    "2015": {
        "Revenue": 159005000.0,
        "Revenue Growth": 0.412913086362707,
        "Cost of Revenue": 82747000.0,
        "Gross Profit": 76258000.0,
        "R&D Expenses": 4180000.0,
        "SG&A Expense": 57027000.0,
        "Operating Expenses": 61207000.0,
        "Operating Income": 15051000.0,
        "Interest Expense": 22000.0,
        "Earnings before Tax": 14727000.0,
        "Income Tax Expense": 3142000.0,
        "Net Income - Non-Controlling int": 0.0,
        "Net Income - Discontinued ops": 0.0,
        "Net Income": 11585000.0,
        "Preferred Dividends": 0.0,
        "Net Income Com": 11585000.0,
        "EPS": 0.6,
        "EPS Diluted": 0.56,
        "Weighted Average Shs Out": 19398991.0,
        "Weighted Average Shs Out (Dil)": 20708170.0,
        "Dividend per Share": 0.0,
        "Gross Margin": 0.47959498129,
        "EBITDA Margin": 0.18278041571,
        "EBIT Margin": 0.0946574007107,
        "Profit Margin": 0.0728593440458,
        "Free Cash Flow margin": 0.226112386403,
        "EBITDA": 29063000.0,
        "EBIT": 15051000.0,
        "Consolidated Income": 11585000.0,
        "Earnings Before Tax Margin": 0.0926197289393,
        "Net Profit Margin": 0.0728593440458
    },
    "2014": {
        "Revenue": 112537000.0,
        "Revenue Growth": 0.491682462256273,
        "Cost of Revenue": 57020000.0,
        "Gross Profit": 55517000.0,
        "R&D Expenses": 2977000.0,
        "SG&A Expense": 42029000.0,
        "Operating Expenses": 45006000.0,
        "Operating Income": 10511000.0,
        "Interest Expense": 449000.0,
        "Earnings before Tax": 10052000.0,
        "Income Tax Expense": 3226000.0,
        "Net Income - Non-Controlling int": 0.0,
        "Net Income - Discontinued ops": 0.0,
        "Net Income": 6826000.0,
        "Preferred Dividends": 0.0,
        "Net Income Com": 6826000.0,
        "EPS": 0.33,
        "EPS Diluted": 0.3,
        "Weighted Average Shs Out": 16182569.0,
        "Weighted Average Shs Out (Dil)": 18037498.0,
        "Dividend per Share": 0.0,
        "Gross Margin": 0.493322196255,
        "EBITDA Margin": 0.20074286679,
        "EBIT Margin": 0.0934003927597,
        "Profit Margin": 0.0606556066005,
        "Free Cash Flow margin": 0.125700880599,
        "EBITDA": 22591000.0,
        "EBIT": 10511000.0,
        "Consolidated Income": 6826000.0,
        "Earnings Before Tax Margin": 0.0893217341852,
        "Net Profit Margin": 0.0606556066005
    },
    "2013": {
        "Revenue": 75443000.0,
        "Revenue Growth": 0.553092061923584,
        "Cost of Revenue": 36452000.0,
        "Gross Profit": 38991000.0,
        "R&D Expenses": 2398000.0,
        "SG&A Expense": 32129000.0,
        "Operating Expenses": 34527000.0,
        "Operating Income": 4464000.0,
        "Interest Expense": 562000.0,
        "Earnings before Tax": 3848000.0,
        "Income Tax Expense": -21587000.0,
        "Net Income - Non-Controlling int": 0.0,
        "Net Income - Discontinued ops": 0.0,
        "Net Income": 25435000.0,
        "Preferred Dividends": 0.0,
        "Net Income Com": 25435000.0,
        "EPS": 0.76,
        "EPS Diluted": 0.68,
        "Weighted Average Shs Out": 18147544.0,
        "Weighted Average Shs Out (Dil)": 276535.0,
        "Dividend per Share": 0.0,
        "Gross Margin": 0.5168,
        "EBITDA Margin": 0.172,
        "EBIT Margin": 0.0585,
        "Profit Margin": 0.337,
        "Free Cash Flow margin": -0.062,
        "EBITDA": 12954000.0,
        "EBIT": 4410000.0,
        "Consolidated Income": 25435000.0,
        "Earnings Before Tax Margin": 0.051,
        "Net Profit Margin": 0.3371
    },
    "2012": {
        "Revenue": 48576000.0,
        "Revenue Growth": 0.585689103610368,
        "Cost of Revenue": 24627000.0,
        "Gross Profit": 23949000.0,
        "R&D Expenses": 2262000.0,
        "SG&A Expense": 20858000.0,
        "Operating Expenses": 23120000.0,
        "Operating Income": 829000.0,
        "Interest Expense": 493000.0,
        "Earnings before Tax": 582000.0,
        "Income Tax Expense": 18000.0,
        "Net Income - Non-Controlling int": 0.0,
        "Net Income - Discontinued ops": 0.0,
        "Net Income": 564000.0,