{
    "2019": {
        "Revenue": 6784000000.0,
        "Revenue Growth": 0.137491616364856,
        "Cost of Revenue": 1173000000.0,
        "Gross Profit": 5611000000.0,
        "R&D Expenses": 1233000000.0,
        "SG&A Expense": 2524000000.0,
        "Operating Expenses": 3757000000.0,
        "Operating Income": 1854000000.0,
        "Interest Expense": 0.0,
        "Earnings before Tax": 1881000000.0,
        "Income Tax Expense": 324000000.0,
        "Net Income - Non-Controlling int": 0.0,
        "Net Income - Discontinued ops": 0.0,
        "Net Income": 1557000000.0,
        "Preferred Dividends": 0.0,
        "Net Income Com": 1557000000.0,
        "EPS": 5.99,
        "EPS Diluted": 5.89,
        "Weighted Average Shs Out": 260000000.0,
        "Weighted Average Shs Out (Dil)": 264000000.0,
        "Dividend per Share": 1.89772727273,
        "Gross Margin": 0.827093160377,
        "EBITDA Margin": 0.306456367925,
        "EBIT Margin": 0.27329009434,
        "Profit Margin": 0.229510613208,
        "Free Cash Flow margin": 0.331367924528,
        "EBITDA": 2079000000.0,
        "EBIT": 1854000000.0,
        "Consolidated Income": 1557000000.0,
        "Earnings Before Tax Margin": 0.27727004717,
        "Net Profit Margin": 0.229510613208
    },
    "2018": {
        "Revenue": 5964000000.0,
        "Revenue Growth": 0.152018543558045,
        "Cost of Revenue": 983000000.0,
        "Gross Profit": 4981000000.0,
        "R&D Expenses": 1186000000.0,
        "SG&A Expense": 2298000000.0,
        "Operating Expenses": 3484000000.0,
        "Operating Income": 1497000000.0,
        "Interest Expense": 0.0,
        "Earnings before Tax": 1503000000.0,
        "Income Tax Expense": 292000000.0,
        "Net Income - Non-Controlling int": 0.0,
        "Net Income - Discontinued ops": 0.0,
        "Net Income": 1211000000.0,
        "Preferred Dividends": 0.0,
        "Net Income Com": 1211000000.0,
        "EPS": 4.72,
        "EPS Diluted": 4.64,
        "Weighted Average Shs Out": 256000000.0,
        "Weighted Average Shs Out (Dil)": 261000000.0,
        "Dividend per Share": 1.55938697318,
        "Gross Margin": 0.835177733065,
        "EBITDA Margin": 0.293427230047,
        "EBIT Margin": 0.251006036217,
        "Profit Margin": 0.203051643192,
        "Free Cash Flow margin": 0.347753185781,
        "EBITDA": 1750000000.0,
        "EBIT": 1497000000.0,
        "Consolidated Income": 1211000000.0,
        "Earnings Before Tax Margin": 0.252012072435,
        "Net Profit Margin": 0.203051643192
    },
    "2017": {
        "Revenue": 5177000000.0,
        "Revenue Growth": 0.102897315722199,
        "Cost of Revenue": 811000000.0,
        "Gross Profit": 4366000000.0,
        "R&D Expenses": 998000000.0,
        "SG&A Expense": 1973000000.0,
        "Operating Expenses": 2971000000.0,
        "Operating Income": 1395000000.0,
        "Interest Expense": 0.0,
        "Earnings before Tax": 1367000000.0,
        "Income Tax Expense": 396000000.0,
        "Net Income - Non-Controlling int": 0.0,
        "Net Income - Discontinued ops": 0.0,
        "Net Income": 971000000.0,
        "Preferred Dividends": 0.0,
        "Net Income Com": 971000000.0,
        "EPS": 3.78,
        "EPS Diluted": 3.72,
        "Weighted Average Shs Out": 257000000.0,
        "Weighted Average Shs Out (Dil)": 261000000.0,
        "Dividend per Share": 1.35249042146,
        "Gross Margin": 0.843345566931,
        "EBITDA Margin": 0.315047324705,
        "EBIT Margin": 0.269461077844,
        "Profit Margin": 0.187560363145,
        "Free Cash Flow margin": 0.289163608267,
        "EBITDA": 1631000000.0,
        "EBIT": 1395000000.0,
        "Consolidated Income": 971000000.0,
        "Earnings Before Tax Margin": 0.264052540081,
        "Net Profit Margin": 0.187560363145
    },
    "2016": {
        "Revenue": 4694000000.0,
        "Revenue Growth": 0.119751908396947,
        "Cost of Revenue": 764000000.0,
        "Gross Profit": 3930000000.0,
        "R&D Expenses": 881000000.0,
        "SG&A Expense": 1807000000.0,
        "Operating Expenses": 2688000000.0,
        "Operating Income": 1242000000.0,
        "Interest Expense": 0.0,
        "Earnings before Tax": 1203000000.0,
        "Income Tax Expense": 397000000.0,
        "Net Income - Non-Controlling int": 0.0,
        "Net Income - Discontinued ops": 0.0,
        "Net Income": 979000000.0,
        "Preferred Dividends": 0.0,
        "Net Income Com": 979000000.0,
        "EPS": 3.73,
        "EPS Diluted": 3.69,
        "Weighted Average Shs Out": 262000000.0,
        "Weighted Average Shs Out (Dil)": 265000000.0,
        "Dividend per Share": 1.2,
        "Gross Margin": 0.837239028547,
        "EBITDA Margin": 0.31529612271,
        "EBIT Margin": 0.264593097571,
        "Profit Margin": 0.208564124414,
        "Free Cash Flow margin": 0.209842351939,
        "EBITDA": 1480000000.0,
        "EBIT": 1242000000.0,
        "Consolidated Income": 979000000.0,
        "Earnings Before Tax Margin": 0.256284618662,
        "Net Profit Margin": 0.208564124414
    },
    "2015": {
        "Revenue": 4192000000.0,
        "Revenue Growth": -0.0696848646249445,
        "Cost of Revenue": 885000000.0,
        "Gross Profit": 3307000000.0,
        "R&D Expenses": 798000000.0,
        "SG&A Expense": 1771000000.0,
        "Operating Expenses": 2569000000.0,
        "Operating Income": 738000000.0,
        "Interest Expense": 0.0,
        "Earnings before Tax": 712000000.0,
        "Income Tax Expense": 299000000.0,
        "Net Income - Non-Controlling int": 0.0,
        "Net Income - Discontinued ops": 0.0,
        "Net Income": 365000000.0,
        "Preferred Dividends": 0.0,
        "Net Income Com": 365000000.0,
        "EPS": 1.3,
        "EPS Diluted": 1.28,
        "Weighted Average Shs Out": 281000000.0,
        "Weighted Average Shs Out (Dil)": 286000000.0,
        "Dividend per Share": 0.98951048951,
        "Gross Margin": 0.788883587786,
        "EBITDA Margin": 0.231154580153,
        "EBIT Margin": 0.176049618321,
        "Profit Margin": 0.087070610687,
        "Free Cash Flow margin": 0.324904580153,
        "EBITDA": 969000000.0,
        "EBIT": 738000000.0,
        "Consolidated Income": 365000000.0,
        "Earnings Before Tax Margin": 0.169847328244,
        "Net Profit Margin": 0.087070610687
    },
    "2014": {
        "Revenue": 4506000000.0,
        "Revenue Growth": 0.0803164708702949,
        "Cost of Revenue": 688000000.0,
        "Gross Profit": 3818000000.0,
        "R&D Expenses": 758000000.0,
        "SG&A Expense": 1746000000.0,
        "Operating Expenses": 2504000000.0,
        "Operating Income": 1314000000.0,
        "Interest Expense": 0.0,
        "Earnings before Tax": 1314000000.0,
        "Income Tax Expense": 453000000.0,
        "Net Income - Non-Controlling int": 0.0,
        "Net Income - Discontinued ops": 0.0,
        "Net Income": 907000000.0,
        "Preferred Dividends": 0.0,
        "Net Income Com": 907000000.0,
        "EPS": 3.18,
        "EPS Diluted": 3.12,
        "Weighted Average Shs Out": 285000000.0,
        "Weighted Average Shs Out (Dil)": 291000000.0,
        "Dividend per Share": 0.756013745704,
        "Gross Margin": 0.847314691522,
        "EBITDA Margin": 0.335330670217,
        "EBIT Margin": 0.291611185087,
        "Profit Margin": 0.201287172659,
        "Free Cash Flow margin": 0.297825122059,
        "EBITDA": 1511000000.0,
        "EBIT": 1314000000.0,
        "Consolidated Income": 907000000.0,
        "Earnings Before Tax Margin": 0.291611185087,
        "Net Profit Margin": 0.201287172659
    },
    "2013": {
        "Revenue": 4171000000.0,
        "Revenue Growth": 0.00481811611659841,
        "Cost of Revenue": 612000000.0,
        "Gross Profit": 3559000000.0,
        "R&D Expenses": 685000000.0,
        "SG&A Expense": 1641000000.0,
        "Operating Expenses": 2326000000.0,
        "Operating Income": 1233000000.0,