{
    "2018": {
        "Revenue": 1722962000.0,
        "Revenue Growth": 4474.22597402597,
        "Cost of Revenue": 1620366000.0,
        "Gross Profit": 102596000.0,
        "R&D Expenses": 0.0,
        "SG&A Expense": 98764000.0,
        "Operating Expenses": 164249000.0,
        "Operating Income": -4927000.0,
        "Interest Expense": 383595000.0,
        "Earnings before Tax": -66851000.0,
        "Income Tax Expense": 0.0,
        "Net Income - Non-Controlling int": 0.0,
        "Net Income - Discontinued ops": 0.0,
        "Net Income": -4927000.0,
        "Preferred Dividends": 0.0,
        "Net Income Com": -4927000.0,
        "EPS": -0.01,
        "EPS Diluted": -0.01,
        "Weighted Average Shs Out": 520376928.69,
        "Weighted Average Shs Out (Dil)": 520376928.69,
        "Dividend per Share": 0.442125673364,
        "Gross Margin": 0.0595462929536,
        "EBITDA Margin": 0.350087233497,
        "EBIT Margin": -0.00285961036866,
        "Profit Margin": -0.00285961036866,
        "Free Cash Flow margin": 0.323404694938,
        "EBITDA": 603187000.0,
        "EBIT": -4927000.0,
        "Consolidated Income": -4927000.0,
        "Earnings Before Tax Margin": -0.0388000431815,
        "Net Profit Margin": -0.00285961036866
    },
    "2017": {
        "Revenue": 385000.0,
        "Revenue Growth": -0.999582695182135,
        "Cost of Revenue": 391495000.0,
        "Gross Profit": -391110000.0,
        "R&D Expenses": 0.0,
        "SG&A Expense": 167739000.0,
        "Operating Expenses": 936249000.0,
        "Operating Income": 118207000.0,
        "Interest Expense": 256970000.0,
        "Earnings before Tax": -57482000.0,
        "Income Tax Expense": 0.0,
        "Net Income - Non-Controlling int": 0.0,
        "Net Income - Discontinued ops": 0.0,
        "Net Income": -105337000.0,
        "Preferred Dividends": 0.0,
        "Net Income Com": -105337000.0,
        "EPS": -0.26,
        "EPS Diluted": -0.26,
        "Weighted Average Shs Out": 339423442.0,
        "Weighted Average Shs Out (Dil)": 339423442.0,
        "Dividend per Share": 0.203277061812,
        "Gross Margin": -1015.87012987,
        "EBITDA Margin": 1204.12727273,
        "EBIT Margin": 307.031168831,
        "Profit Margin": -273.602597403,
        "Free Cash Flow margin": 664.163636364,
        "EBITDA": 463589000.0,
        "EBIT": 118207000.0,
        "Consolidated Income": -105337000.0,
        "Earnings Before Tax Margin": -149.303896104,
        "Net Profit Margin": -273.602597403
    },
    "2016": {
        "Revenue": 922587000.0,
        "Revenue Growth": 0.103508287193693,
        "Cost of Revenue": 390820000.0,
        "Gross Profit": 531767000.0,
        "R&D Expenses": 0.0,
        "SG&A Expense": 69102000.0,
        "Operating Expenses": 322400000.0,
        "Operating Income": 209367000.0,
        "Interest Expense": 286048000.0,
        "Earnings before Tax": -78239000.0,
        "Income Tax Expense": 0.0,
        "Net Income - Non-Controlling int": 0.0,
        "Net Income - Discontinued ops": 0.0,
        "Net Income": -78239000.0,
        "Preferred Dividends": 0.0,
        "Net Income Com": -78239000.0,
        "EPS": -0.25,
        "EPS Diluted": -0.25,
        "Weighted Average Shs Out": 302116760.0,
        "Weighted Average Shs Out (Dil)": 302116760.0,
        "Dividend per Share": 0.0,
        "Gross Margin": 0.5764,
        "EBITDA Margin": 0.515,
        "EBIT Margin": 0.2252,
        "Profit Margin": -0.085,
        "Free Cash Flow margin": 0.009,
        "EBITDA": 475490000.0,
        "EBIT": 207809000.0,
        "Consolidated Income": -78239000.0,
        "Earnings Before Tax Margin": -0.0848,
        "Net Profit Margin": -0.0848
    },
    "2015": {
        "Revenue": 836049000.0,
        "Revenue Growth": 0.269198538989133,
        "Cost of Revenue": 387421000.0,
        "Gross Profit": 448628000.0,
        "R&D Expenses": 0.0,
        "SG&A Expense": 79428000.0,
        "Operating Expenses": 331979000.0,
        "Operating Income": 116649000.0,
        "Interest Expense": 273736000.0,
        "Earnings before Tax": -160208000.0,
        "Income Tax Expense": 0.0,
        "Net Income - Non-Controlling int": 0.0,
        "Net Income - Discontinued ops": 0.0,
        "Net Income": -160208000.0,
        "Preferred Dividends": 0.0,
        "Net Income Com": -160208000.0,
        "EPS": -0.53,
        "EPS Diluted": -0.53,
        "Weighted Average Shs Out": 302116760.0,
        "Weighted Average Shs Out (Dil)": 302116760.0,
        "Dividend per Share": 0.0,
        "Gross Margin": 0.5366,
        "EBITDA Margin": 0.435,
        "EBIT Margin": 0.1358,
        "Profit Margin": -0.192,
        "Free Cash Flow margin": -0.7423,
        "EBITDA": 363767000.0,
        "EBIT": 113528000.0,
        "Consolidated Income": -160208000.0,
        "Earnings Before Tax Margin": -0.1916,
        "Net Profit Margin": -0.1916
    },
    "2014": {
        "Revenue": 658722000.0,
        "Revenue Growth": NaN,
        "Cost of Revenue": 383164000.0,
        "Gross Profit": 275558000.0,
        "R&D Expenses": 0.0,
        "SG&A Expense": 88177000.0,
        "Operating Expenses": 307381000.0,
        "Operating Income": -31823000.0,
        "Interest Expense": 235812000.0,
        "Earnings before Tax": -269861000.0,
        "Income Tax Expense": 0.0,
        "Net Income - Non-Controlling int": 0.0,
        "Net Income - Discontinued ops": 0.0,
        "Net Income": -269861000.0,
        "Preferred Dividends": 0.0,
        "Net Income Com": -269861000.0,
        "EPS": NaN,
        "EPS Diluted": NaN,
        "Weighted Average Shs Out": NaN,
        "Weighted Average Shs Out (Dil)": NaN,
        "Dividend per Share": 0.0,
        "Gross Margin": 0.4183,
        "EBITDA Margin": 0.276,
        "EBIT Margin": -0.0517,
        "Profit Margin": -0.41,
        "Free Cash Flow margin": -2.6286,
        "EBITDA": 181759000.0,
        "EBIT": -34049000.0,
        "Consolidated Income": -269861000.0,
        "Earnings Before Tax Margin": -0.4097,
        "Net Profit Margin": -0.4097
    }
}