{
    "2018": {
        "Revenue": 15668200000.0,
        "Revenue Growth": 0.103580886910464,
        "Cost of Revenue": 10847600000.0,
        "Gross Profit": 4820600000.0,
        "R&D Expenses": 0.0,
        "SG&A Expense": 2903200000.0,
        "Operating Expenses": 2903200000.0,
        "Operating Income": 1917400000.0,
        "Interest Expense": 220700000.0,
        "Earnings before Tax": 1660300000.0,
        "Income Tax Expense": 281300000.0,
        "Net Income - Non-Controlling int": 0.0,
        "Net Income - Discontinued ops": 0.0,
        "Net Income": 1337600000.0,
        "Preferred Dividends": 0.0,
        "Net Income Com": 1337600000.0,
        "EPS": 5.41,
        "EPS Diluted": 5.35,
        "Weighted Average Shs Out": 247200000.0,
        "Weighted Average Shs Out (Dil)": 250100000.0,
        "Dividend per Share": 1.91723310676,
        "Gross Margin": 0.307667760177,
        "EBITDA Margin": 0.145447466844,
        "EBIT Margin": 0.12237525689,
        "Profit Margin": 0.0853703680065,
        "Free Cash Flow margin": 0.0665168940912,
        "EBITDA": 2278900000.0,
        "EBIT": 1917400000.0,
        "Consolidated Income": 1337600000.0,
        "Earnings Before Tax Margin": 0.105966224582,
        "Net Profit Margin": 0.0853703680065
    },
    "2017": {
        "Revenue": 14197600000.0,
        "Revenue Growth": 0.0509812049833813,
        "Cost of Revenue": 9811600000.0,
        "Gross Profit": 4386000000.0,
        "R&D Expenses": 210800000.0,
        "SG&A Expense": 2720700000.0,
        "Operating Expenses": 2931500000.0,
        "Operating Income": 1665300000.0,
        "Interest Expense": 215800000.0,
        "Earnings before Tax": 1417900000.0,
        "Income Tax Expense": 80200000.0,
        "Net Income - Non-Controlling int": 0.0,
        "Net Income - Discontinued ops": 0.0,
        "Net Income": 1302600000.0,
        "Preferred Dividends": 0.0,
        "Net Income Com": 1302600000.0,
        "EPS": 5.11,
        "EPS Diluted": 5.05,
        "Weighted Average Shs Out": 254900000.0,
        "Weighted Average Shs Out (Dil)": 258100000.0,
        "Dividend per Share": 1.66640836885,
        "Gross Margin": 0.308925452189,
        "EBITDA Margin": 0.142178959824,
        "EBIT Margin": 0.117294472305,
        "Profit Margin": 0.0917479010537,
        "Free Cash Flow margin": 0.0917197272778,
        "EBITDA": 2018600000.0,
        "EBIT": 1665300000.0,
        "Consolidated Income": 1302600000.0,
        "Earnings Before Tax Margin": 0.0998689919423,
        "Net Profit Margin": 0.0917479010537
    },
    "2016": {
        "Revenue": 13508900000.0,
        "Revenue Growth": 0.0156533114798469,
        "Cost of Revenue": 9329300000.0,
        "Gross Profit": 4179600000.0,
        "R&D Expenses": 207900000.0,
        "SG&A Expense": 2606500000.0,
        "Operating Expenses": 2814400000.0,
        "Operating Income": 1573100000.0,
        "Interest Expense": 221500000.0,
        "Earnings before Tax": 1741300000.0,
        "Income Tax Expense": 281500000.0,
        "Net Income - Non-Controlling int": 0.0,
        "Net Income - Discontinued ops": 0.0,
        "Net Income": 1476200000.0,
        "Preferred Dividends": 0.0,
        "Net Income Com": 1476200000.0,
        "EPS": 5.7,
        "EPS Diluted": 5.65,
        "Weighted Average Shs Out": 259200000.0,
        "Weighted Average Shs Out (Dil)": 261700000.0,
        "Dividend per Share": 1.33205961024,
        "Gross Margin": 0.309396027804,
        "EBITDA Margin": 0.14252085662,
        "EBIT Margin": 0.116449155742,
        "Profit Margin": 0.109276106863,
        "Free Cash Flow margin": 0.0975282961603,
        "EBITDA": 1925300000.0,
        "EBIT": 1573100000.0,
        "Consolidated Income": 1476200000.0,
        "Earnings Before Tax Margin": 0.128900206531,
        "Net Profit Margin": 0.109276106863
    },
    "2015": {
        "Revenue": 13300700000.0,
        "Revenue Growth": 0.0317498487363669,
        "Cost of Revenue": 9301600000.0,
        "Gross Profit": 3999100000.0,
        "R&D Expenses": 205900000.0,
        "SG&A Expense": 2541100000.0,
        "Operating Expenses": 2747000000.0,
        "Operating Income": 1458000000.0,
        "Interest Expense": 223000000.0,
        "Earnings before Tax": 1247900000.0,
        "Income Tax Expense": 540800000.0,
        "Net Income - Non-Controlling int": 0.0,
        "Net Income - Discontinued ops": 0.0,
        "Net Income": 664600000.0,
        "Preferred Dividends": 0.0,
        "Net Income Com": 664600000.0,
        "EPS": 2.51,
        "EPS Diluted": 2.48,
        "Weighted Average Shs Out": 265100000.0,
        "Weighted Average Shs Out (Dil)": 267800000.0,
        "Dividend per Share": 1.13256161314,
        "Gross Margin": 0.300668385874,
        "EBITDA Margin": 0.136992789853,
        "EBIT Margin": 0.109618290767,
        "Profit Margin": 0.0499672949544,
        "Free Cash Flow margin": 0.0452231837422,
        "EBITDA": 1822100000.0,
        "EBIT": 1458000000.0,
        "Consolidated Income": 664600000.0,
        "Earnings Before Tax Margin": 0.0938221296623,
        "Net Profit Margin": 0.0499672949544
    },
    "2014": {
        "Revenue": 12891400000.0,
        "Revenue Growth": 0.0437957977409821,
        "Cost of Revenue": 8982800000.0,
        "Gross Profit": 3908600000.0,
        "R&D Expenses": 212300000.0,
        "SG&A Expense": 2503900000.0,
        "Operating Expenses": 2716200000.0,
        "Operating Income": 1404700000.0,
        "Interest Expense": 225300000.0,
        "Earnings before Tax": 1209400000.0,
        "Income Tax Expense": 293700000.0,
        "Net Income - Non-Controlling int": 0.0,
        "Net Income - Discontinued ops": 0.0,
        "Net Income": 931700000.0,
        "Preferred Dividends": 0.0,
        "Net Income Com": 931700000.0,
        "EPS": 3.44,
        "EPS Diluted": 3.4,
        "Weighted Average Shs Out": 270500000.0,
        "Weighted Average Shs Out (Dil)": 274300000.0,
        "Dividend per Share": 0.965001822822,
        "Gross Margin": 0.303194377647,
        "EBITDA Margin": 0.134748747227,
        "EBIT Margin": 0.108964115612,
        "Profit Margin": 0.0722729881937,
        "Free Cash Flow margin": 0.0573793381634,
        "EBITDA": 1737100000.0,
        "EBIT": 1404700000.0,
        "Consolidated Income": 931700000.0,
        "Earnings Before Tax Margin": 0.0938144809718,
        "Net Profit Margin": 0.0722729881937
    },
    "2013": {
        "Revenue": 12350500000.0,
        "Revenue Growth": -0.120015105202032,
        "Cost of Revenue": 8675500000.0,
        "Gross Profit": 3675000000.0,
        "R&D Expenses": 218200000.0,
        "SG&A Expense": 2570000000.0,
        "Operating Expenses": 2788200000.0,
        "Operating Income": 1105000000.0,
        "Interest Expense": 278800000.0,
        "Earnings before Tax": 829600000.0,
        "Income Tax Expense": 189000000.0,
        "Net Income - Non-Controlling int": 0.0,
        "Net Income - Discontinued ops": 0.0,
        "Net Income": 618800000.0,
        "Preferred Dividends": 0.0,
        "Net Income Com": 618800000.0,
        "EPS": 2.11,
        "EPS Diluted": 2.07,
        "Weighted Average Shs Out": 294100000.0,
        "Weighted Average Shs Out (Dil)": 298300000.0,
        "Dividend per Share": 0.822996982903,
        "Gross Margin": 0.297558803287,
        "EBITDA Margin": 0.116489210963,
        "EBIT Margin": 0.0894700619408,
        "Profit Margin": 0.0501032346869,
        "Free Cash Flow margin": 0.0751548520303,
        "EBITDA": 1438700000.0,
        "EBIT": 1105000000.0,
        "Consolidated Income": 618800000.0,
        "Earnings Before Tax Margin": 0.0671713695802,
        "Net Profit Margin": 0.0501032346869
    },
    "2012": {
        "Revenue": 14034900000.0,
        "Revenue Growth": -0.0505411987552429,
        "Cost of Revenue": 9758200000.0,
        "Gross Profit": 4276700000.0,
        "R&D Expenses": 273600000.0,
        "SG&A Expense": 2776000000.0,