{
    "2018": {
        "Revenue": 581644000.0,
        "Revenue Growth": 1.1758993236368,
        "Cost of Revenue": 201849000.0,
        "Gross Profit": 379795000.0,
        "R&D Expenses": 29000.0,
        "SG&A Expense": 122472000.0,
        "Operating Expenses": 248316000.0,
        "Operating Income": 131479000.0,
        "Interest Expense": 25152000.0,
        "Earnings before Tax": 231933000.0,
        "Income Tax Expense": 66475000.0,
        "Net Income - Non-Controlling int": 0.0,
        "Net Income - Discontinued ops": 0.0,
        "Net Income": 165458000.0,
        "Preferred Dividends": 0.0,
        "Net Income Com": 165458000.0,
        "EPS": 0.78,
        "EPS Diluted": 0.78,
        "Weighted Average Shs Out": 213128000.0,
        "Weighted Average Shs Out (Dil)": 213203000.0,
        "Dividend per Share": 0.0,
        "Gross Margin": 0.652968138586,
        "EBITDA Margin": 0.612357386993,
        "EBIT Margin": 0.226047204132,
        "Profit Margin": 0.284466099539,
        "Free Cash Flow margin": 0.735253866626,
        "EBITDA": 356174000.0,
        "EBIT": 131479000.0,
        "Consolidated Income": 165458000.0,
        "Earnings Before Tax Margin": 0.398754220795,
        "Net Profit Margin": 0.284466099539
    },
    "2017": {
        "Revenue": 267312000.0,
        "Revenue Growth": 2.49326990930713,
        "Cost of Revenue": -311010000.0,
        "Gross Profit": 578322000.0,
        "R&D Expenses": 31000.0,
        "SG&A Expense": 466067000.0,
        "Operating Expenses": 927195000.0,
        "Operating Income": -348873000.0,
        "Interest Expense": 2861000.0,
        "Earnings before Tax": -393991000.0,
        "Income Tax Expense": 57943000.0,
        "Net Income - Non-Controlling int": 0.0,
        "Net Income - Discontinued ops": 0.0,
        "Net Income": -451934000.0,
        "Preferred Dividends": 0.0,
        "Net Income Com": -451934000.0,
        "EPS": -0.36,
        "EPS Diluted": -0.36,
        "Weighted Average Shs Out": 212932000.0,
        "Weighted Average Shs Out (Dil)": 212932000.0,
        "Dividend per Share": 0.0,
        "Gross Margin": 2.16347189801,
        "EBITDA Margin": -0.887419943736,
        "EBIT Margin": -1.3051153708,
        "Profit Margin": -1.69066110014,
        "Free Cash Flow margin": 0.669146914467,
        "EBITDA": -237218000.0,
        "EBIT": -348873000.0,
        "Consolidated Income": -451934000.0,
        "Earnings Before Tax Margin": -1.47389941342,
        "Net Profit Margin": -1.69066110014
    },
    "2016": {
        "Revenue": 76522000.0,
        "Revenue Growth": 1.26055360255236,
        "Cost of Revenue": 12896000.0,
        "Gross Profit": 63626000.0,
        "R&D Expenses": 2484000.0,
        "SG&A Expense": 11690000.0,
        "Operating Expenses": 55612000.0,
        "Operating Income": 8014000.0,
        "Interest Expense": 2629000.0,
        "Earnings before Tax": 0.0,
        "Income Tax Expense": 0.0,
        "Net Income - Non-Controlling int": -9760000.0,
        "Net Income - Discontinued ops": 0.0,
        "Net Income": 0.0,
        "Preferred Dividends": 0.0,
        "Net Income Com": 0.0,
        "EPS": -0.05,
        "EPS Diluted": -0.05,
        "Weighted Average Shs Out": 211075000.0,
        "Weighted Average Shs Out (Dil)": 211075000.0,
        "Dividend per Share": 0.0,
        "Gross Margin": 0.8315,
        "EBITDA Margin": 0.563,
        "EBIT Margin": 0.0344,
        "Profit Margin": 0.0,
        "Free Cash Flow margin": -2.1346,
        "EBITDA": 43046000.0,
        "EBIT": 2629000.0,
        "Consolidated Income": -9760000.0,
        "Earnings Before Tax Margin": 0.0,
        "Net Profit Margin": 0.0
    },
    "2015": {
        "Revenue": 33851000.0,
        "Revenue Growth": 1.07929975429975,
        "Cost of Revenue": 5580000.0,
        "Gross Profit": 28271000.0,
        "R&D Expenses": 11000.0,
        "SG&A Expense": 7446000.0,
        "Operating Expenses": 36881000.0,
        "Operating Income": -8610000.0,
        "Interest Expense": 197000.0,
        "Earnings before Tax": 0.0,
        "Income Tax Expense": 0.0,
        "Net Income - Non-Controlling int": -7484000.0,
        "Net Income - Discontinued ops": 0.0,
        "Net Income": 0.0,
        "Preferred Dividends": 0.0,
        "Net Income Com": 0.0,
        "EPS": -0.04,
        "EPS Diluted": -0.04,
        "Weighted Average Shs Out": 211000000.0,
        "Weighted Average Shs Out (Dil)": NaN,
        "Dividend per Share": 0.0,
        "Gross Margin": 0.8352,
        "EBITDA Margin": 0.676,
        "EBIT Margin": 0.0058,
        "Profit Margin": 0.0,
        "Free Cash Flow margin": -2.6546,
        "EBITDA": 22882000.0,
        "EBIT": 197000.0,
        "Consolidated Income": -7484000.0,
        "Earnings Before Tax Margin": 0.0,
        "Net Profit Margin": 0.0
    },
    "2014": {
        "Revenue": 16280000.0,
        "Revenue Growth": NaN,
        "Cost of Revenue": 3082000.0,
        "Gross Profit": 13198000.0,
        "R&D Expenses": 0.0,
        "SG&A Expense": 7330000.0,
        "Operating Expenses": 17252000.0,
        "Operating Income": -4054000.0,
        "Interest Expense": 0.0,
        "Earnings before Tax": 1321000.0,
        "Income Tax Expense": 0.0,
        "Net Income - Non-Controlling int": 0.0,
        "Net Income - Discontinued ops": 0.0,
        "Net Income": 1321000.0,
        "Preferred Dividends": 0.0,
        "Net Income Com": 1321000.0,
        "EPS": NaN,
        "EPS Diluted": NaN,
        "Weighted Average Shs Out": NaN,
        "Weighted Average Shs Out (Dil)": NaN,
        "Dividend per Share": 0.0,
        "Gross Margin": 0.8107,
        "EBITDA Margin": 0.6,
        "EBIT Margin": 0.0811,
        "Profit Margin": 0.081,
        "Free Cash Flow margin": -11.0229,
        "EBITDA": 9765000.0,
        "EBIT": 1321000.0,
        "Consolidated Income": 1321000.0,
        "Earnings Before Tax Margin": 0.0811,
        "Net Profit Margin": 0.0811
    }
}