{
    "2018": {
        "Revenue": 65762946.0,
        "Revenue Growth": -0.201155799005323,
        "Cost of Revenue": 44455697.0,
        "Gross Profit": 21307249.0,
        "R&D Expenses": 3786000.0,
        "SG&A Expense": 27501691.0,
        "Operating Expenses": 31287691.0,
        "Operating Income": -6558118.0,
        "Interest Expense": 0.0,
        "Earnings before Tax": -6386468.0,
        "Income Tax Expense": 405267.0,
        "Net Income - Non-Controlling int": 0.0,
        "Net Income - Discontinued ops": 0.0,
        "Net Income": -6791735.0,
        "Preferred Dividends": 0.0,
        "Net Income Com": -6791735.0,
        "EPS": -0.75,
        "EPS Diluted": -0.75,
        "Weighted Average Shs Out": 9108777.0,
        "Weighted Average Shs Out (Dil)": 9108777.0,
        "Dividend per Share": 0.163893681885,
        "Gross Margin": 0.324000828673,
        "EBITDA Margin": -0.0660443344494,
        "EBIT Margin": -0.0997236042315,
        "Profit Margin": -0.103276015037,
        "Free Cash Flow margin": -0.0834262960178,
        "EBITDA": -4343270.0,
        "EBIT": -6558118.0,
        "Consolidated Income": -6791735.0,
        "Earnings Before Tax Margin": -0.0971134717718,
        "Net Profit Margin": -0.103276015037
    },
    "2017": {
        "Revenue": 82322618.0,
        "Revenue Growth": -0.17141231078289,
        "Cost of Revenue": 61486379.0,
        "Gross Profit": 20836239.0,
        "R&D Expenses": 3639000.0,
        "SG&A Expense": 28699138.0,
        "Operating Expenses": 32601068.0,
        "Operating Income": -11764829.0,
        "Interest Expense": 0.0,
        "Earnings before Tax": -11860135.0,
        "Income Tax Expense": -34503.0,
        "Net Income - Non-Controlling int": 0.0,
        "Net Income - Discontinued ops": 0.0,
        "Net Income": -11825632.0,
        "Preferred Dividends": 0.0,
        "Net Income Com": -11825632.0,
        "EPS": -1.32,
        "EPS Diluted": -1.32,
        "Weighted Average Shs Out": 8942523.0,
        "Weighted Average Shs Out (Dil)": 8942523.0,
        "Dividend per Share": 0.163074559607,
        "Gross Margin": 0.253104669242,
        "EBITDA Margin": -0.104204302638,
        "EBIT Margin": -0.142911259212,
        "Profit Margin": -0.143649853312,
        "Free Cash Flow margin": 0.0349424382981,
        "EBITDA": -8578371.0,
        "EBIT": -11764829.0,
        "Consolidated Income": -11825632.0,
        "Earnings Before Tax Margin": -0.144068972636,
        "Net Profit Margin": -0.143649853312
    },
    "2016": {
        "Revenue": 99352934.0,
        "Revenue Growth": -0.0772418200715738,
        "Cost of Revenue": 68503930.0,
        "Gross Profit": 30849004.0,
        "R&D Expenses": 5366000.0,
        "SG&A Expense": 35185924.0,
        "Operating Expenses": 35305551.0,
        "Operating Income": -4456547.0,
        "Interest Expense": 0.0,
        "Earnings before Tax": -7856598.0,
        "Income Tax Expense": 256950.0,
        "Net Income - Non-Controlling int": 0.0,
        "Net Income - Discontinued ops": 0.0,
        "Net Income": -8113548.0,
        "Preferred Dividends": 0.0,
        "Net Income Com": -8113548.0,
        "EPS": -0.92,
        "EPS Diluted": -0.92,
        "Weighted Average Shs Out": 8831782.0,
        "Weighted Average Shs Out (Dil)": 8831782.0,
        "Dividend per Share": 0.524062074902,
        "Gross Margin": 0.310499174589,
        "EBITDA Margin": -0.00778575899933,
        "EBIT Margin": -0.0448557160879,
        "Profit Margin": -0.0816638993268,
        "Free Cash Flow margin": -0.010776390358,
        "EBITDA": -773538.0,
        "EBIT": -4456547.0,
        "Consolidated Income": -8113548.0,
        "Earnings Before Tax Margin": -0.0790776646817,
        "Net Profit Margin": -0.0816638993268
    },
    "2015": {
        "Revenue": 107669524.0,
        "Revenue Growth": -0.095756926226448,
        "Cost of Revenue": 76002927.0,
        "Gross Profit": 31666597.0,
        "R&D Expenses": 8291000.0,
        "SG&A Expense": 40829755.0,
        "Operating Expenses": 42172466.0,
        "Operating Income": -10505869.0,
        "Interest Expense": 0.0,
        "Earnings before Tax": -10401723.0,
        "Income Tax Expense": -753415.0,
        "Net Income - Non-Controlling int": 0.0,
        "Net Income - Discontinued ops": 0.0,
        "Net Income": -9648308.0,
        "Preferred Dividends": 0.0,
        "Net Income Com": -9648308.0,
        "EPS": -1.11,
        "EPS Diluted": -1.11,
        "Weighted Average Shs Out": 8720225.0,
        "Weighted Average Shs Out (Dil)": 8720225.0,
        "Dividend per Share": 0.644669718958,
        "Gross Margin": 0.294109194724,
        "EBITDA Margin": -0.0668088957094,
        "EBIT Margin": -0.0975751411328,
        "Profit Margin": -0.0896103896586,
        "Free Cash Flow margin": -0.01443276558,
        "EBITDA": -7193282.0,
        "EBIT": -10505869.0,
        "Consolidated Income": -9648308.0,
        "Earnings Before Tax Margin": -0.0966078664934,
        "Net Profit Margin": -0.0896103896586
    },
    "2014": {
        "Revenue": 119071439.0,
        "Revenue Growth": -0.0932692408005482,
        "Cost of Revenue": 77070878.0,
        "Gross Profit": 42000561.0,
        "R&D Expenses": 7835000.0,
        "SG&A Expense": 38627801.0,
        "Operating Expenses": 38707642.0,
        "Operating Income": 3292919.0,
        "Interest Expense": 0.0,
        "Earnings before Tax": 3181228.0,
        "Income Tax Expense": 1219355.0,
        "Net Income - Non-Controlling int": 0.0,
        "Net Income - Discontinued ops": 0.0,
        "Net Income": 1961873.0,
        "Preferred Dividends": 0.0,
        "Net Income Com": 1961873.0,
        "EPS": 0.23,
        "EPS Diluted": 0.23,
        "Weighted Average Shs Out": 8622032.0,
        "Weighted Average Shs Out (Dil)": 8640416.0,
        "Dividend per Share": 0.64483839667,
        "Gross Margin": 0.352734134674,
        "EBITDA Margin": 0.0485021349242,
        "EBIT Margin": 0.0276549861802,
        "Profit Margin": 0.0164764364694,
        "Free Cash Flow margin": 0.0553872369007,
        "EBITDA": 5775219.0,
        "EBIT": 3292919.0,
        "Consolidated Income": 1961873.0,
        "Earnings Before Tax Margin": 0.0267169694657,
        "Net Profit Margin": 0.0164764364694
    },
    "2013": {
        "Revenue": 131319510.0,
        "Revenue Growth": 0.259663749099829,
        "Cost of Revenue": 93420274.0,
        "Gross Profit": 37899236.0,
        "R&D Expenses": 2760000.0,
        "SG&A Expense": 36742869.0,
        "Operating Expenses": 36742869.0,
        "Operating Income": 1156367.0,
        "Interest Expense": 0.0,
        "Earnings before Tax": 1103125.0,
        "Income Tax Expense": 2061013.0,
        "Net Income - Non-Controlling int": 0.0,
        "Net Income - Discontinued ops": 0.0,
        "Net Income": -957888.0,
        "Preferred Dividends": 0.0,
        "Net Income Com": -957888.0,
        "EPS": -0.11,
        "EPS Diluted": -0.11,
        "Weighted Average Shs Out": 8531073.0,
        "Weighted Average Shs Out (Dil)": 8531073.0,
        "Dividend per Share": 0.480489031098,
        "Gross Margin": 0.288603239534,
        "EBITDA Margin": 0.0254432642948,
        "EBIT Margin": 0.00880575171199,
        "Profit Margin": -0.00729433120791,
        "Free Cash Flow margin": -0.0146667010865,
        "EBITDA": 3341197.0,
        "EBIT": 1156367.0,
        "Consolidated Income": -957888.0,
        "Earnings Before Tax Margin": 0.00840031309894,
        "Net Profit Margin": -0.00729433120791
    },
    "2012": {
        "Revenue": 104249654.0,
        "Revenue Growth": -0.274911375270526,
        "Cost of Revenue": 62752763.0,
        "Gross Profit": 41496891.0,
        "R&D Expenses": 2304000.0,
        "SG&A Expense": 38100773.0,
        "Operating Expenses": 38100773.0,
        "Operating Income": 3396118.0,
        "Interest Expense": 0.0,
        "Earnings before Tax": 3397680.0,