{
    "2019": {
        "Revenue": 12737868000.0,
        "Revenue Growth": -0.149938677230013,
        "Cost of Revenue": 10260840000.0,
        "Gross Profit": 2477028000.0,
        "R&D Expenses": 0.0,
        "SG&A Expense": 2072177000.0,
        "Operating Expenses": 2072177000.0,
        "Operating Income": 404851000.0,
        "Interest Expense": 83847000.0,
        "Earnings before Tax": 350959000.0,
        "Income Tax Expense": 36954000.0,
        "Net Income - Non-Controlling int": 0.0,
        "Net Income - Discontinued ops": 0.0,
        "Net Income": 847979000.0,
        "Preferred Dividends": 0.0,
        "Net Income Com": 847979000.0,
        "EPS": 6.14,
        "EPS Diluted": 6.08,
        "Weighted Average Shs Out": 137907000.0,
        "Weighted Average Shs Out (Dil)": 139206000.0,
        "Dividend per Share": 0.76430613623,
        "Gross Margin": 0.194461741949,
        "EBITDA Margin": 0.0450719068529,
        "EBIT Margin": 0.0317832623167,
        "Profit Margin": 0.0665715016045,
        "Free Cash Flow margin": -0.0394424718485,
        "EBITDA": 574120000.0,
        "EBIT": 404851000.0,
        "Consolidated Income": 847979000.0,
        "Earnings Before Tax Margin": 0.0275524130098,
        "Net Profit Margin": 0.0665715016045
    },
    "2018": {
        "Revenue": 14984646000.0,
        "Revenue Growth": 0.495057662598471,
        "Cost of Revenue": 12156276000.0,
        "Gross Profit": 2828370000.0,
        "R&D Expenses": 0.0,
        "SG&A Expense": 2180399000.0,
        "Operating Expenses": 2180399000.0,
        "Operating Income": 647971000.0,
        "Interest Expense": 76760000.0,
        "Earnings before Tax": 554705000.0,
        "Income Tax Expense": 381563000.0,
        "Net Income - Non-Controlling int": 0.0,
        "Net Income - Discontinued ops": 0.0,
        "Net Income": 163431000.0,
        "Preferred Dividends": 0.0,
        "Net Income Com": 163431000.0,
        "EPS": 1.18,
        "EPS Diluted": 1.17,
        "Weighted Average Shs Out": 137536000.0,
        "Weighted Average Shs Out (Dil)": 138712000.0,
        "Dividend per Share": 0.624091643117,
        "Gross Margin": 0.188751205734,
        "EBITDA Margin": 0.056495028311,
        "EBIT Margin": 0.0432423295152,
        "Profit Margin": 0.0109065639589,
        "Free Cash Flow margin": 0.025777585937,
        "EBITDA": 846558000.0,
        "EBIT": 647971000.0,
        "Consolidated Income": 163431000.0,
        "Earnings Before Tax Margin": 0.0370182251886,
        "Net Profit Margin": 0.0109065639589
    },
    "2017": {
        "Revenue": 10022788000.0,
        "Revenue Growth": -0.0858587668892374,
        "Cost of Revenue": 0.0,
        "Gross Profit": 0.0,
        "R&D Expenses": 0.0,
        "SG&A Expense": 1379983000.0,
        "Operating Expenses": 1379983000.0,
        "Operating Income": 392269000.0,
        "Interest Expense": 12035000.0,
        "Earnings before Tax": 393217000.0,
        "Income Tax Expense": 105842000.0,
        "Net Income - Non-Controlling int": 0.0,
        "Net Income - Discontinued ops": 0.0,
        "Net Income": 293727000.0,
        "Preferred Dividends": 0.0,
        "Net Income Com": 293727000.0,
        "EPS": 2.43,
        "EPS Diluted": 2.42,
        "Weighted Average Shs Out": 119370000.0,
        "Weighted Average Shs Out (Dil)": 119370000.0,
        "Dividend per Share": 0.454335260116,
        "Gross Margin": 0.0,
        "EBITDA Margin": 0.0513611581927,
        "EBIT Margin": 0.0391377129797,
        "Profit Margin": 0.0293059176748,
        "Free Cash Flow margin": 0.0455782363151,
        "EBITDA": 514782000.0,
        "EBIT": 392269000.0,
        "Consolidated Income": 293727000.0,
        "Earnings Before Tax Margin": 0.0392322974406,
        "Net Profit Margin": 0.0293059176748
    },
    "2016": {
        "Revenue": 10964157000.0,
        "Revenue Growth": -0.0949806815315309,
        "Cost of Revenue": 0.0,
        "Gross Profit": 0.0,
        "R&D Expenses": 0.0,
        "SG&A Expense": 1429233000.0,
        "Operating Expenses": 1429233000.0,
        "Operating Income": 338598000.0,
        "Interest Expense": 15260000.0,
        "Earnings before Tax": 286723000.0,
        "Income Tax Expense": 72208000.0,
        "Net Income - Non-Controlling int": 0.0,
        "Net Income - Discontinued ops": 0.0,
        "Net Income": 210463000.0,
        "Preferred Dividends": 0.0,
        "Net Income Com": 210463000.0,
        "EPS": 1.75,
        "EPS Diluted": 1.73,
        "Weighted Average Shs Out": 120133000.0,
        "Weighted Average Shs Out (Dil)": 121483000.0,
        "Dividend per Share": 0.0481960438909,
        "Gross Margin": 0.0,
        "EBITDA Margin": 0.0427364365541,
        "EBIT Margin": 0.0308822648198,
        "Profit Margin": 0.01919554782,
        "Free Cash Flow margin": 0.055862479897,
        "EBITDA": 468569000.0,
        "EBIT": 338598000.0,
        "Consolidated Income": 210463000.0,
        "Earnings Before Tax Margin": 0.0261509389185,
        "Net Profit Margin": 0.01919554782
    },
    "2015": {
        "Revenue": 12114832000.0,
        "Revenue Growth": -0.0457123137587034,
        "Cost of Revenue": 0.0,
        "Gross Profit": 0.0,
        "R&D Expenses": 0.0,
        "SG&A Expense": 1522811000.0,
        "Operating Expenses": 1522811000.0,
        "Operating Income": 445527000.0,
        "Interest Expense": 19503000.0,
        "Earnings before Tax": 430137000.0,
        "Income Tax Expense": 101255000.0,
        "Net Income - Non-Controlling int": 0.0,
        "Net Income - Discontinued ops": 0.0,
        "Net Income": 302971000.0,
        "Preferred Dividends": 0.0,
        "Net Income Com": 302971000.0,
        "EPS": 2.42,
        "EPS Diluted": 2.4,
        "Weighted Average Shs Out": 125007000.0,
        "Weighted Average Shs Out (Dil)": 126110000.0,
        "Dividend per Share": 0.0573309015938,
        "Gross Margin": 0.0,
        "EBITDA Margin": 0.0490984109396,
        "EBIT Margin": 0.0367753345651,
        "Profit Margin": 0.0250082708534,
        "Free Cash Flow margin": 0.0399982434754,
        "EBITDA": 594819000.0,
        "EBIT": 445527000.0,
        "Consolidated Income": 302971000.0,
        "Earnings Before Tax Margin": 0.035504990907,
        "Net Profit Margin": 0.0250082708534
    },
    "2014": {
        "Revenue": 12695157000.0,
        "Revenue Growth": 0.0741879425734974,
        "Cost of Revenue": 0.0,
        "Gross Profit": 0.0,
        "R&D Expenses": 0.0,
        "SG&A Expense": 1545716000.0,
        "Operating Expenses": 1545716000.0,
        "Operating Income": 528068000.0,
        "Interest Expense": 11437000.0,
        "Earnings before Tax": 542166000.0,
        "Income Tax Expense": 190054000.0,
        "Net Income - Non-Controlling int": 0.0,
        "Net Income - Discontinued ops": 0.0,
        "Net Income": 328108000.0,
        "Preferred Dividends": 0.0,
        "Net Income Com": 328108000.0,
        "EPS": 2.51,
        "EPS Diluted": 2.48,
        "Weighted Average Shs Out": 130483000.0,
        "Weighted Average Shs Out (Dil)": 132371000.0,
        "Dividend per Share": 0.0459390652031,
        "Gross Margin": 0.0,
        "EBITDA Margin": 0.0530501513294,
        "EBIT Margin": 0.0415960196475,
        "Profit Margin": 0.0258451313363,
        "Free Cash Flow margin": 0.0568497104841,
        "EBITDA": 673480000.0,
        "EBIT": 528068000.0,
        "Consolidated Income": 328108000.0,
        "Earnings Before Tax Margin": 0.042706521865,
        "Net Profit Margin": 0.0258451313363
    },
    "2013": {
        "Revenue": 11818376000.0,
        "Revenue Growth": 0.0848739528196738,
        "Cost of Revenue": 0.0,
        "Gross Profit": 0.0,
        "R&D Expenses": 0.0,
        "SG&A Expense": 1173340000.0,
        "Operating Expenses": 1173340000.0,
        "Operating Income": 668979000.0,
        "Interest Expense": 12906000.0,
        "Earnings before Tax": 661548000.0,