{
    "2018": {
        "Revenue": 103348914.6165,
        "Revenue Growth": 1.40159748762028,
        "Cost of Revenue": 74829811.8669,
        "Gross Profit": 28519102.7496,
        "R&D Expenses": 19443994.2113,
        "SG&A Expense": 22502749.6382,
        "Operating Expenses": 41946743.8495,
        "Operating Income": -13427641.0999,
        "Interest Expense": 1020839.3632,
        "Earnings before Tax": -9575542.6918,
        "Income Tax Expense": 4341.534,
        "Net Income - Non-Controlling int": 0.0,
        "Net Income - Discontinued ops": 0.0,
        "Net Income": -9579884.2258,
        "Preferred Dividends": 3486830.6802,
        "Net Income Com": -13066714.9059,
        "EPS": 0.0,
        "EPS Diluted": 0.0,
        "Weighted Average Shs Out": 15813145.5861,
        "Weighted Average Shs Out (Dil)": 5852677.1346,
        "Dividend per Share": 0.0,
        "Gross Margin": 0.2759,
        "EBITDA Margin": -0.0082,
        "EBIT Margin": -0.0828,
        "Profit Margin": -0.0182,
        "Free Cash Flow margin": -0.2182,
        "EBITDA": -5893198.2634,
        "EBIT": -8554703.3285,
        "Consolidated Income": -9579884.2258,
        "Earnings Before Tax Margin": -0.0927,
        "Net Profit Margin": -0.0927
    },
    "2017": {
        "Revenue": 43033403.8694,
        "Revenue Growth": 3.24997852552413,
        "Cost of Revenue": 32250604.5949,
        "Gross Profit": 10782799.2745,
        "R&D Expenses": 10829957.6784,
        "SG&A Expense": 13921402.6602,
        "Operating Expenses": 24751360.3386,
        "Operating Income": -13968561.0641,
        "Interest Expense": 18440.1451,
        "Earnings before Tax": -14248941.9589,
        "Income Tax Expense": -601571.9468,
        "Net Income - Non-Controlling int": 0.0,
        "Net Income - Discontinued ops": 0.0,
        "Net Income": -13647370.0121,
        "Preferred Dividends": 3988966.1427,
        "Net Income Com": -17636336.1548,
        "EPS": -0.2751,
        "EPS Diluted": -0.2751,
        "Weighted Average Shs Out": NaN,
        "Weighted Average Shs Out (Dil)": 6449012.9988,
        "Dividend per Share": 0.0,
        "Gross Margin": 0.2506,
        "EBITDA Margin": -0.0453,
        "EBIT Margin": -0.3307,
        "Profit Margin": -0.062,
        "Free Cash Flow margin": -0.365,
        "EBITDA": -12894347.0375,
        "EBIT": -14230501.8138,
        "Consolidated Income": -13647370.0121,
        "Earnings Before Tax Margin": -0.3311,
        "Net Profit Margin": -0.3171
    },
    "2016": {
        "Revenue": 10125557.9554,
        "Revenue Growth": NaN,
        "Cost of Revenue": 6871418.2865,
        "Gross Profit": 3254139.6688,
        "R&D Expenses": 4854859.6112,
        "SG&A Expense": 6701511.879,
        "Operating Expenses": 11556371.4903,
        "Operating Income": -8302231.8215,
        "Interest Expense": 0.0,
        "Earnings before Tax": -8275305.9755,
        "Income Tax Expense": 562994.9604,
        "Net Income - Non-Controlling int": 0.0,
        "Net Income - Discontinued ops": 0.0,
        "Net Income": -8838300.9359,
        "Preferred Dividends": 1789344.8524,
        "Net Income Com": -10627645.7883,
        "EPS": -0.166,
        "EPS Diluted": -0.166,
        "Weighted Average Shs Out": NaN,
        "Weighted Average Shs Out (Dil)": 6143508.9993,
        "Dividend per Share": 0.0,
        "Gross Margin": 0.3214,
        "EBITDA Margin": -0.1106,
        "EBIT Margin": -0.8173,
        "Profit Margin": -0.1512,
        "Free Cash Flow margin": -0.868,
        "EBITDA": -7780993.5205,
        "EBIT": -8275305.9755,
        "Consolidated Income": -8838300.9359,
        "Earnings Before Tax Margin": -0.8173,
        "Net Profit Margin": -0.8729
    }
}