{
    "2018": {
        "Revenue": 620675542.6918,
        "Revenue Growth": -0.294050543242603,
        "Cost of Revenue": 462835745.2967,
        "Gross Profit": 157839797.3951,
        "R&D Expenses": 28713169.3198,
        "SG&A Expense": 112977134.5876,
        "Operating Expenses": 197045296.6715,
        "Operating Income": -39205499.2764,
        "Interest Expense": 0.0,
        "Earnings before Tax": 18396960.9262,
        "Income Tax Expense": 1431837.9161,
        "Net Income - Non-Controlling int": 39363.2417,
        "Net Income - Discontinued ops": 0.0,
        "Net Income": 16965123.0101,
        "Preferred Dividends": 0.0,
        "Net Income Com": 16965123.0101,
        "EPS": 0.1201,
        "EPS Diluted": 0.1201,
        "Weighted Average Shs Out": 21690981.3314,
        "Weighted Average Shs Out (Dil)": 20447383.068,
        "Dividend per Share": 0.0,
        "Gross Margin": 0.2543,
        "EBITDA Margin": 0.0122,
        "EBIT Margin": 0.0296,
        "Profit Margin": 0.0039,
        "Free Cash Flow margin": -0.0389,
        "EBITDA": 52296382.055,
        "EBIT": 18396960.9262,
        "Consolidated Income": 17004486.2518,
        "Earnings Before Tax Margin": 0.0296,
        "Net Profit Margin": 0.0273
    },
    "2017": {
        "Revenue": 879206771.4631,
        "Revenue Growth": -0.0272561708314979,
        "Cost of Revenue": 684293228.5369,
        "Gross Profit": 194913542.9262,
        "R&D Expenses": 30281438.9359,
        "SG&A Expense": 82623790.8102,
        "Operating Expenses": 200691203.1439,
        "Operating Income": -5777660.2177,
        "Interest Expense": 0.0,
        "Earnings before Tax": -1995163.2406,
        "Income Tax Expense": 3594014.5103,
        "Net Income - Non-Controlling int": 0.0,
        "Net Income - Discontinued ops": 0.0,
        "Net Income": -5589177.7509,
        "Preferred Dividends": 0.0,
        "Net Income Com": -5589177.7509,
        "EPS": -0.0378,
        "EPS Diluted": -0.0378,
        "Weighted Average Shs Out": 22627915.0544,
        "Weighted Average Shs Out (Dil)": 22640618.9541,
        "Dividend per Share": 0.0,
        "Gross Margin": 0.2217,
        "EBITDA Margin": 0.0012,
        "EBIT Margin": -0.0023,
        "Profit Margin": -0.0009,
        "Free Cash Flow margin": -0.0909,
        "EBITDA": 6808041.1125,
        "EBIT": -1995163.2406,
        "Consolidated Income": -5589177.7509,
        "Earnings Before Tax Margin": -0.0023,
        "Net Profit Margin": -0.0064
    },
    "2016": {
        "Revenue": 903842044.6364,
        "Revenue Growth": -0.201025266280974,
        "Cost of Revenue": 651533045.3564,
        "Gross Profit": 252308999.2801,
        "R&D Expenses": 31146148.3081,
        "SG&A Expense": 91298776.0979,
        "Operating Expenses": 233265802.7358,
        "Operating Income": 19043196.5443,
        "Interest Expense": 0.0,
        "Earnings before Tax": 25029229.6616,
        "Income Tax Expense": 4550611.951,
        "Net Income - Non-Controlling int": 1145860.3312,
        "Net Income - Discontinued ops": 0.0,
        "Net Income": 20478617.7106,
        "Preferred Dividends": 0.0,
        "Net Income Com": 20478617.7106,
        "EPS": 0.1368,
        "EPS Diluted": 0.1368,
        "Weighted Average Shs Out": 21113692.7286,
        "Weighted Average Shs Out (Dil)": 21523022.0302,
        "Dividend per Share": 0.0,
        "Gross Margin": 0.2792,
        "EBITDA Margin": 0.0048,
        "EBIT Margin": 0.0277,
        "Profit Margin": 0.0033,
        "Free Cash Flow margin": -0.0074,
        "EBITDA": 29468826.4939,
        "EBIT": 25029229.6616,
        "Consolidated Income": 21624478.0418,
        "Earnings Before Tax Margin": 0.0277,
        "Net Profit Margin": 0.0227
    },
    "2015": {
        "Revenue": 1131252349.4069,
        "Revenue Growth": 0.802423453916227,
        "Cost of Revenue": 805063780.6193,
        "Gross Profit": 326188568.7876,
        "R&D Expenses": 26142967.1853,
        "SG&A Expense": 130524110.3066,
        "Operating Expenses": 302862424.896,
        "Operating Income": 23326143.8915,
        "Interest Expense": 0.0,
        "Earnings before Tax": 29936681.5591,
        "Income Tax Expense": 11000308.1189,
        "Net Income - Non-Controlling int": 1837159.1434,
        "Net Income - Discontinued ops": 0.0,
        "Net Income": 18936373.4401,
        "Preferred Dividends": 0.0,
        "Net Income Com": 18936373.4401,
        "EPS": 0.1294,
        "EPS Diluted": 0.1263,
        "Weighted Average Shs Out": 22590447.6968,
        "Weighted Average Shs Out (Dil)": 22477533.8161,
        "Dividend per Share": 0.0,
        "Gross Margin": 0.2883,
        "EBITDA Margin": 0.0048,
        "EBIT Margin": 0.0265,
        "Profit Margin": 0.0026,
        "Free Cash Flow margin": 0.0157,
        "EBITDA": 34546911.1077,
        "EBIT": 29936681.5591,
        "Consolidated Income": 20773532.5836,
        "Earnings Before Tax Margin": 0.0265,
        "Net Profit Margin": 0.0167
    },
    "2014": {
        "Revenue": 627628511.4627,
        "Revenue Growth": 0.272834136333244,
        "Cost of Revenue": 379512754.2783,
        "Gross Profit": 248115757.1844,
        "R&D Expenses": 21907975.4601,
        "SG&A Expense": 97133031.9664,
        "Operating Expenses": 189220374.556,
        "Operating Income": 58895382.6284,
        "Interest Expense": 0.0,
        "Earnings before Tax": 81243784.3074,
        "Income Tax Expense": 15835163.061,
        "Net Income - Non-Controlling int": 35841.1366,
        "Net Income - Discontinued ops": 0.0,
        "Net Income": 65408621.2464,
        "Preferred Dividends": 9785760.4133,
        "Net Income Com": 55622860.8331,
        "EPS": 0.4827,
        "EPS Diluted": 0.444,
        "Weighted Average Shs Out": NaN,
        "Weighted Average Shs Out (Dil)": 18580995.4795,
        "Dividend per Share": 0.0,
        "Gross Margin": 0.3953,
        "EBITDA Margin": 0.0216,
        "EBIT Margin": 0.1294,
        "Profit Margin": 0.0144,
        "Free Cash Flow margin": 0.0983,
        "EBITDA": 84256215.6926,
        "EBIT": 81243784.3074,
        "Consolidated Income": 65444462.383,
        "Earnings Before Tax Margin": 0.1294,
        "Net Profit Margin": 0.1042
    },
    "2013": {
        "Revenue": 493095285.1962,
        "Revenue Growth": NaN,
        "Cost of Revenue": 289241510.0561,
        "Gross Profit": 203853775.1401,
        "R&D Expenses": 10232113.4191,
        "SG&A Expense": 93804319.156,
        "Operating Expenses": 164503791.6255,
        "Operating Income": 39349983.5147,
        "Interest Expense": 0.0,
        "Earnings before Tax": 40412627.7613,
        "Income Tax Expense": 14602044.1807,
        "Net Income - Non-Controlling int": 0.0,
        "Net Income - Discontinued ops": 0.0,
        "Net Income": 25810583.5806,
        "Preferred Dividends": 9494889.5483,
        "Net Income Com": 16315694.0323,
        "EPS": 0.2737,
        "EPS Diluted": 0.1962,
        "Weighted Average Shs Out": NaN,
        "Weighted Average Shs Out (Dil)": 9804770.6891,
        "Dividend per Share": 0.0,
        "Gross Margin": 0.4134,
        "EBITDA Margin": 0.014,
        "EBIT Margin": 0.082,
        "Profit Margin": 0.0054,
        "Free Cash Flow margin": 0.1658,
        "EBITDA": 41767556.8744,
        "EBIT": 40412627.7613,
        "Consolidated Income": 25810583.5806,
        "Earnings Before Tax Margin": 0.082,
        "Net Profit Margin": 0.0523
    }
}