{
    "2018": {
        "Revenue": 13547000000.0,
        "Revenue Growth": 0.0482860017023911,
        "Cost of Revenue": 8821000000.0,
        "Gross Profit": 4726000000.0,
        "R&D Expenses": 154000000.0,
        "SG&A Expense": 3020000000.0,
        "Operating Expenses": 3174000000.0,
        "Operating Income": 1706000000.0,
        "Interest Expense": 0.0,
        "Earnings before Tax": 1329000000.0,
        "Income Tax Expense": 181000000.0,
        "Net Income - Non-Controlling int": 0.0,
        "Net Income - Discontinued ops": 0.0,
        "Net Income": 1336000000.0,
        "Preferred Dividends": 0.0,
        "Net Income Com": 1336000000.0,
        "EPS": 3.85,
        "EPS Diluted": 3.83,
        "Weighted Average Shs Out": 347000000.0,
        "Weighted Average Shs Out (Dil)": 348000000.0,
        "Dividend per Share": 2.18965517241,
        "Gross Margin": 0.348859526094,
        "EBITDA Margin": 0.164021554588,
        "EBIT Margin": 0.125931940651,
        "Profit Margin": 0.0986196205802,
        "Free Cash Flow margin": 0.0707167638592,
        "EBITDA": 2222000000.0,
        "EBIT": 1706000000.0,
        "Consolidated Income": 1336000000.0,
        "Earnings Before Tax Margin": 0.0981029010113,
        "Net Profit Margin": 0.0986196205802
    },
    "2017": {
        "Revenue": 12923000000.0,
        "Revenue Growth": -0.00699246964807131,
        "Cost of Revenue": 7901000000.0,
        "Gross Profit": 5022000000.0,
        "R&D Expenses": 148000000.0,
        "SG&A Expense": 3076000000.0,
        "Operating Expenses": 3224000000.0,
        "Operating Income": 1946000000.0,
        "Interest Expense": 0.0,
        "Earnings before Tax": 1674000000.0,
        "Income Tax Expense": 412000000.0,
        "Net Income - Non-Controlling int": 0.0,
        "Net Income - Discontinued ops": 0.0,
        "Net Income": 1269000000.0,
        "Preferred Dividends": 0.0,
        "Net Income Com": 1269000000.0,
        "EPS": 3.65,
        "EPS Diluted": 3.62,
        "Weighted Average Shs Out": 348000000.0,
        "Weighted Average Shs Out (Dil)": 350000000.0,
        "Dividend per Share": 2.10285714286,
        "Gross Margin": 0.388609456009,
        "EBITDA Margin": 0.187804689314,
        "EBIT Margin": 0.150584229668,
        "Profit Margin": 0.0981970130775,
        "Free Cash Flow margin": 0.0886017178674,
        "EBITDA": 2427000000.0,
        "EBIT": 1946000000.0,
        "Consolidated Income": 1269000000.0,
        "Earnings Before Tax Margin": 0.129536485336,
        "Net Profit Margin": 0.0981970130775
    },
    "2016": {
        "Revenue": 13014000000.0,
        "Revenue Growth": -0.0377818853974122,
        "Cost of Revenue": 8259000000.0,
        "Gross Profit": 4755000000.0,
        "R&D Expenses": 182000000.0,
        "SG&A Expense": 3360000000.0,
        "Operating Expenses": 3542000000.0,
        "Operating Income": 1395000000.0,
        "Interest Expense": 0.0,
        "Earnings before Tax": 927000000.0,
        "Income Tax Expense": 233000000.0,
        "Net Income - Non-Controlling int": 0.0,
        "Net Income - Discontinued ops": 0.0,
        "Net Income": 694000000.0,
        "Preferred Dividends": 0.0,
        "Net Income Com": 694000000.0,
        "EPS": 1.98,
        "EPS Diluted": 1.96,
        "Weighted Average Shs Out": 350000000.0,
        "Weighted Average Shs Out (Dil)": 354000000.0,
        "Dividend per Share": 2.02259887006,
        "Gross Margin": 0.365375749193,
        "EBITDA Margin": 0.146918702935,
        "EBIT Margin": 0.107192254495,
        "Profit Margin": 0.0533271861073,
        "Free Cash Flow margin": 0.0861380052251,
        "EBITDA": 1912000000.0,
        "EBIT": 1395000000.0,
        "Consolidated Income": 694000000.0,
        "Earnings Before Tax Margin": 0.0712309820194,
        "Net Profit Margin": 0.0533271861073
    },
    "2015": {
        "Revenue": 14580000000.0,
        "Revenue Growth": -0.0143320713899405,
        "Cost of Revenue": 9517000000.0,
        "Gross Profit": 5063000000.0,
        "R&D Expenses": 199000000.0,
        "SG&A Expense": 4039000000.0,
        "Operating Expenses": 4238000000.0,
        "Operating Income": 1024000000.0,
        "Interest Expense": 0.0,
        "Earnings before Tax": 356000000.0,
        "Income Tax Expense": 186000000.0,
        "Net Income - Non-Controlling int": 0.0,
        "Net Income - Discontinued ops": 0.0,
        "Net Income": 632000000.0,
        "Preferred Dividends": 0.0,
        "Net Income Com": 632000000.0,
        "EPS": 1.76,
        "EPS Diluted": 1.75,
        "Weighted Average Shs Out": 358000000.0,
        "Weighted Average Shs Out (Dil)": 360000000.0,
        "Dividend per Share": 1.88888888889,
        "Gross Margin": 0.347256515775,
        "EBITDA Margin": 0.104732510288,
        "EBIT Margin": 0.0702331961591,
        "Profit Margin": 0.0433470507545,
        "Free Cash Flow margin": 0.0830589849108,
        "EBITDA": 1527000000.0,
        "EBIT": 1024000000.0,
        "Consolidated Income": 632000000.0,
        "Earnings Before Tax Margin": 0.0244170096022,
        "Net Profit Margin": 0.0433470507545
    },
    "2013": {
        "Revenue": 14792000000.0,
        "Revenue Growth": 0.041910262731563,
        "Cost of Revenue": 8689000000.0,
        "Gross Profit": 6103000000.0,
        "R&D Expenses": 199000000.0,
        "SG&A Expense": 3266000000.0,
        "Operating Expenses": 3465000000.0,
        "Operating Income": 2837000000.0,
        "Interest Expense": 0.0,
        "Earnings before Tax": 1818000000.0,
        "Income Tax Expense": 792000000.0,
        "Net Income - Non-Controlling int": 0.0,
        "Net Income - Discontinued ops": 0.0,
        "Net Income": 1807000000.0,
        "Preferred Dividends": 0.0,
        "Net Income Com": 1807000000.0,
        "EPS": 4.98,
        "EPS Diluted": 4.94,
        "Weighted Average Shs Out": 363000000.0,
        "Weighted Average Shs Out (Dil)": 365000000.0,
        "Dividend per Share": 1.78904109589,
        "Gross Margin": 0.412587885343,
        "EBITDA Margin": 0.227758247701,
        "EBIT Margin": 0.191792861006,
        "Profit Margin": 0.122160627366,
        "Free Cash Flow margin": 0.079096809086,
        "EBITDA": 3369000000.0,
        "EBIT": 2837000000.0,
        "Consolidated Income": 1807000000.0,
        "Earnings Before Tax Margin": 0.12290427258,
        "Net Profit Margin": 0.122160627366
    },
    "2012": {
        "Revenue": 14197000000.0,
        "Revenue Growth": 0.0756932868616457,
        "Cost of Revenue": 8763000000.0,
        "Gross Profit": 5434000000.0,
        "R&D Expenses": 206000000.0,
        "SG&A Expense": 3872000000.0,
        "Operating Expenses": 4078000000.0,
        "Operating Income": 1562000000.0,
        "Interest Expense": 0.0,
        "Earnings before Tax": 1036000000.0,
        "Income Tax Expense": 363000000.0,
        "Net Income - Non-Controlling int": 0.0,
        "Net Income - Discontinued ops": 0.0,
        "Net Income": 961000000.0,
        "Preferred Dividends": 0.0,
        "Net Income Com": 961000000.0,
        "EPS": 2.68,
        "EPS Diluted": 2.67,
        "Weighted Average Shs Out": 358000000.0,
        "Weighted Average Shs Out (Dil)": 360000000.0,
        "Dividend per Share": 1.72777777778,
        "Gross Margin": 0.382756920476,
        "EBITDA Margin": 0.141579206875,
        "EBIT Margin": 0.110023244347,
        "Profit Margin": 0.0676903571177,
        "Free Cash Flow margin": 0.0862858350356,
        "EBITDA": 2010000000.0,
        "EBIT": 1562000000.0,
        "Consolidated Income": 961000000.0,
        "Earnings Before Tax Margin": 0.0729731633444,
        "Net Profit Margin": 0.0676903571177
    },
    "2011": {
        "Revenue": 13198000000.0,
        "Revenue Growth": 0.0646124062273131,
        "Cost of Revenue": 7750000000.0,
        "Gross Profit": 5448000000.0,
        "R&D Expenses": 192000000.0,
        "SG&A Expense": 3472000000.0,