{
    "2019": {
        "Revenue": 768070000.0,
        "Revenue Growth": 0.120288798133022,
        "Cost of Revenue": 513518000.0,
        "Gross Profit": 254552000.0,
        "R&D Expenses": 6000000.0,
        "SG&A Expense": 204140000.0,
        "Operating Expenses": 210140000.0,
        "Operating Income": 49475000.0,
        "Interest Expense": 174000.0,
        "Earnings before Tax": 51670000.0,
        "Income Tax Expense": 12326000.0,
        "Net Income - Non-Controlling int": 0.0,
        "Net Income - Discontinued ops": 0.0,
        "Net Income": 39344000.0,
        "Preferred Dividends": 0.0,
        "Net Income Com": 39344000.0,
        "EPS": 1.07,
        "EPS Diluted": 1.06,
        "Weighted Average Shs Out": 36842000.0,
        "Weighted Average Shs Out (Dil)": 37064000.0,
        "Dividend per Share": 0.308520397151,
        "Gross Margin": 0.331417709323,
        "EBITDA Margin": 0.0860012759254,
        "EBIT Margin": 0.064414701785,
        "Profit Margin": 0.0512244977671,
        "Free Cash Flow margin": 0.0589451482287,
        "EBITDA": 66055000.0,
        "EBIT": 49475000.0,
        "Consolidated Income": 39344000.0,
        "Earnings Before Tax Margin": 0.067272514224,
        "Net Profit Margin": 0.0512244977671
    },
    "2018": {
        "Revenue": 685600000.0,
        "Revenue Growth": 0.0233843930894685,
        "Cost of Revenue": 464154000.0,
        "Gross Profit": 221446000.0,
        "R&D Expenses": 7000000.0,
        "SG&A Expense": 170383000.0,
        "Operating Expenses": 177383000.0,
        "Operating Income": 51063000.0,
        "Interest Expense": 221000.0,
        "Earnings before Tax": 52325000.0,
        "Income Tax Expense": 17886000.0,
        "Net Income - Non-Controlling int": 0.0,
        "Net Income - Discontinued ops": 0.0,
        "Net Income": 34439000.0,
        "Preferred Dividends": 0.0,
        "Net Income Com": 34439000.0,
        "EPS": 0.92,
        "EPS Diluted": 0.92,
        "Weighted Average Shs Out": 37314000.0,
        "Weighted Average Shs Out (Dil)": 37494000.0,
        "Dividend per Share": 0.268949698618,
        "Gross Margin": 0.322995915986,
        "EBITDA Margin": 0.0970434655776,
        "EBIT Margin": 0.0744792882147,
        "Profit Margin": 0.0502319136523,
        "Free Cash Flow margin": 0.0368888564761,
        "EBITDA": 66533000.0,
        "EBIT": 51063000.0,
        "Consolidated Income": 34439000.0,
        "Earnings Before Tax Margin": 0.0763200116686,
        "Net Profit Margin": 0.0502319136523
    },
    "2017": {
        "Revenue": 669934000.0,
        "Revenue Growth": 0.0548447336018466,
        "Cost of Revenue": 446629000.0,
        "Gross Profit": 223305000.0,
        "R&D Expenses": 7000000.0,
        "SG&A Expense": 168474000.0,
        "Operating Expenses": 175474000.0,
        "Operating Income": 56663000.0,
        "Interest Expense": 37000.0,
        "Earnings before Tax": 58018000.0,
        "Income Tax Expense": 20512000.0,
        "Net Income - Non-Controlling int": 0.0,
        "Net Income - Discontinued ops": 0.0,
        "Net Income": 37506000.0,
        "Preferred Dividends": 0.0,
        "Net Income Com": 37506000.0,
        "EPS": 1.0,
        "EPS Diluted": 0.99,
        "Weighted Average Shs Out": 37334000.0,
        "Weighted Average Shs Out (Dil)": 37833000.0,
        "Dividend per Share": 0.232151825126,
        "Gross Margin": 0.333323879666,
        "EBITDA Margin": 0.107795693307,
        "EBIT Margin": 0.0845799735496,
        "Profit Margin": 0.0559846193804,
        "Free Cash Flow margin": 0.0792510904059,
        "EBITDA": 72216000.0,
        "EBIT": 56663000.0,
        "Consolidated Income": 37506000.0,
        "Earnings Before Tax Margin": 0.0866025608493,
        "Net Profit Margin": 0.0559846193804
    },
    "2016": {
        "Revenue": 635102000.0,
        "Revenue Growth": 0.0569742439271188,
        "Cost of Revenue": 431298000.0,
        "Gross Profit": 203804000.0,
        "R&D Expenses": 6000000.0,
        "SG&A Expense": 162979000.0,
        "Operating Expenses": 168979000.0,
        "Operating Income": 33497000.0,
        "Interest Expense": 22000.0,
        "Earnings before Tax": 33390000.0,
        "Income Tax Expense": 12234000.0,
        "Net Income - Non-Controlling int": 0.0,
        "Net Income - Discontinued ops": 0.0,
        "Net Income": 21156000.0,
        "Preferred Dividends": 0.0,
        "Net Income Com": 21156000.0,
        "EPS": 0.56,
        "EPS Diluted": 0.56,
        "Weighted Average Shs Out": 37462000.0,
        "Weighted Average Shs Out (Dil)": 37852000.0,
        "Dividend per Share": 0.213410123639,
        "Gross Margin": 0.320899635019,
        "EBITDA Margin": 0.0763546642901,
        "EBIT Margin": 0.0527427090452,
        "Profit Margin": 0.0333111846601,
        "Free Cash Flow margin": 0.0534622785001,
        "EBITDA": 48493000.0,
        "EBIT": 33497000.0,
        "Consolidated Income": 21156000.0,
        "Earnings Before Tax Margin": 0.0525742321706,
        "Net Profit Margin": 0.0333111846601
    },
    "2015": {
        "Revenue": 600868000.0,
        "Revenue Growth": -0.532524680105839,
        "Cost of Revenue": 412003000.0,
        "Gross Profit": 188865000.0,
        "R&D Expenses": 7000000.0,
        "SG&A Expense": 166253000.0,
        "Operating Expenses": 173253000.0,
        "Operating Income": 17322000.0,
        "Interest Expense": 24000.0,
        "Earnings before Tax": 17679000.0,
        "Income Tax Expense": 6536000.0,
        "Net Income - Non-Controlling int": 0.0,
        "Net Income - Discontinued ops": 0.0,
        "Net Income": 20300000.0,
        "Preferred Dividends": 0.0,
        "Net Income Com": 20300000.0,
        "EPS": 0.49,
        "EPS Diluted": 0.49,
        "Weighted Average Shs Out": 38645000.0,
        "Weighted Average Shs Out (Dil)": 38971000.0,
        "Dividend per Share": 0.196556413744,
        "Gross Margin": 0.314320283323,
        "EBITDA Margin": 0.0623032013687,
        "EBIT Margin": 0.0288282950665,
        "Profit Margin": 0.0337844584834,
        "Free Cash Flow margin": -0.0297319877244,
        "EBITDA": 37436000.0,
        "EBIT": 17322000.0,
        "Consolidated Income": 20300000.0,
        "Earnings Before Tax Margin": 0.0294224355432,
        "Net Profit Margin": 0.0337844584834
    },
    "2014": {
        "Revenue": 1285347000.0,
        "Revenue Growth": 0.0683323719552436,
        "Cost of Revenue": 1029323000.0,
        "Gross Profit": 256024000.0,
        "R&D Expenses": 16000000.0,
        "SG&A Expense": 220727000.0,
        "Operating Expenses": 236727000.0,
        "Operating Income": 40583000.0,
        "Interest Expense": 28000.0,
        "Earnings before Tax": 18343000.0,
        "Income Tax Expense": 9712000.0,
        "Net Income - Non-Controlling int": 0.0,
        "Net Income - Discontinued ops": 0.0,
        "Net Income": 33461000.0,
        "Preferred Dividends": 0.0,
        "Net Income Com": 33461000.0,
        "EPS": 0.88,
        "EPS Diluted": 0.84,
        "Weighted Average Shs Out": 38404000.0,
        "Weighted Average Shs Out (Dil)": 39037000.0,
        "Dividend per Share": 0.192304736532,
        "Gross Margin": 0.199186678772,
        "EBITDA Margin": 0.0563801059169,
        "EBIT Margin": 0.0315735750735,
        "Profit Margin": 0.0260326588851,
        "Free Cash Flow margin": 0.028765772978,
        "EBITDA": 72468000.0,
        "EBIT": 40583000.0,
        "Consolidated Income": 33461000.0,
        "Earnings Before Tax Margin": 0.0142708544852,
        "Net Profit Margin": 0.0260326588851
    },
    "2013": {
        "Revenue": 1203134000.0,
        "Revenue Growth": 0.0534761278075339,
        "Cost of Revenue": 979386000.0,
        "Gross Profit": 223748000.0,
        "R&D Expenses": 14000000.0,
        "SG&A Expense": 200331000.0,
        "Operating Expenses": 214331000.0,
        "Operating Income": 23001000.0,
        "Interest Expense": 35000.0,