{
    "2018": {
        "Revenue": 4913000000.0,
        "Revenue Growth": 0.17789498921122,
        "Cost of Revenue": 4457000000.0,
        "Gross Profit": 456000000.0,
        "R&D Expenses": 0.0,
        "SG&A Expense": 166000000.0,
        "Operating Expenses": 166000000.0,
        "Operating Income": 470000000.0,
        "Interest Expense": 66000000.0,
        "Earnings before Tax": 398000000.0,
        "Income Tax Expense": 88000000.0,
        "Net Income - Non-Controlling int": 0.0,
        "Net Income - Discontinued ops": 0.0,
        "Net Income": 281000000.0,
        "Preferred Dividends": 0.0,
        "Net Income Com": 281000000.0,
        "EPS": 1.99,
        "EPS Diluted": 1.99,
        "Weighted Average Shs Out": 140000000.0,
        "Weighted Average Shs Out (Dil)": 141000000.0,
        "Dividend per Share": 0.312056737589,
        "Gross Margin": 0.0928149806635,
        "EBITDA Margin": 0.108487685732,
        "EBIT Margin": 0.0956645634032,
        "Profit Margin": 0.0571951964177,
        "Free Cash Flow margin": 0.0301241603908,
        "EBITDA": 533000000.0,
        "EBIT": 470000000.0,
        "Consolidated Income": 281000000.0,
        "Earnings Before Tax Margin": 0.0810095664563,
        "Net Profit Margin": 0.0571951964177
    },
    "2017": {
        "Revenue": 4171000000.0,
        "Revenue Growth": -0.0227272727272727,
        "Cost of Revenue": 3829000000.0,
        "Gross Profit": 342000000.0,
        "R&D Expenses": 0.0,
        "SG&A Expense": 147000000.0,
        "Operating Expenses": 147000000.0,
        "Operating Income": 266000000.0,
        "Interest Expense": 21000000.0,
        "Earnings before Tax": 249000000.0,
        "Income Tax Expense": -193000000.0,
        "Net Income - Non-Controlling int": 0.0,
        "Net Income - Discontinued ops": 0.0,
        "Net Income": 434000000.0,
        "Preferred Dividends": 0.0,
        "Net Income Com": 434000000.0,
        "EPS": 3.06,
        "EPS Diluted": 3.06,
        "Weighted Average Shs Out": 141000000.0,
        "Weighted Average Shs Out (Dil)": 141000000.0,
        "Dividend per Share": 0.31914893617,
        "Gross Margin": 0.0819947254855,
        "EBITDA Margin": 0.0752817070247,
        "EBIT Margin": 0.0637736753776,
        "Profit Margin": 0.104051786142,
        "Free Cash Flow margin": 0.0443538719731,
        "EBITDA": 314000000.0,
        "EBIT": 266000000.0,
        "Consolidated Income": 434000000.0,
        "Earnings Before Tax Margin": 0.0596979141693,
        "Net Profit Margin": 0.104051786142
    },
    "2016": {
        "Revenue": 4268000000.0,
        "Revenue Growth": -0.162480376766091,
        "Cost of Revenue": 4156000000.0,
        "Gross Profit": 112000000.0,
        "R&D Expenses": 0.0,
        "SG&A Expense": 143000000.0,
        "Operating Expenses": 143000000.0,
        "Operating Income": 28000000.0,
        "Interest Expense": 0.0,
        "Earnings before Tax": 33000000.0,
        "Income Tax Expense": 84000000.0,
        "Net Income - Non-Controlling int": 0.0,
        "Net Income - Discontinued ops": 0.0,
        "Net Income": -61000000.0,
        "Preferred Dividends": 0.0,
        "Net Income Com": -61000000.0,
        "EPS": -0.43,
        "EPS Diluted": -0.43,
        "Weighted Average Shs Out": 142000000.0,
        "Weighted Average Shs Out (Dil)": 142000000.0,
        "Dividend per Share": 0.323943661972,
        "Gross Margin": 0.0262417994377,
        "EBITDA Margin": 0.0171040299906,
        "EBIT Margin": 0.00656044985942,
        "Profit Margin": -0.0142924086223,
        "Free Cash Flow margin": 0.0117150890347,
        "EBITDA": 73000000.0,
        "EBIT": 28000000.0,
        "Consolidated Income": -61000000.0,
        "Earnings Before Tax Margin": 0.00773195876289,
        "Net Profit Margin": -0.0142924086223
    },
    "2015": {
        "Revenue": 5096000000.0,
        "Revenue Growth": -0.199497329563305,
        "Cost of Revenue": 4771000000.0,
        "Gross Profit": 325000000.0,
        "R&D Expenses": 0.0,
        "SG&A Expense": 155000000.0,
        "Operating Expenses": 155000000.0,
        "Operating Income": 310000000.0,
        "Interest Expense": 0.0,
        "Earnings before Tax": 312000000.0,
        "Income Tax Expense": 86000000.0,
        "Net Income - Non-Controlling int": 0.0,
        "Net Income - Discontinued ops": 0.0,
        "Net Income": 203000000.0,
        "Preferred Dividends": 0.0,
        "Net Income Com": 203000000.0,
        "EPS": 1.4,
        "EPS Diluted": 1.4,
        "Weighted Average Shs Out": 144000000.0,
        "Weighted Average Shs Out (Dil)": 144000000.0,
        "Dividend per Share": 0.326388888889,
        "Gross Margin": 0.0637755102041,
        "EBITDA Margin": 0.0684850863422,
        "EBIT Margin": 0.0608320251177,
        "Profit Margin": 0.0398351648352,
        "Free Cash Flow margin": 0.00726059654631,
        "EBITDA": 349000000.0,
        "EBIT": 310000000.0,
        "Consolidated Income": 203000000.0,
        "Earnings Before Tax Margin": 0.0612244897959,
        "Net Profit Margin": 0.0398351648352
    },
    "2014": {
        "Revenue": 6366000000.0,
        "Revenue Growth": -0.117549209869698,
        "Cost of Revenue": 6431000000.0,
        "Gross Profit": -65000000.0,
        "R&D Expenses": 0.0,
        "SG&A Expense": 239000000.0,
        "Operating Expenses": 239000000.0,
        "Operating Income": -794000000.0,
        "Interest Expense": 0.0,
        "Earnings before Tax": -777000000.0,
        "Income Tax Expense": 421000000.0,
        "Net Income - Non-Controlling int": 0.0,
        "Net Income - Discontinued ops": 0.0,
        "Net Income": -1262000000.0,
        "Preferred Dividends": 0.0,
        "Net Income Com": -1262000000.0,
        "EPS": -8.66,
        "EPS Diluted": -8.66,
        "Weighted Average Shs Out": 146000000.0,
        "Weighted Average Shs Out (Dil)": 146000000.0,
        "Dividend per Share": 0.321917808219,
        "Gross Margin": -0.0102104932454,
        "EBITDA Margin": -0.113415017279,
        "EBIT Margin": -0.124725102105,
        "Profit Margin": -0.198240653472,
        "Free Cash Flow margin": 0.0183788878417,
        "EBITDA": -722000000.0,
        "EBIT": -794000000.0,
        "Consolidated Income": -1262000000.0,
        "Earnings Before Tax Margin": -0.12205466541,
        "Net Profit Margin": -0.198240653472
    },
    "2013": {
        "Revenue": 7214000000.0,
        "Revenue Growth": -0.0892564070193157,
        "Cost of Revenue": 6797000000.0,
        "Gross Profit": 417000000.0,
        "R&D Expenses": 0.0,
        "SG&A Expense": 248000000.0,
        "Operating Expenses": 248000000.0,
        "Operating Income": 308000000.0,
        "Interest Expense": 0.0,
        "Earnings before Tax": 300000000.0,
        "Income Tax Expense": 129000000.0,
        "Net Income - Non-Controlling int": 0.0,
        "Net Income - Discontinued ops": 0.0,
        "Net Income": 75000000.0,
        "Preferred Dividends": 0.0,
        "Net Income Com": 75000000.0,
        "EPS": 0.5,
        "EPS Diluted": 0.5,
        "Weighted Average Shs Out": 148000000.0,
        "Weighted Average Shs Out (Dil)": 149000000.0,
        "Dividend per Share": 0.241610738255,
        "Gross Margin": 0.057804269476,
        "EBITDA Margin": 0.0521208760743,
        "EBIT Margin": 0.0426947601885,
        "Profit Margin": 0.0103964513446,
        "Free Cash Flow margin": 0.0303576379263,
        "EBITDA": 376000000.0,
        "EBIT": 308000000.0,
        "Consolidated Income": 75000000.0,
        "Earnings Before Tax Margin": 0.0415858053784,
        "Net Profit Margin": 0.0103964513446
    },
    "2012": {
        "Revenue": 7921000000.0,
        "Revenue Growth": -0.144692797754022,
        "Cost of Revenue": 7400000000.0,
        "Gross Profit": 521000000.0,
        "R&D Expenses": 0.0,
        "SG&A Expense": 222000000.0,
        "Operating Expenses": 222000000.0,
        "Operating Income": 299000000.0,