{
    "2018": {
        "Revenue": 5513900000.0,
        "Revenue Growth": 0.0259563858291158,
        "Cost of Revenue": 4541700000.0,
        "Gross Profit": 972200000.0,
        "R&D Expenses": 0.0,
        "SG&A Expense": 884800000.0,
        "Operating Expenses": 884800000.0,
        "Operating Income": 87400000.0,
        "Interest Expense": 3100000.0,
        "Earnings before Tax": -9400000.0,
        "Income Tax Expense": -27100000.0,
        "Net Income - Non-Controlling int": 0.0,
        "Net Income - Discontinued ops": 0.0,
        "Net Income": 22900000.0,
        "Preferred Dividends": 0.0,
        "Net Income Com": 22900000.0,
        "EPS": 0.59,
        "EPS Diluted": 0.58,
        "Weighted Average Shs Out": 38800000.0,
        "Weighted Average Shs Out (Dil)": 39100000.0,
        "Dividend per Share": 0.30179028133,
        "Gross Margin": 0.176318032608,
        "EBITDA Margin": 0.0206024773754,
        "EBIT Margin": 0.0158508496708,
        "Profit Margin": 0.00415314024556,
        "Free Cash Flow margin": 0.00649268213062,
        "EBITDA": 113600000.0,
        "EBIT": 87400000.0,
        "Consolidated Income": 22900000.0,
        "Earnings Before Tax Margin": -0.00170478245888,
        "Net Profit Margin": 0.00415314024556
    },
    "2017": {
        "Revenue": 5374400000.0,
        "Revenue Growth": 0.0184960582171013,
        "Cost of Revenue": 4420300000.0,
        "Gross Profit": 954100000.0,
        "R&D Expenses": 0.0,
        "SG&A Expense": 870800000.0,
        "Operating Expenses": 870800000.0,
        "Operating Income": 83300000.0,
        "Interest Expense": 2700000.0,
        "Earnings before Tax": 81700000.0,
        "Income Tax Expense": 12800000.0,
        "Net Income - Non-Controlling int": 0.0,
        "Net Income - Discontinued ops": 0.0,
        "Net Income": 71600000.0,
        "Preferred Dividends": 0.0,
        "Net Income Com": 71600000.0,
        "EPS": 1.84,
        "EPS Diluted": 1.81,
        "Weighted Average Shs Out": 38300000.0,
        "Weighted Average Shs Out (Dil)": 39000000.0,
        "Dividend per Share": 0.297435897436,
        "Gross Margin": 0.177526793689,
        "EBITDA Margin": 0.0197231318845,
        "EBIT Margin": 0.0154994045847,
        "Profit Margin": 0.0133224173861,
        "Free Cash Flow margin": 0.0086707353379,
        "EBITDA": 106000000.0,
        "EBIT": 83300000.0,
        "Consolidated Income": 71600000.0,
        "Earnings Before Tax Margin": 0.0152016969336,
        "Net Profit Margin": 0.0133224173861
    },
    "2016": {
        "Revenue": 5518200000.0,
        "Revenue Growth": -0.00799971236989232,
        "Cost of Revenue": 4597900000.0,
        "Gross Profit": 920300000.0,
        "R&D Expenses": 0.0,
        "SG&A Expense": 853600000.0,
        "Operating Expenses": 853600000.0,
        "Operating Income": 66700000.0,
        "Interest Expense": 3800000.0,
        "Earnings before Tax": 62500000.0,
        "Income Tax Expense": 8700000.0,
        "Net Income - Non-Controlling int": 0.0,
        "Net Income - Discontinued ops": 0.0,
        "Net Income": 53800000.0,
        "Preferred Dividends": 0.0,
        "Net Income Com": 53800000.0,
        "EPS": 1.39,
        "EPS Diluted": 1.39,
        "Weighted Average Shs Out": 37800000.0,
        "Weighted Average Shs Out (Dil)": 37900000.0,
        "Dividend per Share": 0.203166226913,
        "Gross Margin": 0.166775397775,
        "EBITDA Margin": 0.0161284476822,
        "EBIT Margin": 0.012087274836,
        "Profit Margin": 0.00974955601464,
        "Free Cash Flow margin": 0.00119604218767,
        "EBITDA": 89000000.0,
        "EBIT": 66700000.0,
        "Consolidated Income": 53800000.0,
        "Earnings Before Tax Margin": 0.0113261570802,
        "Net Profit Margin": 0.00974955601464
    },
    "2014": {
        "Revenue": 5562700000.0,
        "Revenue Growth": 0.0276366592156066,
        "Cost of Revenue": 4654300000.0,
        "Gross Profit": 908400000.0,
        "R&D Expenses": 0.0,
        "SG&A Expense": 886500000.0,
        "Operating Expenses": 886500000.0,
        "Operating Income": 21900000.0,
        "Interest Expense": 3000000.0,
        "Earnings before Tax": 16600000.0,
        "Income Tax Expense": -7100000.0,
        "Net Income - Non-Controlling int": 0.0,
        "Net Income - Discontinued ops": 0.0,
        "Net Income": 23700000.0,
        "Preferred Dividends": 0.0,
        "Net Income Com": 23700000.0,
        "EPS": 0.61,
        "EPS Diluted": 0.61,
        "Weighted Average Shs Out": 37500000.0,
        "Weighted Average Shs Out (Dil)": 37500000.0,
        "Dividend per Share": 0.202666666667,
        "Gross Margin": 0.163301993636,
        "EBITDA Margin": 0.00783792043432,
        "EBIT Margin": 0.00393693709889,
        "Profit Margin": 0.00426052097003,
        "Free Cash Flow margin": -0.0164848005465,
        "EBITDA": 43600000.0,
        "EBIT": 21900000.0,
        "Consolidated Income": 23700000.0,
        "Earnings Before Tax Margin": 0.0029841623672,
        "Net Profit Margin": 0.00426052097003
    },
    "2013": {
        "Revenue": 5413100000.0,
        "Revenue Growth": -0.00686175580221998,
        "Cost of Revenue": 4523600000.0,
        "Gross Profit": 889500000.0,
        "R&D Expenses": 0.0,
        "SG&A Expense": 834500000.0,
        "Operating Expenses": 834500000.0,
        "Operating Income": 53300000.0,
        "Interest Expense": 2800000.0,
        "Earnings before Tax": 48800000.0,
        "Income Tax Expense": -10100000.0,
        "Net Income - Non-Controlling int": 0.0,
        "Net Income - Discontinued ops": 0.0,
        "Net Income": 58900000.0,
        "Preferred Dividends": 0.0,
        "Net Income Com": 58900000.0,
        "EPS": 1.54,
        "EPS Diluted": 1.54,
        "Weighted Average Shs Out": 37300000.0,
        "Weighted Average Shs Out (Dil)": 37300000.0,
        "Dividend per Share": 0.203753351206,
        "Gross Margin": 0.164323585376,
        "EBITDA Margin": 0.0136151188783,
        "EBIT Margin": 0.00984648353069,
        "Profit Margin": 0.010881010881,
        "Free Cash Flow margin": 0.0176054386581,
        "EBITDA": 73700000.0,
        "EBIT": 53300000.0,
        "Consolidated Income": 58900000.0,
        "Earnings Before Tax Margin": 0.0090151669099,
        "Net Profit Margin": 0.010881010881
    },
    "2012": {
        "Revenue": 5450500000.0,
        "Revenue Growth": 0.0,
        "Cost of Revenue": 4553900000.0,
        "Gross Profit": 896600000.0,
        "R&D Expenses": 0.0,
        "SG&A Expense": 821200000.0,
        "Operating Expenses": 821200000.0,
        "Operating Income": 72300000.0,
        "Interest Expense": 3400000.0,
        "Earnings before Tax": 68800000.0,
        "Income Tax Expense": 19100000.0,
        "Net Income - Non-Controlling int": 0.0,
        "Net Income - Discontinued ops": 0.0,
        "Net Income": 50100000.0,
        "Preferred Dividends": 0.0,
        "Net Income Com": 50100000.0,
        "EPS": 1.32,
        "EPS Diluted": 1.32,
        "Weighted Average Shs Out": 37000000.0,
        "Weighted Average Shs Out (Dil)": 37000000.0,
        "Dividend per Share": 0.205405405405,
        "Gross Margin": 0.164498669847,
        "EBITDA Margin": 0.00917347032382,
        "EBIT Margin": 0.0132648380882,
        "Profit Margin": 0.00919181726447,
        "Free Cash Flow margin": 0.00726538849647,
        "EBITDA": 50000000.0,
        "EBIT": 72300000.0,
        "Consolidated Income": 50100000.0,
        "Earnings Before Tax Margin": 0.0126226951656,
        "Net Profit Margin": 0.00919181726447
    },
    "2011": {
        "Revenue": 4950300000.0,
        "Revenue Growth": 0.147283767497914,
        "Cost of Revenue": 4163400000.0,
        "Gross Profit": 786900000.0,
        "R&D Expenses": 0.0,
        "SG&A Expense": 746800000.0,
        "Operating Expenses": 748800000.0,
        "Operating Income": 38100000.0,
        "Interest Expense": 0.0,