{
    "2019": {
        "Revenue": 2375234000.0,
        "Revenue Growth": 0.00311716985809508,
        "Cost of Revenue": 1543738000.0,
        "Gross Profit": 831496000.0,
        "R&D Expenses": 39000000.0,
        "SG&A Expense": 0.0,
        "Operating Expenses": 474151000.0,
        "Operating Income": 328850000.0,
        "Interest Expense": 32994000.0,
        "Earnings before Tax": 311235000.0,
        "Income Tax Expense": 63359000.0,
        "Net Income - Non-Controlling int": 0.0,
        "Net Income - Discontinued ops": 0.0,
        "Net Income": 241925000.0,
        "Preferred Dividends": 0.0,
        "Net Income Com": 241925000.0,
        "EPS": 2.94,
        "EPS Diluted": 2.9,
        "Weighted Average Shs Out": 82379000.0,
        "Weighted Average Shs Out (Dil)": 83291000.0,
        "Dividend per Share": 0.78935299132,
        "Gross Margin": 0.35006908793,
        "EBITDA Margin": 0.185624658455,
        "EBIT Margin": 0.138449516974,
        "Profit Margin": 0.101853122682,
        "Free Cash Flow margin": 0.0371230792419,
        "EBITDA": 440902000.0,
        "EBIT": 328850000.0,
        "Consolidated Income": 241925000.0,
        "Earnings Before Tax Margin": 0.131033405551,
        "Net Profit Margin": 0.101853122682
    },
    "2018": {
        "Revenue": 2367853000.0,
        "Revenue Growth": 0.150354552733039,
        "Cost of Revenue": 1535561000.0,
        "Gross Profit": 832292000.0,
        "R&D Expenses": 38900000.0,
        "SG&A Expense": 0.0,
        "Operating Expenses": 498152000.0,
        "Operating Income": 307565000.0,
        "Interest Expense": 30081000.0,
        "Earnings before Tax": 275041000.0,
        "Income Tax Expense": 69981000.0,
        "Net Income - Non-Controlling int": 0.0,
        "Net Income - Discontinued ops": 0.0,
        "Net Income": 200180000.0,
        "Preferred Dividends": 0.0,
        "Net Income Com": 200180000.0,
        "EPS": 2.45,
        "EPS Diluted": 2.42,
        "Weighted Average Shs Out": 81544000.0,
        "Weighted Average Shs Out (Dil)": 82754000.0,
        "Dividend per Share": 0.78671725838,
        "Gross Margin": 0.351496482256,
        "EBITDA Margin": 0.175790051156,
        "EBIT Margin": 0.129891931636,
        "Profit Margin": 0.0845407210667,
        "Free Cash Flow margin": 0.0448929895564,
        "EBITDA": 416245000.0,
        "EBIT": 307565000.0,
        "Consolidated Income": 200180000.0,
        "Earnings Before Tax Margin": 0.116156281661,
        "Net Profit Margin": 0.0845407210667
    },
    "2017": {
        "Revenue": 2058368000.0,
        "Revenue Growth": -0.0190942206481399,
        "Cost of Revenue": 1400661000.0,
        "Gross Profit": 657707000.0,
        "R&D Expenses": 38000000.0,
        "SG&A Expense": 0.0,
        "Operating Expenses": 463167000.0,
        "Operating Income": 112944000.0,
        "Interest Expense": 28842000.0,
        "Earnings before Tax": 81875000.0,
        "Income Tax Expense": 29895000.0,
        "Net Income - Non-Controlling int": 0.0,
        "Net Income - Discontinued ops": 0.0,
        "Net Income": 49138000.0,
        "Preferred Dividends": 0.0,
        "Net Income Com": 49138000.0,
        "EPS": 0.61,
        "EPS Diluted": 0.61,
        "Weighted Average Shs Out": 80351000.0,
        "Weighted Average Shs Out (Dil)": 81169000.0,
        "Dividend per Share": 0.790055316685,
        "Gross Margin": 0.319528383652,
        "EBITDA Margin": 0.107172284062,
        "EBIT Margin": 0.05487065481,
        "Profit Margin": 0.0238723104906,
        "Free Cash Flow margin": 0.0360402027237,
        "EBITDA": 220600000.0,
        "EBIT": 112944000.0,
        "Consolidated Income": 49138000.0,
        "Earnings Before Tax Margin": 0.0397766580126,
        "Net Profit Margin": 0.0238723104906
    },
    "2016": {
        "Revenue": 2098436000.0,
        "Revenue Growth": -0.20729829121013,
        "Cost of Revenue": 1482369000.0,
        "Gross Profit": 616067000.0,
        "R&D Expenses": 39400000.0,
        "SG&A Expense": 0.0,
        "Operating Expenses": 494975000.0,
        "Operating Income": -174943000.0,
        "Interest Expense": 27752000.0,
        "Earnings before Tax": -198571000.0,
        "Income Tax Expense": 25313000.0,
        "Net Income - Non-Controlling int": 0.0,
        "Net Income - Discontinued ops": 0.0,
        "Net Income": -225968000.0,
        "Preferred Dividends": 0.0,
        "Net Income Com": -225968000.0,
        "EPS": -2.83,
        "EPS Diluted": -2.83,
        "Weighted Average Shs Out": 79835000.0,
        "Weighted Average Shs Out (Dil)": 79835000.0,
        "Dividend per Share": 0.798108598985,
        "Gross Margin": 0.293583888191,
        "EBITDA Margin": -0.027390399326,
        "EBIT Margin": -0.0833682799952,
        "Profit Margin": -0.107684008471,
        "Free Cash Flow margin": 0.0517647428847,
        "EBITDA": -57477000.0,
        "EBIT": -174943000.0,
        "Consolidated Income": -225968000.0,
        "Earnings Before Tax Margin": -0.0946280944475,
        "Net Profit Margin": -0.107684008471
    },
    "2015": {
        "Revenue": 2647195000.0,
        "Revenue Growth": -0.0669659064073961,
        "Cost of Revenue": 1841202000.0,
        "Gross Profit": 805993000.0,
        "R&D Expenses": 45100000.0,
        "SG&A Expense": 0.0,
        "Operating Expenses": 554895000.0,
        "Operating Income": -357823000.0,
        "Interest Expense": 31466000.0,
        "Earnings before Tax": -387615000.0,
        "Income Tax Expense": -16654000.0,
        "Net Income - Non-Controlling int": 0.0,
        "Net Income - Discontinued ops": 0.0,
        "Net Income": -373896000.0,
        "Preferred Dividends": 0.0,
        "Net Income Com": -373896000.0,
        "EPS": -4.71,
        "EPS Diluted": -4.71,
        "Weighted Average Shs Out": 79342000.0,
        "Weighted Average Shs Out (Dil)": 79342000.0,
        "Dividend per Share": 0.718144236344,
        "Gross Margin": 0.304470581125,
        "EBITDA Margin": -0.0854334493681,
        "EBIT Margin": -0.135170624,
        "Profit Margin": -0.141242333867,
        "Free Cash Flow margin": 0.0946277097078,
        "EBITDA": -226159000.0,
        "EBIT": -357823000.0,
        "Consolidated Income": -373896000.0,
        "Earnings Before Tax Margin": -0.146424800591,
        "Net Profit Margin": -0.141242333867
    },
    "2014": {
        "Revenue": 2837190000.0,
        "Revenue Growth": 0.0957054082204456,
        "Cost of Revenue": 1940187000.0,
        "Gross Profit": 897003000.0,
        "R&D Expenses": 44000000.0,
        "SG&A Expense": 0.0,
        "Operating Expenses": 589768000.0,
        "Operating Income": 263432000.0,
        "Interest Expense": 32451000.0,
        "Earnings before Tax": 185436000.0,
        "Income Tax Expense": 66611000.0,
        "Net Income - Non-Controlling int": 0.0,
        "Net Income - Discontinued ops": 0.0,
        "Net Income": 158366000.0,
        "Preferred Dividends": 0.0,
        "Net Income Com": 158366000.0,
        "EPS": 2.01,
        "EPS Diluted": 1.99,
        "Weighted Average Shs Out": 78678000.0,
        "Weighted Average Shs Out (Dil)": 79667000.0,
        "Dividend per Share": 0.708398709629,
        "Gross Margin": 0.316158945999,
        "EBITDA Margin": 0.13874784558,
        "EBIT Margin": 0.0928496152884,
        "Profit Margin": 0.0558179043349,
        "Free Cash Flow margin": 0.054454231123,
        "EBITDA": 393654000.0,
        "EBIT": 263432000.0,
        "Consolidated Income": 158366000.0,
        "Earnings Before Tax Margin": 0.0653590348197,
        "Net Profit Margin": 0.0558179043349
    },
    "2013": {
        "Revenue": 2589373000.0,
        "Revenue Growth": 0.0,
        "Cost of Revenue": 1744369000.0,
        "Gross Profit": 845004000.0,
        "R&D Expenses": 39700000.0,
        "SG&A Expense": 0.0,
        "Operating Expenses": 527850000.0,
        "Operating Income": 296394000.0,
        "Interest Expense": 27472000.0,