{
    "2018": {
        "Revenue": 24465000.0,
        "Revenue Growth": -0.121275477713298,
        "Cost of Revenue": 24667646.0,
        "Gross Profit": -202646.0,
        "R&D Expenses": 12553237.0,
        "SG&A Expense": 27210849.0,
        "Operating Expenses": 39764086.0,
        "Operating Income": -39966727.0,
        "Interest Expense": 0.0,
        "Earnings before Tax": -35788575.0,
        "Income Tax Expense": -30000.0,
        "Net Income - Non-Controlling int": 0.0,
        "Net Income - Discontinued ops": 0.0,
        "Net Income": -35869625.0,
        "Preferred Dividends": 0.0,
        "Net Income Com": -35869625.0,
        "EPS": -0.49,
        "EPS Diluted": -0.49,
        "Weighted Average Shs Out": 73156545.0,
        "Weighted Average Shs Out (Dil)": 73156545.0,
        "Dividend per Share": 0.0,
        "Gross Margin": -0.0082830983037,
        "EBITDA Margin": -1.55422011036,
        "EBIT Margin": -1.63362873493,
        "Profit Margin": -1.46616084202,
        "Free Cash Flow margin": -1.19963376252,
        "EBITDA": -38023995.0,
        "EBIT": -39966727.0,
        "Consolidated Income": -35869625.0,
        "Earnings Before Tax Margin": -1.46284794605,
        "Net Profit Margin": -1.46616084202
    },
    "2017": {
        "Revenue": 27841490.0,
        "Revenue Growth": 0.22960842865601,
        "Cost of Revenue": 22083162.0,
        "Gross Profit": 5758328.0,
        "R&D Expenses": 15515057.0,
        "SG&A Expense": 20541244.0,
        "Operating Expenses": 36056301.0,
        "Operating Income": -30297973.0,
        "Interest Expense": 0.0,
        "Earnings before Tax": -28343115.0,
        "Income Tax Expense": -2963000.0,
        "Net Income - Non-Controlling int": 0.0,
        "Net Income - Discontinued ops": 0.0,
        "Net Income": -25240000.0,
        "Preferred Dividends": 0.0,
        "Net Income Com": -25240000.0,
        "EPS": -0.36,
        "EPS Diluted": -0.36,
        "Weighted Average Shs Out": 69914956.0,
        "Weighted Average Shs Out (Dil)": 69914956.0,
        "Dividend per Share": 0.011324286609,
        "Gross Margin": 0.206825424932,
        "EBITDA Margin": -0.999854749153,
        "EBIT Margin": -1.08823101781,
        "Profit Margin": -0.906560676171,
        "Free Cash Flow margin": -1.03109298389,
        "EBITDA": -27837446.0,
        "EBIT": -30297973.0,
        "Consolidated Income": -25240000.0,
        "Earnings Before Tax Margin": -1.01801717509,
        "Net Profit Margin": -0.906560676171
    },
    "2016": {
        "Revenue": 22642566.0,
        "Revenue Growth": -0.293621076083145,
        "Cost of Revenue": 10900616.0,
        "Gross Profit": 11741950.0,
        "R&D Expenses": 15252794.0,
        "SG&A Expense": 16961773.0,
        "Operating Expenses": 32214567.0,
        "Operating Income": -20472617.0,
        "Interest Expense": 0.0,
        "Earnings before Tax": -19901145.0,
        "Income Tax Expense": 3130000.0,
        "Net Income - Non-Controlling int": 0.0,
        "Net Income - Discontinued ops": 0.0,
        "Net Income": -23434116.0,
        "Preferred Dividends": 0.0,
        "Net Income Com": -23434116.0,
        "EPS": -0.37,
        "EPS Diluted": -0.37,
        "Weighted Average Shs Out": 64045675.0,
        "Weighted Average Shs Out (Dil)": 64045675.0,
        "Dividend per Share": 0.0,
        "Gross Margin": 0.518578592197,
        "EBITDA Margin": -0.866024990277,
        "EBIT Margin": -0.904165057971,
        "Profit Margin": -1.03495849366,
        "Free Cash Flow margin": -1.17343555496,
        "EBITDA": -19609028.0,
        "EBIT": -20472617.0,
        "Consolidated Income": -23434116.0,
        "Earnings Before Tax Margin": -0.878926222408,
        "Net Profit Margin": -1.03495849366
    },
    "2015": {
        "Revenue": 32054419.0,
        "Revenue Growth": 0.00776402646359903,
        "Cost of Revenue": 24616178.0,
        "Gross Profit": 7438241.0,
        "R&D Expenses": 14625061.0,
        "SG&A Expense": 18134580.0,
        "Operating Expenses": 32759641.0,
        "Operating Income": -25321400.0,
        "Interest Expense": 0.0,
        "Earnings before Tax": -14820624.0,
        "Income Tax Expense": -25000.0,
        "Net Income - Non-Controlling int": 0.0,
        "Net Income - Discontinued ops": 0.0,
        "Net Income": -14693416.0,
        "Preferred Dividends": 0.0,
        "Net Income Com": -14693416.0,
        "EPS": -0.23,
        "EPS Diluted": -0.23,
        "Weighted Average Shs Out": 63465797.0,
        "Weighted Average Shs Out (Dil)": 63465797.0,
        "Dividend per Share": 0.0,
        "Gross Margin": 0.232050407777,
        "EBITDA Margin": -0.728468514747,
        "EBIT Margin": -0.789950365346,
        "Profit Margin": -0.458389715315,
        "Free Cash Flow margin": -0.562866449085,
        "EBITDA": -23350635.0,
        "EBIT": -25321400.0,
        "Consolidated Income": -14693416.0,
        "Earnings Before Tax Margin": -0.462358216507,
        "Net Profit Margin": -0.458389715315
    },
    "2014": {
        "Revenue": 31807465.0,
        "Revenue Growth": 0.38911124252649,
        "Cost of Revenue": 24874940.0,
        "Gross Profit": 6932525.0,
        "R&D Expenses": 15499230.0,
        "SG&A Expense": 19908020.0,
        "Operating Expenses": 35407250.0,
        "Operating Income": -28474725.0,
        "Interest Expense": 0.0,
        "Earnings before Tax": -28464347.0,
        "Income Tax Expense": -180000.0,
        "Net Income - Non-Controlling int": 0.0,
        "Net Income - Discontinued ops": 0.0,
        "Net Income": -28212044.0,
        "Preferred Dividends": 0.0,
        "Net Income Com": -28212044.0,
        "EPS": -0.45,
        "EPS Diluted": -0.45,
        "Weighted Average Shs Out": 62638675.0,
        "Weighted Average Shs Out (Dil)": 62638675.0,
        "Dividend per Share": 0.0,
        "Gross Margin": 0.217952766748,
        "EBITDA Margin": -0.802520666139,
        "EBIT Margin": -0.895221451945,
        "Profit Margin": -0.886962981803,
        "Free Cash Flow margin": -0.663208526678,
        "EBITDA": -25526148.0,
        "EBIT": -28474725.0,
        "Consolidated Income": -28212044.0,
        "Earnings Before Tax Margin": -0.894895176337,
        "Net Profit Margin": -0.886962981803
    },
    "2013": {
        "Revenue": 22897709.0,
        "Revenue Growth": -0.339016178692484,
        "Cost of Revenue": 23717503.0,
        "Gross Profit": -819794.0,
        "R&D Expenses": 15983147.0,
        "SG&A Expense": 19124750.0,
        "Operating Expenses": 35107897.0,
        "Operating Income": -35927691.0,
        "Interest Expense": 0.0,
        "Earnings before Tax": -38061659.0,
        "Income Tax Expense": -12933209.0,
        "Net Income - Non-Controlling int": 0.0,
        "Net Income - Discontinued ops": 0.0,
        "Net Income": -4709616.0,
        "Preferred Dividends": 0.0,
        "Net Income Com": -4709616.0,
        "EPS": -0.08,
        "EPS Diluted": -0.08,
        "Weighted Average Shs Out": 62347852.0,
        "Weighted Average Shs Out (Dil)": 62347852.0,
        "Dividend per Share": 0.0,
        "Gross Margin": -0.0358024464369,
        "EBITDA Margin": -1.42552990782,
        "EBIT Margin": -1.56905177719,
        "Profit Margin": -0.205680664384,
        "Free Cash Flow margin": -0.857812805639,
        "EBITDA": -32641369.0,
        "EBIT": -35927691.0,
        "Consolidated Income": -4709616.0,
        "Earnings Before Tax Margin": -1.66224747637,
        "Net Profit Margin": -0.205680664384
    },
    "2012": {
        "Revenue": 34641860.0,
        "Revenue Growth": -0.735849883862922,
        "Cost of Revenue": 25925195.0,
        "Gross Profit": 8716665.0,
        "R&D Expenses": 12121689.0,
        "SG&A Expense": 17165870.0,
        "Operating Expenses": 29287559.0,
        "Operating Income": -20570894.0,
        "Interest Expense": 0.0,
        "Earnings before Tax": -20004733.0,
        "Income Tax Expense": 1099000.0,