{
    "2019": {
        "Revenue": 121162000000.0,
        "Revenue Growth": -0.0122287260928405,
        "Cost of Revenue": 94894000000.0,
        "Gross Profit": 26268000000.0,
        "R&D Expenses": 0.0,
        "SG&A Expense": 0.0,
        "Operating Expenses": 0.0,
        "Operating Income": 2614000000.0,
        "Interest Expense": 620000000.0,
        "Earnings before Tax": 3978000000.0,
        "Income Tax Expense": 900000000.0,
        "Net Income - Non-Controlling int": 0.0,
        "Net Income - Discontinued ops": 0.0,
        "Net Income": 3110000000.0,
        "Preferred Dividends": 0.0,
        "Net Income Com": 3110000000.0,
        "EPS": 3.8,
        "EPS Diluted": 3.76,
        "Weighted Average Shs Out": 810000000.0,
        "Weighted Average Shs Out (Dil)": 818000000.0,
        "Dividend per Share": 0.534229828851,
        "Gross Margin": 0.216800647068,
        "EBITDA Margin": 0.041919083541,
        "EBIT Margin": 0.0215744210231,
        "Profit Margin": 0.025668113765,
        "Free Cash Flow margin": 0.00987933510507,
        "EBITDA": 5079000000.0,
        "EBIT": 2614000000.0,
        "Consolidated Income": 3110000000.0,
        "Earnings Before Tax Margin": 0.0328320760635,
        "Net Profit Margin": 0.025668113765
    },
    "2018": {
        "Revenue": 122662000000.0,
        "Revenue Growth": 0.0635095416041686,
        "Cost of Revenue": 95662000000.0,
        "Gross Profit": 27000000000.0,
        "R&D Expenses": 0.0,
        "SG&A Expense": 0.0,
        "Operating Expenses": 0.0,
        "Operating Income": 2085000000.0,
        "Interest Expense": 601000000.0,
        "Earnings before Tax": 1484000000.0,
        "Income Tax Expense": -405000000.0,
        "Net Income - Non-Controlling int": 0.0,
        "Net Income - Discontinued ops": 0.0,
        "Net Income": 1907000000.0,
        "Preferred Dividends": 0.0,
        "Net Income Com": 1907000000.0,
        "EPS": 2.11,
        "EPS Diluted": 2.09,
        "Weighted Average Shs Out": 895000000.0,
        "Weighted Average Shs Out (Dil)": 904000000.0,
        "Dividend per Share": 0.490044247788,
        "Gross Margin": 0.220117069671,
        "EBITDA Margin": 0.0368573804438,
        "EBIT Margin": 0.016997929269,
        "Profit Margin": 0.015546787106,
        "Free Cash Flow margin": 0.00492410037338,
        "EBITDA": 4521000000.0,
        "EBIT": 2085000000.0,
        "Consolidated Income": 1907000000.0,
        "Earnings Before Tax Margin": 0.0120982863479,
        "Net Profit Margin": 0.015546787106
    },
    "2017": {
        "Revenue": 115337000000.0,
        "Revenue Growth": 0.0501411271965765,
        "Cost of Revenue": 89502000000.0,
        "Gross Profit": 25835000000.0,
        "R&D Expenses": 0.0,
        "SG&A Expense": 0.0,
        "Operating Expenses": 0.0,
        "Operating Income": 3436000000.0,
        "Interest Expense": 522000000.0,
        "Earnings before Tax": 2914000000.0,
        "Income Tax Expense": 957000000.0,
        "Net Income - Non-Controlling int": 0.0,
        "Net Income - Discontinued ops": 0.0,
        "Net Income": 1975000000.0,
        "Preferred Dividends": 0.0,
        "Net Income Com": 1975000000.0,
        "EPS": 2.08,
        "EPS Diluted": 2.05,
        "Weighted Average Shs Out": 942000000.0,
        "Weighted Average Shs Out (Dil)": 958000000.0,
        "Dividend per Share": 0.447807933194,
        "Gross Margin": 0.223995768921,
        "EBITDA Margin": 0.050079332738,
        "EBIT Margin": 0.029790960403,
        "Profit Margin": 0.0171237330605,
        "Free Cash Flow margin": 0.00496805014869,
        "EBITDA": 5776000000.0,
        "EBIT": 3436000000.0,
        "Consolidated Income": 1975000000.0,
        "Earnings Before Tax Margin": 0.0252650927283,
        "Net Profit Margin": 0.0171237330605
    },
    "2016": {
        "Revenue": 109830000000.0,
        "Revenue Growth": 0.0125847047434656,
        "Cost of Revenue": 85496000000.0,
        "Gross Profit": 24334000000.0,
        "R&D Expenses": 0.0,
        "SG&A Expense": 0.0,
        "Operating Expenses": 0.0,
        "Operating Income": 3576000000.0,
        "Interest Expense": 482000000.0,
        "Earnings before Tax": 3094000000.0,
        "Income Tax Expense": 1045000000.0,
        "Net Income - Non-Controlling int": 0.0,
        "Net Income - Discontinued ops": 0.0,
        "Net Income": 2039000000.0,
        "Preferred Dividends": 0.0,
        "Net Income Com": 2039000000.0,
        "EPS": 2.09,
        "EPS Diluted": 2.06,
        "Weighted Average Shs Out": 966000000.0,
        "Weighted Average Shs Out (Dil)": 980000000.0,
        "Dividend per Share": 0.392857142857,
        "Gross Margin": 0.221560593645,
        "EBITDA Margin": 0.0515797141036,
        "EBIT Margin": 0.0325594099973,
        "Profit Margin": 0.0185650550851,
        "Free Cash Flow margin": 0.0135117909496,
        "EBITDA": 5665000000.0,
        "EBIT": 3576000000.0,
        "Consolidated Income": 2039000000.0,
        "Earnings Before Tax Margin": 0.0281708094328,
        "Net Profit Margin": 0.0185650550851
    },
    "2015": {
        "Revenue": 108465000000.0,
        "Revenue Growth": 0.102566709021601,
        "Cost of Revenue": 85512000000.0,
        "Gross Profit": 22953000000.0,
        "R&D Expenses": 0.0,
        "SG&A Expense": 0.0,
        "Operating Expenses": 0.0,
        "Operating Income": 3137000000.0,
        "Interest Expense": 488000000.0,
        "Earnings before Tax": 2649000000.0,
        "Income Tax Expense": 902000000.0,
        "Net Income - Non-Controlling int": 0.0,
        "Net Income - Discontinued ops": 0.0,
        "Net Income": 1728000000.0,
        "Preferred Dividends": 0.0,
        "Net Income Com": 1728000000.0,
        "EPS": 3.49,
        "EPS Diluted": 3.44,
        "Weighted Average Shs Out": 490000000.0,
        "Weighted Average Shs Out (Dil)": 497000000.0,
        "Dividend per Share": 0.680080482897,
        "Gross Margin": 0.211616650532,
        "EBITDA Margin": 0.0468814825059,
        "EBIT Margin": 0.0289217720002,
        "Profit Margin": 0.0159314064445,
        "Free Cash Flow margin": 0.0122804591343,
        "EBITDA": 5085000000.0,
        "EBIT": 3137000000.0,
        "Consolidated Income": 1728000000.0,
        "Earnings Before Tax Margin": 0.0244226248098,
        "Net Profit Margin": 0.0159314064445
    },
    "2014": {
        "Revenue": 98375000000.0,
        "Revenue Growth": 0.0167853562237083,
        "Cost of Revenue": 78138000000.0,
        "Gross Profit": 20237000000.0,
        "R&D Expenses": 0.0,
        "SG&A Expense": 0.0,
        "Operating Expenses": 0.0,
        "Operating Income": 2725000000.0,
        "Interest Expense": 443000000.0,
        "Earnings before Tax": 1820000000.0,
        "Income Tax Expense": 751000000.0,
        "Net Income - Non-Controlling int": 0.0,
        "Net Income - Discontinued ops": 0.0,
        "Net Income": 1519000000.0,
        "Preferred Dividends": 0.0,
        "Net Income Com": 1519000000.0,
        "EPS": 2.93,
        "EPS Diluted": 2.9,
        "Weighted Average Shs Out": 514000000.0,
        "Weighted Average Shs Out (Dil)": 520000000.0,
        "Dividend per Share": 0.613461538462,
        "Gross Margin": 0.205712833545,
        "EBITDA Margin": 0.0450114358323,
        "EBIT Margin": 0.0277001270648,
        "Profit Margin": 0.0154409148666,
        "Free Cash Flow margin": 0.0106734434562,
        "EBITDA": 4428000000.0,
        "EBIT": 2725000000.0,
        "Consolidated Income": 1519000000.0,
        "Earnings Before Tax Margin": 0.018500635324,
        "Net Profit Margin": 0.0154409148666
    },
    "2013": {
        "Revenue": 96751000000.0,
        "Revenue Growth": 0.0705623298736362,
        "Cost of Revenue": 76858000000.0,
        "Gross Profit": 19893000000.0,
        "R&D Expenses": 0.0,
        "SG&A Expense": 0.0,
        "Operating Expenses": 0.0,
        "Operating Income": 2764000000.0,
        "Interest Expense": 462000000.0,