{
    "2018": {
        "Revenue": 170761000.0,
        "Revenue Growth": 0.0666695817300485,
        "Cost of Revenue": 100100000.0,
        "Gross Profit": 70661000.0,
        "R&D Expenses": 14951000.0,
        "SG&A Expense": 62874000.0,
        "Operating Expenses": 77825000.0,
        "Operating Income": -7164000.0,
        "Interest Expense": 1793000.0,
        "Earnings before Tax": -7667000.0,
        "Income Tax Expense": 565000.0,
        "Net Income - Non-Controlling int": 0.0,
        "Net Income - Discontinued ops": 0.0,
        "Net Income": -8232000.0,
        "Preferred Dividends": 0.0,
        "Net Income Com": -8232000.0,
        "EPS": -0.48,
        "EPS Diluted": -0.48,
        "Weighted Average Shs Out": 17072000.0,
        "Weighted Average Shs Out (Dil)": 17072000.0,
        "Dividend per Share": 0.0,
        "Gross Margin": 0.413800575073,
        "EBITDA Margin": 0.0333389942668,
        "EBIT Margin": -0.0419533734284,
        "Profit Margin": -0.0482077289311,
        "Free Cash Flow margin": -0.0627368075849,
        "EBITDA": 5693000.0,
        "EBIT": -7164000.0,
        "Consolidated Income": -8232000.0,
        "Earnings Before Tax Margin": -0.0448990108983,
        "Net Profit Margin": -0.0482077289311
    },
    "2017": {
        "Revenue": 160088000.0,
        "Revenue Growth": -0.0910391660326365,
        "Cost of Revenue": 90166000.0,
        "Gross Profit": 69922000.0,
        "R&D Expenses": 15858000.0,
        "SG&A Expense": 62828000.0,
        "Operating Expenses": 78686000.0,
        "Operating Income": -8764000.0,
        "Interest Expense": 1467000.0,
        "Earnings before Tax": -9938000.0,
        "Income Tax Expense": 1096000.0,
        "Net Income - Non-Controlling int": 0.0,
        "Net Income - Discontinued ops": 0.0,
        "Net Income": -11034000.0,
        "Preferred Dividends": 0.0,
        "Net Income Com": -11034000.0,
        "EPS": -0.67,
        "EPS Diluted": -0.67,
        "Weighted Average Shs Out": 16419000.0,
        "Weighted Average Shs Out (Dil)": 16419000.0,
        "Dividend per Share": 0.0,
        "Gross Margin": 0.436772275249,
        "EBITDA Margin": 0.0141984408575,
        "EBIT Margin": -0.0547448903103,
        "Profit Margin": -0.0689245914747,
        "Free Cash Flow margin": -0.00787691769527,
        "EBITDA": 2273000.0,
        "EBIT": -8764000.0,
        "Consolidated Income": -11034000.0,
        "Earnings Before Tax Margin": -0.0620783569037,
        "Net Profit Margin": -0.0689245914747
    },
    "2016": {
        "Revenue": 176122000.0,
        "Revenue Growth": -0.0461020180465136,
        "Cost of Revenue": 99300000.0,
        "Gross Profit": 76822000.0,
        "R&D Expenses": 16030000.0,
        "SG&A Expense": 62114000.0,
        "Operating Expenses": 78144000.0,
        "Operating Income": -1322000.0,
        "Interest Expense": 1436000.0,
        "Earnings before Tax": -1970000.0,
        "Income Tax Expense": 5547000.0,
        "Net Income - Non-Controlling int": 0.0,
        "Net Income - Discontinued ops": 0.0,
        "Net Income": -7517000.0,
        "Preferred Dividends": 0.0,
        "Net Income Com": -7517000.0,
        "EPS": -0.47,
        "EPS Diluted": -0.47,
        "Weighted Average Shs Out": 15834000.0,
        "Weighted Average Shs Out (Dil)": 15834000.0,
        "Dividend per Share": 0.0,
        "Gross Margin": 0.436186279965,
        "EBITDA Margin": 0.0638307536821,
        "EBIT Margin": -0.00750616050238,
        "Profit Margin": -0.0426806418278,
        "Free Cash Flow margin": 0.0741985669025,
        "EBITDA": 11242000.0,
        "EBIT": -1322000.0,
        "Consolidated Income": -7517000.0,
        "Earnings Before Tax Margin": -0.0111854282827,
        "Net Profit Margin": -0.0426806418278
    },
    "2015": {
        "Revenue": 184634000.0,
        "Revenue Growth": 0.0697776824979286,
        "Cost of Revenue": 102220000.0,
        "Gross Profit": 82414000.0,
        "R&D Expenses": 14039000.0,
        "SG&A Expense": 65167000.0,
        "Operating Expenses": 79206000.0,
        "Operating Income": 3208000.0,
        "Interest Expense": 1460000.0,
        "Earnings before Tax": 2666000.0,
        "Income Tax Expense": 413000.0,
        "Net Income - Non-Controlling int": 0.0,
        "Net Income - Discontinued ops": 0.0,
        "Net Income": 2253000.0,
        "Preferred Dividends": 0.0,
        "Net Income Com": 2253000.0,
        "EPS": 0.14,
        "EPS Diluted": 0.14,
        "Weighted Average Shs Out": 15625000.0,
        "Weighted Average Shs Out (Dil)": 15834000.0,
        "Dividend per Share": 0.0,
        "Gross Margin": 0.446364158281,
        "EBITDA Margin": 0.0862625518594,
        "EBIT Margin": 0.0173749146961,
        "Profit Margin": 0.0122025195793,
        "Free Cash Flow margin": 0.0146397738228,
        "EBITDA": 15927000.0,
        "EBIT": 3208000.0,
        "Consolidated Income": 2253000.0,
        "Earnings Before Tax Margin": 0.0144393773628,
        "Net Profit Margin": 0.0122025195793
    },
    "2014": {
        "Revenue": 172591000.0,
        "Revenue Growth": 0.0634859016070196,
        "Cost of Revenue": 99144000.0,
        "Gross Profit": 73447000.0,
        "R&D Expenses": 14101000.0,
        "SG&A Expense": 57424000.0,
        "Operating Expenses": 71525000.0,
        "Operating Income": 1922000.0,
        "Interest Expense": 1296000.0,
        "Earnings before Tax": 1325000.0,
        "Income Tax Expense": 1284000.0,
        "Net Income - Non-Controlling int": 0.0,
        "Net Income - Discontinued ops": 0.0,
        "Net Income": 41000.0,
        "Preferred Dividends": 0.0,
        "Net Income Com": 41000.0,
        "EPS": 0.0,
        "EPS Diluted": 0.0,
        "Weighted Average Shs Out": 15420000.0,
        "Weighted Average Shs Out (Dil)": 15605000.0,
        "Dividend per Share": 0.0,
        "Gross Margin": 0.425555214351,
        "EBITDA Margin": 0.0690012804839,
        "EBIT Margin": 0.0111361542607,
        "Profit Margin": 0.000237555840108,
        "Free Cash Flow margin": 0.0304303237133,
        "EBITDA": 11909000.0,
        "EBIT": 1922000.0,
        "Consolidated Income": 41000.0,
        "Earnings Before Tax Margin": 0.00767710946689,
        "Net Profit Margin": 0.000237555840108
    },
    "2013": {
        "Revenue": 162288000.0,
        "Revenue Growth": 0.183614500852988,
        "Cost of Revenue": 96576000.0,
        "Gross Profit": 65712000.0,
        "R&D Expenses": 12987000.0,
        "SG&A Expense": 46556000.0,
        "Operating Expenses": 59543000.0,
        "Operating Income": 6169000.0,
        "Interest Expense": 637000.0,
        "Earnings before Tax": 0.0,
        "Income Tax Expense": 2150000.0,
        "Net Income - Non-Controlling int": 0.0,
        "Net Income - Discontinued ops": 0.0,
        "Net Income": 4533000.0,
        "Preferred Dividends": 0.0,
        "Net Income Com": 4533000.0,
        "EPS": 0.3,
        "EPS Diluted": 0.3,
        "Weighted Average Shs Out": 15144000.0,
        "Weighted Average Shs Out (Dil)": 15341000.0,
        "Dividend per Share": 0.0,
        "Gross Margin": 0.404909790003,
        "EBITDA Margin": 0.0749470077886,
        "EBIT Margin": 0.0380126688357,
        "Profit Margin": 0.0279318249039,
        "Free Cash Flow margin": 0.0710773439811,
        "EBITDA": 12163000.0,
        "EBIT": 6169000.0,
        "Consolidated Income": 4533000.0,
        "Earnings Before Tax Margin": 0.0,
        "Net Profit Margin": 0.0279318249039
    },
    "2012": {
        "Revenue": 137112210.0,
        "Revenue Growth": 0.218386789121733,
        "Cost of Revenue": 82137454.0,
        "Gross Profit": 54974756.0,
        "R&D Expenses": 12147998.0,
        "SG&A Expense": 36256873.0,
        "Operating Expenses": 48404871.0,
        "Operating Income": 6569885.0,
        "Interest Expense": 323431.0,
        "Earnings before Tax": 0.0,
        "Income Tax Expense": 3262557.0,