{
    "2018": {
        "Revenue": 704542000.0,
        "Revenue Growth": 0.215826022130338,
        "Cost of Revenue": 448785000.0,
        "Gross Profit": 255757000.0,
        "R&D Expenses": 0.0,
        "SG&A Expense": 162933000.0,
        "Operating Expenses": 162933000.0,
        "Operating Income": 18579000.0,
        "Interest Expense": 18004000.0,
        "Earnings before Tax": 5455000.0,
        "Income Tax Expense": 2889000.0,
        "Net Income - Non-Controlling int": 0.0,
        "Net Income - Discontinued ops": 0.0,
        "Net Income": -1720000.0,
        "Preferred Dividends": 0.0,
        "Net Income Com": -1720000.0,
        "EPS": -0.09,
        "EPS Diluted": -0.09,
        "Weighted Average Shs Out": 19452000.0,
        "Weighted Average Shs Out (Dil)": 19452000.0,
        "Dividend per Share": 0.168260333128,
        "Gross Margin": 0.363011715412,
        "EBITDA Margin": 0.0616726894919,
        "EBIT Margin": 0.026370322848,
        "Profit Margin": -0.00244130229284,
        "Free Cash Flow margin": 0.0160004655507,
        "EBITDA": 43451000.0,
        "EBIT": 18579000.0,
        "Consolidated Income": -1720000.0,
        "Earnings Before Tax Margin": 0.00774261860897,
        "Net Profit Margin": -0.00244130229284
    },
    "2017": {
        "Revenue": 579476000.0,
        "Revenue Growth": -0.0221778242007091,
        "Cost of Revenue": 364319000.0,
        "Gross Profit": 215157000.0,
        "R&D Expenses": 0.0,
        "SG&A Expense": 140903000.0,
        "Operating Expenses": 140903000.0,
        "Operating Income": 15180000.0,
        "Interest Expense": 4291000.0,
        "Earnings before Tax": 17728000.0,
        "Income Tax Expense": 9032000.0,
        "Net Income - Non-Controlling int": 0.0,
        "Net Income - Discontinued ops": 0.0,
        "Net Income": 2154000.0,
        "Preferred Dividends": 0.0,
        "Net Income Com": 2154000.0,
        "EPS": 0.15,
        "EPS Diluted": 0.14,
        "Weighted Average Shs Out": 14505000.0,
        "Weighted Average Shs Out (Dil)": 14955000.0,
        "Dividend per Share": 0.165496489468,
        "Gross Margin": 0.37129579137,
        "EBITDA Margin": 0.0515776322056,
        "EBIT Margin": 0.026196080597,
        "Profit Margin": 0.00371715135743,
        "Free Cash Flow margin": 0.0184563295115,
        "EBITDA": 29888000.0,
        "EBIT": 15180000.0,
        "Consolidated Income": 2154000.0,
        "Earnings Before Tax Margin": 0.0305931565759,
        "Net Profit Margin": 0.00371715135743
    },
    "2016": {
        "Revenue": 592619000.0,
        "Revenue Growth": 0.00842139295863325,
        "Cost of Revenue": 375719000.0,
        "Gross Profit": 216900000.0,
        "R&D Expenses": 0.0,
        "SG&A Expense": 130397000.0,
        "Operating Expenses": 130397000.0,
        "Operating Income": 27077000.0,
        "Interest Expense": 4803000.0,
        "Earnings before Tax": 22114000.0,
        "Income Tax Expense": 7030000.0,
        "Net Income - Non-Controlling int": 0.0,
        "Net Income - Discontinued ops": 0.0,
        "Net Income": 15720000.0,
        "Preferred Dividends": 0.0,
        "Net Income Com": 15720000.0,
        "EPS": 1.11,
        "EPS Diluted": 1.08,
        "Weighted Average Shs Out": 14174000.0,
        "Weighted Average Shs Out (Dil)": 14549000.0,
        "Dividend per Share": 0.165853323252,
        "Gross Margin": 0.366002440016,
        "EBITDA Margin": 0.070660913673,
        "EBIT Margin": 0.0456904014215,
        "Profit Margin": 0.026526317921,
        "Free Cash Flow margin": 0.0444957046602,
        "EBITDA": 41875000.0,
        "EBIT": 27077000.0,
        "Consolidated Income": 15720000.0,
        "Earnings Before Tax Margin": 0.0373157121186,
        "Net Profit Margin": 0.026526317921
    },
    "2015": {
        "Revenue": 587670000.0,
        "Revenue Growth": 0.00283271616525315,
        "Cost of Revenue": 373284000.0,
        "Gross Profit": 214386000.0,
        "R&D Expenses": 0.0,
        "SG&A Expense": 134903000.0,
        "Operating Expenses": 134903000.0,
        "Operating Income": 24231000.0,
        "Interest Expense": 5746000.0,
        "Earnings before Tax": 0.0,
        "Income Tax Expense": 6627000.0,
        "Net Income - Non-Controlling int": 0.0,
        "Net Income - Discontinued ops": 0.0,
        "Net Income": 12278000.0,
        "Preferred Dividends": 0.0,
        "Net Income Com": 12278000.0,
        "EPS": 0.89,
        "EPS Diluted": 0.86,
        "Weighted Average Shs Out": 13850000.0,
        "Weighted Average Shs Out (Dil)": 14266000.0,
        "Dividend per Share": 0.150707977008,
        "Gross Margin": 0.364806779315,
        "EBITDA Margin": 0.0664913982337,
        "EBIT Margin": 0.0412323242636,
        "Profit Margin": 0.0208926778634,
        "Free Cash Flow margin": 0.0703524086647,
        "EBITDA": 39075000.0,
        "EBIT": 24231000.0,
        "Consolidated Income": 12278000.0,
        "Earnings Before Tax Margin": 0.0,
        "Net Profit Margin": 0.0208926778634
    },
    "2014": {
        "Revenue": 586010000.0,
        "Revenue Growth": 0.165676389090569,
        "Cost of Revenue": 373129000.0,
        "Gross Profit": 212881000.0,
        "R&D Expenses": 0.0,
        "SG&A Expense": 133786000.0,
        "Operating Expenses": 133786000.0,
        "Operating Income": 21384000.0,
        "Interest Expense": 6418000.0,
        "Earnings before Tax": 0.0,
        "Income Tax Expense": 5825000.0,
        "Net Income - Non-Controlling int": 0.0,
        "Net Income - Discontinued ops": 0.0,
        "Net Income": 1544000.0,
        "Preferred Dividends": 0.0,
        "Net Income Com": 1544000.0,
        "EPS": 0.11,
        "EPS Diluted": 0.11,
        "Weighted Average Shs Out": 13519000.0,
        "Weighted Average Shs Out (Dil)": 13974000.0,
        "Dividend per Share": 0.145341348218,
        "Gross Margin": 0.363271957816,
        "EBITDA Margin": 0.0617753963243,
        "EBIT Margin": 0.0364908448661,
        "Profit Margin": 0.00263476732479,
        "Free Cash Flow margin": -0.0026996126346,
        "EBITDA": 36201000.0,
        "EBIT": 21384000.0,
        "Consolidated Income": 1544000.0,
        "Earnings Before Tax Margin": 0.0,
        "Net Profit Margin": 0.00263476732479
    },
    "2013": {
        "Revenue": 502721000.0,
        "Revenue Growth": 0.0326163313765041,
        "Cost of Revenue": 315459000.0,
        "Gross Profit": 187262000.0,
        "R&D Expenses": 0.0,
        "SG&A Expense": 114345000.0,
        "Operating Expenses": 114345000.0,
        "Operating Income": 28186000.0,
        "Interest Expense": 4847000.0,
        "Earnings before Tax": 0.0,
        "Income Tax Expense": 9175000.0,
        "Net Income - Non-Controlling int": 0.0,
        "Net Income - Discontinued ops": 0.0,
        "Net Income": 9281000.0,
        "Preferred Dividends": 0.0,
        "Net Income Com": 9281000.0,
        "EPS": 0.73,
        "EPS Diluted": 0.71,
        "Weighted Average Shs Out": 12757000.0,
        "Weighted Average Shs Out (Dil)": 13043000.0,
        "Dividend per Share": 0.116154258989,
        "Gross Margin": 0.372496872022,
        "EBITDA Margin": 0.0778344250588,
        "EBIT Margin": 0.0560668840172,
        "Profit Margin": 0.018461532341,
        "Free Cash Flow margin": 0.0634984414815,
        "EBITDA": 39129000.0,
        "EBIT": 28186000.0,
        "Consolidated Income": 9281000.0,
        "Earnings Before Tax Margin": 0.0,
        "Net Profit Margin": 0.018461532341
    },
    "2012": {
        "Revenue": 486842000.0,
        "Revenue Growth": 0.0954596798509511,
        "Cost of Revenue": 310054000.0,
        "Gross Profit": 176788000.0,
        "R&D Expenses": 0.0,
        "SG&A Expense": 104338000.0,
        "Operating Expenses": 104338000.0,
        "Operating Income": 27335000.0,
        "Interest Expense": 5898000.0,
        "Earnings before Tax": 20074000.0,
        "Income Tax Expense": 5208000.0,