{
    "2019": {
        "Revenue": 1451592000.0,
        "Revenue Growth": 0.0319298602308846,
        "Cost of Revenue": 28176000.0,
        "Gross Profit": 1423416000.0,
        "R&D Expenses": 0.0,
        "SG&A Expense": 545590000.0,
        "Operating Expenses": 545281000.0,
        "Operating Income": 42599000.0,
        "Interest Expense": 28909000.0,
        "Earnings before Tax": 9631000.0,
        "Income Tax Expense": -1959000.0,
        "Net Income - Non-Controlling int": 0.0,
        "Net Income - Discontinued ops": 0.0,
        "Net Income": 11590000.0,
        "Preferred Dividends": 0.0,
        "Net Income Com": 11590000.0,
        "EPS": 0.36,
        "EPS Diluted": 0.36,
        "Weighted Average Shs Out": 32190000.0,
        "Weighted Average Shs Out (Dil)": 32526000.0,
        "Dividend per Share": 0.0,
        "Gross Margin": 0.980589587157,
        "EBITDA Margin": 0.0495400911551,
        "EBIT Margin": 0.0293464003659,
        "Profit Margin": 0.00798433719668,
        "Free Cash Flow margin": 0.00230643321264,
        "EBITDA": 71912000.0,
        "EBIT": 42599000.0,
        "Consolidated Income": 11590000.0,
        "Earnings Before Tax Margin": 0.00663478442978,
        "Net Profit Margin": 0.00798433719668
    },
    "2018": {
        "Revenue": 1406677000.0,
        "Revenue Growth": 0.0530911241540396,
        "Cost of Revenue": 33448000.0,
        "Gross Profit": 1373229000.0,
        "R&D Expenses": 0.0,
        "SG&A Expense": 538939000.0,
        "Operating Expenses": 534670000.0,
        "Operating Income": 29085000.0,
        "Interest Expense": 25929000.0,
        "Earnings before Tax": 448000.0,
        "Income Tax Expense": -27747000.0,
        "Net Income - Non-Controlling int": 0.0,
        "Net Income - Discontinued ops": 0.0,
        "Net Income": 28195000.0,
        "Preferred Dividends": 0.0,
        "Net Income Com": 28195000.0,
        "EPS": 0.88,
        "EPS Diluted": 0.88,
        "Weighted Average Shs Out": 32076000.0,
        "Weighted Average Shs Out (Dil)": 32110000.0,
        "Dividend per Share": 0.0,
        "Gross Margin": 0.976221975621,
        "EBITDA Margin": 0.0397383336757,
        "EBIT Margin": 0.0206763883962,
        "Profit Margin": 0.0200436916222,
        "Free Cash Flow margin": -0.00690137110367,
        "EBITDA": 55899000.0,
        "EBIT": 29085000.0,
        "Consolidated Income": 28195000.0,
        "Earnings Before Tax Margin": 0.000318481072769,
        "Net Profit Margin": 0.0200436916222
    },
    "2017": {
        "Revenue": 1335760000.0,
        "Revenue Growth": -0.0591768572269749,
        "Cost of Revenue": 192923000.0,
        "Gross Profit": 1142837000.0,
        "R&D Expenses": 0.0,
        "SG&A Expense": 536576000.0,
        "Operating Expenses": 536116000.0,
        "Operating Income": -152631000.0,
        "Interest Expense": 24630000.0,
        "Earnings before Tax": -178880000.0,
        "Income Tax Expense": -69098000.0,
        "Net Income - Non-Controlling int": 0.0,
        "Net Income - Discontinued ops": 0.0,
        "Net Income": -109782000.0,
        "Preferred Dividends": 0.0,
        "Net Income Com": -109782000.0,
        "EPS": -3.43,
        "EPS Diluted": -3.43,
        "Weighted Average Shs Out": 32021000.0,
        "Weighted Average Shs Out (Dil)": 32021000.0,
        "Dividend per Share": 0.0,
        "Gross Margin": 0.855570611487,
        "EBITDA Margin": -0.0987572617836,
        "EBIT Margin": -0.114265287177,
        "Profit Margin": -0.082186919806,
        "Free Cash Flow margin": -0.00720638438043,
        "EBITDA": -131916000.0,
        "EBIT": -152631000.0,
        "Consolidated Income": -109782000.0,
        "Earnings Before Tax Margin": -0.133916272384,
        "Net Profit Margin": -0.082186919806
    },
    "2016": {
        "Revenue": 1419778000.0,
        "Revenue Growth": -0.0871667074934115,
        "Cost of Revenue": 115699000.0,
        "Gross Profit": 1304079000.0,
        "R&D Expenses": 0.0,
        "SG&A Expense": 545301000.0,
        "Operating Expenses": 541974000.0,
        "Operating Income": -5084000.0,
        "Interest Expense": 24826000.0,
        "Earnings before Tax": -29239000.0,
        "Income Tax Expense": -9691000.0,
        "Net Income - Non-Controlling int": 0.0,
        "Net Income - Discontinued ops": 0.0,
        "Net Income": -19548000.0,
        "Preferred Dividends": 0.0,
        "Net Income Com": -19548000.0,
        "EPS": -0.61,
        "EPS Diluted": -0.61,
        "Weighted Average Shs Out": 31979000.0,
        "Weighted Average Shs Out (Dil)": 31979000.0,
        "Dividend per Share": 0.0,
        "Gross Margin": 0.918509090858,
        "EBITDA Margin": 0.00990013931756,
        "EBIT Margin": -0.00358084151184,
        "Profit Margin": -0.0137683496997,
        "Free Cash Flow margin": 0.00962615282107,
        "EBITDA": 14056000.0,
        "EBIT": -5084000.0,
        "Consolidated Income": -19548000.0,
        "Earnings Before Tax Margin": -0.0205940647059,
        "Net Profit Margin": -0.0137683496997
    },
    "2015": {
        "Revenue": 1555353000.0,
        "Revenue Growth": -0.00481356166452105,
        "Cost of Revenue": 839125000.0,
        "Gross Profit": 716228000.0,
        "R&D Expenses": 0.0,
        "SG&A Expense": 573335000.0,
        "Operating Expenses": 576585000.0,
        "Operating Income": 139643000.0,
        "Interest Expense": 20494000.0,
        "Earnings before Tax": 120557000.0,
        "Income Tax Expense": 46758000.0,
        "Net Income - Non-Controlling int": 0.0,
        "Net Income - Discontinued ops": 0.0,
        "Net Income": 73799000.0,
        "Preferred Dividends": 0.0,
        "Net Income Com": 73799000.0,
        "EPS": 2.31,
        "EPS Diluted": 2.31,
        "Weighted Average Shs Out": 31957000.0,
        "Weighted Average Shs Out (Dil)": 32016000.0,
        "Dividend per Share": 15.6171914043,
        "Gross Margin": 0.460492248383,
        "EBITDA Margin": 0.103454971315,
        "EBIT Margin": 0.0897821909239,
        "Profit Margin": 0.0474483927443,
        "Free Cash Flow margin": 0.125060356074,
        "EBITDA": 160909000.0,
        "EBIT": 139643000.0,
        "Consolidated Income": 73799000.0,
        "Earnings Before Tax Margin": 0.0775110216137,
        "Net Profit Margin": 0.0474483927443
    },
    "2014": {
        "Revenue": 1562876000.0,
        "Revenue Growth": -0.0145347169195051,
        "Cost of Revenue": 852539000.0,
        "Gross Profit": 710337000.0,
        "R&D Expenses": 0.0,
        "SG&A Expense": 560327000.0,
        "Operating Expenses": 581996000.0,
        "Operating Income": 128341000.0,
        "Interest Expense": 0.0,
        "Earnings before Tax": 128391000.0,
        "Income Tax Expense": 49544000.0,
        "Net Income - Non-Controlling int": 0.0,
        "Net Income - Discontinued ops": 0.0,
        "Net Income": 78847000.0,
        "Preferred Dividends": 0.0,
        "Net Income Com": 78847000.0,
        "EPS": 2.47,
        "EPS Diluted": 2.47,
        "Weighted Average Shs Out": 31956521.0,
        "Weighted Average Shs Out (Dil)": 31957000.0,
        "Dividend per Share": 0.0,
        "Gross Margin": 0.4545,
        "EBITDA Margin": 0.096,
        "EBIT Margin": 0.0822,
        "Profit Margin": 0.05,
        "Free Cash Flow margin": 0.0672,
        "EBITDA": 149990000.0,
        "EBIT": 128391000.0,
        "Consolidated Income": 78847000.0,
        "Earnings Before Tax Margin": 0.0822,
        "Net Profit Margin": 0.0504
    },
    "2013": {
        "Revenue": 1585927000.0,
        "Revenue Growth": -0.080956081470677,
        "Cost of Revenue": 881817000.0,
        "Gross Profit": 704110000.0,
        "R&D Expenses": 0.0,
        "SG&A Expense": 598916000.0,
        "Operating Expenses": 622107000.0,
        "Operating Income": 82003000.0,
        "Interest Expense": 0.0,
        "Earnings before Tax": 82070000.0,
        "Income Tax Expense": 32243000.0,