{
    "2018": {
        "Revenue": 3028674000.0,
        "Revenue Growth": 0.15403072132588,
        "Cost of Revenue": 2000153000.0,
        "Gross Profit": 1028521000.0,
        "R&D Expenses": 54168000.0,
        "SG&A Expense": 627697000.0,
        "Operating Expenses": 681865000.0,
        "Operating Income": 375539000.0,
        "Interest Expense": 24503000.0,
        "Earnings before Tax": 368660000.0,
        "Income Tax Expense": 81667000.0,
        "Net Income - Non-Controlling int": 0.0,
        "Net Income - Discontinued ops": 0.0,
        "Net Income": 287066000.0,
        "Preferred Dividends": 0.0,
        "Net Income Com": 287066000.0,
        "EPS": 4.42,
        "EPS Diluted": 4.37,
        "Weighted Average Shs Out": 64886000.0,
        "Weighted Average Shs Out (Dil)": 65682000.0,
        "Dividend per Share": 1.55381992022,
        "Gross Margin": 0.339594489206,
        "EBITDA Margin": 0.147881548163,
        "EBIT Margin": 0.123994526978,
        "Profit Margin": 0.0947827333018,
        "Free Cash Flow margin": 0.0851547574945,
        "EBITDA": 447885000.0,
        "EBIT": 375539000.0,
        "Consolidated Income": 287066000.0,
        "Earnings Before Tax Margin": 0.121723235977,
        "Net Profit Margin": 0.0947827333018
    },
    "2017": {
        "Revenue": 2624431000.0,
        "Revenue Growth": 0.153791808192511,
        "Cost of Revenue": 1744105000.0,
        "Gross Profit": 880326000.0,
        "R&D Expenses": 47899000.0,
        "SG&A Expense": 537525000.0,
        "Operating Expenses": 585424000.0,
        "Operating Income": 377711000.0,
        "Interest Expense": 24220000.0,
        "Earnings before Tax": 366236000.0,
        "Income Tax Expense": 118761000.0,
        "Net Income - Non-Controlling int": 0.0,
        "Net Income - Discontinued ops": 0.0,
        "Net Income": 247503000.0,
        "Preferred Dividends": 0.0,
        "Net Income Com": 247503000.0,
        "EPS": 3.76,
        "EPS Diluted": 3.71,
        "Weighted Average Shs Out": 65739000.0,
        "Weighted Average Shs Out (Dil)": 66643000.0,
        "Dividend per Share": 1.38727248173,
        "Gross Margin": 0.335434995243,
        "EBITDA Margin": 0.169875298684,
        "EBIT Margin": 0.143921101374,
        "Profit Margin": 0.0943072993727,
        "Free Cash Flow margin": 0.104094563736,
        "EBITDA": 445826000.0,
        "EBIT": 377711000.0,
        "Consolidated Income": 247503000.0,
        "Earnings Before Tax Margin": 0.139548725038,
        "Net Profit Margin": 0.0943072993727
    },
    "2016": {
        "Revenue": 2274614000.0,
        "Revenue Growth": -0.102996264282033,
        "Cost of Revenue": 1485316000.0,
        "Gross Profit": 789298000.0,
        "R&D Expenses": 44720000.0,
        "SG&A Expense": 466676000.0,
        "Operating Expenses": 511396000.0,
        "Operating Income": 288274000.0,
        "Interest Expense": 19079000.0,
        "Earnings before Tax": 277388000.0,
        "Income Tax Expense": 79015000.0,
        "Net Income - Non-Controlling int": 0.0,
        "Net Income - Discontinued ops": 0.0,
        "Net Income": 198399000.0,
        "Preferred Dividends": 0.0,
        "Net Income Com": 198399000.0,
        "EPS": 2.94,
        "EPS Diluted": 2.91,
        "Weighted Average Shs Out": 67462000.0,
        "Weighted Average Shs Out (Dil)": 68156000.0,
        "Dividend per Share": 1.28132519514,
        "Gross Margin": 0.347003051946,
        "EBITDA Margin": 0.155343719858,
        "EBIT Margin": 0.126735349382,
        "Profit Margin": 0.0872231508291,
        "Free Cash Flow margin": 0.11145891127,
        "EBITDA": 353347000.0,
        "EBIT": 288274000.0,
        "Consolidated Income": 198399000.0,
        "Earnings Before Tax Margin": 0.121949482418,
        "Net Profit Margin": 0.0872231508291
    },
    "2015": {
        "Revenue": 2535791000.0,
        "Revenue Growth": -0.0986494978893295,
        "Cost of Revenue": 1694647000.0,
        "Gross Profit": 841144000.0,
        "R&D Expenses": 47182000.0,
        "SG&A Expense": 496748000.0,
        "Operating Expenses": 543930000.0,
        "Operating Income": 181700000.0,
        "Interest Expense": 21824000.0,
        "Earnings before Tax": 169787000.0,
        "Income Tax Expense": 42375000.0,
        "Net Income - Non-Controlling int": 0.0,
        "Net Income - Discontinued ops": 0.0,
        "Net Income": 127478000.0,
        "Preferred Dividends": 0.0,
        "Net Income Com": 127478000.0,
        "EPS": 1.72,
        "EPS Diluted": 1.7,
        "Weighted Average Shs Out": 74111000.0,
        "Weighted Average Shs Out (Dil)": 74854000.0,
        "Dividend per Share": 1.16183503888,
        "Gross Margin": 0.331708725206,
        "EBITDA Margin": 0.0968956037781,
        "EBIT Margin": 0.0716541702372,
        "Profit Margin": 0.0502714931948,
        "Free Cash Flow margin": 0.102670527658,
        "EBITDA": 245707000.0,
        "EBIT": 181700000.0,
        "Consolidated Income": 127478000.0,
        "Earnings Before Tax Margin": 0.0669562278595,
        "Net Profit Margin": 0.0502714931948
    },
    "2014": {
        "Revenue": 2813324000.0,
        "Revenue Growth": -0.0137930381736976,
        "Cost of Revenue": 1864027000.0,
        "Gross Profit": 949297000.0,
        "R&D Expenses": 43256000.0,
        "SG&A Expense": 545497000.0,
        "Operating Expenses": 588753000.0,
        "Operating Income": 373747000.0,
        "Interest Expense": 10434000.0,
        "Earnings before Tax": 375813000.0,
        "Income Tax Expense": 121933000.0,
        "Net Income - Non-Controlling int": 0.0,
        "Net Income - Discontinued ops": 0.0,
        "Net Income": 254686000.0,
        "Preferred Dividends": 0.0,
        "Net Income Com": 254686000.0,
        "EPS": 3.22,
        "EPS Diluted": 3.18,
        "Weighted Average Shs Out": 79185000.0,
        "Weighted Average Shs Out (Dil)": 80096000.0,
        "Dividend per Share": 0.914664902117,
        "Gross Margin": 0.337428963034,
        "EBITDA Margin": 0.157590807173,
        "EBIT Margin": 0.132848900447,
        "Profit Margin": 0.0905284993836,
        "Free Cash Flow margin": 0.116841145918,
        "EBITDA": 443354000.0,
        "EBIT": 373747000.0,
        "Consolidated Income": 254686000.0,
        "Earnings Before Tax Margin": 0.133583263072,
        "Net Profit Margin": 0.0905284993836
    },
    "2013": {
        "Revenue": 2852671000.0,
        "Revenue Growth": -0.000243922355589029,
        "Cost of Revenue": 1910017000.0,
        "Gross Profit": 942654000.0,
        "R&D Expenses": 42126000.0,
        "SG&A Expense": 527206000.0,
        "Operating Expenses": 569332000.0,
        "Operating Income": 406985000.0,
        "Interest Expense": 2864000.0,
        "Earnings before Tax": 416441000.0,
        "Income Tax Expense": 124754000.0,
        "Net Income - Non-Controlling int": 0.0,
        "Net Income - Discontinued ops": 0.0,
        "Net Income": 293780000.0,
        "Preferred Dividends": 0.0,
        "Net Income Com": 293780000.0,
        "EPS": 3.58,
        "EPS Diluted": 3.54,
        "Weighted Average Shs Out": 81978000.0,
        "Weighted Average Shs Out (Dil)": 83042000.0,
        "Dividend per Share": 0.59339852123,
        "Gross Margin": 0.33044609771,
        "EBITDA Margin": 0.166814890326,
        "EBIT Margin": 0.142668046894,
        "Profit Margin": 0.102984185698,
        "Free Cash Flow margin": 0.0921518815174,
        "EBITDA": 475868000.0,
        "EBIT": 406985000.0,
        "Consolidated Income": 293780000.0,
        "Earnings Before Tax Margin": 0.145982835034,
        "Net Profit Margin": 0.102984185698
    },
    "2012": {
        "Revenue": 2853367000.0,
        "Revenue Growth": 0.0589168966629296,
        "Cost of Revenue": 1986711000.0,
        "Gross Profit": 866656000.0,
        "R&D Expenses": 37305000.0,
        "SG&A Expense": 495221000.0,
        "Operating Expenses": 532526000.0,
        "Operating Income": 362081000.0,