{
    "2018": {
        "Revenue": 11333400000.0,
        "Revenue Growth": 0.0854291570095964,
        "Cost of Revenue": 8157000000.0,
        "Gross Profit": 3176400000.0,
        "R&D Expenses": 0.0,
        "SG&A Expense": 1570900000.0,
        "Operating Expenses": 1802600000.0,
        "Operating Income": 1325700000.0,
        "Interest Expense": 244200000.0,
        "Earnings before Tax": 754500000.0,
        "Income Tax Expense": 384400000.0,
        "Net Income - Non-Controlling int": 0.0,
        "Net Income - Discontinued ops": 0.0,
        "Net Income": 883700000.0,
        "Preferred Dividends": 0.0,
        "Net Income Com": 883700000.0,
        "EPS": 8.71,
        "EPS Diluted": 8.61,
        "Weighted Average Shs Out": 101400000.0,
        "Weighted Average Shs Out (Dil)": 102600000.0,
        "Dividend per Share": 0.0623781676413,
        "Gross Margin": 0.280268939594,
        "EBITDA Margin": 0.165687260663,
        "EBIT Margin": 0.116972841336,
        "Profit Margin": 0.0779730707466,
        "Free Cash Flow margin": 0.0816701078229,
        "EBITDA": 1877800000.0,
        "EBIT": 1325700000.0,
        "Consolidated Income": 883700000.0,
        "Earnings Before Tax Margin": 0.0665731378051,
        "Net Profit Margin": 0.0779730707466
    },
    "2017": {
        "Revenue": 10441400000.0,
        "Revenue Growth": 0.0829305731294986,
        "Cost of Revenue": 6977400000.0,
        "Gross Profit": 3464000000.0,
        "R&D Expenses": 0.0,
        "SG&A Expense": 1812400000.0,
        "Operating Expenses": 2028900000.0,
        "Operating Income": 1364200000.0,
        "Interest Expense": 235100000.0,
        "Earnings before Tax": 1519400000.0,
        "Income Tax Expense": -139100000.0,
        "Net Income - Non-Controlling int": 0.0,
        "Net Income - Discontinued ops": 0.0,
        "Net Income": 1268200000.0,
        "Preferred Dividends": 0.0,
        "Net Income Com": 1268200000.0,
        "EPS": 12.39,
        "EPS Diluted": 12.21,
        "Weighted Average Shs Out": 102400000.0,
        "Weighted Average Shs Out (Dil)": 103900000.0,
        "Dividend per Share": 0.00962463907603,
        "Gross Margin": 0.331756277894,
        "EBITDA Margin": 0.181718926581,
        "EBIT Margin": 0.13065297757,
        "Profit Margin": 0.121458808206,
        "Free Cash Flow margin": 0.109803283085,
        "EBITDA": 1897400000.0,
        "EBIT": 1364200000.0,
        "Consolidated Income": 1268200000.0,
        "Earnings Before Tax Margin": 0.145516884709,
        "Net Profit Margin": 0.121458808206
    },
    "2016": {
        "Revenue": 9641800000.0,
        "Revenue Growth": 0.110793654450986,
        "Cost of Revenue": 6461300000.0,
        "Gross Profit": 3180500000.0,
        "R&D Expenses": 0.0,
        "SG&A Expense": 1630200000.0,
        "Operating Expenses": 1809700000.0,
        "Operating Income": 1312400000.0,
        "Interest Expense": 219100000.0,
        "Earnings before Tax": 439100000.0,
        "Income Tax Expense": 372300000.0,
        "Net Income - Non-Controlling int": 0.0,
        "Net Income - Discontinued ops": 0.0,
        "Net Income": 732100000.0,
        "Preferred Dividends": 0.0,
        "Net Income Com": 732100000.0,
        "EPS": 7.14,
        "EPS Diluted": 7.02,
        "Weighted Average Shs Out": 102500000.0,
        "Weighted Average Shs Out (Dil)": 104300000.0,
        "Dividend per Share": 0.0201342281879,
        "Gross Margin": 0.329865792694,
        "EBITDA Margin": 0.187890227966,
        "EBIT Margin": 0.13611566305,
        "Profit Margin": 0.075929805638,
        "Free Cash Flow margin": 0.0930324213321,
        "EBITDA": 1811600000.0,
        "EBIT": 1312400000.0,
        "Consolidated Income": 732100000.0,
        "Earnings Before Tax Margin": 0.0455412889709,
        "Net Profit Margin": 0.075929805638
    },
    "2015": {
        "Revenue": 8680100000.0,
        "Revenue Growth": 0.44389180916894,
        "Cost of Revenue": 5776800000.0,
        "Gross Profit": 2903300000.0,
        "R&D Expenses": 0.0,
        "SG&A Expense": 1622000000.0,
        "Operating Expenses": 1786500000.0,
        "Operating Income": 1002900000.0,
        "Interest Expense": 274900000.0,
        "Earnings before Tax": 161500000.0,
        "Income Tax Expense": 294100000.0,
        "Net Income - Non-Controlling int": 0.0,
        "Net Income - Discontinued ops": 0.0,
        "Net Income": 436900000.0,
        "Preferred Dividends": 0.0,
        "Net Income Com": 436900000.0,
        "EPS": 4.42,
        "EPS Diluted": 4.34,
        "Weighted Average Shs Out": 98800000.0,
        "Weighted Average Shs Out (Dil)": 100600000.0,
        "Dividend per Share": 0.0,
        "Gross Margin": 0.33447771339,
        "EBITDA Margin": 0.168281471412,
        "EBIT Margin": 0.115540143547,
        "Profit Margin": 0.0503335215032,
        "Free Cash Flow margin": 0.0837087130333,
        "EBITDA": 1460700000.0,
        "EBIT": 1002900000.0,
        "Consolidated Income": 436900000.0,
        "Earnings Before Tax Margin": 0.0186057764311,
        "Net Profit Margin": 0.0503335215032
    },
    "2014": {
        "Revenue": 6011600000.0,
        "Revenue Growth": 0.0350016355904482,
        "Cost of Revenue": 3808500000.0,
        "Gross Profit": 2203100000.0,
        "R&D Expenses": 0.0,
        "SG&A Expense": 1198200000.0,
        "Operating Expenses": 1274900000.0,
        "Operating Income": 910400000.0,
        "Interest Expense": 109500000.0,
        "Earnings before Tax": 435900000.0,
        "Income Tax Expense": 314100000.0,
        "Net Income - Non-Controlling int": 0.0,
        "Net Income - Discontinued ops": 0.0,
        "Net Income": 511200000.0,
        "Preferred Dividends": 0.0,
        "Net Income Com": 511200000.0,
        "EPS": 6.03,
        "EPS Diluted": 5.91,
        "Weighted Average Shs Out": 84800000.0,
        "Weighted Average Shs Out (Dil)": 86400000.0,
        "Dividend per Share": 0.0138888888889,
        "Gross Margin": 0.366474815357,
        "EBITDA Margin": 0.192278262027,
        "EBIT Margin": 0.151440548273,
        "Profit Margin": 0.0850355978442,
        "Free Cash Flow margin": 0.089077782953,
        "EBITDA": 1155900000.0,
        "EBIT": 910400000.0,
        "Consolidated Income": 511200000.0,
        "Earnings Before Tax Margin": 0.0725098143589,
        "Net Profit Margin": 0.0850355978442
    },
    "2013": {
        "Revenue": 5808300000.0,
        "Revenue Growth": 0.0241386606481645,
        "Cost of Revenue": 3585100000.0,
        "Gross Profit": 2223200000.0,
        "R&D Expenses": 0.0,
        "SG&A Expense": 1128800000.0,
        "Operating Expenses": 1210500000.0,
        "Operating Income": 990900000.0,
        "Interest Expense": 96500000.0,
        "Earnings before Tax": 572200000.0,
        "Income Tax Expense": 340200000.0,
        "Net Income - Non-Controlling int": 0.0,
        "Net Income - Discontinued ops": 0.0,
        "Net Income": 573800000.0,
        "Preferred Dividends": 0.0,
        "Net Income Com": 573800000.0,
        "EPS": 6.36,
        "EPS Diluted": 6.25,
        "Weighted Average Shs Out": 90200000.0,
        "Weighted Average Shs Out (Dil)": 91800000.0,
        "Dividend per Share": 0.00980392156863,
        "Gross Margin": 0.382762598351,
        "EBITDA Margin": 0.210216414441,
        "EBIT Margin": 0.170600692113,
        "Profit Margin": 0.0987896630684,
        "Free Cash Flow margin": 0.106141211714,
        "EBITDA": 1221000000.0,
        "EBIT": 990900000.0,
        "Consolidated Income": 573800000.0,
        "Earnings Before Tax Margin": 0.0985141952034,
        "Net Profit Margin": 0.0987896630684
    },
    "2012": {
        "Revenue": 5671400000.0,
        "Revenue Growth": 0.0232935784782491,
        "Cost of Revenue": 3421700000.0,
        "Gross Profit": 2249700000.0,
        "R&D Expenses": 0.0,
        "SG&A Expense": 1114600000.0,
        "Operating Expenses": 1200900000.0,