{
    "2018": {
        "Revenue": 3826000000.0,
        "Revenue Growth": 0.0618928670552318,
        "Cost of Revenue": 3283000000.0,
        "Gross Profit": 543000000.0,
        "R&D Expenses": 0.0,
        "SG&A Expense": 328000000.0,
        "Operating Expenses": 328000000.0,
        "Operating Income": 42000000.0,
        "Interest Expense": 0.0,
        "Earnings before Tax": 10000000.0,
        "Income Tax Expense": 33000000.0,
        "Net Income - Non-Controlling int": 0.0,
        "Net Income - Discontinued ops": 0.0,
        "Net Income": -23000000.0,
        "Preferred Dividends": 0.0,
        "Net Income Com": -23000000.0,
        "EPS": -0.67,
        "EPS Diluted": -0.67,
        "Weighted Average Shs Out": 33800000.0,
        "Weighted Average Shs Out (Dil)": 33800000.0,
        "Dividend per Share": 1.03550295858,
        "Gross Margin": 0.141923680084,
        "EBITDA Margin": 0.0470465237846,
        "EBIT Margin": 0.0109775222164,
        "Profit Margin": -0.00601150026137,
        "Free Cash Flow margin": 0.0258755880815,
        "EBITDA": 180000000.0,
        "EBIT": 42000000.0,
        "Consolidated Income": -23000000.0,
        "Earnings Before Tax Margin": 0.00261369576581,
        "Net Profit Margin": -0.00601150026137
    },
    "2017": {
        "Revenue": 3603000000.0,
        "Revenue Growth": -0.0139573070607553,
        "Cost of Revenue": 3026000000.0,
        "Gross Profit": 577000000.0,
        "R&D Expenses": 0.0,
        "SG&A Expense": 261000000.0,
        "Operating Expenses": 261000000.0,
        "Operating Income": 27000000.0,
        "Interest Expense": 0.0,
        "Earnings before Tax": -44000000.0,
        "Income Tax Expense": 13000000.0,
        "Net Income - Non-Controlling int": 0.0,
        "Net Income - Discontinued ops": 0.0,
        "Net Income": -57000000.0,
        "Preferred Dividends": 0.0,
        "Net Income Com": -57000000.0,
        "EPS": -1.69,
        "EPS Diluted": -1.69,
        "Weighted Average Shs Out": 33800000.0,
        "Weighted Average Shs Out (Dil)": 33800000.0,
        "Dividend per Share": 1.00591715976,
        "Gross Margin": 0.160144324174,
        "EBITDA Margin": 0.0519011934499,
        "EBIT Margin": 0.007493755204,
        "Profit Margin": -0.0158201498751,
        "Free Cash Flow margin": 0.0402442409104,
        "EBITDA": 187000000.0,
        "EBIT": 27000000.0,
        "Consolidated Income": -57000000.0,
        "Earnings Before Tax Margin": -0.0122120455176,
        "Net Profit Margin": -0.0158201498751
    },
    "2016": {
        "Revenue": 3654000000.0,
        "Revenue Growth": -0.0237777184076944,
        "Cost of Revenue": 0.0,
        "Gross Profit": 0.0,
        "R&D Expenses": 0.0,
        "SG&A Expense": 0.0,
        "Operating Expenses": 0.0,
        "Operating Income": 175000000.0,
        "Interest Expense": 0.0,
        "Earnings before Tax": 157000000.0,
        "Income Tax Expense": 51000000.0,
        "Net Income - Non-Controlling int": 0.0,
        "Net Income - Discontinued ops": 0.0,
        "Net Income": 106000000.0,
        "Preferred Dividends": 0.0,
        "Net Income Com": 106000000.0,
        "EPS": 3.25,
        "EPS Diluted": 3.23,
        "Weighted Average Shs Out": 32500000.0,
        "Weighted Average Shs Out (Dil)": 32800000.0,
        "Dividend per Share": 0.243902439024,
        "Gross Margin": 0.0,
        "EBITDA Margin": 0.0946907498632,
        "EBIT Margin": 0.0478927203065,
        "Profit Margin": 0.0290093048714,
        "Free Cash Flow margin": 0.0500821018062,
        "EBITDA": 346000000.0,
        "EBIT": 175000000.0,
        "Consolidated Income": 106000000.0,
        "Earnings Before Tax Margin": 0.0429666119321,
        "Net Profit Margin": 0.0290093048714
    },
    "2015": {
        "Revenue": 3743000000.0,
        "Revenue Growth": -0.0285491824552297,
        "Cost of Revenue": 3090000000.0,
        "Gross Profit": 653000000.0,
        "R&D Expenses": 0.0,
        "SG&A Expense": 280000000.0,
        "Operating Expenses": 518000000.0,
        "Operating Income": 135000000.0,
        "Interest Expense": -3000000.0,
        "Earnings before Tax": 138000000.0,
        "Income Tax Expense": 64000000.0,
        "Net Income - Non-Controlling int": 0.0,
        "Net Income - Discontinued ops": 0.0,
        "Net Income": 74000000.0,
        "Preferred Dividends": 0.0,
        "Net Income Com": 74000000.0,
        "EPS": 2.27,
        "EPS Diluted": 2.27,
        "Weighted Average Shs Out": 32900000.0,
        "Weighted Average Shs Out (Dil)": 32400000.0,
        "Dividend per Share": 0.0,
        "Gross Margin": 0.1745,
        "EBITDA Margin": 0.084,
        "EBIT Margin": 0.0361,
        "Profit Margin": 0.02,
        "Free Cash Flow margin": 0.0622,
        "EBITDA": 316000000.0,
        "EBIT": 135000000.0,
        "Consolidated Income": 74000000.0,
        "Earnings Before Tax Margin": 0.0369,
        "Net Profit Margin": 0.0198
    },
    "2014": {
        "Revenue": 3853000000.0,
        "Revenue Growth": 0.0299385191125368,
        "Cost of Revenue": 3197000000.0,
        "Gross Profit": 656000000.0,
        "R&D Expenses": 0.0,
        "SG&A Expense": 268000000.0,
        "Operating Expenses": 581000000.0,
        "Operating Income": 75000000.0,
        "Interest Expense": -4000000.0,
        "Earnings before Tax": 88000000.0,
        "Income Tax Expense": 30000000.0,
        "Net Income - Non-Controlling int": 0.0,
        "Net Income - Discontinued ops": 0.0,
        "Net Income": 58000000.0,
        "Preferred Dividends": 0.0,
        "Net Income Com": 58000000.0,
        "EPS": 1.79,
        "EPS Diluted": 1.79,
        "Weighted Average Shs Out": NaN,
        "Weighted Average Shs Out (Dil)": 32400000.0,
        "Dividend per Share": 0.0,
        "Gross Margin": 0.1703,
        "EBITDA Margin": 0.069,
        "EBIT Margin": 0.0218,
        "Profit Margin": 0.015,
        "Free Cash Flow margin": 0.0641,
        "EBITDA": 265000000.0,
        "EBIT": 84000000.0,
        "Consolidated Income": 58000000.0,
        "Earnings Before Tax Margin": 0.0228,
        "Net Profit Margin": 0.0151
    },
    "2013": {
        "Revenue": 3741000000.0,
        "Revenue Growth": NaN,
        "Cost of Revenue": 3054100000.0,
        "Gross Profit": 686900000.0,
        "R&D Expenses": 0.0,
        "SG&A Expense": 278300000.0,
        "Operating Expenses": 551300000.0,
        "Operating Income": 135600000.0,
        "Interest Expense": 0.0,
        "Earnings before Tax": 136600000.0,
        "Income Tax Expense": 42100000.0,
        "Net Income - Non-Controlling int": 0.0,
        "Net Income - Discontinued ops": 0.0,
        "Net Income": 94500000.0,
        "Preferred Dividends": 0.0,
        "Net Income Com": 94500000.0,
        "EPS": NaN,
        "EPS Diluted": NaN,
        "Weighted Average Shs Out": NaN,
        "Weighted Average Shs Out (Dil)": NaN,
        "Dividend per Share": 0.0,
        "Gross Margin": 0.1836,
        "EBITDA Margin": 0.088,
        "EBIT Margin": 0.0365,
        "Profit Margin": 0.025,
        "Free Cash Flow margin": 0.0624,
        "EBITDA": 330300000.0,
        "EBIT": 136600000.0,
        "Consolidated Income": 94500000.0,
        "Earnings Before Tax Margin": 0.0365,
        "Net Profit Margin": 0.0253
    }
}