{
    "2018": {
        "Revenue": 1084636000.0,
        "Revenue Growth": 0.0541366639032862,
        "Cost of Revenue": 691696000.0,
        "Gross Profit": 392940000.0,
        "R&D Expenses": 0.0,
        "SG&A Expense": 443513000.0,
        "Operating Expenses": 443513000.0,
        "Operating Income": -50573000.0,
        "Interest Expense": 1200000.0,
        "Earnings before Tax": -53400000.0,
        "Income Tax Expense": 979000.0,
        "Net Income - Non-Controlling int": 0.0,
        "Net Income - Discontinued ops": 0.0,
        "Net Income": -54379000.0,
        "Preferred Dividends": 0.0,
        "Net Income Com": -54379000.0,
        "EPS": -1.9,
        "EPS Diluted": -1.9,
        "Weighted Average Shs Out": 28571.0,
        "Weighted Average Shs Out (Dil)": 28571.0,
        "Dividend per Share": 0.0,
        "Gross Margin": 0.362278220527,
        "EBITDA Margin": -0.0296394366405,
        "EBIT Margin": -0.0466267024145,
        "Profit Margin": -0.0501357137325,
        "Free Cash Flow margin": -0.0528453785417,
        "EBITDA": -32148000.0,
        "EBIT": -50573000.0,
        "Consolidated Income": -54379000.0,
        "Earnings Before Tax Margin": -0.049233106775,
        "Net Profit Margin": -0.0501357137325
    },
    "2017": {
        "Revenue": 1028933000.0,
        "Revenue Growth": 0.0711491294915198,
        "Cost of Revenue": 659872000.0,
        "Gross Profit": 369061000.0,
        "R&D Expenses": 0.0,
        "SG&A Expense": 406027000.0,
        "Operating Expenses": 406027000.0,
        "Operating Income": -36966000.0,
        "Interest Expense": 0.0,
        "Earnings before Tax": -38557000.0,
        "Income Tax Expense": -734000.0,
        "Net Income - Non-Controlling int": 0.0,
        "Net Income - Discontinued ops": 0.0,
        "Net Income": -37823000.0,
        "Preferred Dividends": 0.0,
        "Net Income Com": -37823000.0,
        "EPS": -1.33,
        "EPS Diluted": -1.33,
        "Weighted Average Shs Out": 28407.0,
        "Weighted Average Shs Out (Dil)": 28407.0,
        "Dividend per Share": 0.0,
        "Gross Margin": 0.358683218441,
        "EBITDA Margin": -0.0186863478963,
        "EBIT Margin": -0.0359265374908,
        "Profit Margin": -0.0367594391472,
        "Free Cash Flow margin": 0.0382843197759,
        "EBITDA": -19227000.0,
        "EBIT": -36966000.0,
        "Consolidated Income": -37823000.0,
        "Earnings Before Tax Margin": -0.0374727994923,
        "Net Profit Margin": -0.0367594391472
    },
    "2016": {
        "Revenue": 960588000.0,
        "Revenue Growth": -0.0185823927027226,
        "Cost of Revenue": 656719000.0,
        "Gross Profit": 303869000.0,
        "R&D Expenses": 0.0,
        "SG&A Expense": 397504000.0,
        "Operating Expenses": 397504000.0,
        "Operating Income": -93635000.0,
        "Interest Expense": 0.0,
        "Earnings before Tax": -94273000.0,
        "Income Tax Expense": -25710000.0,
        "Net Income - Non-Controlling int": 0.0,
        "Net Income - Discontinued ops": 0.0,
        "Net Income": -68563000.0,
        "Preferred Dividends": 0.0,
        "Net Income Com": -68563000.0,
        "EPS": -2.51,
        "EPS Diluted": -2.51,
        "Weighted Average Shs Out": 27284434.0,
        "Weighted Average Shs Out (Dil)": 27284434.0,
        "Dividend per Share": 0.0,
        "Gross Margin": 0.316336452256,
        "EBITDA Margin": -0.0792535405398,
        "EBIT Margin": -0.0974767538216,
        "Profit Margin": -0.0713760738215,
        "Free Cash Flow margin": -0.0287334424332,
        "EBITDA": -76130000.0,
        "EBIT": -93635000.0,
        "Consolidated Income": -68563000.0,
        "Earnings Before Tax Margin": -0.0981409303468,
        "Net Profit Margin": -0.0713760738215
    },
    "2015": {
        "Revenue": 978776000.0,
        "Revenue Growth": -0.0655353779146645,
        "Cost of Revenue": 699918000.0,
        "Gross Profit": 278858000.0,
        "R&D Expenses": 0.0,
        "SG&A Expense": 362051000.0,
        "Operating Expenses": 362051000.0,
        "Operating Income": -83193000.0,
        "Interest Expense": 0.0,
        "Earnings before Tax": -83427000.0,
        "Income Tax Expense": -26994000.0,
        "Net Income - Non-Controlling int": 0.0,
        "Net Income - Discontinued ops": 0.0,
        "Net Income": -56433000.0,
        "Preferred Dividends": 0.0,
        "Net Income Com": -56433000.0,
        "EPS": -2.08,
        "EPS Diluted": -2.08,
        "Weighted Average Shs Out": 27082299.0,
        "Weighted Average Shs Out (Dil)": 27082299.0,
        "Dividend per Share": 0.0,
        "Gross Margin": 0.284904819898,
        "EBITDA Margin": -0.0672278437559,
        "EBIT Margin": -0.0849969758147,
        "Profit Margin": -0.0576567059266,
        "Free Cash Flow margin": 0.00940358161622,
        "EBITDA": -65801000.0,
        "EBIT": -83193000.0,
        "Consolidated Income": -56433000.0,
        "Earnings Before Tax Margin": -0.0852360499236,
        "Net Profit Margin": -0.0576567059266
    },
    "2014": {
        "Revenue": 1047419000.0,
        "Revenue Growth": 0.0471676797568584,
        "Cost of Revenue": 629252000.0,
        "Gross Profit": 418167000.0,
        "R&D Expenses": 0.0,
        "SG&A Expense": 314094000.0,
        "Operating Expenses": 314094000.0,
        "Operating Income": 104073000.0,
        "Interest Expense": 0.0,
        "Earnings before Tax": 103583000.0,
        "Income Tax Expense": 40212000.0,
        "Net Income - Non-Controlling int": 0.0,
        "Net Income - Discontinued ops": 0.0,
        "Net Income": 63371000.0,
        "Preferred Dividends": 0.0,
        "Net Income Com": 63371000.0,
        "EPS": 2.32,
        "EPS Diluted": 2.31,
        "Weighted Average Shs Out": 27264882.0,
        "Weighted Average Shs Out (Dil)": 27485852.0,
        "Dividend per Share": 0.0,
        "Gross Margin": 0.399235644952,
        "EBITDA Margin": 0.11340924692,
        "EBIT Margin": 0.0993613825986,
        "Profit Margin": 0.0605020531421,
        "Free Cash Flow margin": 0.0545025438721,
        "EBITDA": 118787000.0,
        "EBIT": 104073000.0,
        "Consolidated Income": 63371000.0,
        "Earnings Before Tax Margin": 0.0988935659941,
        "Net Profit Margin": 0.0605020531421
    },
    "2013": {
        "Revenue": 1000240000.0,
        "Revenue Growth": 0.229812855100101,
        "Cost of Revenue": 589257000.0,
        "Gross Profit": 410983000.0,
        "R&D Expenses": 0.0,
        "SG&A Expense": 284960000.0,
        "Operating Expenses": 284960000.0,
        "Operating Income": 126023000.0,
        "Interest Expense": 0.0,
        "Earnings before Tax": 126465000.0,
        "Income Tax Expense": 49070000.0,
        "Net Income - Non-Controlling int": 0.0,
        "Net Income - Discontinued ops": 0.0,
        "Net Income": 77395000.0,
        "Preferred Dividends": 0.0,
        "Net Income Com": 77395000.0,
        "EPS": 2.82,
        "EPS Diluted": 2.77,
        "Weighted Average Shs Out": 27484790.0,
        "Weighted Average Shs Out (Dil)": 27914322.0,
        "Dividend per Share": 0.0,
        "Gross Margin": 0.410884387747,
        "EBITDA Margin": 0.137655962569,
        "EBIT Margin": 0.125992761737,
        "Profit Margin": 0.0773764296569,
        "Free Cash Flow margin": 0.0529872830521,
        "EBITDA": 137689000.0,
        "EBIT": 126023000.0,
        "Consolidated Income": 77395000.0,
        "Earnings Before Tax Margin": 0.126434655683,
        "Net Profit Margin": 0.0773764296569
    },
    "2012": {
        "Revenue": 813327000.0,
        "Revenue Growth": 0.193284202897062,
        "Cost of Revenue": 504542000.0,
        "Gross Profit": 308785000.0,
        "R&D Expenses": 0.0,
        "SG&A Expense": 230439000.0,
        "Operating Expenses": 230439000.0,
        "Operating Income": 78346000.0,
        "Interest Expense": 0.0,
        "Earnings before Tax": 78486000.0,
        "Income Tax Expense": 31422000.0,