{
    "2019": {
        "Revenue": 200634000.0,
        "Revenue Growth": 0.0253692441355343,
        "Cost of Revenue": 119090000.0,
        "Gross Profit": 81544000.0,
        "R&D Expenses": 22534000.0,
        "SG&A Expense": 73863000.0,
        "Operating Expenses": 97269000.0,
        "Operating Income": -15725000.0,
        "Interest Expense": 76000.0,
        "Earnings before Tax": -15294000.0,
        "Income Tax Expense": 750000.0,
        "Net Income - Non-Controlling int": 0.0,
        "Net Income - Discontinued ops": 0.0,
        "Net Income": -16044000.0,
        "Preferred Dividends": 0.0,
        "Net Income Com": -16044000.0,
        "EPS": -0.14,
        "EPS Diluted": -0.14,
        "Weighted Average Shs Out": 115890000.0,
        "Weighted Average Shs Out (Dil)": 115890000.0,
        "Dividend per Share": 0.0,
        "Gross Margin": 0.406431611791,
        "EBITDA Margin": 0.0214819023695,
        "EBIT Margin": -0.0783765463481,
        "Profit Margin": -0.0799665061754,
        "Free Cash Flow margin": -0.164269266425,
        "EBITDA": 4310000.0,
        "EBIT": -15725000.0,
        "Consolidated Income": -16044000.0,
        "Earnings Before Tax Margin": -0.0762283561111,
        "Net Profit Margin": -0.0799665061754
    },
    "2018": {
        "Revenue": 195670000.0,
        "Revenue Growth": 0.0613473638533304,
        "Cost of Revenue": 102197000.0,
        "Gross Profit": 93473000.0,
        "R&D Expenses": 24075000.0,
        "SG&A Expense": 71925000.0,
        "Operating Expenses": 98313000.0,
        "Operating Income": -4840000.0,
        "Interest Expense": 86000.0,
        "Earnings before Tax": 10380000.0,
        "Income Tax Expense": 538000.0,
        "Net Income - Non-Controlling int": 0.0,
        "Net Income - Discontinued ops": 0.0,
        "Net Income": 9842000.0,
        "Preferred Dividends": 0.0,
        "Net Income Com": 9842000.0,
        "EPS": 0.09,
        "EPS Diluted": 0.08,
        "Weighted Average Shs Out": 112114000.0,
        "Weighted Average Shs Out (Dil)": 120010000.0,
        "Dividend per Share": 0.0,
        "Gross Margin": 0.47770736444,
        "EBITDA Margin": 0.0696836510451,
        "EBIT Margin": -0.0247355240967,
        "Profit Margin": 0.0502989727603,
        "Free Cash Flow margin": 0.0184443195176,
        "EBITDA": 13635000.0,
        "EBIT": -4840000.0,
        "Consolidated Income": 9842000.0,
        "Earnings Before Tax Margin": 0.0530485000256,
        "Net Profit Margin": 0.0502989727603
    },
    "2017": {
        "Revenue": 184360000.0,
        "Revenue Growth": 0.0958545834967961,
        "Cost of Revenue": 96561000.0,
        "Gross Profit": 87799000.0,
        "R&D Expenses": 25342000.0,
        "SG&A Expense": 68151000.0,
        "Operating Expenses": 95869000.0,
        "Operating Income": -8070000.0,
        "Interest Expense": 80000.0,
        "Earnings before Tax": -7204000.0,
        "Income Tax Expense": 426000.0,
        "Net Income - Non-Controlling int": 0.0,
        "Net Income - Discontinued ops": 0.0,
        "Net Income": -7630000.0,
        "Preferred Dividends": 0.0,
        "Net Income Com": -7630000.0,
        "EPS": -0.07,
        "EPS Diluted": -0.07,
        "Weighted Average Shs Out": 108814000.0,
        "Weighted Average Shs Out (Dil)": 108814000.0,
        "Dividend per Share": 0.0,
        "Gross Margin": 0.476236710783,
        "EBITDA Margin": 0.0659633326101,
        "EBIT Margin": -0.0437730527229,
        "Profit Margin": -0.0413864178781,
        "Free Cash Flow margin": -0.0825938381428,
        "EBITDA": 12161000.0,
        "EBIT": -8070000.0,
        "Consolidated Income": -7630000.0,
        "Earnings Before Tax Margin": -0.0390757214146,
        "Net Profit Margin": -0.0413864178781
    },
    "2016": {
        "Revenue": 168234000.0,
        "Revenue Growth": -0.0156688822317918,
        "Cost of Revenue": 96889000.0,
        "Gross Profit": 71345000.0,
        "R&D Expenses": 24335000.0,
        "SG&A Expense": 62987000.0,
        "Operating Expenses": 143774000.0,
        "Operating Income": -72429000.0,
        "Interest Expense": 918000.0,
        "Earnings before Tax": -73322000.0,
        "Income Tax Expense": 603000.0,
        "Net Income - Non-Controlling int": 0.0,
        "Net Income - Discontinued ops": 0.0,
        "Net Income": -73925000.0,
        "Preferred Dividends": 0.0,
        "Net Income Com": -73925000.0,
        "EPS": -0.71,
        "EPS Diluted": -0.71,
        "Weighted Average Shs Out": 104350000.0,
        "Weighted Average Shs Out (Dil)": 104350000.0,
        "Dividend per Share": 0.0,
        "Gross Margin": 0.424081933497,
        "EBITDA Margin": -0.309164615952,
        "EBIT Margin": -0.430525339705,
        "Profit Margin": -0.439417715801,
        "Free Cash Flow margin": -0.0178620255121,
        "EBITDA": -52012000.0,
        "EBIT": -72429000.0,
        "Consolidated Income": -73925000.0,
        "Earnings Before Tax Margin": -0.435833422495,
        "Net Profit Margin": -0.439417715801
    },
    "2015": {
        "Revenue": 170912000.0,
        "Revenue Growth": 0.0533283207711129,
        "Cost of Revenue": 102793000.0,
        "Gross Profit": 68119000.0,
        "R&D Expenses": 28016000.0,
        "SG&A Expense": 62895000.0,
        "Operating Expenses": 93840000.0,
        "Operating Income": -25721000.0,
        "Interest Expense": 29000.0,
        "Earnings before Tax": -23685000.0,
        "Income Tax Expense": 267000.0,
        "Net Income - Non-Controlling int": 0.0,
        "Net Income - Discontinued ops": 0.0,
        "Net Income": -23952000.0,
        "Preferred Dividends": 0.0,
        "Net Income Com": -23952000.0,
        "EPS": -0.24,
        "EPS Diluted": -0.24,
        "Weighted Average Shs Out": 100105000.0,
        "Weighted Average Shs Out (Dil)": 100105000.0,
        "Dividend per Share": 0.0,
        "Gross Margin": 0.39856183299,
        "EBITDA Margin": -0.0293191818012,
        "EBIT Margin": -0.150492651189,
        "Profit Margin": -0.14014229545,
        "Free Cash Flow margin": -0.106914669538,
        "EBITDA": -5011000.0,
        "EBIT": -25721000.0,
        "Consolidated Income": -23952000.0,
        "Earnings Before Tax Margin": -0.138580087999,
        "Net Profit Margin": -0.14014229545
    },
    "2014": {
        "Revenue": 162259000.0,
        "Revenue Growth": -0.0644283383208501,
        "Cost of Revenue": 98849000.0,
        "Gross Profit": 63410000.0,
        "R&D Expenses": 20965000.0,
        "SG&A Expense": 65634000.0,
        "Operating Expenses": 90128000.0,
        "Operating Income": -26718000.0,
        "Interest Expense": 32000.0,
        "Earnings before Tax": -24653000.0,
        "Income Tax Expense": 203000.0,
        "Net Income - Non-Controlling int": 0.0,
        "Net Income - Discontinued ops": 0.0,
        "Net Income": -24591000.0,
        "Preferred Dividends": 0.0,
        "Net Income Com": -24591000.0,
        "EPS": -0.25,
        "EPS Diluted": -0.25,
        "Weighted Average Shs Out": 98365000.0,
        "Weighted Average Shs Out (Dil)": 98365000.0,
        "Dividend per Share": 0.0,
        "Gross Margin": 0.390794963608,
        "EBITDA Margin": -0.0429868296982,
        "EBIT Margin": -0.164662668943,
        "Profit Margin": -0.151553997005,
        "Free Cash Flow margin": -0.111630171516,
        "EBITDA": -6975000.0,
        "EBIT": -26718000.0,
        "Consolidated Income": -24591000.0,
        "Earnings Before Tax Margin": -0.151936102158,
        "Net Profit Margin": -0.151553997005
    },
    "2013": {
        "Revenue": 173433000.0,
        "Revenue Growth": -0.0377449566124415,
        "Cost of Revenue": 111725000.0,
        "Gross Profit": 61708000.0,
        "R&D Expenses": 22003000.0,
        "SG&A Expense": 73378000.0,
        "Operating Expenses": 101185000.0,
        "Operating Income": -39477000.0,
        "Interest Expense": 76000.0,
        "Earnings before Tax": -34589000.0,