{
    "2019": {
        "Revenue": 2903259000.0,
        "Revenue Growth": -0.0754900293664153,
        "Cost of Revenue": 0.0,
        "Gross Profit": 0.0,
        "R&D Expenses": 228138000.0,
        "SG&A Expense": 1398047000.0,
        "Operating Expenses": 2800157000.0,
        "Operating Income": 103102000.0,
        "Interest Expense": -117341000.0,
        "Earnings before Tax": 28495000.0,
        "Income Tax Expense": 20561000.0,
        "Net Income - Non-Controlling int": 0.0,
        "Net Income - Discontinued ops": 0.0,
        "Net Income": -28508000.0,
        "Preferred Dividends": 0.0,
        "Net Income Com": -28508000.0,
        "EPS": -0.38,
        "EPS Diluted": -0.38,
        "Weighted Average Shs Out": 85423000.0,
        "Weighted Average Shs Out (Dil)": 85423000.0,
        "Dividend per Share": 1.34344380319,
        "Gross Margin": 0.0,
        "EBITDA Margin": 0.0598775376224,
        "EBIT Margin": 0.0355125050848,
        "Profit Margin": -0.00981930995478,
        "Free Cash Flow margin": 0.210866822423,
        "EBITDA": 173840000.0,
        "EBIT": 103102000.0,
        "Consolidated Income": -28508000.0,
        "Earnings Before Tax Margin": 0.0098148322282,
        "Net Profit Margin": -0.00981930995478
    },
    "2018": {
        "Revenue": 3140322000.0,
        "Revenue Growth": 0.0877826819199266,
        "Cost of Revenue": 0.0,
        "Gross Profit": 0.0,
        "R&D Expenses": 212798000.0,
        "SG&A Expense": 1503000000.0,
        "Operating Expenses": 2816321000.0,
        "Operating Income": 324001000.0,
        "Interest Expense": -117872000.0,
        "Earnings before Tax": 233840000.0,
        "Income Tax Expense": -102510000.0,
        "Net Income - Non-Controlling int": 0.0,
        "Net Income - Discontinued ops": 0.0,
        "Net Income": 285075000.0,
        "Preferred Dividends": 0.0,
        "Net Income Com": 285075000.0,
        "EPS": 3.03,
        "EPS Diluted": 3.01,
        "Weighted Average Shs Out": 90734000.0,
        "Weighted Average Shs Out (Dil)": 91194000.0,
        "Dividend per Share": 1.1204465206,
        "Gross Margin": 0.0,
        "EBITDA Margin": 0.127312740541,
        "EBIT Margin": 0.103174451537,
        "Profit Margin": 0.0907789073859,
        "Free Cash Flow margin": 0.168862301382,
        "EBITDA": 399803000.0,
        "EBIT": 324001000.0,
        "Consolidated Income": 285075000.0,
        "Earnings Before Tax Margin": 0.074463701493,
        "Net Profit Margin": 0.0907789073859
    },
    "2017": {
        "Revenue": 2886902000.0,
        "Revenue Growth": 0.0849572541644681,
        "Cost of Revenue": 0.0,
        "Gross Profit": 0.0,
        "R&D Expenses": 208885000.0,
        "SG&A Expense": 1374334000.0,
        "Operating Expenses": 2464659000.0,
        "Operating Income": 422243000.0,
        "Interest Expense": 113173000.0,
        "Earnings before Tax": 370878000.0,
        "Income Tax Expense": 84175000.0,
        "Net Income - Non-Controlling int": 0.0,
        "Net Income - Discontinued ops": 0.0,
        "Net Income": 227256000.0,
        "Preferred Dividends": 0.0,
        "Net Income Com": 227256000.0,
        "EPS": 2.19,
        "EPS Diluted": 2.18,
        "Weighted Average Shs Out": 100580000.0,
        "Weighted Average Shs Out (Dil)": 100799000.0,
        "Dividend per Share": 0.872002698439,
        "Gross Margin": 0.0,
        "EBITDA Margin": 0.172075463594,
        "EBIT Margin": 0.146261632712,
        "Profit Margin": 0.0787196794349,
        "Free Cash Flow margin": 0.173125031608,
        "EBITDA": 496765000.0,
        "EBIT": 422243000.0,
        "Consolidated Income": 227256000.0,
        "Earnings Before Tax Margin": 0.128469203319,
        "Net Profit Margin": 0.0787196794349
    },
    "2016": {
        "Revenue": 2660844000.0,
        "Revenue Growth": -0.0561390738766119,
        "Cost of Revenue": 0.0,
        "Gross Profit": 0.0,
        "R&D Expenses": 197857000.0,
        "SG&A Expense": 1204817000.0,
        "Operating Expenses": 2610013000.0,
        "Operating Income": 50831000.0,
        "Interest Expense": 48463000.0,
        "Earnings before Tax": -25218000.0,
        "Income Tax Expense": 7692000.0,
        "Net Income - Non-Controlling int": 0.0,
        "Net Income - Discontinued ops": 0.0,
        "Net Income": -25032000.0,
        "Preferred Dividends": 0.0,
        "Net Income Com": -25032000.0,
        "EPS": -0.25,
        "EPS Diluted": -0.25,
        "Weighted Average Shs Out": 107406000.0,
        "Weighted Average Shs Out (Dil)": 107406000.0,
        "Dividend per Share": 0.782945086867,
        "Gross Margin": 0.0,
        "EBITDA Margin": 0.040584115416,
        "EBIT Margin": 0.0191033371366,
        "Profit Margin": -0.00940754136657,
        "Free Cash Flow margin": 0.155635204469,
        "EBITDA": 107988000.0,
        "EBIT": 50831000.0,
        "Consolidated Income": -25032000.0,
        "Earnings Before Tax Margin": -0.00947744399897,
        "Net Profit Margin": -0.00940754136657
    },
    "2015": {
        "Revenue": 2819106000.0,
        "Revenue Growth": 0.0282114716949752,
        "Cost of Revenue": 0.0,
        "Gross Profit": 0.0,
        "R&D Expenses": 182438000.0,
        "SG&A Expense": 1232770000.0,
        "Operating Expenses": 2320887000.0,
        "Operating Income": 498219000.0,
        "Interest Expense": 58274000.0,
        "Earnings before Tax": 367993000.0,
        "Income Tax Expense": 125284000.0,
        "Net Income - Non-Controlling int": 0.0,
        "Net Income - Discontinued ops": 0.0,
        "Net Income": 237080000.0,
        "Preferred Dividends": 0.0,
        "Net Income Com": 237080000.0,
        "EPS": 2.06,
        "EPS Diluted": 2.04,
        "Weighted Average Shs Out": 112019000.0,
        "Weighted Average Shs Out (Dil)": 113246000.0,
        "Dividend per Share": 0.625320099606,
        "Gross Margin": 0.0,
        "EBITDA Margin": 0.194753230279,
        "EBIT Margin": 0.176729431245,
        "Profit Margin": 0.0840975827088,
        "Free Cash Flow margin": 0.185287463472,
        "EBITDA": 549030000.0,
        "EBIT": 498219000.0,
        "Consolidated Income": 237080000.0,
        "Earnings Before Tax Margin": 0.130535354116,
        "Net Profit Margin": 0.0840975827088
    },
    "2014": {
        "Revenue": 2741757000.0,
        "Revenue Growth": 6.06700329410309,
        "Cost of Revenue": -305897000.0,
        "Gross Profit": 3047654000.0,
        "R&D Expenses": 157872000.0,
        "SG&A Expense": 1210387000.0,
        "Operating Expenses": 2616761000.0,
        "Operating Income": 430893000.0,
        "Interest Expense": 52911000.0,
        "Earnings before Tax": 272246000.0,
        "Income Tax Expense": 137805000.0,
        "Net Income - Non-Controlling int": 0.0,
        "Net Income - Discontinued ops": 0.0,
        "Net Income": 284784000.0,
        "Preferred Dividends": 0.0,
        "Net Income Com": 284784000.0,
        "EPS": 2.34,
        "EPS Diluted": 2.33,
        "Weighted Average Shs Out": 121941000.0,
        "Weighted Average Shs Out (Dil)": 122383000.0,
        "Dividend per Share": 0.506328493336,
        "Gross Margin": 1.11156969783,
        "EBITDA Margin": 0.180080875147,
        "EBIT Margin": 0.15715944192,
        "Profit Margin": 0.103869161271,
        "Free Cash Flow margin": 0.144750975378,
        "EBITDA": 493738000.0,
        "EBIT": 430893000.0,
        "Consolidated Income": 284784000.0,
        "Earnings Before Tax Margin": 0.0992961812444,
        "Net Profit Margin": 0.103869161271
    },
    "2013": {
        "Revenue": 387966000.0,
        "Revenue Growth": -0.135669458164295,
        "Cost of Revenue": 481217000.0,
        "Gross Profit": -93251000.0,
        "R&D Expenses": 149645000.0,
        "SG&A Expense": 1188470000.0,
        "Operating Expenses": 2565370000.0,
        "Operating Income": -431540000.0,
        "Interest Expense": 62919000.0,
        "Earnings before Tax": -383681000.0,