{
    "2018": {
        "Revenue": 546526000.0,
        "Revenue Growth": 0.125143338294846,
        "Cost of Revenue": 487095000.0,
        "Gross Profit": 59431000.0,
        "R&D Expenses": 0.0,
        "SG&A Expense": 57089000.0,
        "Operating Expenses": 58361000.0,
        "Operating Income": 1070000.0,
        "Interest Expense": 0.0,
        "Earnings before Tax": -2480000.0,
        "Income Tax Expense": -635000.0,
        "Net Income - Non-Controlling int": 0.0,
        "Net Income - Discontinued ops": 0.0,
        "Net Income": -1845000.0,
        "Preferred Dividends": 0.0,
        "Net Income Com": -1845000.0,
        "EPS": -0.52,
        "EPS Diluted": -0.52,
        "Weighted Average Shs Out": 7562586.0,
        "Weighted Average Shs Out (Dil)": 7562586.0,
        "Dividend per Share": 0.115701163597,
        "Gross Margin": 0.108743225391,
        "EBITDA Margin": 0.0130387209392,
        "EBIT Margin": 0.0019578208539,
        "Profit Margin": -0.00337586866865,
        "Free Cash Flow margin": 0.0392387553383,
        "EBITDA": 7126000.0,
        "EBIT": 1070000.0,
        "Consolidated Income": -1845000.0,
        "Earnings Before Tax Margin": -0.00453775300718,
        "Net Profit Margin": -0.00337586866865
    },
    "2017": {
        "Revenue": 485739000.0,
        "Revenue Growth": 0.0,
        "Cost of Revenue": 420116000.0,
        "Gross Profit": 65623000.0,
        "R&D Expenses": 0.0,
        "SG&A Expense": 56023000.0,
        "Operating Expenses": 59605000.0,
        "Operating Income": 6018000.0,
        "Interest Expense": 0.0,
        "Earnings before Tax": 3863000.0,
        "Income Tax Expense": 3151000.0,
        "Net Income - Non-Controlling int": 0.0,
        "Net Income - Discontinued ops": 0.0,
        "Net Income": 712000.0,
        "Preferred Dividends": 809000.0,
        "Net Income Com": 712000.0,
        "EPS": -0.13,
        "EPS Diluted": -0.13,
        "Weighted Average Shs Out": 7471371.0,
        "Weighted Average Shs Out (Dil)": 7471371.0,
        "Dividend per Share": 0.0327918396771,
        "Gross Margin": 0.1350993023,
        "EBITDA Margin": 0.0315333955066,
        "EBIT Margin": 0.0123893695997,
        "Profit Margin": 0.00146580776919,
        "Free Cash Flow margin": -0.0151686399486,
        "EBITDA": 15317000.0,
        "EBIT": 6018000.0,
        "Consolidated Income": 712000.0,
        "Earnings Before Tax Margin": 0.00795283063538,
        "Net Profit Margin": 0.00146580776919
    },
    "2016": {
        "Revenue": 0.0,
        "Revenue Growth": 0.0,
        "Cost of Revenue": 0.0,
        "Gross Profit": 0.0,
        "R&D Expenses": 0.0,
        "SG&A Expense": 0.0,
        "Operating Expenses": 3100000.0,
        "Operating Income": 0.0,
        "Interest Expense": 0.0,
        "Earnings before Tax": 0.0,
        "Income Tax Expense": 0.0,
        "Net Income - Non-Controlling int": 0.0,
        "Net Income - Discontinued ops": 0.0,
        "Net Income": 0.0,
        "Preferred Dividends": 0.0,
        "Net Income Com": 0.0,
        "EPS": 0.0,
        "EPS Diluted": 0.0,
        "Weighted Average Shs Out": 0.0,
        "Weighted Average Shs Out (Dil)": 0.0,
        "Dividend per Share": 0.0,
        "Gross Margin": 0.0,
        "EBITDA Margin": 0.0,
        "EBIT Margin": 0.0,
        "Profit Margin": 0.0,
        "Free Cash Flow margin": 0.0,
        "EBITDA": 0.0,
        "EBIT": 0.0,
        "Consolidated Income": 0.0,
        "Earnings Before Tax Margin": 0.0,
        "Net Profit Margin": 0.0
    },
    "2015": {
        "Revenue": 0.0,
        "Revenue Growth": 0.0,
        "Cost of Revenue": 0.0,
        "Gross Profit": 0.0,
        "R&D Expenses": 0.0,
        "SG&A Expense": 390974.0,
        "Operating Expenses": 390974.0,
        "Operating Income": -390974.0,
        "Interest Expense": 0.0,
        "Earnings before Tax": 0.0,
        "Income Tax Expense": 0.0,
        "Net Income - Non-Controlling int": 0.0,
        "Net Income - Discontinued ops": 0.0,
        "Net Income": -339604.0,
        "Preferred Dividends": 0.0,
        "Net Income Com": -339604.0,
        "EPS": -0.18,
        "EPS Diluted": -0.18,
        "Weighted Average Shs Out": 1848001.0,
        "Weighted Average Shs Out (Dil)": 1848001.0,
        "Dividend per Share": 0.0,
        "Gross Margin": 0.0,
        "EBITDA Margin": 0.0,
        "EBIT Margin": 0.0,
        "Profit Margin": 0.0,
        "Free Cash Flow margin": 0.0,
        "EBITDA": -390974.0,
        "EBIT": -390974.0,
        "Consolidated Income": -339604.0,
        "Earnings Before Tax Margin": 0.0,
        "Net Profit Margin": 0.0
    },
    "2014": {
        "Revenue": 0.0,
        "Revenue Growth": 0.0,
        "Cost of Revenue": 0.0,
        "Gross Profit": 0.0,
        "R&D Expenses": 0.0,
        "SG&A Expense": 0.0,
        "Operating Expenses": 0.0,
        "Operating Income": 0.0,
        "Interest Expense": 0.0,
        "Earnings before Tax": 0.0,
        "Income Tax Expense": 0.0,
        "Net Income - Non-Controlling int": 0.0,
        "Net Income - Discontinued ops": 0.0,
        "Net Income": -189755.0,
        "Preferred Dividends": 0.0,
        "Net Income Com": -189755.0,
        "EPS": 0.0,
        "EPS Diluted": 0.0,
        "Weighted Average Shs Out": 0.0,
        "Weighted Average Shs Out (Dil)": 0.0,
        "Dividend per Share": 0.0,
        "Gross Margin": 0.0,
        "EBITDA Margin": 0.0,
        "EBIT Margin": 0.0,
        "Profit Margin": 0.0,
        "Free Cash Flow margin": 0.0,
        "EBITDA": 0.0,
        "EBIT": 0.0,
        "Consolidated Income": -189755.0,
        "Earnings Before Tax Margin": 0.0,
        "Net Profit Margin": 0.0
    }
}