{
    "2019": {
        "Revenue": 59812000000.0,
        "Revenue Growth": 0.0,
        "Cost of Revenue": 51445000000.0,
        "Gross Profit": 8367000000.0,
        "R&D Expenses": 1300000000.0,
        "SG&A Expense": 0.0,
        "Operating Expenses": 1300000000.0,
        "Operating Income": 8545000000.0,
        "Interest Expense": 653000000.0,
        "Earnings before Tax": 7241000000.0,
        "Income Tax Expense": 1011000000.0,
        "Net Income - Non-Controlling int": 0.0,
        "Net Income - Discontinued ops": 0.0,
        "Net Income": 6230000000.0,
        "Preferred Dividends": 0.0,
        "Net Income Com": 6230000000.0,
        "EPS": 22.09,
        "EPS Diluted": 21.95,
        "Weighted Average Shs Out": 282000000.0,
        "Weighted Average Shs Out (Dil)": 283800000.0,
        "Dividend per Share": 9.1613812544,
        "Gross Margin": 0.139888316726,
        "EBITDA Margin": 0.162743262222,
        "EBIT Margin": 0.142864308166,
        "Profit Margin": 0.104159700395,
        "Free Cash Flow margin": 0.0974219220223,
        "EBITDA": 9734000000.0,
        "EBIT": 8545000000.0,
        "Consolidated Income": 6230000000.0,
        "Earnings Before Tax Margin": 0.121062663011,
        "Net Profit Margin": 0.104159700395
    },
    "2018": {
        "Revenue": 53762000000.0,
        "Revenue Growth": 0.0,
        "Cost of Revenue": 46488000000.0,
        "Gross Profit": 7274000000.0,
        "R&D Expenses": 1300000000.0,
        "SG&A Expense": 0.0,
        "Operating Expenses": 1300000000.0,
        "Operating Income": 7334000000.0,
        "Interest Expense": 668000000.0,
        "Earnings before Tax": 5838000000.0,
        "Income Tax Expense": 792000000.0,
        "Net Income - Non-Controlling int": 0.0,
        "Net Income - Discontinued ops": 0.0,
        "Net Income": 5046000000.0,
        "Preferred Dividends": 0.0,
        "Net Income Com": 5046000000.0,
        "EPS": 17.74,
        "EPS Diluted": 17.59,
        "Weighted Average Shs Out": 284500000.0,
        "Weighted Average Shs Out (Dil)": 286800000.0,
        "Dividend per Share": 8.18340306834,
        "Gross Margin": 0.135300026041,
        "EBITDA Margin": 0.158011234701,
        "EBIT Margin": 0.13641605595,
        "Profit Margin": 0.0938581153975,
        "Free Cash Flow margin": 0.0345969271976,
        "EBITDA": 8495000000.0,
        "EBIT": 7334000000.0,
        "Consolidated Income": 5046000000.0,
        "Earnings Before Tax Margin": 0.108589710204,
        "Net Profit Margin": 0.0938581153975
    },
    "2017": {
        "Revenue": 51048000000.0,
        "Revenue Growth": 0.0,
        "Cost of Revenue": 45500000000.0,
        "Gross Profit": 5548000000.0,
        "R&D Expenses": 1200000000.0,
        "SG&A Expense": 0.0,
        "Operating Expenses": 1200000000.0,
        "Operating Income": 5921000000.0,
        "Interest Expense": 651000000.0,
        "Earnings before Tax": 5269000000.0,
        "Income Tax Expense": 3340000000.0,
        "Net Income - Non-Controlling int": 0.0,
        "Net Income - Discontinued ops": 0.0,
        "Net Income": 2002000000.0,
        "Preferred Dividends": 0.0,
        "Net Income Com": 2002000000.0,
        "EPS": 6.96,
        "EPS Diluted": 6.89,
        "Weighted Average Shs Out": 287800000.0,
        "Weighted Average Shs Out (Dil)": 290600000.0,
        "Dividend per Share": 7.44322092223,
        "Gross Margin": 0.108682024761,
        "EBITDA Margin": 0.139398213446,
        "EBIT Margin": 0.115988873217,
        "Profit Margin": 0.0392179909105,
        "Free Cash Flow margin": 0.103804262655,
        "EBITDA": 7116000000.0,
        "EBIT": 5921000000.0,
        "Consolidated Income": 2002000000.0,
        "Earnings Before Tax Margin": 0.103216580473,
        "Net Profit Margin": 0.0392179909105
    },
    "2016": {
        "Revenue": 47248000000.0,
        "Revenue Growth": 0.0,
        "Cost of Revenue": 42186000000.0,
        "Gross Profit": 5062000000.0,
        "R&D Expenses": 988000000.0,
        "SG&A Expense": 0.0,
        "Operating Expenses": 988000000.0,
        "Operating Income": 5549000000.0,
        "Interest Expense": 663000000.0,
        "Earnings before Tax": 4886000000.0,
        "Income Tax Expense": 1133000000.0,
        "Net Income - Non-Controlling int": 0.0,
        "Net Income - Discontinued ops": 0.0,
        "Net Income": 5302000000.0,
        "Preferred Dividends": 0.0,
        "Net Income Com": 5302000000.0,
        "EPS": 17.71,
        "EPS Diluted": 17.49,
        "Weighted Average Shs Out": 299300000.0,
        "Weighted Average Shs Out (Dil)": 303100000.0,
        "Dividend per Share": 6.75684592544,
        "Gross Margin": 0.107136810024,
        "EBITDA Margin": 0.143159498815,
        "EBIT Margin": 0.117444124619,
        "Profit Margin": 0.112216390112,
        "Free Cash Flow margin": 0.0873264476803,
        "EBITDA": 6764000000.0,
        "EBIT": 5549000000.0,
        "Consolidated Income": 5302000000.0,
        "Earnings Before Tax Margin": 0.103411784626,
        "Net Profit Margin": 0.112216390112
    },
    "2015": {
        "Revenue": 46132000000.0,
        "Revenue Growth": 0.0,
        "Cost of Revenue": 40932000000.0,
        "Gross Profit": 5200000000.0,
        "R&D Expenses": 839000000.0,
        "SG&A Expense": 0.0,
        "Operating Expenses": 839000000.0,
        "Operating Income": 5436000000.0,
        "Interest Expense": 443000000.0,
        "Earnings before Tax": 5023000000.0,
        "Income Tax Expense": 1418000000.0,
        "Net Income - Non-Controlling int": 0.0,
        "Net Income - Discontinued ops": 0.0,
        "Net Income": 3605000000.0,
        "Preferred Dividends": 0.0,
        "Net Income Com": 3605000000.0,
        "EPS": 11.62,
        "EPS Diluted": 11.46,
        "Weighted Average Shs Out": 310300000.0,
        "Weighted Average Shs Out (Dil)": 314700000.0,
        "Dividend per Share": 6.13918017159,
        "Gross Margin": 0.11272002081,
        "EBITDA Margin": 0.140076302783,
        "EBIT Margin": 0.1178357756,
        "Profit Margin": 0.0781453221191,
        "Free Cash Flow margin": 0.090219370502,
        "EBITDA": 6462000000.0,
        "EBIT": 5436000000.0,
        "Consolidated Income": 3605000000.0,
        "Earnings Before Tax Margin": 0.108883204717,
        "Net Profit Margin": 0.0781453221191
    },
    "2014": {
        "Revenue": 45600000000.0,
        "Revenue Growth": 0.0,
        "Cost of Revenue": 40345000000.0,
        "Gross Profit": 5255000000.0,
        "R&D Expenses": 751000000.0,
        "SG&A Expense": 0.0,
        "Operating Expenses": 751000000.0,
        "Operating Income": 5592000000.0,
        "Interest Expense": 340000000.0,
        "Earnings before Tax": 5258000000.0,
        "Income Tax Expense": 1644000000.0,
        "Net Income - Non-Controlling int": 0.0,
        "Net Income - Discontinued ops": 0.0,
        "Net Income": 3614000000.0,
        "Preferred Dividends": 0.0,
        "Net Income Com": 3614000000.0,
        "EPS": 11.41,
        "EPS Diluted": 11.21,
        "Weighted Average Shs Out": 316800000.0,
        "Weighted Average Shs Out (Dil)": 322400000.0,
        "Dividend per Share": 5.45905707196,
        "Gross Margin": 0.11524122807,
        "EBITDA Margin": 0.144429824561,
        "EBIT Margin": 0.122631578947,
        "Profit Margin": 0.0792543859649,
        "Free Cash Flow margin": 0.06625,
        "EBITDA": 6586000000.0,
        "EBIT": 5592000000.0,
        "Consolidated Income": 3614000000.0,
        "Earnings Before Tax Margin": 0.115307017544,
        "Net Profit Margin": 0.0792543859649
    },
    "2013": {
        "Revenue": 45358000000.0,
        "Revenue Growth": 0.0,
        "Cost of Revenue": 41171000000.0,
        "Gross Profit": 4187000000.0,
        "R&D Expenses": 697000000.0,
        "SG&A Expense": 0.0,
        "Operating Expenses": 697000000.0,
        "Operating Income": 4505000000.0,
        "Interest Expense": 350000000.0,