{
    "2018": {
        "Revenue": 1105775000.0,
        "Revenue Growth": 0.344959995718605,
        "Cost of Revenue": 565384000.0,
        "Gross Profit": 540391000.0,
        "R&D Expenses": 0.0,
        "SG&A Expense": 96138000.0,
        "Operating Expenses": 191899000.0,
        "Operating Income": 348492000.0,
        "Interest Expense": 57904000.0,
        "Earnings before Tax": 328844000.0,
        "Income Tax Expense": 4249000.0,
        "Net Income - Non-Controlling int": 0.0,
        "Net Income - Discontinued ops": 0.0,
        "Net Income": 324595000.0,
        "Preferred Dividends": 0.0,
        "Net Income Com": 324595000.0,
        "EPS": 1.4,
        "EPS Diluted": 1.39,
        "Weighted Average Shs Out": 232339000.0,
        "Weighted Average Shs Out (Dil)": 233172000.0,
        "Dividend per Share": 0.0,
        "Gross Margin": 0.488698876354,
        "EBITDA Margin": 0.510501684339,
        "EBIT Margin": 0.315156338315,
        "Profit Margin": 0.293545251068,
        "Free Cash Flow margin": 0.486359340734,
        "EBITDA": 564500000.0,
        "EBIT": 348492000.0,
        "Consolidated Income": 324595000.0,
        "Earnings Before Tax Margin": 0.297387804933,
        "Net Profit Margin": 0.293545251068
    },
    "2017": {
        "Revenue": 822162000.0,
        "Revenue Growth": 0.376284362664845,
        "Cost of Revenue": 396198000.0,
        "Gross Profit": 425964000.0,
        "R&D Expenses": 0.0,
        "SG&A Expense": 96312000.0,
        "Operating Expenses": 176292000.0,
        "Operating Income": 249672000.0,
        "Interest Expense": 89377000.0,
        "Earnings before Tax": 550774000.0,
        "Income Tax Expense": 1800000.0,
        "Net Income - Non-Controlling int": 0.0,
        "Net Income - Discontinued ops": 0.0,
        "Net Income": 548974000.0,
        "Preferred Dividends": 0.0,
        "Net Income Com": 548974000.0,
        "EPS": 2.29,
        "EPS Diluted": 2.29,
        "Weighted Average Shs Out": 239096000.0,
        "Weighted Average Shs Out (Dil)": 240122000.0,
        "Dividend per Share": 0.0,
        "Gross Margin": 0.518102271815,
        "EBITDA Margin": 0.501296581452,
        "EBIT Margin": 0.303677377451,
        "Profit Margin": 0.667719987059,
        "Free Cash Flow margin": -0.217718649123,
        "EBITDA": 412147000.0,
        "EBIT": 249672000.0,
        "Consolidated Income": 548974000.0,
        "Earnings Before Tax Margin": 0.669909336603,
        "Net Profit Margin": 0.667719987059
    },
    "2016": {
        "Revenue": 597378000.0,
        "Revenue Growth": -0.0152677040749044,
        "Cost of Revenue": 514774000.0,
        "Gross Profit": 82604000.0,
        "R&D Expenses": 0.0,
        "SG&A Expense": 91756000.0,
        "Operating Expenses": 170566000.0,
        "Operating Income": -87962000.0,
        "Interest Expense": 93298000.0,
        "Earnings before Tax": -260739000.0,
        "Income Tax Expense": 0.0,
        "Net Income - Non-Controlling int": 0.0,
        "Net Income - Discontinued ops": 0.0,
        "Net Income": -260739000.0,
        "Preferred Dividends": 0.0,
        "Net Income Com": -260739000.0,
        "EPS": -1.16,
        "EPS Diluted": -1.16,
        "Weighted Average Shs Out": 225512000.0,
        "Weighted Average Shs Out (Dil)": 225512000.0,
        "Dividend per Share": 0.0,
        "Gross Margin": 0.138277606474,
        "EBITDA Margin": 0.108232978114,
        "EBIT Margin": -0.147246801857,
        "Profit Margin": -0.436472384319,
        "Free Cash Flow margin": -0.0288510792162,
        "EBITDA": 64656000.0,
        "EBIT": -87962000.0,
        "Consolidated Income": -260739000.0,
        "Earnings Before Tax Margin": -0.436472384319,
        "Net Profit Margin": -0.436472384319
    },
    "2015": {
        "Revenue": 606640000.0,
        "Revenue Growth": -0.235859097980186,
        "Cost of Revenue": 2876965000.0,
        "Gross Profit": -2270325000.0,
        "R&D Expenses": 0.0,
        "SG&A Expense": 90425000.0,
        "Operating Expenses": 201189000.0,
        "Operating Income": -2471514000.0,
        "Interest Expense": 103219000.0,
        "Earnings before Tax": -2386881000.0,
        "Income Tax Expense": -176945000.0,
        "Net Income - Non-Controlling int": 0.0,
        "Net Income - Discontinued ops": 0.0,
        "Net Income": -2209936000.0,
        "Preferred Dividends": 0.0,
        "Net Income Com": -2209936000.0,
        "EPS": -11.1,
        "EPS Diluted": -11.1,
        "Weighted Average Shs Out": 199158000.0,
        "Weighted Average Shs Out (Dil)": 199158000.0,
        "Dividend per Share": 0.0,
        "Gross Margin": -3.74245845971,
        "EBITDA Margin": -3.60850421997,
        "EBIT Margin": -4.07410325729,
        "Profit Margin": -3.64291177634,
        "Free Cash Flow margin": -0.521980087037,
        "EBITDA": -2189063000.0,
        "EBIT": -2471514000.0,
        "Consolidated Income": -2209936000.0,
        "Earnings Before Tax Margin": -3.93459217988,
        "Net Profit Margin": -3.64291177634
    },
    "2014": {
        "Revenue": 793885000.0,
        "Revenue Growth": 0.193350840351924,
        "Cost of Revenue": 362638000.0,
        "Gross Profit": 431247000.0,
        "R&D Expenses": 0.0,
        "SG&A Expense": 106044000.0,
        "Operating Expenses": 204861000.0,
        "Operating Income": 226386000.0,
        "Interest Expense": 121173000.0,
        "Earnings before Tax": 429859000.0,
        "Income Tax Expense": 164286000.0,
        "Net Income - Non-Controlling int": 0.0,
        "Net Income - Discontinued ops": 0.0,
        "Net Income": 265573000.0,
        "Preferred Dividends": 0.0,
        "Net Income Com": 265573000.0,
        "EPS": 1.88,
        "EPS Diluted": 1.85,
        "Weighted Average Shs Out": 141312000.0,
        "Weighted Average Shs Out (Dil)": 143554000.0,
        "Dividend per Share": 0.0,
        "Gross Margin": 0.543210918458,
        "EBITDA Margin": 0.601792451048,
        "EBIT Margin": 0.285162208632,
        "Profit Margin": 0.334523262185,
        "Free Cash Flow margin": 0.619465035868,
        "EBITDA": 477754000.0,
        "EBIT": 226386000.0,
        "Consolidated Income": 265573000.0,
        "Earnings Before Tax Margin": 0.5414625544,
        "Net Profit Margin": 0.334523262185
    },
    "2013": {
        "Revenue": 665257000.0,
        "Revenue Growth": 0.131235546184193,
        "Cost of Revenue": 280599000.0,
        "Gross Profit": 384658000.0,
        "R&D Expenses": 0.0,
        "SG&A Expense": 89696000.0,
        "Operating Expenses": 170307000.0,
        "Operating Income": 214351000.0,
        "Interest Expense": 100327000.0,
        "Earnings before Tax": 0.0,
        "Income Tax Expense": 74507000.0,
        "Net Income - Non-Controlling int": 0.0,
        "Net Income - Discontinued ops": 0.0,
        "Net Income": 118000000.0,
        "Preferred Dividends": 0.0,
        "Net Income Com": 118000000.0,
        "EPS": 0.89,
        "EPS Diluted": 0.88,
        "Weighted Average Shs Out": 132490000.0,
        "Weighted Average Shs Out (Dil)": 134378000.0,
        "Dividend per Share": 0.0,
        "Gross Margin": 0.57820962425,
        "EBITDA Margin": 0.682014619914,
        "EBIT Margin": 0.322207808411,
        "Profit Margin": 0.177375059563,
        "Free Cash Flow margin": 0.497580634251,
        "EBITDA": 453715000.0,
        "EBIT": 214351000.0,
        "Consolidated Income": 118000000.0,
        "Earnings Before Tax Margin": 0.0,
        "Net Profit Margin": 0.177375059563
    },
    "2012": {
        "Revenue": 588080000.0,
        "Revenue Growth": 0.161416972945431,
        "Cost of Revenue": 282754000.0,
        "Gross Profit": 305326000.0,
        "R&D Expenses": 0.0,
        "SG&A Expense": 62106000.0,
        "Operating Expenses": 133546000.0,
        "Operating Income": 171780000.0,
        "Interest Expense": 85572000.0,
        "Earnings before Tax": 0.0,
        "Income Tax Expense": 32949000.0,