{
    "2019": {
        "Revenue": 13739000000.0,
        "Revenue Growth": 0.0,
        "Cost of Revenue": 8202000000.0,
        "Gross Profit": 5537000000.0,
        "R&D Expenses": 24000000.0,
        "SG&A Expense": 1502000000.0,
        "Operating Expenses": 1839000000.0,
        "Operating Income": 3698000000.0,
        "Interest Expense": 555000000.0,
        "Earnings before Tax": 3772000000.0,
        "Income Tax Expense": 468000000.0,
        "Net Income - Non-Controlling int": 0.0,
        "Net Income - Discontinued ops": 0.0,
        "Net Income": 2698000000.0,
        "Preferred Dividends": 0.0,
        "Net Income Com": 2698000000.0,
        "EPS": 3.5,
        "EPS Diluted": 3.5,
        "Weighted Average Shs Out": 771000000.0,
        "Weighted Average Shs Out (Dil)": 771000000.0,
        "Dividend per Share": 3.89105058366,
        "Gross Margin": 0.403013319747,
        "EBITDA Margin": 0.360433801587,
        "EBIT Margin": 0.269160783172,
        "Profit Margin": 0.196375282044,
        "Free Cash Flow margin": 0.132615183056,
        "EBITDA": 4952000000.0,
        "EBIT": 3698000000.0,
        "Consolidated Income": 2698000000.0,
        "Earnings Before Tax Margin": 0.274546910255,
        "Net Profit Margin": 0.196375282044
    },
    "2018": {
        "Revenue": 13729000000.0,
        "Revenue Growth": 0.0,
        "Cost of Revenue": 8281000000.0,
        "Gross Profit": 5448000000.0,
        "R&D Expenses": 12000000.0,
        "SG&A Expense": 1483000000.0,
        "Operating Expenses": 1697000000.0,
        "Operating Income": 3751000000.0,
        "Interest Expense": 446000000.0,
        "Earnings before Tax": 3326000000.0,
        "Income Tax Expense": 375000000.0,
        "Net Income - Non-Controlling int": 0.0,
        "Net Income - Discontinued ops": 0.0,
        "Net Income": 2413000000.0,
        "Preferred Dividends": 0.0,
        "Net Income Com": 2413000000.0,
        "EPS": 3.07,
        "EPS Diluted": 3.07,
        "Weighted Average Shs Out": 786000000.0,
        "Weighted Average Shs Out (Dil)": 786000000.0,
        "Dividend per Share": 3.79007633588,
        "Gross Margin": 0.396824240658,
        "EBITDA Margin": 0.359603758467,
        "EBIT Margin": 0.273217277296,
        "Profit Margin": 0.17575934154,
        "Free Cash Flow margin": 0.273290115813,
        "EBITDA": 4937000000.0,
        "EBIT": 3751000000.0,
        "Consolidated Income": 2413000000.0,
        "Earnings Before Tax Margin": 0.242260907568,
        "Net Profit Margin": 0.17575934154
    },
    "2017": {
        "Revenue": 12882000000.0,
        "Revenue Growth": 0.0,
        "Cost of Revenue": 2067000000.0,
        "Gross Profit": 10815000000.0,
        "R&D Expenses": 13000000.0,
        "SG&A Expense": 1415000000.0,
        "Operating Expenses": 7353000000.0,
        "Operating Income": 3462000000.0,
        "Interest Expense": 327000000.0,
        "Earnings before Tax": 3052000000.0,
        "Income Tax Expense": -209000000.0,
        "Net Income - Non-Controlling int": 0.0,
        "Net Income - Discontinued ops": 0.0,
        "Net Income": 2806000000.0,
        "Preferred Dividends": 0.0,
        "Net Income Com": 2806000000.0,
        "EPS": 3.54,
        "EPS Diluted": 3.54,
        "Weighted Average Shs Out": 792000000.0,
        "Weighted Average Shs Out (Dil)": 792000000.0,
        "Dividend per Share": 3.71590909091,
        "Gross Margin": 0.839543549138,
        "EBITDA Margin": 0.366092221705,
        "EBIT Margin": 0.268747088961,
        "Profit Margin": 0.21782331936,
        "Free Cash Flow margin": 0.287688247167,
        "EBITDA": 4716000000.0,
        "EBIT": 3462000000.0,
        "Consolidated Income": 2806000000.0,
        "Earnings Before Tax Margin": 0.236919732961,
        "Net Profit Margin": 0.21782331936
    },
    "2016": {
        "Revenue": 11410000000.0,
        "Revenue Growth": 0.0,
        "Cost of Revenue": 2214000000.0,
        "Gross Profit": 9196000000.0,
        "R&D Expenses": 9000000.0,
        "SG&A Expense": 1284000000.0,
        "Operating Expenses": 6703000000.0,
        "Operating Income": 2493000000.0,
        "Interest Expense": 274000000.0,
        "Earnings before Tax": 2255000000.0,
        "Income Tax Expense": 239000000.0,
        "Net Income - Non-Controlling int": 0.0,
        "Net Income - Discontinued ops": 0.0,
        "Net Income": 1670000000.0,
        "Preferred Dividends": 0.0,
        "Net Income Com": 1670000000.0,
        "EPS": 2.1,
        "EPS Diluted": 2.1,
        "Weighted Average Shs Out": 795000000.0,
        "Weighted Average Shs Out (Dil)": 795000000.0,
        "Dividend per Share": 3.65911949686,
        "Gross Margin": 0.805959684487,
        "EBITDA Margin": 0.323400525855,
        "EBIT Margin": 0.218492550394,
        "Profit Margin": 0.146362839614,
        "Free Cash Flow margin": 0.231814198072,
        "EBITDA": 3690000000.0,
        "EBIT": 2493000000.0,
        "Consolidated Income": 1670000000.0,
        "Earnings Before Tax Margin": 0.197633654689,
        "Net Profit Margin": 0.146362839614
    },
    "2015": {
        "Revenue": 11688461000.0,
        "Revenue Growth": 0.0,
        "Cost of Revenue": 1941040000.0,
        "Gross Profit": 9747421000.0,
        "R&D Expenses": 10372000.0,
        "SG&A Expense": 1267415000.0,
        "Operating Expenses": 6905946000.0,
        "Operating Income": 2841475000.0,
        "Interest Expense": 265220000.0,
        "Earnings before Tax": 2621882000.0,
        "Income Tax Expense": 236185000.0,
        "Net Income - Non-Controlling int": 0.0,
        "Net Income - Discontinued ops": 0.0,
        "Net Income": 1966236000.0,
        "Preferred Dividends": 0.0,
        "Net Income Com": 1966236000.0,
        "EPS": 2.47,
        "EPS Diluted": 2.47,
        "Weighted Average Shs Out": 796785900.0,
        "Weighted Average Shs Out (Dil)": 797596082.0,
        "Dividend per Share": 3.37624777851,
        "Gross Margin": 0.833935365828,
        "EBITDA Margin": 0.336021996395,
        "EBIT Margin": 0.243100866744,
        "Profit Margin": 0.168220264413,
        "Free Cash Flow margin": 0.164378270159,
        "EBITDA": 3927580000.0,
        "EBIT": 2841475000.0,
        "Consolidated Income": 1966236000.0,
        "Earnings Before Tax Margin": 0.224313705628,
        "Net Profit Margin": 0.168220264413
    },
    "2014": {
        "Revenue": 14583849000.0,
        "Revenue Growth": 0.0,
        "Cost of Revenue": 1941390000.0,
        "Gross Profit": 12642459000.0,
        "R&D Expenses": 14325000.0,
        "SG&A Expense": 1258133000.0,
        "Operating Expenses": 8543233000.0,
        "Operating Income": 4099226000.0,
        "Interest Expense": 274181000.0,
        "Earnings before Tax": 3832711000.0,
        "Income Tax Expense": 244640000.0,
        "Net Income - Non-Controlling int": 0.0,
        "Net Income - Discontinued ops": 0.0,
        "Net Income": 2840629000.0,
        "Preferred Dividends": 0.0,
        "Net Income Com": 2840629000.0,
        "EPS": 3.52,
        "EPS Diluted": 3.52,
        "Weighted Average Shs Out": 806130838.0,
        "Weighted Average Shs Out (Dil)": 808019219.0,
        "Dividend per Share": 2.95371315914,
        "Gross Margin": 0.86688082138,
        "EBITDA Margin": 0.358363488267,
        "EBIT Margin": 0.281079843874,
        "Profit Margin": 0.194779101182,
        "Free Cash Flow margin": 0.250564031484,
        "EBITDA": 5226319000.0,
        "EBIT": 4099226000.0,
        "Consolidated Income": 2840629000.0,
        "Earnings Before Tax Margin": 0.26280517578,
        "Net Profit Margin": 0.194779101182
    },
    "2013": {
        "Revenue": 13769885000.0,
        "Revenue Growth": 0.0,
        "Cost of Revenue": 1951613000.0,
        "Gross Profit": 11818272000.0,
        "R&D Expenses": 15809000.0,
        "SG&A Expense": 1329740000.0,
        "Operating Expenses": 8410029000.0,
        "Operating Income": 3408243000.0,