{
    "2018": {
        "Revenue": 1958557000.0,
        "Revenue Growth": 0.140673539823112,
        "Cost of Revenue": 1678100000.0,
        "Gross Profit": 280457000.0,
        "R&D Expenses": 0.0,
        "SG&A Expense": 167715000.0,
        "Operating Expenses": 167715000.0,
        "Operating Income": 112742000.0,
        "Interest Expense": 2378000.0,
        "Earnings before Tax": 110605000.0,
        "Income Tax Expense": 28530000.0,
        "Net Income - Non-Controlling int": 0.0,
        "Net Income - Discontinued ops": 0.0,
        "Net Income": 82097000.0,
        "Preferred Dividends": 0.0,
        "Net Income Com": 82097000.0,
        "EPS": 2.08,
        "EPS Diluted": 2.06,
        "Weighted Average Shs Out": 26354000.0,
        "Weighted Average Shs Out (Dil)": 26678000.0,
        "Dividend per Share": 1.48526876078,
        "Gross Margin": 0.143195730326,
        "EBITDA Margin": 0.0844044875896,
        "EBIT Margin": 0.0575638084569,
        "Profit Margin": 0.0419170848742,
        "Free Cash Flow margin": 0.0323324774311,
        "EBITDA": 165311000.0,
        "EBIT": 112742000.0,
        "Consolidated Income": 82097000.0,
        "Earnings Before Tax Margin": 0.056472699033,
        "Net Profit Margin": 0.0419170848742
    },
    "2017": {
        "Revenue": 1717018000.0,
        "Revenue Growth": 0.0720668633038544,
        "Cost of Revenue": 1463599000.0,
        "Gross Profit": 253419000.0,
        "R&D Expenses": 0.0,
        "SG&A Expense": 155225000.0,
        "Operating Expenses": 155225000.0,
        "Operating Income": 98194000.0,
        "Interest Expense": 1375000.0,
        "Earnings before Tax": 97242000.0,
        "Income Tax Expense": -16859000.0,
        "Net Income - Non-Controlling int": 0.0,
        "Net Income - Discontinued ops": 0.0,
        "Net Income": 114141000.0,
        "Preferred Dividends": 0.0,
        "Net Income Com": 114141000.0,
        "EPS": 2.94,
        "EPS Diluted": 2.91,
        "Weighted Average Shs Out": 25685000.0,
        "Weighted Average Shs Out (Dil)": 25973000.0,
        "Dividend per Share": 1.25919223809,
        "Gross Margin": 0.147592512134,
        "EBITDA Margin": 0.0768693164545,
        "EBIT Margin": 0.0571886841023,
        "Profit Margin": 0.0664762978606,
        "Free Cash Flow margin": 0.0709602345462,
        "EBITDA": 131986000.0,
        "EBIT": 98194000.0,
        "Consolidated Income": 114141000.0,
        "Earnings Before Tax Margin": 0.0566342344693,
        "Net Profit Margin": 0.0664762978606
    },
    "2016": {
        "Revenue": 1601596000.0,
        "Revenue Growth": 0.0332097512639369,
        "Cost of Revenue": 1369775000.0,
        "Gross Profit": 231821000.0,
        "R&D Expenses": 0.0,
        "SG&A Expense": 140858000.0,
        "Operating Expenses": 140858000.0,
        "Operating Income": 90963000.0,
        "Interest Expense": 1097000.0,
        "Earnings before Tax": 90070000.0,
        "Income Tax Expense": 33786000.0,
        "Net Income - Non-Controlling int": 0.0,
        "Net Income - Discontinued ops": 0.0,
        "Net Income": 56391000.0,
        "Preferred Dividends": 0.0,
        "Net Income Com": 56391000.0,
        "EPS": 1.48,
        "EPS Diluted": 1.47,
        "Weighted Average Shs Out": 24944000.0,
        "Weighted Average Shs Out (Dil)": 25146000.0,
        "Dividend per Share": 1.27809591983,
        "Gross Margin": 0.144743743116,
        "EBITDA Margin": 0.0756457933212,
        "EBIT Margin": 0.0567952217663,
        "Profit Margin": 0.0352092537694,
        "Free Cash Flow margin": 0.0550088786436,
        "EBITDA": 121154000.0,
        "EBIT": 90963000.0,
        "Consolidated Income": 56391000.0,
        "Earnings Before Tax Margin": 0.0562376529412,
        "Net Profit Margin": 0.0352092537694
    },
    "2015": {
        "Revenue": 1550117000.0,
        "Revenue Growth": -0.126193008831549,
        "Cost of Revenue": 1320697000.0,
        "Gross Profit": 229420000.0,
        "R&D Expenses": 0.0,
        "SG&A Expense": 144534000.0,
        "Operating Expenses": 144534000.0,
        "Operating Income": 84886000.0,
        "Interest Expense": 1193000.0,
        "Earnings before Tax": 85354000.0,
        "Income Tax Expense": 34366000.0,
        "Net Income - Non-Controlling int": 0.0,
        "Net Income - Discontinued ops": 0.0,
        "Net Income": 51127000.0,
        "Preferred Dividends": 0.0,
        "Net Income Com": 51127000.0,
        "EPS": 1.36,
        "EPS Diluted": 1.36,
        "Weighted Average Shs Out": 24317000.0,
        "Weighted Average Shs Out (Dil)": 24426000.0,
        "Dividend per Share": 1.2913698518,
        "Gross Margin": 0.148001731482,
        "EBITDA Margin": 0.0742924566339,
        "EBIT Margin": 0.054761027716,
        "Profit Margin": 0.0329826716306,
        "Free Cash Flow margin": 0.0959159856966,
        "EBITDA": 115162000.0,
        "EBIT": 84886000.0,
        "Consolidated Income": 51127000.0,
        "Earnings Before Tax Margin": 0.0550629404103,
        "Net Profit Margin": 0.0329826716306
    },
    "2014": {
        "Revenue": 1773981000.0,
        "Revenue Growth": -0.232066792723344,
        "Cost of Revenue": 1524208000.0,
        "Gross Profit": 249773000.0,
        "R&D Expenses": 0.0,
        "SG&A Expense": 154957000.0,
        "Operating Expenses": 154957000.0,
        "Operating Income": 94816000.0,
        "Interest Expense": 5802000.0,
        "Earnings before Tax": 79101000.0,
        "Income Tax Expense": 31525000.0,
        "Net Income - Non-Controlling int": 0.0,
        "Net Income - Discontinued ops": 0.0,
        "Net Income": 47294000.0,
        "Preferred Dividends": 0.0,
        "Net Income Com": 47294000.0,
        "EPS": 1.27,
        "EPS Diluted": 1.27,
        "Weighted Average Shs Out": 24047000.0,
        "Weighted Average Shs Out (Dil)": 24117000.0,
        "Dividend per Share": 1.29833727246,
        "Gross Margin": 0.140798013057,
        "EBITDA Margin": 0.070610677341,
        "EBIT Margin": 0.0534481485427,
        "Profit Margin": 0.0266598120273,
        "Free Cash Flow margin": 0.0692465139142,
        "EBITDA": 125262000.0,
        "EBIT": 94816000.0,
        "Consolidated Income": 47294000.0,
        "Earnings Before Tax Margin": 0.0445895418271,
        "Net Profit Margin": 0.0266598120273
    },
    "2013": {
        "Revenue": 2310072000.0,
        "Revenue Growth": -0.105419016804819,
        "Cost of Revenue": 1995630000.0,
        "Gross Profit": 314442000.0,
        "R&D Expenses": 0.0,
        "SG&A Expense": 173772000.0,
        "Operating Expenses": 173772000.0,
        "Operating Income": 22243000.0,
        "Interest Expense": 16266000.0,
        "Earnings before Tax": 6553000.0,
        "Income Tax Expense": 11842000.0,
        "Net Income - Non-Controlling int": 0.0,
        "Net Income - Discontinued ops": 0.0,
        "Net Income": -6149000.0,
        "Preferred Dividends": 0.0,
        "Net Income Com": -6149000.0,
        "EPS": -0.17,
        "EPS Diluted": -0.17,
        "Weighted Average Shs Out": 13193000.0,
        "Weighted Average Shs Out (Dil)": 23913000.0,
        "Dividend per Share": 1.30506419103,
        "Gross Margin": 0.136117835288,
        "EBITDA Margin": 0.0228334874411,
        "EBIT Margin": 0.00962870421355,
        "Profit Margin": -0.00266182179603,
        "Free Cash Flow margin": 0.0767041027293,
        "EBITDA": 52747000.0,
        "EBIT": 22243000.0,
        "Consolidated Income": -6149000.0,
        "Earnings Before Tax Margin": 0.00283670811992,
        "Net Profit Margin": -0.00266182179603
    },
    "2012": {
        "Revenue": 2582295000.0,
        "Revenue Growth": -0.100240001505236,
        "Cost of Revenue": 2213894000.0,
        "Gross Profit": 368401000.0,
        "R&D Expenses": 0.0,
        "SG&A Expense": 197413000.0,
        "Operating Expenses": 197413000.0,
        "Operating Income": 170988000.0,
        "Interest Expense": 16304000.0,