{
    "2018": {
        "Revenue": 2141000000.0,
        "Revenue Growth": 0.312691600245248,
        "Cost of Revenue": 872000000.0,
        "Gross Profit": 1269000000.0,
        "R&D Expenses": 93000000.0,
        "SG&A Expense": 507000000.0,
        "Operating Expenses": 600000000.0,
        "Operating Income": -1125000000.0,
        "Interest Expense": 202000000.0,
        "Earnings before Tax": -97000000.0,
        "Income Tax Expense": -62000000.0,
        "Net Income - Non-Controlling int": 0.0,
        "Net Income - Discontinued ops": 0.0,
        "Net Income": -1264000000.0,
        "Preferred Dividends": 0.0,
        "Net Income Com": -1264000000.0,
        "EPS": -21.76,
        "EPS Diluted": -21.76,
        "Weighted Average Shs Out": 58100000.0,
        "Weighted Average Shs Out (Dil)": 58100000.0,
        "Dividend per Share": 1.11876075731,
        "Gross Margin": 0.592713685194,
        "EBITDA Margin": -0.31153666511,
        "EBIT Margin": -0.525455394675,
        "Profit Margin": -0.590378327884,
        "Free Cash Flow margin": -0.00794021485287,
        "EBITDA": -667000000.0,
        "EBIT": -1125000000.0,
        "Consolidated Income": -1264000000.0,
        "Earnings Before Tax Margin": -0.0453059318076,
        "Net Profit Margin": -0.590378327884
    },
    "2017": {
        "Revenue": 1631000000.0,
        "Revenue Growth": 0.0468549422336329,
        "Cost of Revenue": 1127000000.0,
        "Gross Profit": 504000000.0,
        "R&D Expenses": 0.0,
        "SG&A Expense": 387000000.0,
        "Operating Expenses": 509000000.0,
        "Operating Income": -5000000.0,
        "Interest Expense": 99000000.0,
        "Earnings before Tax": -104000000.0,
        "Income Tax Expense": -162000000.0,
        "Net Income - Non-Controlling int": 0.0,
        "Net Income - Discontinued ops": 0.0,
        "Net Income": 58000000.0,
        "Preferred Dividends": 0.0,
        "Net Income Com": 58000000.0,
        "EPS": 1.41,
        "EPS Diluted": 1.4,
        "Weighted Average Shs Out": 56211566.0,
        "Weighted Average Shs Out (Dil)": 56211566.0,
        "Dividend per Share": 0.288,
        "Gross Margin": 0.309,
        "EBITDA Margin": 0.096,
        "EBIT Margin": -0.0031,
        "Profit Margin": 0.036,
        "Free Cash Flow margin": 0.0343,
        "EBITDA": 156000000.0,
        "EBIT": -5000000.0,
        "Consolidated Income": 58000000.0,
        "Earnings Before Tax Margin": -0.0638,
        "Net Profit Margin": 0.0356
    },
    "2016": {
        "Revenue": 1558000000.0,
        "Revenue Growth": 0.0,
        "Cost of Revenue": 1156000000.0,
        "Gross Profit": 402000000.0,
        "R&D Expenses": 0.0,
        "SG&A Expense": 223000000.0,
        "Operating Expenses": 302000000.0,
        "Operating Income": 100000000.0,
        "Interest Expense": 33000000.0,
        "Earnings before Tax": 67000000.0,
        "Income Tax Expense": -1000000.0,
        "Net Income - Non-Controlling int": 0.0,
        "Net Income - Discontinued ops": 0.0,
        "Net Income": 68000000.0,
        "Preferred Dividends": 0.0,
        "Net Income Com": 68000000.0,
        "EPS": 1.87,
        "EPS Diluted": 1.86,
        "Weighted Average Shs Out": NaN,
        "Weighted Average Shs Out (Dil)": NaN,
        "Dividend per Share": 0.0,
        "Gross Margin": 0.258,
        "EBITDA Margin": 0.11,
        "EBIT Margin": 0.0642,
        "Profit Margin": 0.044,
        "Free Cash Flow margin": 0.009,
        "EBITDA": 172000000.0,
        "EBIT": 100000000.0,
        "Consolidated Income": 68000000.0,
        "Earnings Before Tax Margin": 0.043,
        "Net Profit Margin": 0.0436
    },
    "2015": {
        "Revenue": NaN,
        "Revenue Growth": NaN,
        "Cost of Revenue": NaN,
        "Gross Profit": 363035000.0,
        "R&D Expenses": NaN,
        "SG&A Expense": NaN,
        "Operating Expenses": 1879199000.0,
        "Operating Income": 238164000.0,
        "Interest Expense": -35352000.0,
        "Earnings before Tax": NaN,
        "Income Tax Expense": NaN,
        "Net Income - Non-Controlling int": NaN,
        "Net Income - Discontinued ops": NaN,
        "Net Income": NaN,
        "Preferred Dividends": NaN,
        "Net Income Com": NaN,
        "EPS": NaN,
        "EPS Diluted": NaN,
        "Weighted Average Shs Out": NaN,
        "Weighted Average Shs Out (Dil)": NaN,
        "Dividend per Share": NaN,
        "Gross Margin": NaN,
        "EBITDA Margin": NaN,
        "EBIT Margin": NaN,
        "Profit Margin": NaN,
        "Free Cash Flow margin": NaN,
        "EBITDA": NaN,
        "EBIT": 238164000.0,
        "Consolidated Income": NaN,
        "Earnings Before Tax Margin": NaN,
        "Net Profit Margin": NaN
    }
}