{
    "2018": {
        "Revenue": 707120000.0,
        "Revenue Growth": 0.135545370748048,
        "Cost of Revenue": 478254000.0,
        "Gross Profit": 228866000.0,
        "R&D Expenses": 0.0,
        "SG&A Expense": 72116000.0,
        "Operating Expenses": 145677000.0,
        "Operating Income": 83189000.0,
        "Interest Expense": 13079000.0,
        "Earnings before Tax": 66592000.0,
        "Income Tax Expense": 13127000.0,
        "Net Income - Non-Controlling int": 0.0,
        "Net Income - Discontinued ops": 0.0,
        "Net Income": 53391000.0,
        "Preferred Dividends": 0.0,
        "Net Income Com": 53391000.0,
        "EPS": 1.96,
        "EPS Diluted": 1.86,
        "Weighted Average Shs Out": 28105000.0,
        "Weighted Average Shs Out (Dil)": 28713000.0,
        "Dividend per Share": 0.571657437398,
        "Gross Margin": 0.323659350605,
        "EBITDA Margin": 0.205272089603,
        "EBIT Margin": 0.117644812762,
        "Profit Margin": 0.0755048648037,
        "Free Cash Flow margin": 0.111337538183,
        "EBITDA": 145152000.0,
        "EBIT": 83189000.0,
        "Consolidated Income": 53391000.0,
        "Earnings Before Tax Margin": 0.094173549044,
        "Net Profit Margin": 0.0755048648037
    },
    "2017": {
        "Revenue": 622714000.0,
        "Revenue Growth": 0.14498109821573,
        "Cost of Revenue": 411099000.0,
        "Gross Profit": 211615000.0,
        "R&D Expenses": 0.0,
        "SG&A Expense": 68666000.0,
        "Operating Expenses": 136020000.0,
        "Operating Income": 75595000.0,
        "Interest Expense": 12100000.0,
        "Earnings before Tax": 68110000.0,
        "Income Tax Expense": 3625000.0,
        "Net Income - Non-Controlling int": 0.0,
        "Net Income - Discontinued ops": 0.0,
        "Net Income": 64996000.0,
        "Preferred Dividends": 0.0,
        "Net Income Com": 64996000.0,
        "EPS": 2.42,
        "EPS Diluted": 2.29,
        "Weighted Average Shs Out": 27789.0,
        "Weighted Average Shs Out (Dil)": 28403.0,
        "Dividend per Share": 475.442734922,
        "Gross Margin": 0.339826951056,
        "EBITDA Margin": 0.20548116792,
        "EBIT Margin": 0.121396018076,
        "Profit Margin": 0.104375363329,
        "Free Cash Flow margin": -0.00926267917535,
        "EBITDA": 127956000.0,
        "EBIT": 75595000.0,
        "Consolidated Income": 64996000.0,
        "Earnings Before Tax Margin": 0.109376053855,
        "Net Profit Margin": 0.104375363329
    },
    "2016": {
        "Revenue": 543864000.0,
        "Revenue Growth": 0.0,
        "Cost of Revenue": 346964000.0,
        "Gross Profit": 196900000.0,
        "R&D Expenses": 0.0,
        "SG&A Expense": 63620000.0,
        "Operating Expenses": 126946000.0,
        "Operating Income": 69954000.0,
        "Interest Expense": 9176000.0,
        "Earnings before Tax": 60533000.0,
        "Income Tax Expense": 22994000.0,
        "Net Income - Non-Controlling int": 0.0,
        "Net Income - Discontinued ops": 0.0,
        "Net Income": 37902000.0,
        "Preferred Dividends": 0.0,
        "Net Income Com": 37902000.0,
        "EPS": 1.41,
        "EPS Diluted": 1.36,
        "Weighted Average Shs Out": 27551.0,
        "Weighted Average Shs Out (Dil)": 27957.0,
        "Dividend per Share": 430.554065172,
        "Gross Margin": 0.362039039172,
        "EBITDA Margin": 0.206711604372,
        "EBIT Margin": 0.128624067782,
        "Profit Margin": 0.0696902166718,
        "Free Cash Flow margin": -0.00174859891443,
        "EBITDA": 112423000.0,
        "EBIT": 69954000.0,
        "Consolidated Income": 37902000.0,
        "Earnings Before Tax Margin": 0.111301722489,
        "Net Profit Margin": 0.0696902166718
    },
    "2015": {
        "Revenue": 0.0,
        "Revenue Growth": -1.0,
        "Cost of Revenue": 0.0,
        "Gross Profit": 0.0,
        "R&D Expenses": 0.0,
        "SG&A Expense": 0.0,
        "Operating Expenses": 0.0,
        "Operating Income": 0.0,
        "Interest Expense": 0.0,
        "Earnings before Tax": 0.0,
        "Income Tax Expense": 0.0,
        "Net Income - Non-Controlling int": 0.0,
        "Net Income - Discontinued ops": 0.0,
        "Net Income": 0.0,
        "Preferred Dividends": 0.0,
        "Net Income Com": 0.0,
        "EPS": 0.0,
        "EPS Diluted": 0.0,
        "Weighted Average Shs Out": 0.0,
        "Weighted Average Shs Out (Dil)": 0.0,
        "Dividend per Share": 0.0,
        "Gross Margin": 0.0,
        "EBITDA Margin": 0.0,
        "EBIT Margin": 0.0,
        "Profit Margin": 0.0,
        "Free Cash Flow margin": 0.0,
        "EBITDA": 0.0,
        "EBIT": 0.0,
        "Consolidated Income": 0.0,
        "Earnings Before Tax Margin": 0.0,
        "Net Profit Margin": 0.0
    },
    "2014": {
        "Revenue": 447939000.0,
        "Revenue Growth": 0.0850289218963463,
        "Cost of Revenue": 286432000.0,
        "Gross Profit": 161507000.0,
        "R&D Expenses": 0.0,
        "SG&A Expense": 46642000.0,
        "Operating Expenses": 113125000.0,
        "Operating Income": 48382000.0,
        "Interest Expense": 10060000.0,
        "Earnings before Tax": 37709000.0,
        "Income Tax Expense": 16810000.0,
        "Net Income - Non-Controlling int": 0.0,
        "Net Income - Discontinued ops": 0.0,
        "Net Income": 25001000.0,
        "Preferred Dividends": 0.0,
        "Net Income Com": 25001000.0,
        "EPS": 0.95,
        "EPS Diluted": 0.92,
        "Weighted Average Shs Out": 27076000.0,
        "Weighted Average Shs Out (Dil)": 27150000.0,
        "Dividend per Share": 0.338968692449,
        "Gross Margin": 0.360555789962,
        "EBITDA Margin": 0.184313042624,
        "EBIT Margin": 0.108010242466,
        "Profit Margin": 0.0558134031643,
        "Free Cash Flow margin": 0.0218043081759,
        "EBITDA": 82561000.0,
        "EBIT": 48382000.0,
        "Consolidated Income": 25001000.0,
        "Earnings Before Tax Margin": 0.0841833374634,
        "Net Profit Margin": 0.0558134031643
    },
    "2013": {
        "Revenue": 412836000.0,
        "Revenue Growth": -0.00256584955713727,
        "Cost of Revenue": 266391000.0,
        "Gross Profit": 146445000.0,
        "R&D Expenses": 0.0,
        "SG&A Expense": 45266000.0,
        "Operating Expenses": 108241000.0,
        "Operating Income": 38204000.0,
        "Interest Expense": 9309000.0,
        "Earnings before Tax": 34681000.0,
        "Income Tax Expense": 11350000.0,
        "Net Income - Non-Controlling int": 0.0,
        "Net Income - Discontinued ops": 0.0,
        "Net Income": 17506000.0,
        "Preferred Dividends": 0.0,
        "Net Income Com": 17506000.0,
        "EPS": 0.68,
        "EPS Diluted": 0.63,
        "Weighted Average Shs Out": 27846000.0,
        "Weighted Average Shs Out (Dil)": 27865000.0,
        "Dividend per Share": 1.2780907949,
        "Gross Margin": 0.354729238729,
        "EBITDA Margin": 0.175527328043,
        "EBIT Margin": 0.0925403792305,
        "Profit Margin": 0.0424042476916,
        "Free Cash Flow margin": 0.0982642017653,
        "EBITDA": 72464000.0,
        "EBIT": 38204000.0,
        "Consolidated Income": 17506000.0,
        "Earnings Before Tax Margin": 0.0840067242198,
        "Net Profit Margin": 0.0424042476916
    },
    "2012": {
        "Revenue": 413898000.0,
        "Revenue Growth": 0.0978610306521947,
        "Cost of Revenue": 262005000.0,
        "Gross Profit": 151893000.0,
        "R&D Expenses": 0.0,
        "SG&A Expense": 43825000.0,
        "Operating Expenses": 105378000.0,
        "Operating Income": 46515000.0,
        "Interest Expense": 9272000.0,
        "Earnings before Tax": 37439000.0,
        "Income Tax Expense": 14705000.0,
        "Net Income - Non-Controlling int": 0.0,
        "Net Income - Discontinued ops": 0.0,
        "Net Income": 22734000.0,
        "Preferred Dividends": 0.0,
        "Net Income Com": 22734000.0,
        "EPS": 0.8,