{
    "2018": {
        "Revenue": 2164807000.0,
        "Revenue Growth": -0.25891909619095,
        "Cost of Revenue": 1880121000.0,
        "Gross Profit": 284686000.0,
        "R&D Expenses": 0.0,
        "SG&A Expense": 64940000.0,
        "Operating Expenses": 64940000.0,
        "Operating Income": -449851000.0,
        "Interest Expense": 0.0,
        "Earnings before Tax": -449851000.0,
        "Income Tax Expense": 441000.0,
        "Net Income - Non-Controlling int": 0.0,
        "Net Income - Discontinued ops": 0.0,
        "Net Income": -544624000.0,
        "Preferred Dividends": 25636000.0,
        "Net Income Com": -544624000.0,
        "EPS": -6.87,
        "EPS Diluted": -6.87,
        "Weighted Average Shs Out": 83050362.0,
        "Weighted Average Shs Out (Dil)": 83050362.0,
        "Dividend per Share": 0.500359047201,
        "Gross Margin": 0.131506411426,
        "EBITDA Margin": -0.20494760041,
        "EBIT Margin": -0.207801896428,
        "Profit Margin": -0.251580856862,
        "Free Cash Flow margin": 0.0839719198986,
        "EBITDA": -443672000.0,
        "EBIT": -449851000.0,
        "Consolidated Income": -544624000.0,
        "Earnings Before Tax Margin": -0.207801896428,
        "Net Profit Margin": -0.251580856862
    },
    "2017": {
        "Revenue": 2921148000.0,
        "Revenue Growth": 0.0693779142366489,
        "Cost of Revenue": 2160011000.0,
        "Gross Profit": 761137000.0,
        "R&D Expenses": 0.0,
        "SG&A Expense": 70560000.0,
        "Operating Expenses": 70560000.0,
        "Operating Income": -173303000.0,
        "Interest Expense": 0.0,
        "Earnings before Tax": -173303000.0,
        "Income Tax Expense": -3558000.0,
        "Net Income - Non-Controlling int": 0.0,
        "Net Income - Discontinued ops": 0.0,
        "Net Income": -169896000.0,
        "Preferred Dividends": 29156000.0,
        "Net Income Com": -169896000.0,
        "EPS": -2.32,
        "EPS Diluted": -2.32,
        "Weighted Average Shs Out": 85678232.0,
        "Weighted Average Shs Out (Dil)": 85678232.0,
        "Dividend per Share": 0.602650157394,
        "Gross Margin": 0.260560916462,
        "EBITDA Margin": -0.0552789519737,
        "EBIT Margin": -0.059327018008,
        "Profit Margin": -0.0581606957265,
        "Free Cash Flow margin": 0.155803129455,
        "EBITDA": -161478000.0,
        "EBIT": -173303000.0,
        "Consolidated Income": -169896000.0,
        "Earnings Before Tax Margin": -0.059327018008,
        "Net Profit Margin": -0.0581606957265
    },
    "2016": {
        "Revenue": 2731633000.0,
        "Revenue Growth": 0.0616071362642342,
        "Cost of Revenue": 1819906000.0,
        "Gross Profit": 911727000.0,
        "R&D Expenses": 0.0,
        "SG&A Expense": 66984000.0,
        "Operating Expenses": 66984000.0,
        "Operating Income": 49712000.0,
        "Interest Expense": 0.0,
        "Earnings before Tax": 49712000.0,
        "Income Tax Expense": 1574000.0,
        "Net Income - Non-Controlling int": 0.0,
        "Net Income - Discontinued ops": 0.0,
        "Net Income": 48980000.0,
        "Preferred Dividends": 33756000.0,
        "Net Income Com": 48980000.0,
        "EPS": 0.2,
        "EPS Diluted": 0.19,
        "Weighted Average Shs Out": 77534860.0,
        "Weighted Average Shs Out (Dil)": 78686943.0,
        "Dividend per Share": 0.548083307799,
        "Gross Margin": 0.333766285588,
        "EBITDA Margin": 0.0256311883771,
        "EBIT Margin": 0.0181986379576,
        "Profit Margin": 0.0179306663816,
        "Free Cash Flow margin": 0.172106575078,
        "EBITDA": 70015000.0,
        "EBIT": 49712000.0,
        "Consolidated Income": 48980000.0,
        "Earnings Before Tax Margin": 0.0181986379576,
        "Net Profit Margin": 0.0179306663816
    },
    "2015": {
        "Revenue": 2573111000.0,
        "Revenue Growth": 0.0806092138854604,
        "Cost of Revenue": 1633570000.0,
        "Gross Profit": 939541000.0,
        "R&D Expenses": 0.0,
        "SG&A Expense": 64872000.0,
        "Operating Expenses": 64872000.0,
        "Operating Income": 126322000.0,
        "Interest Expense": 0.0,
        "Earnings before Tax": 126322000.0,
        "Income Tax Expense": 2038000.0,
        "Net Income - Non-Controlling int": 0.0,
        "Net Income - Discontinued ops": 0.0,
        "Net Income": 124476000.0,
        "Preferred Dividends": 24337000.0,
        "Net Income Com": 124476000.0,
        "EPS": 1.36,
        "EPS Diluted": 1.31,
        "Weighted Average Shs Out": 73478544.0,
        "Weighted Average Shs Out (Dil)": 85638235.0,
        "Dividend per Share": 0.446109147392,
        "Gross Margin": 0.365138153776,
        "EBITDA Margin": 0.0528690756054,
        "EBIT Margin": 0.0490931016967,
        "Profit Margin": 0.0483756821995,
        "Free Cash Flow margin": 0.246510158326,
        "EBITDA": 136038000.0,
        "EBIT": 126322000.0,
        "Consolidated Income": 124476000.0,
        "Earnings Before Tax Margin": 0.0490931016967,
        "Net Profit Margin": 0.0483756821995
    },
    "2014": {
        "Revenue": 2381167000.0,
        "Revenue Growth": 0.12848521555826,
        "Cost of Revenue": 1498271000.0,
        "Gross Profit": 882896000.0,
        "R&D Expenses": 0.0,
        "SG&A Expense": 62937000.0,
        "Operating Expenses": 66214000.0,
        "Operating Income": 103697000.0,
        "Interest Expense": 0.0,
        "Earnings before Tax": 103697000.0,
        "Income Tax Expense": 2164000.0,
        "Net Income - Non-Controlling int": 0.0,
        "Net Income - Discontinued ops": 0.0,
        "Net Income": 101391000.0,
        "Preferred Dividends": 24337000.0,
        "Net Income Com": 101391000.0,
        "EPS": 1.06,
        "EPS Diluted": 1.04,
        "Weighted Average Shs Out": 72843782.0,
        "Weighted Average Shs Out (Dil)": 74117568.0,
        "Dividend per Share": 0.432812366428,
        "Gross Margin": 0.37078289763,
        "EBITDA Margin": 0.0604812682185,
        "EBIT Margin": 0.0435488145099,
        "Profit Margin": 0.0425803818044,
        "Free Cash Flow margin": 0.273638514224,
        "EBITDA": 144016000.0,
        "EBIT": 103697000.0,
        "Consolidated Income": 101391000.0,
        "Earnings Before Tax Margin": 0.0435488145099,
        "Net Profit Margin": 0.0425803818044
    },
    "2013": {
        "Revenue": 2110056000.0,
        "Revenue Growth": 0.110693164680895,
        "Cost of Revenue": 1349630000.0,
        "Gross Profit": 760426000.0,
        "R&D Expenses": 0.0,
        "SG&A Expense": 58661000.0,
        "Operating Expenses": 62441000.0,
        "Operating Income": 104719000.0,
        "Interest Expense": 0.0,
        "Earnings before Tax": 104719000.0,
        "Income Tax Expense": 1863000.0,
        "Net Income - Non-Controlling int": 0.0,
        "Net Income - Discontinued ops": 0.0,
        "Net Income": 102735000.0,
        "Preferred Dividends": 14834000.0,
        "Net Income Com": 102735000.0,
        "EPS": 1.21,
        "EPS Diluted": 1.18,
        "Weighted Average Shs Out": 72510361.0,
        "Weighted Average Shs Out (Dil)": 76417839.0,
        "Dividend per Share": 0.256576216451,
        "Gross Margin": 0.360381904556,
        "EBITDA Margin": 0.0586690590202,
        "EBIT Margin": 0.0496285406643,
        "Profit Margin": 0.0486882812589,
        "Free Cash Flow margin": 0.173572170596,
        "EBITDA": 123795000.0,
        "EBIT": 104719000.0,
        "Consolidated Income": 102735000.0,
        "Earnings Before Tax Margin": 0.0496285406643,
        "Net Profit Margin": 0.0486882812589
    },
    "2012": {
        "Revenue": 1899765000.0,
        "Revenue Growth": 0.158082587598449,
        "Cost of Revenue": 1262348000.0,
        "Gross Profit": 637417000.0,
        "R&D Expenses": 0.0,
        "SG&A Expense": 53804000.0,
        "Operating Expenses": 58166000.0,
        "Operating Income": 52474000.0,
        "Interest Expense": 0.0,