{
    "2019": {
        "Revenue": 2886815000.0,
        "Revenue Growth": 0.206743398226596,
        "Cost of Revenue": 2215631000.0,
        "Gross Profit": 671184000.0,
        "R&D Expenses": 0.0,
        "SG&A Expense": 321023000.0,
        "Operating Expenses": 354077000.0,
        "Operating Income": 317107000.0,
        "Interest Expense": 2957000.0,
        "Earnings before Tax": 317320000.0,
        "Income Tax Expense": 76825000.0,
        "Net Income - Non-Controlling int": 0.0,
        "Net Income - Discontinued ops": 0.0,
        "Net Income": 240824000.0,
        "Preferred Dividends": 0.0,
        "Net Income Com": 240824000.0,
        "EPS": 3.73,
        "EPS Diluted": 3.72,
        "Weighted Average Shs Out": 64498000.0,
        "Weighted Average Shs Out (Dil)": 64820000.0,
        "Dividend per Share": 0.985606294354,
        "Gross Margin": 0.232499831129,
        "EBITDA Margin": 0.13944953175,
        "EBIT Margin": 0.109846664923,
        "Profit Margin": 0.0834220412461,
        "Free Cash Flow margin": 0.123571132892,
        "EBITDA": 402565000.0,
        "EBIT": 317107000.0,
        "Consolidated Income": 240824000.0,
        "Earnings Before Tax Margin": 0.109920448661,
        "Net Profit Margin": 0.0834220412461
    },
    "2018": {
        "Revenue": 2392236000.0,
        "Revenue Growth": -0.0239599895714375,
        "Cost of Revenue": 1797851000.0,
        "Gross Profit": 594385000.0,
        "R&D Expenses": 0.0,
        "SG&A Expense": 285241000.0,
        "Operating Expenses": 295549000.0,
        "Operating Income": 295483000.0,
        "Interest Expense": 1000000.0,
        "Earnings before Tax": 299209000.0,
        "Income Tax Expense": 78393000.0,
        "Net Income - Non-Controlling int": 0.0,
        "Net Income - Discontinued ops": 0.0,
        "Net Income": 220751000.0,
        "Preferred Dividends": 0.0,
        "Net Income Com": 220751000.0,
        "EPS": 3.37,
        "EPS Diluted": 3.35,
        "Weighted Average Shs Out": 65501000.0,
        "Weighted Average Shs Out (Dil)": 65932000.0,
        "Dividend per Share": 0.221546441789,
        "Gross Margin": 0.248464198348,
        "EBITDA Margin": 0.149514930801,
        "EBIT Margin": 0.123517495765,
        "Profit Margin": 0.0922781029965,
        "Free Cash Flow margin": 0.135239583386,
        "EBITDA": 357675000.0,
        "EBIT": 295483000.0,
        "Consolidated Income": 220751000.0,
        "Earnings Before Tax Margin": 0.125075034403,
        "Net Profit Margin": 0.0922781029965
    },
    "2017": {
        "Revenue": 2450961000.0,
        "Revenue Growth": 0.0198060215698023,
        "Cost of Revenue": 1839056000.0,
        "Gross Profit": 611905000.0,
        "R&D Expenses": 0.0,
        "SG&A Expense": 284510000.0,
        "Operating Expenses": 296718000.0,
        "Operating Income": 313512000.0,
        "Interest Expense": 2162000.0,
        "Earnings before Tax": 314235000.0,
        "Income Tax Expense": 102053000.0,
        "Net Income - Non-Controlling int": 0.0,
        "Net Income - Discontinued ops": 0.0,
        "Net Income": 209426000.0,
        "Preferred Dividends": 0.0,
        "Net Income Com": 209426000.0,
        "EPS": 3.19,
        "EPS Diluted": 3.17,
        "Weighted Average Shs Out": 65632000.0,
        "Weighted Average Shs Out (Dil)": 66065000.0,
        "Dividend per Share": 0.19383940059,
        "Gross Margin": 0.249659215304,
        "EBITDA Margin": 0.155648743493,
        "EBIT Margin": 0.127913908055,
        "Profit Margin": 0.0854464840526,
        "Free Cash Flow margin": 0.137578688523,
        "EBITDA": 381489000.0,
        "EBIT": 313512000.0,
        "Consolidated Income": 209426000.0,
        "Earnings Before Tax Margin": 0.128208894389,
        "Net Profit Margin": 0.0854464840526
    },
    "2016": {
        "Revenue": 2403360000.0,
        "Revenue Growth": 0.144554702519881,
        "Cost of Revenue": 1841169000.0,
        "Gross Profit": 562191000.0,
        "R&D Expenses": 0.0,
        "SG&A Expense": 268259000.0,
        "Operating Expenses": 281636000.0,
        "Operating Income": 286603000.0,
        "Interest Expense": 4134000.0,
        "Earnings before Tax": 285968000.0,
        "Income Tax Expense": 105808000.0,
        "Net Income - Non-Controlling int": 0.0,
        "Net Income - Discontinued ops": 0.0,
        "Net Income": 178362000.0,
        "Preferred Dividends": 0.0,
        "Net Income Com": 178362000.0,
        "EPS": 2.71,
        "EPS Diluted": 2.69,
        "Weighted Average Shs Out": 65822000.0,
        "Weighted Average Shs Out (Dil)": 66229000.0,
        "Dividend per Share": 0.192679943831,
        "Gross Margin": 0.233918763731,
        "EBITDA Margin": 0.149117901604,
        "EBIT Margin": 0.119250965315,
        "Profit Margin": 0.0742136009587,
        "Free Cash Flow margin": 0.0749059649824,
        "EBITDA": 358384000.0,
        "EBIT": 286603000.0,
        "Consolidated Income": 178362000.0,
        "Earnings Before Tax Margin": 0.118986751881,
        "Net Profit Margin": 0.0742136009587
    },
    "2015": {
        "Revenue": 2099821000.0,
        "Revenue Growth": 0.234526536352263,
        "Cost of Revenue": 1587104000.0,
        "Gross Profit": 512717000.0,
        "R&D Expenses": 0.0,
        "SG&A Expense": 238792000.0,
        "Operating Expenses": 248140000.0,
        "Operating Income": 259832000.0,
        "Interest Expense": 1398000.0,
        "Earnings before Tax": 259819000.0,
        "Income Tax Expense": 99770000.0,
        "Net Income - Non-Controlling int": 0.0,
        "Net Income - Discontinued ops": 0.0,
        "Net Income": 157772000.0,
        "Preferred Dividends": 0.0,
        "Net Income Com": 157772000.0,
        "EPS": 2.37,
        "EPS Diluted": 2.35,
        "Weighted Average Shs Out": 66682000.0,
        "Weighted Average Shs Out (Dil)": 67275000.0,
        "Dividend per Share": 0.177287253809,
        "Gross Margin": 0.244171765117,
        "EBITDA Margin": 0.150502828574,
        "EBIT Margin": 0.123740071177,
        "Profit Margin": 0.0751359282529,
        "Free Cash Flow margin": 0.0510629239349,
        "EBITDA": 316029000.0,
        "EBIT": 259832000.0,
        "Consolidated Income": 157772000.0,
        "Earnings Before Tax Margin": 0.123733880174,
        "Net Profit Margin": 0.0751359282529
    },
    "2014": {
        "Revenue": 1700912000.0,
        "Revenue Growth": 0.277652543155867,
        "Cost of Revenue": 1248789000.0,
        "Gross Profit": 452123000.0,
        "R&D Expenses": 0.0,
        "SG&A Expense": 226815000.0,
        "Operating Expenses": 226815000.0,
        "Operating Income": 225308000.0,
        "Interest Expense": 0.0,
        "Earnings before Tax": 227369000.0,
        "Income Tax Expense": 81973000.0,
        "Net Income - Non-Controlling int": 0.0,
        "Net Income - Discontinued ops": 0.0,
        "Net Income": 145440000.0,
        "Preferred Dividends": 0.0,
        "Net Income Com": 145440000.0,
        "EPS": 2.15,
        "EPS Diluted": 2.11,
        "Weighted Average Shs Out": 67680000.0,
        "Weighted Average Shs Out (Dil)": 69087000.0,
        "Dividend per Share": 0.176400770044,
        "Gross Margin": 0.265812105506,
        "EBITDA Margin": 0.161075940437,
        "EBIT Margin": 0.132463055114,
        "Profit Margin": 0.0855070691488,
        "Free Cash Flow margin": 0.104260537876,
        "EBITDA": 273976000.0,
        "EBIT": 225308000.0,
        "Consolidated Income": 145440000.0,
        "Earnings Before Tax Margin": 0.133674758012,
        "Net Profit Margin": 0.0855070691488
    },
    "2013": {
        "Revenue": 1331279000.0,
        "Revenue Growth": 0.267709697232287,
        "Cost of Revenue": 945246000.0,
        "Gross Profit": 386033000.0,
        "R&D Expenses": 0.0,
        "SG&A Expense": 197859000.0,
        "Operating Expenses": 197859000.0,
        "Operating Income": 186208000.0,
        "Interest Expense": 0.0,