{
    "2018": {
        "Revenue": 193192000.0,
        "Revenue Growth": 0.0946280546883411,
        "Cost of Revenue": 34922000.0,
        "Gross Profit": 158270000.0,
        "R&D Expenses": 78047000.0,
        "SG&A Expense": 123084000.0,
        "Operating Expenses": 201131000.0,
        "Operating Income": -42861000.0,
        "Interest Expense": 0.0,
        "Earnings before Tax": -41737000.0,
        "Income Tax Expense": 1347000.0,
        "Net Income - Non-Controlling int": 0.0,
        "Net Income - Discontinued ops": 0.0,
        "Net Income": -43084000.0,
        "Preferred Dividends": 0.0,
        "Net Income Com": -43084000.0,
        "EPS": -0.42,
        "EPS Diluted": -0.42,
        "Weighted Average Shs Out": 102527.0,
        "Weighted Average Shs Out (Dil)": 102527.0,
        "Dividend per Share": 0.0,
        "Gross Margin": 0.8192368214,
        "EBITDA Margin": -0.201172926415,
        "EBIT Margin": -0.221857012713,
        "Profit Margin": -0.223011304816,
        "Free Cash Flow margin": 0.0631547890182,
        "EBITDA": -38865000.0,
        "EBIT": -42861000.0,
        "Consolidated Income": -43084000.0,
        "Earnings Before Tax Margin": -0.216038966417,
        "Net Profit Margin": -0.223011304816
    },
    "2017": {
        "Revenue": 176491000.0,
        "Revenue Growth": 0.0766504398326074,
        "Cost of Revenue": 30537000.0,
        "Gross Profit": 145954000.0,
        "R&D Expenses": 75350000.0,
        "SG&A Expense": 124568000.0,
        "Operating Expenses": 202099000.0,
        "Operating Income": -56145000.0,
        "Interest Expense": 0.0,
        "Earnings before Tax": -55157000.0,
        "Income Tax Expense": 1142000.0,
        "Net Income - Non-Controlling int": 0.0,
        "Net Income - Discontinued ops": 0.0,
        "Net Income": -56299000.0,
        "Preferred Dividends": 0.0,
        "Net Income Com": -56299000.0,
        "EPS": -0.6,
        "EPS Diluted": -0.6,
        "Weighted Average Shs Out": 93771.0,
        "Weighted Average Shs Out (Dil)": 93771.0,
        "Dividend per Share": 0.0,
        "Gross Margin": 0.826977012992,
        "EBITDA Margin": -0.295505153237,
        "EBIT Margin": -0.318118204328,
        "Profit Margin": -0.318990770068,
        "Free Cash Flow margin": -0.0193664266167,
        "EBITDA": -52154000.0,
        "EBIT": -56145000.0,
        "Consolidated Income": -56299000.0,
        "Earnings Before Tax Margin": -0.312520185165,
        "Net Profit Margin": -0.318990770068
    },
    "2016": {
        "Revenue": 163926000.0,
        "Revenue Growth": 0.097978539565165,
        "Cost of Revenue": 30548000.0,
        "Gross Profit": 133378000.0,
        "R&D Expenses": 67398000.0,
        "SG&A Expense": 131452000.0,
        "Operating Expenses": 199721000.0,
        "Operating Income": -66343000.0,
        "Interest Expense": 0.0,
        "Earnings before Tax": -66198000.0,
        "Income Tax Expense": 982000.0,
        "Net Income - Non-Controlling int": 0.0,
        "Net Income - Discontinued ops": 0.0,
        "Net Income": -67180000.0,
        "Preferred Dividends": 0.0,
        "Net Income Com": -67180000.0,
        "EPS": -0.78,
        "EPS Diluted": -0.78,
        "Weighted Average Shs Out": 85853.0,
        "Weighted Average Shs Out (Dil)": 85853.0,
        "Dividend per Share": 0.0,
        "Gross Margin": 0.813647621488,
        "EBITDA Margin": -0.380446054927,
        "EBIT Margin": -0.404713102253,
        "Profit Margin": -0.4098190647,
        "Free Cash Flow margin": -0.0894244964191,
        "EBITDA": -62365000.0,
        "EBIT": -66343000.0,
        "Consolidated Income": -67180000.0,
        "Earnings Before Tax Margin": -0.403828556788,
        "Net Profit Margin": -0.4098190647
    },
    "2015": {
        "Revenue": 149298000.0,
        "Revenue Growth": 0.128523375788957,
        "Cost of Revenue": 28177000.0,
        "Gross Profit": 121121000.0,
        "R&D Expenses": 61871000.0,
        "SG&A Expense": 141557000.0,
        "Operating Expenses": 204477000.0,
        "Operating Income": -83356000.0,
        "Interest Expense": 0.0,
        "Earnings before Tax": -83630000.0,
        "Income Tax Expense": 852000.0,
        "Net Income - Non-Controlling int": 0.0,
        "Net Income - Discontinued ops": 0.0,
        "Net Income": -84482000.0,
        "Preferred Dividends": 0.0,
        "Net Income Com": -84482000.0,
        "EPS": -1.07,
        "EPS Diluted": -1.07,
        "Weighted Average Shs Out": 78867000.0,
        "Weighted Average Shs Out (Dil)": 78867000.0,
        "Dividend per Share": 0.0,
        "Gross Margin": 0.811270077295,
        "EBITDA Margin": -0.531561038996,
        "EBIT Margin": -0.558319602406,
        "Profit Margin": -0.56586156546,
        "Free Cash Flow margin": -0.350071668743,
        "EBITDA": -79361000.0,
        "EBIT": -83356000.0,
        "Consolidated Income": -84482000.0,
        "Earnings Before Tax Margin": -0.560154858069,
        "Net Profit Margin": -0.56586156546
    },
    "2014": {
        "Revenue": 132295000.0,
        "Revenue Growth": 0.253102089529619,
        "Cost of Revenue": 24035000.0,
        "Gross Profit": 108260000.0,
        "R&D Expenses": 46278000.0,
        "SG&A Expense": 122270000.0,
        "Operating Expenses": 169330000.0,
        "Operating Income": -61070000.0,
        "Interest Expense": 0.0,
        "Earnings before Tax": -61372000.0,
        "Income Tax Expense": 517000.0,
        "Net Income - Non-Controlling int": 0.0,
        "Net Income - Discontinued ops": 0.0,
        "Net Income": -61889000.0,
        "Preferred Dividends": 0.0,
        "Net Income Com": -61889000.0,
        "EPS": -1.3,
        "EPS Diluted": -1.3,
        "Weighted Average Shs Out": 48332000.0,
        "Weighted Average Shs Out (Dil)": 48332000.0,
        "Dividend per Share": 0.0,
        "Gross Margin": 0.818322687932,
        "EBITDA Margin": -0.434067803016,
        "EBIT Margin": -0.461619864696,
        "Profit Margin": -0.467810574852,
        "Free Cash Flow margin": -0.299996220568,
        "EBITDA": -57425000.0,
        "EBIT": -61070000.0,
        "Consolidated Income": -61889000.0,
        "Earnings Before Tax Margin": -0.463902641823,
        "Net Profit Margin": -0.467810574852
    },
    "2013": {
        "Revenue": 105574000.0,
        "Revenue Growth": 1.58190266568843,
        "Cost of Revenue": 16500000.0,
        "Gross Profit": 89074000.0,
        "R&D Expenses": 36400000.0,
        "SG&A Expense": 80390000.0,
        "Operating Expenses": 120923000.0,
        "Operating Income": -31849000.0,
        "Interest Expense": 0.0,
        "Earnings before Tax": -32245000.0,
        "Income Tax Expense": 252000.0,
        "Net Income - Non-Controlling int": 0.0,
        "Net Income - Discontinued ops": 0.0,
        "Net Income": -32497000.0,
        "Preferred Dividends": 0.0,
        "Net Income Com": -32497000.0,
        "EPS": -3.27,
        "EPS Diluted": -3.27,
        "Weighted Average Shs Out": NaN,
        "Weighted Average Shs Out (Dil)": 9953000.0,
        "Dividend per Share": 0.0,
        "Gross Margin": 0.8437,
        "EBITDA Margin": -0.286,
        "EBIT Margin": -0.3054,
        "Profit Margin": -0.308,
        "Free Cash Flow margin": -0.2635,
        "EBITDA": -30197000.0,
        "EBIT": -32245000.0,
        "Consolidated Income": -32497000.0,
        "Earnings Before Tax Margin": -0.3054,
        "Net Profit Margin": -0.3078
    },
    "2012": {
        "Revenue": 40890000.0,
        "Revenue Growth": 1.95106812933025,
        "Cost of Revenue": 11670000.0,
        "Gross Profit": 29220000.0,
        "R&D Expenses": 23773000.0,
        "SG&A Expense": 53202000.0,
        "Operating Expenses": 77027000.0,
        "Operating Income": -47807000.0,
        "Interest Expense": 0.0,
        "Earnings before Tax": -47944000.0,
        "Income Tax Expense": -1433000.0,
        "Net Income - Non-Controlling int": 0.0,