{
    "2019": {
        "Revenue": 141235000.0,
        "Revenue Growth": -0.0866379533343681,
        "Cost of Revenue": 66130000.0,
        "Gross Profit": 75105000.0,
        "R&D Expenses": 30009000.0,
        "SG&A Expense": 60107000.0,
        "Operating Expenses": 90116000.0,
        "Operating Income": -15011000.0,
        "Interest Expense": 0.0,
        "Earnings before Tax": -18263000.0,
        "Income Tax Expense": 1030000.0,
        "Net Income - Non-Controlling int": 0.0,
        "Net Income - Discontinued ops": 0.0,
        "Net Income": -19293000.0,
        "Preferred Dividends": 0.0,
        "Net Income Com": -19293000.0,
        "EPS": -0.6,
        "EPS Diluted": -0.6,
        "Weighted Average Shs Out": 32232000.0,
        "Weighted Average Shs Out (Dil)": 32232000.0,
        "Dividend per Share": 0.0,
        "Gross Margin": 0.531773285659,
        "EBITDA Margin": -0.0414982121995,
        "EBIT Margin": -0.106283853153,
        "Profit Margin": -0.136602117039,
        "Free Cash Flow margin": 0.0720076468298,
        "EBITDA": -5861000.0,
        "EBIT": -15011000.0,
        "Consolidated Income": -19293000.0,
        "Earnings Before Tax Margin": -0.129309307183,
        "Net Profit Margin": -0.136602117039
    },
    "2018": {
        "Revenue": 154632000.0,
        "Revenue Growth": 0.178876106397091,
        "Cost of Revenue": 65334000.0,
        "Gross Profit": 89298000.0,
        "R&D Expenses": 32416000.0,
        "SG&A Expense": 77660000.0,
        "Operating Expenses": 110076000.0,
        "Operating Income": -20778000.0,
        "Interest Expense": 0.0,
        "Earnings before Tax": -28234000.0,
        "Income Tax Expense": -27000.0,
        "Net Income - Non-Controlling int": 0.0,
        "Net Income - Discontinued ops": 0.0,
        "Net Income": -28207000.0,
        "Preferred Dividends": 0.0,
        "Net Income Com": -28207000.0,
        "EPS": -0.93,
        "EPS Diluted": -0.93,
        "Weighted Average Shs Out": 30370000.0,
        "Weighted Average Shs Out (Dil)": 30370000.0,
        "Dividend per Share": 0.0,
        "Gross Margin": 0.577487195406,
        "EBITDA Margin": -0.0755277044855,
        "EBIT Margin": -0.134370634797,
        "Profit Margin": -0.182413730664,
        "Free Cash Flow margin": 0.0146864814527,
        "EBITDA": -11679000.0,
        "EBIT": -20778000.0,
        "Consolidated Income": -28207000.0,
        "Earnings Before Tax Margin": -0.182588338766,
        "Net Profit Margin": -0.182413730664
    },
    "2017": {
        "Revenue": 131169000.0,
        "Revenue Growth": 0.226210842190874,
        "Cost of Revenue": 61096000.0,
        "Gross Profit": 70073000.0,
        "R&D Expenses": 31064000.0,
        "SG&A Expense": 77620000.0,
        "Operating Expenses": 108684000.0,
        "Operating Income": -38611000.0,
        "Interest Expense": 0.0,
        "Earnings before Tax": -42832000.0,
        "Income Tax Expense": -3285000.0,
        "Net Income - Non-Controlling int": 0.0,
        "Net Income - Discontinued ops": 0.0,
        "Net Income": -39547000.0,
        "Preferred Dividends": 0.0,
        "Net Income Com": -39547000.0,
        "EPS": -1.38,
        "EPS Diluted": -1.38,
        "Weighted Average Shs Out": 28649000.0,
        "Weighted Average Shs Out (Dil)": 28649000.0,
        "Dividend per Share": 0.0,
        "Gross Margin": 0.534219213381,
        "EBITDA Margin": -0.226753272496,
        "EBIT Margin": -0.294360710229,
        "Profit Margin": -0.301496542628,
        "Free Cash Flow margin": -0.0939551265924,
        "EBITDA": -29743000.0,
        "EBIT": -38611000.0,
        "Consolidated Income": -39547000.0,
        "Earnings Before Tax Margin": -0.326540569799,
        "Net Profit Margin": -0.301496542628
    },
    "2016": {
        "Revenue": 106971000.0,
        "Revenue Growth": 0.140804965446634,
        "Cost of Revenue": 53693000.0,
        "Gross Profit": 53278000.0,
        "R&D Expenses": 23706000.0,
        "SG&A Expense": 62312000.0,
        "Operating Expenses": 86018000.0,
        "Operating Income": -32740000.0,
        "Interest Expense": 0.0,
        "Earnings before Tax": -32776000.0,
        "Income Tax Expense": 335000.0,
        "Net Income - Non-Controlling int": 0.0,
        "Net Income - Discontinued ops": 0.0,
        "Net Income": -33111000.0,
        "Preferred Dividends": 0.0,
        "Net Income Com": -33111000.0,
        "EPS": -1.21,
        "EPS Diluted": -1.21,
        "Weighted Average Shs Out": 27379000.0,
        "Weighted Average Shs Out (Dil)": 27379000.0,
        "Dividend per Share": 0.0,
        "Gross Margin": 0.498060221929,
        "EBITDA Margin": -0.25063802339,
        "EBIT Margin": -0.306064260407,
        "Profit Margin": -0.309532490114,
        "Free Cash Flow margin": -0.134858980471,
        "EBITDA": -26811000.0,
        "EBIT": -32740000.0,
        "Consolidated Income": -33111000.0,
        "Earnings Before Tax Margin": -0.306400800217,
        "Net Profit Margin": -0.309532490114
    },
    "2015": {
        "Revenue": 93768000.0,
        "Revenue Growth": 0.146924996330545,
        "Cost of Revenue": 41569000.0,
        "Gross Profit": 52199000.0,
        "R&D Expenses": 17906000.0,
        "SG&A Expense": 53432000.0,
        "Operating Expenses": 71338000.0,
        "Operating Income": -19139000.0,
        "Interest Expense": 0.0,
        "Earnings before Tax": -19111000.0,
        "Income Tax Expense": 528000.0,
        "Net Income - Non-Controlling int": 0.0,
        "Net Income - Discontinued ops": 0.0,
        "Net Income": -19639000.0,
        "Preferred Dividends": 0.0,
        "Net Income Com": -19639000.0,
        "EPS": -0.75,
        "EPS Diluted": -0.75,
        "Weighted Average Shs Out": 26015000.0,
        "Weighted Average Shs Out (Dil)": 26015000.0,
        "Dividend per Share": 0.0,
        "Gross Margin": 0.556682450303,
        "EBITDA Margin": -0.160641156898,
        "EBIT Margin": -0.204110144186,
        "Profit Margin": -0.209442453716,
        "Free Cash Flow margin": -0.115679122942,
        "EBITDA": -15063000.0,
        "EBIT": -19139000.0,
        "Consolidated Income": -19639000.0,
        "Earnings Before Tax Margin": -0.203811534852,
        "Net Profit Margin": -0.209442453716
    },
    "2014": {
        "Revenue": 81756000.0,
        "Revenue Growth": -0.197715496938295,
        "Cost of Revenue": 37744000.0,
        "Gross Profit": 44012000.0,
        "R&D Expenses": 18710000.0,
        "SG&A Expense": 45669000.0,
        "Operating Expenses": 64405000.0,
        "Operating Income": -20393000.0,
        "Interest Expense": 0.0,
        "Earnings before Tax": -20497000.0,
        "Income Tax Expense": 384000.0,
        "Net Income - Non-Controlling int": 0.0,
        "Net Income - Discontinued ops": 0.0,
        "Net Income": -20881000.0,
        "Preferred Dividends": 0.0,
        "Net Income Com": -20881000.0,
        "EPS": -0.86,
        "EPS Diluted": -0.86,
        "Weighted Average Shs Out": 24399000.0,
        "Weighted Average Shs Out (Dil)": 24399000.0,
        "Dividend per Share": 0.0,
        "Gross Margin": 0.538333577964,
        "EBITDA Margin": -0.203985028622,
        "EBIT Margin": -0.249437350164,
        "Profit Margin": -0.255406331034,
        "Free Cash Flow margin": -0.096445520818,
        "EBITDA": -16677000.0,
        "EBIT": -20393000.0,
        "Consolidated Income": -20881000.0,
        "Earnings Before Tax Margin": -0.250709428054,
        "Net Profit Margin": -0.255406331034
    },
    "2013": {
        "Revenue": 101904000.0,
        "Revenue Growth": 0.209428184860785,
        "Cost of Revenue": 46182000.0,
        "Gross Profit": 55722000.0,
        "R&D Expenses": 16772000.0,
        "SG&A Expense": 37207000.0,
        "Operating Expenses": 55194000.0,
        "Operating Income": 528000.0,
        "Interest Expense": 357000.0,
        "Earnings before Tax": -487000.0,
        "Income Tax Expense": 439000.0,