{
    "2018": {
        "Revenue": 899599000.0,
        "Revenue Growth": 0.652836061116051,
        "Cost of Revenue": 372524000.0,
        "Gross Profit": 527075000.0,
        "R&D Expenses": 0.0,
        "SG&A Expense": 69308000.0,
        "Operating Expenses": 163804000.0,
        "Operating Income": 363271000.0,
        "Interest Expense": 41327000.0,
        "Earnings before Tax": 292073000.0,
        "Income Tax Expense": -7691000.0,
        "Net Income - Non-Controlling int": 0.0,
        "Net Income - Discontinued ops": 0.0,
        "Net Income": 274207000.0,
        "Preferred Dividends": 0.0,
        "Net Income Com": 274207000.0,
        "EPS": 2.41,
        "EPS Diluted": 2.41,
        "Weighted Average Shs Out": 113580000.0,
        "Weighted Average Shs Out (Dil)": 113691000.0,
        "Dividend per Share": 0.0,
        "Gross Margin": 0.585899939862,
        "EBITDA Margin": 0.700056358444,
        "EBIT Margin": 0.403814366179,
        "Profit Margin": 0.304810254347,
        "Free Cash Flow margin": -0.996150507059,
        "EBITDA": 629770000.0,
        "EBIT": 363271000.0,
        "Consolidated Income": 274207000.0,
        "Earnings Before Tax Margin": 0.324670214173,
        "Net Profit Margin": 0.304810254347
    },
    "2017": {
        "Revenue": 544276000.0,
        "Revenue Growth": 1.0583612558713,
        "Cost of Revenue": 245265000.0,
        "Gross Profit": 299011000.0,
        "R&D Expenses": 0.0,
        "SG&A Expense": 66016000.0,
        "Operating Expenses": 138170000.0,
        "Operating Income": 160841000.0,
        "Interest Expense": 34565000.0,
        "Earnings before Tax": 129850000.0,
        "Income Tax Expense": -8157000.0,
        "Net Income - Non-Controlling int": 0.0,
        "Net Income - Discontinued ops": 0.0,
        "Net Income": 138007000.0,
        "Preferred Dividends": 0.0,
        "Net Income Com": 138007000.0,
        "EPS": 1.23,
        "EPS Diluted": 1.23,
        "Weighted Average Shs Out": 102029000.0,
        "Weighted Average Shs Out (Dil)": 102543000.0,
        "Dividend per Share": 0.0,
        "Gross Margin": 0.549373847092,
        "EBITDA Margin": 0.622498511784,
        "EBIT Margin": 0.29551367321,
        "Profit Margin": 0.253560693472,
        "Free Cash Flow margin": -1.0543051687,
        "EBITDA": 338811000.0,
        "EBIT": 160841000.0,
        "Consolidated Income": 138007000.0,
        "Earnings Before Tax Margin": 0.238573811816,
        "Net Profit Margin": 0.253560693472
    },
    "2016": {
        "Revenue": 264422000.0,
        "Revenue Growth": -0.163668797383678,
        "Cost of Revenue": 329120000.0,
        "Gross Profit": -64698000.0,
        "R&D Expenses": 0.0,
        "SG&A Expense": 55089000.0,
        "Operating Expenses": 112469000.0,
        "Operating Income": -177167000.0,
        "Interest Expense": 28199000.0,
        "Earnings before Tax": -98093000.0,
        "Income Tax Expense": -1036000.0,
        "Net Income - Non-Controlling int": 0.0,
        "Net Income - Discontinued ops": 0.0,
        "Net Income": -97057000.0,
        "Preferred Dividends": 0.0,
        "Net Income Com": -97057000.0,
        "EPS": -1.07,
        "EPS Diluted": -1.07,
        "Weighted Average Shs Out": 91273000.0,
        "Weighted Average Shs Out (Dil)": 91273000.0,
        "Dividend per Share": 0.0,
        "Gross Margin": -0.24467706923,
        "EBITDA Margin": -0.204109340373,
        "EBIT Margin": -0.670016110611,
        "Profit Margin": -0.367053422181,
        "Free Cash Flow margin": -1.21122296934,
        "EBITDA": -53971000.0,
        "EBIT": -177167000.0,
        "Consolidated Income": -97057000.0,
        "Earnings Before Tax Margin": -0.370971401774,
        "Net Profit Margin": -0.367053422181
    },
    "2015": {
        "Revenue": 316169000.0,
        "Revenue Growth": -0.266490501953433,
        "Cost of Revenue": 1015548000.0,
        "Gross Profit": -699379000.0,
        "R&D Expenses": 0.0,
        "SG&A Expense": 50105000.0,
        "Operating Expenses": 109032000.0,
        "Operating Income": -808411000.0,
        "Interest Expense": 21754000.0,
        "Earnings before Tax": -826892000.0,
        "Income Tax Expense": -147368000.0,
        "Net Income - Non-Controlling int": 0.0,
        "Net Income - Discontinued ops": 0.0,
        "Net Income": -679524000.0,
        "Preferred Dividends": 0.0,
        "Net Income Com": -679524000.0,
        "EPS": -8.34,
        "EPS Diluted": -8.34,
        "Weighted Average Shs Out": 81537000.0,
        "Weighted Average Shs Out (Dil)": 81537000.0,
        "Dividend per Share": 0.0,
        "Gross Margin": -2.21204166126,
        "EBITDA Margin": -1.98853144995,
        "EBIT Margin": -2.55689520478,
        "Profit Margin": -2.14924296816,
        "Free Cash Flow margin": 0.659568142354,
        "EBITDA": -628712000.0,
        "EBIT": -808411000.0,
        "Consolidated Income": -679524000.0,
        "Earnings Before Tax Margin": -2.61534812078,
        "Net Profit Margin": -2.14924296816
    },
    "2014": {
        "Revenue": 431036000.0,
        "Revenue Growth": 0.652181579139021,
        "Cost of Revenue": 167909000.0,
        "Gross Profit": 263127000.0,
        "R&D Expenses": 0.0,
        "SG&A Expense": 32152000.0,
        "Operating Expenses": 84009000.0,
        "Operating Income": 179118000.0,
        "Interest Expense": 5334000.0,
        "Earnings before Tax": 175129000.0,
        "Income Tax Expense": 64375000.0,
        "Net Income - Non-Controlling int": 0.0,
        "Net Income - Discontinued ops": 0.0,
        "Net Income": 110771000.0,
        "Preferred Dividends": 0.0,
        "Net Income Com": 110771000.0,
        "EPS": 1.58,
        "EPS Diluted": 1.56,
        "Weighted Average Shs Out": 70229000.0,
        "Weighted Average Shs Out (Dil)": 70906000.0,
        "Dividend per Share": 0.0,
        "Gross Margin": 0.610452491207,
        "EBITDA Margin": 0.728141036944,
        "EBIT Margin": 0.415552297256,
        "Profit Margin": 0.256987815403,
        "Free Cash Flow margin": 0.583433866313,
        "EBITDA": 313855000.0,
        "EBIT": 179118000.0,
        "Consolidated Income": 110771000.0,
        "Earnings Before Tax Margin": 0.406297849832,
        "Net Profit Margin": 0.256987815403
    },
    "2013": {
        "Revenue": 260889000.0,
        "Revenue Growth": 0.579651965414517,
        "Cost of Revenue": 140597000.0,
        "Gross Profit": 120292000.0,
        "R&D Expenses": 0.0,
        "SG&A Expense": 20779000.0,
        "Operating Expenses": 59847000.0,
        "Operating Income": 60445000.0,
        "Interest Expense": 5687000.0,
        "Earnings before Tax": 54791000.0,
        "Income Tax Expense": 9697000.0,
        "Net Income - Non-Controlling int": 0.0,
        "Net Income - Discontinued ops": 0.0,
        "Net Income": 45094000.0,
        "Preferred Dividends": 0.0,
        "Net Income Com": 45094000.0,
        "EPS": 0.0,
        "EPS Diluted": 0.0,
        "Weighted Average Shs Out": 58777000.0,
        "Weighted Average Shs Out (Dil)": 58929000.0,
        "Dividend per Share": 0.0,
        "Gross Margin": 0.461084982502,
        "EBITDA Margin": 0.608841307989,
        "EBIT Margin": 0.231688572535,
        "Profit Margin": 0.172847456198,
        "Free Cash Flow margin": 0.687917083511,
        "EBITDA": 158840000.0,
        "EBIT": 60445000.0,
        "Consolidated Income": 45094000.0,
        "Earnings Before Tax Margin": 0.210016520436,
        "Net Profit Margin": 0.172847456198
    },
    "2012": {
        "Revenue": 165156000.0,
        "Revenue Growth": 1.08414517187421,
        "Cost of Revenue": 155601000.0,
        "Gross Profit": 9555000.0,
        "R&D Expenses": 0.0,
        "SG&A Expense": 14543000.0,
        "Operating Expenses": 42983000.0,
        "Operating Income": -33428000.0,
        "Interest Expense": 1002000.0,
        "Earnings before Tax": -34691000.0,
        "Income Tax Expense": -1430000.0,