{
    "2019": {
        "Revenue": 35057381818.1818,
        "Revenue Growth": -0.0903951185632297,
        "Cost of Revenue": 0.0,
        "Gross Profit": 35057381818.1818,
        "R&D Expenses": 0.0,
        "SG&A Expense": 18210436363.6364,
        "Operating Expenses": 27140636363.6364,
        "Operating Income": 7916745454.5455,
        "Interest Expense": 0.0,
        "Earnings before Tax": 7744381818.1818,
        "Income Tax Expense": 1211245454.5455,
        "Net Income - Non-Controlling int": 172363636.3636,
        "Net Income - Discontinued ops": 0.0,
        "Net Income": 6533136363.6364,
        "Preferred Dividends": 0.0,
        "Net Income Com": 6533136363.6364,
        "EPS": 0.5003,
        "EPS Diluted": 0.4976,
        "Weighted Average Shs Out": 126363891.0909,
        "Weighted Average Shs Out (Dil)": 118718181.8182,
        "Dividend per Share": 0.0007,
        "Gross Margin": 1.0,
        "EBITDA Margin": 0.0028,
        "EBIT Margin": 0.2209,
        "Profit Margin": 0.0017,
        "Free Cash Flow margin": -0.0386,
        "EBITDA": 10780290909.0909,
        "EBIT": 7744381818.1818,
        "Consolidated Income": 6705500000.0,
        "Earnings Before Tax Margin": 0.2209,
        "Net Profit Margin": 0.1864
    },
    "2018": {
        "Revenue": 38541329904.482,
        "Revenue Growth": 0.349542058248001,
        "Cost of Revenue": 0.0,
        "Gross Profit": 38541329904.482,
        "R&D Expenses": 0.0,
        "SG&A Expense": 17289519261.0475,
        "Operating Expenses": 24005283230.1179,
        "Operating Income": 14536046674.3641,
        "Interest Expense": 0.0,
        "Earnings before Tax": 14310057380.7774,
        "Income Tax Expense": 3567256219.1666,
        "Net Income - Non-Controlling int": 225989293.5866,
        "Net Income - Discontinued ops": 0.0,
        "Net Income": 10742801161.6109,
        "Preferred Dividends": 0.0,
        "Net Income Com": 10742801161.6109,
        "EPS": 0.8082,
        "EPS Diluted": 0.8056,
        "Weighted Average Shs Out": 123935952.381,
        "Weighted Average Shs Out (Dil)": 116266050.873,
        "Dividend per Share": 0.0006,
        "Gross Margin": 1.0,
        "EBITDA Margin": 0.0039,
        "EBIT Margin": 0.3713,
        "Profit Margin": 0.0024,
        "Free Cash Flow margin": -0.2157,
        "EBITDA": 17201453762.9894,
        "EBIT": 14310057380.7774,
        "Consolidated Income": 10968790455.1975,
        "Earnings Before Tax Margin": 0.3713,
        "Net Profit Margin": 0.2787
    },
    "2017": {
        "Revenue": 28558820874.7766,
        "Revenue Growth": -0.277237919537151,
        "Cost of Revenue": 0.0,
        "Gross Profit": 28558820874.7766,
        "R&D Expenses": 0.0,
        "SG&A Expense": 17183150712.1324,
        "Operating Expenses": 26098913298.5541,
        "Operating Income": 2459907576.2225,
        "Interest Expense": 0.0,
        "Earnings before Tax": 2681851002.7619,
        "Income Tax Expense": 852510063.7219,
        "Net Income - Non-Controlling int": -221943426.5393,
        "Net Income - Discontinued ops": 0.0,
        "Net Income": 1829340939.04,
        "Preferred Dividends": 0.0,
        "Net Income Com": 1829340939.04,
        "EPS": 0.1348,
        "EPS Diluted": 0.1325,
        "Weighted Average Shs Out": 127884667.2202,
        "Weighted Average Shs Out (Dil)": 122515659.6928,
        "Dividend per Share": 0.0014,
        "Gross Margin": 1.0,
        "EBITDA Margin": 0.0018,
        "EBIT Margin": 0.0939,
        "Profit Margin": 0.0006,
        "Free Cash Flow margin": 0.1166,
        "EBITDA": 5639736808.8525,
        "EBIT": 2681851002.7619,
        "Consolidated Income": 1607397512.5007,
        "Earnings Before Tax Margin": 0.0939,
        "Net Profit Margin": 0.0641
    },
    "2016": {
        "Revenue": 39513446605.4,
        "Revenue Growth": -0.0504021547365753,
        "Cost of Revenue": 0.0,
        "Gross Profit": 39513446605.4,
        "R&D Expenses": 0.0,
        "SG&A Expense": 17187727078.4356,
        "Operating Expenses": 29159827598.4897,
        "Operating Income": 10353619006.9103,
        "Interest Expense": 0.0,
        "Earnings before Tax": 10434601410.5578,
        "Income Tax Expense": 3289805513.9987,
        "Net Income - Non-Controlling int": -80982403.6475,
        "Net Income - Discontinued ops": 0.0,
        "Net Income": 7144795896.5591,
        "Preferred Dividends": 0.0,
        "Net Income Com": 7144795896.5591,
        "EPS": 0.5145,
        "EPS Diluted": 0.5121,
        "Weighted Average Shs Out": 126174163.1047,
        "Weighted Average Shs Out (Dil)": 123655339.46,
        "Dividend per Share": 0.0013,
        "Gross Margin": 1.0,
        "EBITDA Margin": 0.003,
        "EBIT Margin": 0.2641,
        "Profit Margin": 0.0016,
        "Free Cash Flow margin": 0.8681,
        "EBITDA": 13435794685.4741,
        "EBIT": 10434601410.5578,
        "Consolidated Income": 7063813492.9116,
        "Earnings Before Tax Margin": 0.2641,
        "Net Profit Margin": 0.1808
    },
    "2015": {
        "Revenue": 41610716370.6113,
        "Revenue Growth": 0.100883993978026,
        "Cost of Revenue": 0.0,
        "Gross Profit": 41610716370.6113,
        "R&D Expenses": 0.0,
        "SG&A Expense": 15100742223.3342,
        "Operating Expenses": 22741097489.784,
        "Operating Income": 18869618880.8273,
        "Interest Expense": 0.0,
        "Earnings before Tax": 18323300808.94,
        "Income Tax Expense": 5554332415.9787,
        "Net Income - Non-Controlling int": 546318071.8872,
        "Net Income - Discontinued ops": 0.0,
        "Net Income": 12768968392.9614,
        "Preferred Dividends": 74806104.5784,
        "Net Income Com": 12694162288.383,
        "EPS": 0.8991,
        "EPS Diluted": 0.8965,
        "Weighted Average Shs Out": 118122145.1088,
        "Weighted Average Shs Out (Dil)": 117738303.7278,
        "Dividend per Share": 0.0011,
        "Gross Margin": 1.0,
        "EBITDA Margin": 0.0042,
        "EBIT Margin": 0.4404,
        "Profit Margin": 0.0025,
        "Free Cash Flow margin": 0.4051,
        "EBITDA": 21083804520.0567,
        "EBIT": 18323300808.94,
        "Consolidated Income": 13315286464.8486,
        "Earnings Before Tax Margin": 0.4404,
        "Net Profit Margin": 0.3069
    },
    "2014": {
        "Revenue": 37797548695.6184,
        "Revenue Growth": -0.0616531196379842,
        "Cost of Revenue": 0.0,
        "Gross Profit": 37797548695.6184,
        "R&D Expenses": 0.0,
        "SG&A Expense": 16305897904.4361,
        "Operating Expenses": 23991291162.863,
        "Operating Income": 13806257532.7553,
        "Interest Expense": 0.0,
        "Earnings before Tax": 13153745966.331,
        "Income Tax Expense": 3284446561.1757,
        "Net Income - Non-Controlling int": 652511566.4243,
        "Net Income - Discontinued ops": 0.0,
        "Net Income": 9869299405.1553,
        "Preferred Dividends": 206455814.3152,
        "Net Income Com": 9662843590.8402,
        "EPS": 0.6824,
        "EPS Diluted": 0.6802,
        "Weighted Average Shs Out": 137616983.3988,
        "Weighted Average Shs Out (Dil)": 137621010.0696,
        "Dividend per Share": 0.0014,
        "Gross Margin": 1.0,
        "EBITDA Margin": 0.0041,
        "EBIT Margin": 0.348,
        "Profit Margin": 0.0025,
        "Free Cash Flow margin": 0.1464,
        "EBITDA": 16087739590.2181,
        "EBIT": 13153745966.331,
        "Consolidated Income": 10521810971.5796,
        "Earnings Before Tax Margin": 0.348,
        "Net Profit Margin": 0.2611
    },
    "2013": {
        "Revenue": 40280997876.8577,
        "Revenue Growth": 0.0533598819938648,
        "Cost of Revenue": 0.0,
        "Gross Profit": 40280997876.8577,
        "R&D Expenses": 0.0,
        "SG&A Expense": 16332781316.3482,
        "Operating Expenses": 25250520169.8514,
        "Operating Income": 15030477707.0064,
        "Interest Expense": 0.0,