{
    "2018": {
        "Revenue": 384997000.0,
        "Revenue Growth": -0.0840339933098273,
        "Cost of Revenue": 176223000.0,
        "Gross Profit": 208774000.0,
        "R&D Expenses": 120046000.0,
        "SG&A Expense": 101789000.0,
        "Operating Expenses": 227871000.0,
        "Operating Income": -19097000.0,
        "Interest Expense": 14255000.0,
        "Earnings before Tax": -32852000.0,
        "Income Tax Expense": -6653000.0,
        "Net Income - Non-Controlling int": 0.0,
        "Net Income - Discontinued ops": 0.0,
        "Net Income": -26199000.0,
        "Preferred Dividends": 0.0,
        "Net Income Com": -26199000.0,
        "EPS": -0.38,
        "EPS Diluted": -0.38,
        "Weighted Average Shs Out": 68490000.0,
        "Weighted Average Shs Out (Dil)": 68490000.0,
        "Dividend per Share": 0.0,
        "Gross Margin": 0.542274355385,
        "EBITDA Margin": 0.158645392042,
        "EBIT Margin": -0.0496029839194,
        "Profit Margin": -0.0680498809082,
        "Free Cash Flow margin": 0.246401920015,
        "EBITDA": 61078000.0,
        "EBIT": -19097000.0,
        "Consolidated Income": -26199000.0,
        "Earnings Before Tax Margin": -0.0853305350431,
        "Net Profit Margin": -0.0680498809082
    },
    "2017": {
        "Revenue": 420318000.0,
        "Revenue Growth": 0.0837630726706409,
        "Cost of Revenue": 212355000.0,
        "Gross Profit": 207963000.0,
        "R&D Expenses": 112279000.0,
        "SG&A Expense": 105831000.0,
        "Operating Expenses": 229634000.0,
        "Operating Income": -21671000.0,
        "Interest Expense": 10378000.0,
        "Earnings before Tax": -33998000.0,
        "Income Tax Expense": -24811000.0,
        "Net Income - Non-Controlling int": 0.0,
        "Net Income - Discontinued ops": 0.0,
        "Net Income": -9187000.0,
        "Preferred Dividends": 0.0,
        "Net Income Com": -9187000.0,
        "EPS": -0.14,
        "EPS Diluted": -0.14,
        "Weighted Average Shs Out": 66252000.0,
        "Weighted Average Shs Out (Dil)": 66252000.0,
        "Dividend per Share": 0.0,
        "Gross Margin": 0.494775384352,
        "EBITDA Margin": 0.169983203194,
        "EBIT Margin": -0.0515585818357,
        "Profit Margin": -0.0218572604552,
        "Free Cash Flow margin": 0.160821092601,
        "EBITDA": 71447000.0,
        "EBIT": -21671000.0,
        "Consolidated Income": -9187000.0,
        "Earnings Before Tax Margin": -0.0808863765054,
        "Net Profit Margin": -0.0218572604552
    },
    "2016": {
        "Revenue": 387832000.0,
        "Revenue Growth": 0.291223864695698,
        "Cost of Revenue": 157842000.0,
        "Gross Profit": 229990000.0,
        "R&D Expenses": 97745000.0,
        "SG&A Expense": 64454000.0,
        "Operating Expenses": 166931000.0,
        "Operating Income": 63059000.0,
        "Interest Expense": 0.0,
        "Earnings before Tax": 63690000.0,
        "Income Tax Expense": 2398000.0,
        "Net Income - Non-Controlling int": 0.0,
        "Net Income - Discontinued ops": 0.0,
        "Net Income": 61292000.0,
        "Preferred Dividends": 0.0,
        "Net Income Com": 61292000.0,
        "EPS": 0.96,
        "EPS Diluted": 0.91,
        "Weighted Average Shs Out": 63781000.0,
        "Weighted Average Shs Out (Dil)": 67653000.0,
        "Dividend per Share": 0.0,
        "Gross Margin": 0.593014501124,
        "EBITDA Margin": 0.245554776295,
        "EBIT Margin": 0.162593597228,
        "Profit Margin": 0.158037500774,
        "Free Cash Flow margin": 0.280546731574,
        "EBITDA": 95234000.0,
        "EBIT": 63059000.0,
        "Consolidated Income": 61292000.0,
        "Earnings Before Tax Margin": 0.164220590359,
        "Net Profit Margin": 0.158037500774
    },
    "2015": {
        "Revenue": 300360000.0,
        "Revenue Growth": 1.25644569986177,
        "Cost of Revenue": 144937000.0,
        "Gross Profit": 155423000.0,
        "R&D Expenses": 85405000.0,
        "SG&A Expense": 77981000.0,
        "Operating Expenses": 199072000.0,
        "Operating Income": -43649000.0,
        "Interest Expense": 0.0,
        "Earnings before Tax": -42906000.0,
        "Income Tax Expense": -575000.0,
        "Net Income - Non-Controlling int": 0.0,
        "Net Income - Discontinued ops": 0.0,
        "Net Income": -42331000.0,
        "Preferred Dividends": 0.0,
        "Net Income Com": -42331000.0,
        "EPS": -0.79,
        "EPS Diluted": -0.79,
        "Weighted Average Shs Out": 53378000.0,
        "Weighted Average Shs Out (Dil)": 53378000.0,
        "Dividend per Share": 0.0,
        "Gross Margin": 0.517455719803,
        "EBITDA Margin": 0.0355639898788,
        "EBIT Margin": -0.145322279931,
        "Profit Margin": -0.140934212279,
        "Free Cash Flow margin": 0.17327540285,
        "EBITDA": 10682000.0,
        "EBIT": -43649000.0,
        "Consolidated Income": -42331000.0,
        "Earnings Before Tax Margin": -0.142848581702,
        "Net Profit Margin": -0.140934212279
    },
    "2014": {
        "Revenue": 133112000.0,
        "Revenue Growth": 0.112548685288267,
        "Cost of Revenue": 51154000.0,
        "Gross Profit": 81958000.0,
        "R&D Expenses": 56625000.0,
        "SG&A Expense": 34191000.0,
        "Operating Expenses": 90816000.0,
        "Operating Income": -8858000.0,
        "Interest Expense": 15000.0,
        "Earnings before Tax": -8745000.0,
        "Income Tax Expense": -1704000.0,
        "Net Income - Non-Controlling int": 0.0,
        "Net Income - Discontinued ops": 0.0,
        "Net Income": -7041000.0,
        "Preferred Dividends": 0.0,
        "Net Income Com": -7041000.0,
        "EPS": -0.19,
        "EPS Diluted": -0.19,
        "Weighted Average Shs Out": 36472000.0,
        "Weighted Average Shs Out (Dil)": 36472000.0,
        "Dividend per Share": 0.0,
        "Gross Margin": 0.615707073742,
        "EBITDA Margin": -0.0336183063886,
        "EBIT Margin": -0.0665454654727,
        "Profit Margin": -0.0528953062083,
        "Free Cash Flow margin": 0.0257978243885,
        "EBITDA": -4475000.0,
        "EBIT": -8858000.0,
        "Consolidated Income": -7041000.0,
        "Earnings Before Tax Margin": -0.0656965562834,
        "Net Profit Margin": -0.0528953062083
    },
    "2013": {
        "Revenue": 119646000.0,
        "Revenue Growth": 0.224275540275049,
        "Cost of Revenue": 46683000.0,
        "Gross Profit": 72963000.0,
        "R&D Expenses": 53132000.0,
        "SG&A Expense": 32181000.0,
        "Operating Expenses": 85313000.0,
        "Operating Income": -12350000.0,
        "Interest Expense": 4000.0,
        "Earnings before Tax": -12331000.0,
        "Income Tax Expense": 402000.0,
        "Net Income - Non-Controlling int": 0.0,
        "Net Income - Discontinued ops": 0.0,
        "Net Income": -12733000.0,
        "Preferred Dividends": 0.0,
        "Net Income Com": -12733000.0,
        "EPS": -0.37,
        "EPS Diluted": -0.37,
        "Weighted Average Shs Out": 34012000.0,
        "Weighted Average Shs Out (Dil)": 34012000.0,
        "Dividend per Share": 0.0,
        "Gross Margin": 0.609823980743,
        "EBITDA Margin": -0.0803119201645,
        "EBIT Margin": -0.103221169116,
        "Profit Margin": -0.106422279057,
        "Free Cash Flow margin": 0.0813065209033,
        "EBITDA": -9609000.0,
        "EBIT": -12350000.0,
        "Consolidated Income": -12733000.0,
        "Earnings Before Tax Margin": -0.103062367317,
        "Net Profit Margin": -0.106422279057
    },
    "2012": {
        "Revenue": 97728000.0,
        "Revenue Growth": 0.358522040118437,
        "Cost of Revenue": 37019000.0,
        "Gross Profit": 60709000.0,
        "R&D Expenses": 46392000.0,
        "SG&A Expense": 27225000.0,
        "Operating Expenses": 73617000.0,
        "Operating Income": -12908000.0,
        "Interest Expense": 53000.0,
        "Earnings before Tax": -12911000.0,