{
    "2018": {
        "Revenue": 2001000000.0,
        "Revenue Growth": NaN,
        "Cost of Revenue": 1538000000.0,
        "Gross Profit": 463000000.0,
        "R&D Expenses": NaN,
        "SG&A Expense": 307000000.0,
        "Operating Expenses": 317000000.0,
        "Operating Income": 146000000.0,
        "Interest Expense": 22000000.0,
        "Earnings before Tax": 83000000.0,
        "Income Tax Expense": 20000000.0,
        "Net Income - Non-Controlling int": NaN,
        "Net Income - Discontinued ops": NaN,
        "Net Income": 63000000.0,
        "Preferred Dividends": NaN,
        "Net Income Com": 63000000.0,
        "EPS": 0.95,
        "EPS Diluted": 0.94,
        "Weighted Average Shs Out": 66000000.0,
        "Weighted Average Shs Out (Dil)": 66000000.0,
        "Dividend per Share": NaN,
        "Gross Margin": 0.23138430784608,
        "EBITDA Margin": 0.073463268365817,
        "EBIT Margin": 0.052473763118441,
        "Profit Margin": 0.031484257871064,
        "Free Cash Flow margin": NaN,
        "EBITDA": 147000000.0,
        "EBIT": 105000000.0,
        "Consolidated Income": 63000000.0,
        "Earnings Before Tax Margin": 0.041479260369815,
        "Net Profit Margin": 0.031484257871064
    },
    "2017": {
        "Revenue": 1770000000.0,
        "Revenue Growth": NaN,
        "Cost of Revenue": 1354000000.0,
        "Gross Profit": 416000000.0,
        "R&D Expenses": NaN,
        "SG&A Expense": 293000000.0,
        "Operating Expenses": 303000000.0,
        "Operating Income": 113000000.0,
        "Interest Expense": 29000000.0,
        "Earnings before Tax": 83000000.0,
        "Income Tax Expense": 28000000.0,
        "Net Income - Non-Controlling int": NaN,
        "Net Income - Discontinued ops": NaN,
        "Net Income": 55000000.0,
        "Preferred Dividends": NaN,
        "Net Income Com": 55000000.0,
        "EPS": 0.77,
        "EPS Diluted": 0.77,
        "Weighted Average Shs Out": 71000000.0,
        "Weighted Average Shs Out (Dil)": 71000000.0,
        "Dividend per Share": NaN,
        "Gross Margin": 0.23502824858757,
        "EBITDA Margin": 0.086440677966102,
        "EBIT Margin": 0.063276836158192,
        "Profit Margin": 0.031073446327684,
        "Free Cash Flow margin": NaN,
        "EBITDA": 153000000.0,
        "EBIT": 112000000.0,
        "Consolidated Income": 55000000.0,
        "Earnings Before Tax Margin": 0.046892655367232,
        "Net Profit Margin": 0.031073446327684
    },
    "2016": {
        "Revenue": 1685000000.0,
        "Revenue Growth": NaN,
        "Cost of Revenue": 1259000000.0,
        "Gross Profit": 426000000.0,
        "R&D Expenses": NaN,
        "SG&A Expense": 303000000.0,
        "Operating Expenses": 312000000.0,
        "Operating Income": 114000000.0,
        "Interest Expense": 31000000.0,
        "Earnings before Tax": 79000000.0,
        "Income Tax Expense": 28000000.0,
        "Net Income - Non-Controlling int": NaN,
        "Net Income - Discontinued ops": NaN,
        "Net Income": 51000000.0,
        "Preferred Dividends": NaN,
        "Net Income Com": 51000000.0,
        "EPS": 0.7,
        "EPS Diluted": 0.7,
        "Weighted Average Shs Out": 72000000.0,
        "Weighted Average Shs Out (Dil)": 73000000.0,
        "Dividend per Share": NaN,
        "Gross Margin": 0.25281899109792,
        "EBITDA Margin": 0.090207715133531,
        "EBIT Margin": 0.065281899109792,
        "Profit Margin": 0.03026706231454,
        "Free Cash Flow margin": NaN,
        "EBITDA": 152000000.0,
        "EBIT": 110000000.0,
        "Consolidated Income": 51000000.0,
        "Earnings Before Tax Margin": 0.046884272997033,
        "Net Profit Margin": 0.03026706231454
    },
    "2015": {
        "Revenue": 1564000000.0,
        "Revenue Growth": NaN,
        "Cost of Revenue": 1191000000.0,
        "Gross Profit": 372000000.0,
        "R&D Expenses": NaN,
        "SG&A Expense": 287000000.0,
        "Operating Expenses": 304000000.0,
        "Operating Income": 69000000.0,
        "Interest Expense": 28000000.0,
        "Earnings before Tax": 27000000.0,
        "Income Tax Expense": 9000000.0,
        "Net Income - Non-Controlling int": NaN,
        "Net Income - Discontinued ops": NaN,
        "Net Income": 18000000.0,
        "Preferred Dividends": NaN,
        "Net Income Com": 18000000.0,
        "EPS": 0.24,
        "EPS Diluted": 0.24,
        "Weighted Average Shs Out": 73000000.0,
        "Weighted Average Shs Out (Dil)": 74000000.0,
        "Dividend per Share": NaN,
        "Gross Margin": 0.23785166240409,
        "EBITDA Margin": 0.068414322250639,
        "EBIT Margin": 0.035166240409207,
        "Profit Margin": 0.01150895140665,
        "Free Cash Flow margin": NaN,
        "EBITDA": 107000000.0,
        "EBIT": 55000000.0,
        "Consolidated Income": 18000000.0,
        "Earnings Before Tax Margin": 0.017263427109974,
        "Net Profit Margin": 0.01150895140665
    },
    "2014": {
        "Revenue": 1371000000.0,
        "Revenue Growth": NaN,
        "Cost of Revenue": 1080000000.0,
        "Gross Profit": 291000000.0,
        "R&D Expenses": NaN,
        "SG&A Expense": 262000000.0,
        "Operating Expenses": 262000000.0,
        "Operating Income": 29000000.0,
        "Interest Expense": 12000000.0,
        "Earnings before Tax": 13000000.0,
        "Income Tax Expense": 1000000.0,
        "Net Income - Non-Controlling int": NaN,
        "Net Income - Discontinued ops": NaN,
        "Net Income": 11000000.0,
        "Preferred Dividends": NaN,
        "Net Income Com": 11000000.0,
        "EPS": 0.15,
        "EPS Diluted": 0.15,
        "Weighted Average Shs Out": 73000000.0,
        "Weighted Average Shs Out (Dil)": 75000000.0,
        "Dividend per Share": NaN,
        "Gross Margin": 0.21225382932166,
        "EBITDA Margin": 0.044493070751276,
        "EBIT Margin": 0.017505470459519,
        "Profit Margin": 0.0080233406272794,
        "Free Cash Flow margin": NaN,
        "EBITDA": 61000000.0,
        "EBIT": 24000000.0,
        "Consolidated Income": 11000000.0,
        "Earnings Before Tax Margin": 0.0094821298322392,
        "Net Profit Margin": 0.0080233406272794
    }
}