{
    "2019": {
        "Revenue": 457841000.0,
        "Revenue Growth": 0.00295514488753363,
        "Cost of Revenue": 349932000.0,
        "Gross Profit": 107909000.0,
        "R&D Expenses": 0.0,
        "SG&A Expense": 46092000.0,
        "Operating Expenses": 111667000.0,
        "Operating Income": -3758000.0,
        "Interest Expense": 4300000.0,
        "Earnings before Tax": -8689000.0,
        "Income Tax Expense": -248000.0,
        "Net Income - Non-Controlling int": 0.0,
        "Net Income - Discontinued ops": 0.0,
        "Net Income": -8441000.0,
        "Preferred Dividends": 0.0,
        "Net Income Com": -8441000.0,
        "EPS": -0.2,
        "EPS Diluted": -0.2,
        "Weighted Average Shs Out": 42329556.0,
        "Weighted Average Shs Out (Dil)": 42329556.0,
        "Dividend per Share": 0.0,
        "Gross Margin": 0.235690993161,
        "EBITDA Margin": 0.0430586164192,
        "EBIT Margin": -0.008208089708,
        "Profit Margin": -0.0184365314596,
        "Free Cash Flow margin": -0.0196400060283,
        "EBITDA": 19714000.0,
        "EBIT": -3758000.0,
        "Consolidated Income": -8441000.0,
        "Earnings Before Tax Margin": -0.0189782042237,
        "Net Profit Margin": -0.0184365314596
    },
    "2018": {
        "Revenue": 456492000.0,
        "Revenue Growth": -0.0635562101773633,
        "Cost of Revenue": 386505000.0,
        "Gross Profit": 69987000.0,
        "R&D Expenses": 0.0,
        "SG&A Expense": 39746000.0,
        "Operating Expenses": 103837000.0,
        "Operating Income": -33850000.0,
        "Interest Expense": 3800000.0,
        "Earnings before Tax": -37689000.0,
        "Income Tax Expense": -207000.0,
        "Net Income - Non-Controlling int": 0.0,
        "Net Income - Discontinued ops": 0.0,
        "Net Income": -37482000.0,
        "Preferred Dividends": 7967000.0,
        "Net Income Com": -37482000.0,
        "EPS": -1.2,
        "EPS Diluted": -1.2,
        "Weighted Average Shs Out": 37759497.0,
        "Weighted Average Shs Out (Dil)": 37759497.0,
        "Dividend per Share": 0.0,
        "Gross Margin": 0.15331484451,
        "EBITDA Margin": -0.0192161089351,
        "EBIT Margin": -0.07415244955,
        "Profit Margin": -0.0821087773718,
        "Free Cash Flow margin": -0.0366402916152,
        "EBITDA": -8772000.0,
        "EBIT": -33850000.0,
        "Consolidated Income": -37482000.0,
        "Earnings Before Tax Margin": -0.0825622354828,
        "Net Profit Margin": -0.0821087773718
    },
    "2017": {
        "Revenue": 487474000.0,
        "Revenue Growth": 0.0703105273673787,
        "Cost of Revenue": 426337000.0,
        "Gross Profit": 61137000.0,
        "R&D Expenses": 0.0,
        "SG&A Expense": 55654000.0,
        "Operating Expenses": 128665000.0,
        "Operating Income": -67528000.0,
        "Interest Expense": 2916000.0,
        "Earnings before Tax": -70444000.0,
        "Income Tax Expense": 1233000.0,
        "Net Income - Non-Controlling int": 0.0,
        "Net Income - Discontinued ops": 0.0,
        "Net Income": -71677000.0,
        "Preferred Dividends": 0.0,
        "Net Income Com": -71677000.0,
        "EPS": -2.58,
        "EPS Diluted": -2.58,
        "Weighted Average Shs Out": 27808708.0,
        "Weighted Average Shs Out (Dil)": 27808708.0,
        "Dividend per Share": 0.0,
        "Gross Margin": 0.125415919618,
        "EBITDA Margin": -0.0805253203248,
        "EBIT Margin": -0.138526362432,
        "Profit Margin": -0.147037585594,
        "Free Cash Flow margin": -0.0381517783513,
        "EBITDA": -39254000.0,
        "EBIT": -67528000.0,
        "Consolidated Income": -71677000.0,
        "Earnings Before Tax Margin": -0.144508219926,
        "Net Profit Margin": -0.147037585594
    },
    "2015": {
        "Revenue": 455451000.0,
        "Revenue Growth": 0.128077158376286,
        "Cost of Revenue": 375725000.0,
        "Gross Profit": 79726000.0,
        "R&D Expenses": 0.0,
        "SG&A Expense": 37244000.0,
        "Operating Expenses": 100793000.0,
        "Operating Income": -21067000.0,
        "Interest Expense": 1432000.0,
        "Earnings before Tax": -22499000.0,
        "Income Tax Expense": -8734000.0,
        "Net Income - Non-Controlling int": 0.0,
        "Net Income - Discontinued ops": 0.0,
        "Net Income": -13765000.0,
        "Preferred Dividends": 0.0,
        "Net Income Com": -13765000.0,
        "EPS": -0.48,
        "EPS Diluted": -0.48,
        "Weighted Average Shs Out": 28938901.0,
        "Weighted Average Shs Out (Dil)": 28938901.0,
        "Dividend per Share": 0.0,
        "Gross Margin": 0.175048468441,
        "EBITDA Margin": 0.015002711598,
        "EBIT Margin": -0.0462552502904,
        "Profit Margin": -0.0302227901574,
        "Free Cash Flow margin": -0.0122669617588,
        "EBITDA": 6833000.0,
        "EBIT": -21067000.0,
        "Consolidated Income": -13765000.0,
        "Earnings Before Tax Margin": -0.0493993865421,
        "Net Profit Margin": -0.0302227901574
    },
    "2014": {
        "Revenue": 403741000.0,
        "Revenue Growth": 0.150508372183151,
        "Cost of Revenue": 300852000.0,
        "Gross Profit": 102889000.0,
        "R&D Expenses": 0.0,
        "SG&A Expense": 31394000.0,
        "Operating Expenses": 83974000.0,
        "Operating Income": 18915000.0,
        "Interest Expense": 365000.0,
        "Earnings before Tax": 18550000.0,
        "Income Tax Expense": 7122000.0,
        "Net Income - Non-Controlling int": 0.0,
        "Net Income - Discontinued ops": 0.0,
        "Net Income": 11428000.0,
        "Preferred Dividends": 0.0,
        "Net Income Com": 11428000.0,
        "EPS": 0.38,
        "EPS Diluted": 0.37,
        "Weighted Average Shs Out": 29717304.0,
        "Weighted Average Shs Out (Dil)": 31001099.0,
        "Dividend per Share": 0.0,
        "Gross Margin": 0.254839117157,
        "EBITDA Margin": 0.108492820893,
        "EBIT Margin": 0.0468493415333,
        "Profit Margin": 0.0283052749163,
        "Free Cash Flow margin": -0.0181428192827,
        "EBITDA": 43803000.0,
        "EBIT": 18915000.0,
        "Consolidated Income": 11428000.0,
        "Earnings Before Tax Margin": 0.0459452966134,
        "Net Profit Margin": 0.0283052749163
    },
    "2013": {
        "Revenue": 350924000.0,
        "Revenue Growth": 0.168150194733864,
        "Cost of Revenue": 256701000.0,
        "Gross Profit": 94223000.0,
        "R&D Expenses": 0.0,
        "SG&A Expense": 35893000.0,
        "Operating Expenses": 79971000.0,
        "Operating Income": 14252000.0,
        "Interest Expense": 2196000.0,
        "Earnings before Tax": 11432000.0,
        "Income Tax Expense": 4767000.0,
        "Net Income - Non-Controlling int": 0.0,
        "Net Income - Discontinued ops": 0.0,
        "Net Income": 6665000.0,
        "Preferred Dividends": 0.0,
        "Net Income Com": 6665000.0,
        "EPS": 0.25,
        "EPS Diluted": 0.24,
        "Weighted Average Shs Out": 26406904.0,
        "Weighted Average Shs Out (Dil)": 27688629.0,
        "Dividend per Share": 0.0,
        "Gross Margin": 0.268499732136,
        "EBITDA Margin": 0.101403722743,
        "EBIT Margin": 0.0406127822548,
        "Profit Margin": 0.0189927163716,
        "Free Cash Flow margin": -0.0307616463964,
        "EBITDA": 35585000.0,
        "EBIT": 14252000.0,
        "Consolidated Income": 6665000.0,
        "Earnings Before Tax Margin": 0.0325768542476,
        "Net Profit Margin": 0.0189927163716
    },
    "2012": {
        "Revenue": 256066000.0,
        "Revenue Growth": 0.159551152006956,
        "Cost of Revenue": 173922000.0,
        "Gross Profit": 82144000.0,
        "R&D Expenses": 0.0,
        "SG&A Expense": 51671000.0,
        "Operating Expenses": 70128000.0,
        "Operating Income": 12016000.0,
        "Interest Expense": 6132000.0,
        "Earnings before Tax": 5609000.0,
        "Income Tax Expense": 1780000.0,