{
    "2019": {
        "Revenue": 1693332000.0,
        "Revenue Growth": 0.0632046352409918,
        "Cost of Revenue": 386265000.0,
        "Gross Profit": 1307067000.0,
        "R&D Expenses": 0.0,
        "SG&A Expense": 0.0,
        "Operating Expenses": 1181523000.0,
        "Operating Income": 511809000.0,
        "Interest Expense": 106756000.0,
        "Earnings before Tax": 389511000.0,
        "Income Tax Expense": 85221000.0,
        "Net Income - Non-Controlling int": 0.0,
        "Net Income - Discontinued ops": 0.0,
        "Net Income": 304290000.0,
        "Preferred Dividends": 0.0,
        "Net Income Com": 304290000.0,
        "EPS": 3.53,
        "EPS Diluted": 3.51,
        "Weighted Average Shs Out": 86235550.0,
        "Weighted Average Shs Out (Dil)": 86773259.0,
        "Dividend per Share": 1.69888744181,
        "Gross Margin": 0.771890568418,
        "EBITDA Margin": 0.465041114206,
        "EBIT Margin": 0.302249647441,
        "Profit Margin": 0.179698960393,
        "Free Cash Flow margin": -0.0557805557327,
        "EBITDA": 787469000.0,
        "EBIT": 511809000.0,
        "Consolidated Income": 304290000.0,
        "Earnings Before Tax Margin": 0.230026362225,
        "Net Profit Margin": 0.179698960393
    },
    "2018": {
        "Revenue": 1592668000.0,
        "Revenue Growth": 0.00809364755953138,
        "Cost of Revenue": 337822000.0,
        "Gross Profit": 1254846000.0,
        "R&D Expenses": 0.0,
        "SG&A Expense": 0.0,
        "Operating Expenses": 1105582000.0,
        "Operating Income": 487086000.0,
        "Interest Expense": 114522000.0,
        "Earnings before Tax": 384027000.0,
        "Income Tax Expense": -7494000.0,
        "Net Income - Non-Controlling int": 0.0,
        "Net Income - Discontinued ops": 0.0,
        "Net Income": 391521000.0,
        "Preferred Dividends": 0.0,
        "Net Income Com": 391521000.0,
        "EPS": 4.56,
        "EPS Diluted": 4.53,
        "Weighted Average Shs Out": 85830597.0,
        "Weighted Average Shs Out (Dil)": 86439698.0,
        "Dividend per Share": 1.65731722015,
        "Gross Margin": 0.7878892525,
        "EBITDA Margin": 0.457124146401,
        "EBIT Margin": 0.305830216969,
        "Profit Margin": 0.245827127813,
        "Free Cash Flow margin": 0.0185845386484,
        "EBITDA": 728047000.0,
        "EBIT": 487086000.0,
        "Consolidated Income": 391521000.0,
        "Earnings Before Tax Margin": 0.241121815721,
        "Net Profit Margin": 0.245827127813
    },
    "2017": {
        "Revenue": 1579881000.0,
        "Revenue Growth": 0.0877606691195911,
        "Cost of Revenue": 0.0,
        "Gross Profit": 0.0,
        "R&D Expenses": 0.0,
        "SG&A Expense": 0.0,
        "Operating Expenses": 1027036000.0,
        "Operating Income": 552845000.0,
        "Interest Expense": 119837000.0,
        "Earnings before Tax": 444164000.0,
        "Income Tax Expense": 160682000.0,
        "Net Income - Non-Controlling int": 0.0,
        "Net Income - Discontinued ops": 0.0,
        "Net Income": 283482000.0,
        "Preferred Dividends": 0.0,
        "Net Income Com": 283482000.0,
        "EPS": 3.32,
        "EPS Diluted": 3.3,
        "Weighted Average Shs Out": 85364929.0,
        "Weighted Average Shs Out (Dil)": 86021386.0,
        "Dividend per Share": 1.61660961845,
        "Gross Margin": 0.0,
        "EBITDA Margin": 0.491834511587,
        "EBIT Margin": 0.34992825409,
        "Profit Margin": 0.179432501562,
        "Free Cash Flow margin": 0.148059252564,
        "EBITDA": 777040000.0,
        "EBIT": 552845000.0,
        "Consolidated Income": 283482000.0,
        "Earnings Before Tax Margin": 0.281137629986,
        "Net Profit Margin": 0.179432501562
    },
    "2016": {
        "Revenue": 1452416000.0,
        "Revenue Growth": -0.175191505770018,
        "Cost of Revenue": 0.0,
        "Gross Profit": 0.0,
        "R&D Expenses": 0.0,
        "SG&A Expense": 0.0,
        "Operating Expenses": 1868934000.0,
        "Operating Income": -416518000.0,
        "Interest Expense": 121044000.0,
        "Earnings before Tax": -523507000.0,
        "Income Tax Expense": -232549000.0,
        "Net Income - Non-Controlling int": 0.0,
        "Net Income - Discontinued ops": 0.0,
        "Net Income": -290958000.0,
        "Preferred Dividends": 0.0,
        "Net Income Com": -290958000.0,
        "EPS": -3.43,
        "EPS Diluted": -3.43,
        "Weighted Average Shs Out": 84847993.0,
        "Weighted Average Shs Out (Dil)": 84847993.0,
        "Dividend per Share": 1.58900635399,
        "Gross Margin": 0.0,
        "EBITDA Margin": -0.115050371244,
        "EBIT Margin": -0.286775965013,
        "Profit Margin": -0.200326903587,
        "Free Cash Flow margin": 0.00509702454393,
        "EBITDA": -167101000.0,
        "EBIT": -416518000.0,
        "Consolidated Income": -290958000.0,
        "Earnings Before Tax Margin": -0.360438744822,
        "Net Profit Margin": -0.200326903587
    },
    "2015": {
        "Revenue": 1760913000.0,
        "Revenue Growth": -0.166660908881392,
        "Cost of Revenue": 0.0,
        "Gross Profit": 0.0,
        "R&D Expenses": 0.0,
        "SG&A Expense": 0.0,
        "Operating Expenses": 2371966000.0,
        "Operating Income": -611053000.0,
        "Interest Expense": 99471000.0,
        "Earnings before Tax": -698563000.0,
        "Income Tax Expense": -319136000.0,
        "Net Income - Non-Controlling int": 0.0,
        "Net Income - Discontinued ops": 0.0,
        "Net Income": -379427000.0,
        "Preferred Dividends": 0.0,
        "Net Income Com": -379427000.0,
        "EPS": -4.5,
        "EPS Diluted": -4.5,
        "Weighted Average Shs Out": 84387755.0,
        "Weighted Average Shs Out (Dil)": 84387755.0,
        "Dividend per Share": 1.54902805508,
        "Gross Margin": 0.0,
        "EBITDA Margin": -0.156109359179,
        "EBIT Margin": -0.347009193526,
        "Profit Margin": -0.215471746759,
        "Free Cash Flow margin": -0.0934736696248,
        "EBITDA": -274895000.0,
        "EBIT": -611053000.0,
        "Consolidated Income": -379427000.0,
        "Earnings Before Tax Margin": -0.396705004733,
        "Net Profit Margin": -0.215471746759
    },
    "2014": {
        "Revenue": 2113081000.0,
        "Revenue Growth": 0.154972449524501,
        "Cost of Revenue": 0.0,
        "Gross Profit": 0.0,
        "R&D Expenses": 0.0,
        "SG&A Expense": 0.0,
        "Operating Expenses": 1543408000.0,
        "Operating Income": 569673000.0,
        "Interest Expense": 94277000.0,
        "Earnings before Tax": 489027000.0,
        "Income Tax Expense": 189614000.0,
        "Net Income - Non-Controlling int": 0.0,
        "Net Income - Discontinued ops": 0.0,
        "Net Income": 299413000.0,
        "Preferred Dividends": 0.0,
        "Net Income Com": 299413000.0,
        "EPS": 3.57,
        "EPS Diluted": 3.52,
        "Weighted Average Shs Out": 83929989.0,
        "Weighted Average Shs Out (Dil)": 84952347.0,
        "Dividend per Share": 1.49074162719,
        "Gross Margin": 0.0,
        "EBITDA Margin": 0.451215074103,
        "EBIT Margin": 0.269593546106,
        "Profit Margin": 0.141694994181,
        "Free Cash Flow margin": -0.00237899067759,
        "EBITDA": 953454000.0,
        "EBIT": 569673000.0,
        "Consolidated Income": 299413000.0,
        "Earnings Before Tax Margin": 0.231428421343,
        "Net Profit Margin": 0.141694994181
    },
    "2013": {
        "Revenue": 1829551000.0,
        "Revenue Growth": 0.12459515395675,
        "Cost of Revenue": 0.0,
        "Gross Profit": 0.0,
        "R&D Expenses": 0.0,
        "SG&A Expense": 0.0,
        "Operating Expenses": 1311713000.0,
        "Operating Income": 517838000.0,
        "Interest Expense": 94111000.0,
        "Earnings before Tax": 339787000.0,
        "Income Tax Expense": 172758000.0,
        "Net Income - Non-Controlling int": 0.0,