{
    "2018": {
        "Revenue": 4607971000.0,
        "Revenue Growth": 0.0,
        "Cost of Revenue": 2662226000.0,
        "Gross Profit": 1945745000.0,
        "R&D Expenses": 0.0,
        "SG&A Expense": 938046000.0,
        "Operating Expenses": 4335538000.0,
        "Operating Income": 207354000.0,
        "Interest Expense": 51425000.0,
        "Earnings before Tax": 118477000.0,
        "Income Tax Expense": 53484000.0,
        "Net Income - Non-Controlling int": 0.0,
        "Net Income - Discontinued ops": 0.0,
        "Net Income": 207354000.0,
        "Preferred Dividends": 32492000.0,
        "Net Income Com": 207354000.0,
        "EPS": 1.62,
        "EPS Diluted": 1.59,
        "Weighted Average Shs Out": 107659813.0,
        "Weighted Average Shs Out (Dil)": 110822056.0,
        "Dividend per Share": 0.154400672733,
        "Gross Margin": 0.422256346665,
        "EBITDA Margin": 0.0637373802917,
        "EBIT Margin": 0.0449989811134,
        "Profit Margin": 0.0449989811134,
        "Free Cash Flow margin": 0.107583793388,
        "EBITDA": 293700000.0,
        "EBIT": 207354000.0,
        "Consolidated Income": 207354000.0,
        "Earnings Before Tax Margin": 0.0257113163256,
        "Net Profit Margin": 0.0449989811134
    },
    "2017": {
        "Revenue": 4430869000.0,
        "Revenue Growth": 0.0,
        "Cost of Revenue": 2626082000.0,
        "Gross Profit": 1804787000.0,
        "R&D Expenses": 0.0,
        "SG&A Expense": 912996000.0,
        "Operating Expenses": 4211507000.0,
        "Operating Income": 105845000.0,
        "Interest Expense": 47086000.0,
        "Earnings before Tax": 79500000.0,
        "Income Tax Expense": 61273000.0,
        "Net Income - Non-Controlling int": 0.0,
        "Net Income - Discontinued ops": 0.0,
        "Net Income": 105845000.0,
        "Preferred Dividends": 31500000.0,
        "Net Income Com": 105845000.0,
        "EPS": 0.7,
        "EPS Diluted": 0.68,
        "Weighted Average Shs Out": 106588402.0,
        "Weighted Average Shs Out (Dil)": 108752262.0,
        "Dividend per Share": 0.156778348206,
        "Gross Margin": 0.407321227506,
        "EBITDA Margin": 0.0472024787914,
        "EBIT Margin": 0.0238880905755,
        "Profit Margin": 0.0238880905755,
        "Free Cash Flow margin": 0.0500202104824,
        "EBITDA": 209148000.0,
        "EBIT": 105845000.0,
        "Consolidated Income": 105845000.0,
        "Earnings Before Tax Margin": 0.01794230432,
        "Net Profit Margin": 0.0238880905755
    },
    "2016": {
        "Revenue": 3550096000.0,
        "Revenue Growth": 0.0,
        "Cost of Revenue": 1958545000.0,
        "Gross Profit": 1591551000.0,
        "R&D Expenses": 0.0,
        "SG&A Expense": 844114000.0,
        "Operating Expenses": 3299817000.0,
        "Operating Income": 172216000.0,
        "Interest Expense": 40180000.0,
        "Earnings before Tax": 226462000.0,
        "Income Tax Expense": 42616000.0,
        "Net Income - Non-Controlling int": 0.0,
        "Net Income - Discontinued ops": 0.0,
        "Net Income": 172216000.0,
        "Preferred Dividends": 24333000.0,
        "Net Income Com": 172216000.0,
        "EPS": 1.4,
        "EPS Diluted": 1.37,
        "Weighted Average Shs Out": 105951752.0,
        "Weighted Average Shs Out (Dil)": 108278318.0,
        "Dividend per Share": 0.127199981071,
        "Gross Margin": 0.448312101983,
        "EBITDA Margin": 0.0753007805986,
        "EBIT Margin": 0.0485102374696,
        "Profit Margin": 0.0485102374696,
        "Free Cash Flow margin": 0.0790891288574,
        "EBITDA": 267325000.0,
        "EBIT": 172216000.0,
        "Consolidated Income": 172216000.0,
        "Earnings Before Tax Margin": 0.0637903876402,
        "Net Profit Margin": 0.0485102374696
    },
    "2015": {
        "Revenue": 2511393000.0,
        "Revenue Growth": 0.0,
        "Cost of Revenue": 1381641000.0,
        "Gross Profit": 1129752000.0,
        "R&D Expenses": 0.0,
        "SG&A Expense": 530347000.0,
        "Operating Expenses": 2317918000.0,
        "Operating Income": 142252000.0,
        "Interest Expense": 28885000.0,
        "Earnings before Tax": 112707000.0,
        "Income Tax Expense": 18956000.0,
        "Net Income - Non-Controlling int": 0.0,
        "Net Income - Discontinued ops": 0.0,
        "Net Income": 142252000.0,
        "Preferred Dividends": 14025000.0,
        "Net Income Com": 142252000.0,
        "EPS": 1.31,
        "EPS Diluted": 1.27,
        "Weighted Average Shs Out": 98241904.0,
        "Weighted Average Shs Out (Dil)": 100723936.0,
        "Dividend per Share": 0.0766352101252,
        "Gross Margin": 0.449850740207,
        "EBITDA Margin": 0.0753362775161,
        "EBIT Margin": 0.0566426680332,
        "Profit Margin": 0.0566426680332,
        "Free Cash Flow margin": 0.116825602365,
        "EBITDA": 189199000.0,
        "EBIT": 142252000.0,
        "Consolidated Income": 142252000.0,
        "Earnings Before Tax Margin": 0.0448782806992,
        "Net Profit Margin": 0.0566426680332
    },
    "2014": {
        "Revenue": 1862095000.0,
        "Revenue Growth": 0.0,
        "Cost of Revenue": 1053065000.0,
        "Gross Profit": 809030000.0,
        "R&D Expenses": 0.0,
        "SG&A Expense": 348762000.0,
        "Operating Expenses": 1716916000.0,
        "Operating Income": 102243000.0,
        "Interest Expense": 17736000.0,
        "Earnings before Tax": 118196000.0,
        "Income Tax Expense": 23876000.0,
        "Net Income - Non-Controlling int": 0.0,
        "Net Income - Discontinued ops": 0.0,
        "Net Income": 102243000.0,
        "Preferred Dividends": 2291000.0,
        "Net Income Com": 102243000.0,
        "EPS": 1.09,
        "EPS Diluted": 1.07,
        "Weighted Average Shs Out": 91499122.0,
        "Weighted Average Shs Out (Dil)": 93515417.0,
        "Dividend per Share": 0.0384963262261,
        "Gross Margin": 0.434472999498,
        "EBITDA Margin": 0.0805125409821,
        "EBIT Margin": 0.0549075100894,
        "Profit Margin": 0.0549075100894,
        "Free Cash Flow margin": 0.197895918307,
        "EBITDA": 149922000.0,
        "EBIT": 102243000.0,
        "Consolidated Income": 102243000.0,
        "Earnings Before Tax Margin": 0.0634747421587,
        "Net Profit Margin": 0.0549075100894
    }
}