{
    "2019": {
        "Revenue": 24016907000.0,
        "Revenue Growth": 0.0,
        "Cost of Revenue": 23284917000.0,
        "Gross Profit": 731990000.0,
        "R&D Expenses": 0.0,
        "SG&A Expense": 107534000.0,
        "Operating Expenses": 107534000.0,
        "Operating Income": 141989000.0,
        "Interest Expense": 164726000.0,
        "Earnings before Tax": -62490000.0,
        "Income Tax Expense": 1234000.0,
        "Net Income - Non-Controlling int": 0.0,
        "Net Income - Discontinued ops": 0.0,
        "Net Income": 360047000.0,
        "Preferred Dividends": 111936000.0,
        "Net Income Com": 360047000.0,
        "EPS": 2.01,
        "EPS Diluted": 2.01,
        "Weighted Average Shs Out": 123017064.0,
        "Weighted Average Shs Out (Dil)": 123017064.0,
        "Dividend per Share": 0.0,
        "Gross Margin": 0.0304781127728,
        "EBITDA Margin": 0.0153926148775,
        "EBIT Margin": 0.00591204354499,
        "Profit Margin": 0.0149913975184,
        "Free Cash Flow margin": -0.00492831987066,
        "EBITDA": 369683000.0,
        "EBIT": 141989000.0,
        "Consolidated Income": 360047000.0,
        "Earnings Before Tax Margin": -0.00260191705785,
        "Net Profit Margin": 0.0149913975184
    },
    "2018": {
        "Revenue": 17282718000.0,
        "Revenue Growth": 0.0,
        "Cost of Revenue": 16536038000.0,
        "Gross Profit": 746680000.0,
        "R&D Expenses": 0.0,
        "SG&A Expense": 109451000.0,
        "Operating Expenses": 109451000.0,
        "Operating Income": 138257000.0,
        "Interest Expense": 199570000.0,
        "Earnings before Tax": -68147000.0,
        "Income Tax Expense": 1458000.0,
        "Net Income - Non-Controlling int": 0.0,
        "Net Income - Discontinued ops": 0.0,
        "Net Income": -70875000.0,
        "Preferred Dividends": 59697000.0,
        "Net Income Com": -70875000.0,
        "EPS": -1.08,
        "EPS Diluted": -1.08,
        "Weighted Average Shs Out": 0.0,
        "Weighted Average Shs Out (Dil)": 0.0,
        "Dividend per Share": 0.0,
        "Gross Margin": 0.0432038525422,
        "EBITDA Margin": 0.0235892872869,
        "EBIT Margin": 0.00799972550614,
        "Profit Margin": -0.00410091745986,
        "Free Cash Flow margin": -0.00107459949297,
        "EBITDA": 407687000.0,
        "EBIT": 138257000.0,
        "Consolidated Income": -70875000.0,
        "Earnings Before Tax Margin": -0.00394307191728,
        "Net Profit Margin": -0.00410091745986
    },
    "2017": {
        "Revenue": 13022228000.0,
        "Revenue Growth": 0.0,
        "Cost of Revenue": 12321909000.0,
        "Gross Profit": 700319000.0,
        "R&D Expenses": 0.0,
        "SG&A Expense": 116566000.0,
        "Operating Expenses": 116566000.0,
        "Operating Income": 255083000.0,
        "Interest Expense": 150478000.0,
        "Earnings before Tax": 145813000.0,
        "Income Tax Expense": 1939000.0,
        "Net Income - Non-Controlling int": 0.0,
        "Net Income - Discontinued ops": 0.0,
        "Net Income": 137042000.0,
        "Preferred Dividends": 30142000.0,
        "Net Income Com": 137042000.0,
        "EPS": 0.95,
        "EPS Diluted": 0.95,
        "Weighted Average Shs Out": 0.0,
        "Weighted Average Shs Out (Dil)": 0.0,
        "Dividend per Share": 0.0,
        "Gross Margin": 0.0537787389378,
        "EBITDA Margin": 0.037848976381,
        "EBIT Margin": 0.0195882762919,
        "Profit Margin": 0.0105236984025,
        "Free Cash Flow margin": -0.0300021624564,
        "EBITDA": 492878000.0,
        "EBIT": 255083000.0,
        "Consolidated Income": 137042000.0,
        "Earnings Before Tax Margin": 0.0111972390592,
        "Net Profit Margin": 0.0105236984025
    },
    "2016": {
        "Revenue": 11742110000.0,
        "Revenue Growth": 0.0,
        "Cost of Revenue": 10839037000.0,
        "Gross Profit": 903073000.0,
        "R&D Expenses": 0.0,
        "SG&A Expense": 139541000.0,
        "Operating Expenses": 139541000.0,
        "Operating Income": -104603000.0,
        "Interest Expense": 133089000.0,
        "Earnings before Tax": -187464000.0,
        "Income Tax Expense": -367000.0,
        "Net Income - Non-Controlling int": 0.0,
        "Net Income - Discontinued ops": 0.0,
        "Net Income": -187097000.0,
        "Preferred Dividends": 47620000.0,
        "Net Income Com": -187097000.0,
        "EPS": -2.35,
        "EPS Diluted": -2.35,
        "Weighted Average Shs Out": 104838886.0,
        "Weighted Average Shs Out (Dil)": 104838886.0,
        "Dividend per Share": 0.340713273127,
        "Gross Margin": 0.0769089201174,
        "EBITDA Margin": 0.0123153334452,
        "EBIT Margin": -0.00890836485095,
        "Profit Margin": -0.0159338483458,
        "Free Cash Flow margin": -0.026433920309,
        "EBITDA": 144608000.0,
        "EBIT": -104603000.0,
        "Consolidated Income": -187097000.0,
        "Earnings Before Tax Margin": -0.0159651033758,
        "Net Profit Margin": -0.0159338483458
    },
    "2015": {
        "Revenue": 16802057000.0,
        "Revenue Growth": 0.0,
        "Cost of Revenue": 15958207000.0,
        "Gross Profit": 843850000.0,
        "R&D Expenses": 0.0,
        "SG&A Expense": 149430000.0,
        "Operating Expenses": 149430000.0,
        "Operating Income": 87111000.0,
        "Interest Expense": 110123000.0,
        "Earnings before Tax": 26262000.0,
        "Income Tax Expense": -3622000.0,
        "Net Income - Non-Controlling int": 0.0,
        "Net Income - Discontinued ops": 0.0,
        "Net Income": 26262000.0,
        "Preferred Dividends": 45679000.0,
        "Net Income Com": 26262000.0,
        "EPS": -0.29,
        "EPS Diluted": -0.29,
        "Weighted Average Shs Out": 86359300.0,
        "Weighted Average Shs Out (Dil)": 86359300.0,
        "Dividend per Share": 0.0,
        "Gross Margin": 0.0502230173365,
        "EBITDA Margin": 0.0177112838029,
        "EBIT Margin": 0.00518454377342,
        "Profit Margin": 0.00156302290845,
        "Free Cash Flow margin": 0.0034896917681,
        "EBITDA": 297586000.0,
        "EBIT": 87111000.0,
        "Consolidated Income": 26262000.0,
        "Earnings Before Tax Margin": 0.00156302290845,
        "Net Profit Margin": 0.00156302290845
    },
    "2014": {
        "Revenue": 9699274000.0,
        "Revenue Growth": 0.0,
        "Cost of Revenue": 9132699000.0,
        "Gross Profit": 566575000.0,
        "R&D Expenses": 0.0,
        "SG&A Expense": 79860000.0,
        "Operating Expenses": 79860000.0,
        "Operating Income": 106565000.0,
        "Interest Expense": 58854000.0,
        "Earnings before Tax": 49695000.0,
        "Income Tax Expense": 937000.0,
        "Net Income - Non-Controlling int": 0.0,
        "Net Income - Discontinued ops": 0.0,
        "Net Income": 49695000.0,
        "Preferred Dividends": 14148000.0,
        "Net Income Com": 49695000.0,
        "EPS": 0.51,
        "EPS Diluted": 0.51,
        "Weighted Average Shs Out": 61970471.0,
        "Weighted Average Shs Out (Dil)": 61970471.0,
        "Dividend per Share": 0.0,
        "Gross Margin": 0.0584141658438,
        "EBITDA Margin": 0.0246634954328,
        "EBIT Margin": 0.0109869047931,
        "Profit Margin": 0.00512357935243,
        "Free Cash Flow margin": -0.00823896716393,
        "EBITDA": 239218000.0,
        "EBIT": 106565000.0,
        "Consolidated Income": 49695000.0,
        "Earnings Before Tax Margin": 0.00512357935243,
        "Net Profit Margin": 0.00512357935243
    },
    "2013": {
        "Revenue": 4417767000.0,
        "Revenue Growth": 0.0,
        "Cost of Revenue": 4039110000.0,
        "Gross Profit": 378657000.0,
        "R&D Expenses": 0.0,
        "SG&A Expense": 52698000.0,
        "Operating Expenses": 52698000.0,
        "Operating Income": 87307000.0,
        "Interest Expense": 32994000.0,
        "Earnings before Tax": 50065000.0,
        "Income Tax Expense": 1875000.0,