{
    "2018": {
        "Revenue": 64857000.0,
        "Revenue Growth": -0.0119287020109689,
        "Cost of Revenue": 40409000.0,
        "Gross Profit": 24448000.0,
        "R&D Expenses": 0.0,
        "SG&A Expense": 8839000.0,
        "Operating Expenses": 8839000.0,
        "Operating Income": 1065000.0,
        "Interest Expense": 1235000.0,
        "Earnings before Tax": 1065000.0,
        "Income Tax Expense": 286000.0,
        "Net Income - Non-Controlling int": 0.0,
        "Net Income - Discontinued ops": 0.0,
        "Net Income": 779000.0,
        "Preferred Dividends": 0.0,
        "Net Income Com": 779000.0,
        "EPS": 0.31,
        "EPS Diluted": 0.31,
        "Weighted Average Shs Out": 2525325.0,
        "Weighted Average Shs Out (Dil)": 2525325.0,
        "Dividend per Share": 0.199974260739,
        "Gross Margin": 0.376952372142,
        "EBITDA Margin": 0.0766917988806,
        "EBIT Margin": 0.0164207410148,
        "Profit Margin": 0.0120110396719,
        "Free Cash Flow margin": 0.0485375518448,
        "EBITDA": 4974000.0,
        "EBIT": 1065000.0,
        "Consolidated Income": 779000.0,
        "Earnings Before Tax Margin": 0.0164207410148,
        "Net Profit Margin": 0.0120110396719
    },
    "2017": {
        "Revenue": 65640000.0,
        "Revenue Growth": -0.0187314068736639,
        "Cost of Revenue": 42869000.0,
        "Gross Profit": 22771000.0,
        "R&D Expenses": 0.0,
        "SG&A Expense": 8821000.0,
        "Operating Expenses": 8821000.0,
        "Operating Income": -1114000.0,
        "Interest Expense": 1307000.0,
        "Earnings before Tax": -1114000.0,
        "Income Tax Expense": 89000.0,
        "Net Income - Non-Controlling int": 0.0,
        "Net Income - Discontinued ops": 0.0,
        "Net Income": -1203000.0,
        "Preferred Dividends": 0.0,
        "Net Income Com": -1203000.0,
        "EPS": -0.48,
        "EPS Diluted": -0.48,
        "Weighted Average Shs Out": 2520431.0,
        "Weighted Average Shs Out (Dil)": 2520431.0,
        "Dividend per Share": 0.1999657995,
        "Gross Margin": 0.346907373553,
        "EBITDA Margin": 0.045536258379,
        "EBIT Margin": -0.0169713589275,
        "Profit Margin": -0.0183272394881,
        "Free Cash Flow margin": 0.034338817794,
        "EBITDA": 2989000.0,
        "EBIT": -1114000.0,
        "Consolidated Income": -1203000.0,
        "Earnings Before Tax Margin": -0.0169713589275,
        "Net Profit Margin": -0.0183272394881
    },
    "2016": {
        "Revenue": 66893000.0,
        "Revenue Growth": 0.0443871975019516,
        "Cost of Revenue": 38847000.0,
        "Gross Profit": 28046000.0,
        "R&D Expenses": 0.0,
        "SG&A Expense": 8996000.0,
        "Operating Expenses": 8996000.0,
        "Operating Income": 4094000.0,
        "Interest Expense": 1352000.0,
        "Earnings before Tax": 4094000.0,
        "Income Tax Expense": 1031000.0,
        "Net Income - Non-Controlling int": 0.0,
        "Net Income - Discontinued ops": 0.0,
        "Net Income": 3063000.0,
        "Preferred Dividends": 0.0,
        "Net Income Com": 3063000.0,
        "EPS": 1.22,
        "EPS Diluted": 1.22,
        "Weighted Average Shs Out": 2515459.0,
        "Weighted Average Shs Out (Dil)": 2515459.0,
        "Dividend per Share": 0.179688875867,
        "Gross Margin": 0.419266589927,
        "EBITDA Margin": 0.118143901455,
        "EBIT Margin": 0.0612022184683,
        "Profit Margin": 0.0457895444964,
        "Free Cash Flow margin": 0.0157565066599,
        "EBITDA": 7903000.0,
        "EBIT": 4094000.0,
        "Consolidated Income": 3063000.0,
        "Earnings Before Tax Margin": 0.0612022184683,
        "Net Profit Margin": 0.0457895444964
    },
    "2015": {
        "Revenue": 64050000.0,
        "Revenue Growth": -0.00399645450728537,
        "Cost of Revenue": 34148000.0,
        "Gross Profit": 29902000.0,
        "R&D Expenses": 0.0,
        "SG&A Expense": 8628000.0,
        "Operating Expenses": 8628000.0,
        "Operating Income": 6347000.0,
        "Interest Expense": 1379000.0,
        "Earnings before Tax": 6347000.0,
        "Income Tax Expense": 1650000.0,
        "Net Income - Non-Controlling int": 0.0,
        "Net Income - Discontinued ops": 0.0,
        "Net Income": 4697000.0,
        "Preferred Dividends": 0.0,
        "Net Income Com": 4697000.0,
        "EPS": 1.87,
        "EPS Diluted": 1.87,
        "Weighted Average Shs Out": 2510504.0,
        "Weighted Average Shs Out (Dil)": 2510504.0,
        "Dividend per Share": 0.160127209516,
        "Gross Margin": 0.466854020297,
        "EBITDA Margin": 0.15856362217,
        "EBIT Margin": 0.0990944574551,
        "Profit Margin": 0.0733333333333,
        "Free Cash Flow margin": 0.105261514442,
        "EBITDA": 10156000.0,
        "EBIT": 6347000.0,
        "Consolidated Income": 4697000.0,
        "Earnings Before Tax Margin": 0.0990944574551,
        "Net Profit Margin": 0.0733333333333
    },
    "2014": {
        "Revenue": 64307000.0,
        "Revenue Growth": 0.0514551994767822,
        "Cost of Revenue": 30882000.0,
        "Gross Profit": 33425000.0,
        "R&D Expenses": 0.0,
        "SG&A Expense": 9343000.0,
        "Operating Expenses": 9343000.0,
        "Operating Income": 9375000.0,
        "Interest Expense": 1521000.0,
        "Earnings before Tax": 9375000.0,
        "Income Tax Expense": 1759000.0,
        "Net Income - Non-Controlling int": 0.0,
        "Net Income - Discontinued ops": 0.0,
        "Net Income": 7616000.0,
        "Preferred Dividends": 0.0,
        "Net Income Com": 7616000.0,
        "EPS": 3.04,
        "EPS Diluted": 3.04,
        "Weighted Average Shs Out": 2501659.0,
        "Weighted Average Shs Out (Dil)": 2501659.0,
        "Dividend per Share": 0.119920420809,
        "Gross Margin": 0.519772342047,
        "EBITDA Margin": 0.209075217317,
        "EBIT Margin": 0.145785062279,
        "Profit Margin": 0.118431896994,
        "Free Cash Flow margin": 0.179498343882,
        "EBITDA": 13445000.0,
        "EBIT": 9375000.0,
        "Consolidated Income": 7616000.0,
        "Earnings Before Tax Margin": 0.145785062279,
        "Net Profit Margin": 0.118431896994
    },
    "2013": {
        "Revenue": 61160000.0,
        "Revenue Growth": 0.0270016120365395,
        "Cost of Revenue": 31146000.0,
        "Gross Profit": 30014000.0,
        "R&D Expenses": 0.0,
        "SG&A Expense": 8443000.0,
        "Operating Expenses": 8443000.0,
        "Operating Income": 7323000.0,
        "Interest Expense": 1686000.0,
        "Earnings before Tax": 7323000.0,
        "Income Tax Expense": 1665000.0,
        "Net Income - Non-Controlling int": 0.0,
        "Net Income - Discontinued ops": 0.0,
        "Net Income": 5658000.0,
        "Preferred Dividends": 0.0,
        "Net Income Com": 5658000.0,
        "EPS": 2.28,
        "EPS Diluted": 2.28,
        "Weighted Average Shs Out": 2480884.0,
        "Weighted Average Shs Out (Dil)": 2480884.0,
        "Dividend per Share": 0.09996436754,
        "Gross Margin": 0.49074558535,
        "EBITDA Margin": 0.19030412034,
        "EBIT Margin": 0.119735120994,
        "Profit Margin": 0.0925114453891,
        "Free Cash Flow margin": 0.0422498364944,
        "EBITDA": 11639000.0,
        "EBIT": 7323000.0,
        "Consolidated Income": 5658000.0,
        "Earnings Before Tax Margin": 0.119735120994,
        "Net Profit Margin": 0.0925114453891
    },
    "2012": {
        "Revenue": 59552000.0,
        "Revenue Growth": -0.0409070411647233,
        "Cost of Revenue": 34105000.0,
        "Gross Profit": 25447000.0,
        "R&D Expenses": 0.0,
        "SG&A Expense": 8790000.0,
        "Operating Expenses": 15076000.0,
        "Operating Income": -11064000.0,
        "Interest Expense": 1280000.0,
        "Earnings before Tax": -11064000.0,
        "Income Tax Expense": -4393000.0,
        "Net Income - Non-Controlling int": 0.0,