{
    "2019": {
        "Revenue": 6146000000.0,
        "Revenue Growth": 0.0397563863982406,
        "Cost of Revenue": 2201000000.0,
        "Gross Profit": 3945000000.0,
        "R&D Expenses": 827000000.0,
        "SG&A Expense": 1935000000.0,
        "Operating Expenses": 2762000000.0,
        "Operating Income": 1221000000.0,
        "Interest Expense": 58000000.0,
        "Earnings before Tax": 1268000000.0,
        "Income Tax Expense": 99000000.0,
        "Net Income - Non-Controlling int": 0.0,
        "Net Income - Discontinued ops": 0.0,
        "Net Income": 1169000000.0,
        "Preferred Dividends": 0.0,
        "Net Income Com": 1169000000.0,
        "EPS": 4.6,
        "EPS Diluted": 4.51,
        "Weighted Average Shs Out": 254000000.0,
        "Weighted Average Shs Out (Dil)": 259000000.0,
        "Dividend per Share": 1.55598455598,
        "Gross Margin": 0.641880898145,
        "EBITDA Margin": 0.230719166938,
        "EBIT Margin": 0.198665798894,
        "Profit Margin": 0.19020501139,
        "Free Cash Flow margin": 0.190042303938,
        "EBITDA": 1418000000.0,
        "EBIT": 1221000000.0,
        "Consolidated Income": 1169000000.0,
        "Earnings Before Tax Margin": 0.206313049138,
        "Net Profit Margin": 0.19020501139
    },
    "2018": {
        "Revenue": 5911000000.0,
        "Revenue Growth": 0.0710273600289908,
        "Cost of Revenue": 2212000000.0,
        "Gross Profit": 3699000000.0,
        "R&D Expenses": 783000000.0,
        "SG&A Expense": 2009000000.0,
        "Operating Expenses": 2792000000.0,
        "Operating Income": 1125000000.0,
        "Interest Expense": 62000000.0,
        "Earnings before Tax": 1166000000.0,
        "Income Tax Expense": 1090000000.0,
        "Net Income - Non-Controlling int": 0.0,
        "Net Income - Discontinued ops": 0.0,
        "Net Income": 76000000.0,
        "Preferred Dividends": 0.0,
        "Net Income Com": 76000000.0,
        "EPS": 0.28,
        "EPS Diluted": 0.28,
        "Weighted Average Shs Out": 268000000.0,
        "Weighted Average Shs Out (Dil)": 276000000.0,
        "Dividend per Share": 0.775362318841,
        "Gross Margin": 0.62578243952,
        "EBITDA Margin": 0.223819996616,
        "EBIT Margin": 0.190323126375,
        "Profit Margin": 0.0128573845373,
        "Free Cash Flow margin": 0.22551175774,
        "EBITDA": 1323000000.0,
        "EBIT": 1125000000.0,
        "Consolidated Income": 76000000.0,
        "Earnings Before Tax Margin": 0.19725934698,
        "Net Profit Margin": 0.0128573845373
    },
    "2017": {
        "Revenue": 5519000000.0,
        "Revenue Growth": -0.00486837360259647,
        "Cost of Revenue": 2129000000.0,
        "Gross Profit": 3390000000.0,
        "R&D Expenses": 779000000.0,
        "SG&A Expense": 1904000000.0,
        "Operating Expenses": 2725000000.0,
        "Operating Income": 665000000.0,
        "Interest Expense": 52000000.0,
        "Earnings before Tax": 665000000.0,
        "Income Tax Expense": 156000000.0,
        "Net Income - Non-Controlling int": 0.0,
        "Net Income - Discontinued ops": 0.0,
        "Net Income": 509000000.0,
        "Preferred Dividends": 0.0,
        "Net Income Com": 509000000.0,
        "EPS": 1.85,
        "EPS Diluted": 1.81,
        "Weighted Average Shs Out": 275000000.0,
        "Weighted Average Shs Out (Dil)": 281000000.0,
        "Dividend per Share": 0.740213523132,
        "Gross Margin": 0.614241710455,
        "EBITDA Margin": 0.16144229027,
        "EBIT Margin": 0.120492842906,
        "Profit Margin": 0.0922268526907,
        "Free Cash Flow margin": 0.146946910672,
        "EBITDA": 891000000.0,
        "EBIT": 665000000.0,
        "Consolidated Income": 509000000.0,
        "Earnings Before Tax Margin": 0.120492842906,
        "Net Profit Margin": 0.0922268526907
    },
    "2016": {
        "Revenue": 5546000000.0,
        "Revenue Growth": -0.0941904715240009,
        "Cost of Revenue": 2173000000.0,
        "Gross Profit": 3373000000.0,
        "R&D Expenses": 861000000.0,
        "SG&A Expense": 2099000000.0,
        "Operating Expenses": 3025000000.0,
        "Operating Income": 348000000.0,
        "Interest Expense": 49000000.0,
        "Earnings before Tax": 345000000.0,
        "Income Tax Expense": 116000000.0,
        "Net Income - Non-Controlling int": 0.0,
        "Net Income - Discontinued ops": 0.0,
        "Net Income": 229000000.0,
        "Preferred Dividends": 0.0,
        "Net Income Com": 229000000.0,
        "EPS": 0.78,
        "EPS Diluted": 0.77,
        "Weighted Average Shs Out": 294000000.0,
        "Weighted Average Shs Out (Dil)": 297000000.0,
        "Dividend per Share": 0.707070707071,
        "Gross Margin": 0.608186080058,
        "EBITDA Margin": 0.11305445366,
        "EBIT Margin": 0.0627479264335,
        "Profit Margin": 0.0412910205554,
        "Free Cash Flow margin": 0.146772448612,
        "EBITDA": 627000000.0,
        "EBIT": 348000000.0,
        "Consolidated Income": 229000000.0,
        "Earnings Before Tax Margin": 0.0622069960332,
        "Net Profit Margin": 0.0412910205554
    },
    "2015": {
        "Revenue": 6122700000.0,
        "Revenue Growth": -0.031999494079145,
        "Cost of Revenue": 2289500000.0,
        "Gross Profit": 3833200000.0,
        "R&D Expenses": 919300000.0,
        "SG&A Expense": 2197400000.0,
        "Operating Expenses": 3116700000.0,
        "Operating Income": 716500000.0,
        "Interest Expense": 42000000.0,
        "Earnings before Tax": 712800000.0,
        "Income Tax Expense": 152900000.0,
        "Net Income - Non-Controlling int": 0.0,
        "Net Income - Discontinued ops": 0.0,
        "Net Income": 559900000.0,
        "Preferred Dividends": 0.0,
        "Net Income Com": 559900000.0,
        "EPS": 1.77,
        "EPS Diluted": 1.75,
        "Weighted Average Shs Out": 315500000.0,
        "Weighted Average Shs Out (Dil)": 320700000.0,
        "Dividend per Share": 0.646710321172,
        "Gross Margin": 0.626063664723,
        "EBITDA Margin": 0.167638460156,
        "EBIT Margin": 0.117023535368,
        "Profit Margin": 0.0914465840234,
        "Free Cash Flow margin": 0.178483348849,
        "EBITDA": 1026400000.0,
        "EBIT": 716500000.0,
        "Consolidated Income": 559900000.0,
        "Earnings Before Tax Margin": 0.116419226812,
        "Net Profit Margin": 0.0914465840234
    },
    "2014": {
        "Revenue": 6325100000.0,
        "Revenue Growth": -0.00115280146547912,
        "Cost of Revenue": 2406000000.0,
        "Gross Profit": 3919100000.0,
        "R&D Expenses": 917300000.0,
        "SG&A Expense": 2179200000.0,
        "Operating Expenses": 3184800000.0,
        "Operating Income": 734300000.0,
        "Interest Expense": 36100000.0,
        "Earnings before Tax": 740700000.0,
        "Income Tax Expense": 103200000.0,
        "Net Income - Non-Controlling int": 0.0,
        "Net Income - Discontinued ops": 0.0,
        "Net Income": 637500000.0,
        "Preferred Dividends": 0.0,
        "Net Income Com": 637500000.0,
        "EPS": 1.87,
        "EPS Diluted": 1.83,
        "Weighted Average Shs Out": 340300000.0,
        "Weighted Average Shs Out (Dil)": 347900000.0,
        "Dividend per Share": 0.581488933602,
        "Gross Margin": 0.619610757142,
        "EBITDA Margin": 0.170447898057,
        "EBIT Margin": 0.116093026197,
        "Profit Margin": 0.100788920333,
        "Free Cash Flow margin": 0.178368721443,
        "EBITDA": 1078100000.0,
        "EBIT": 734300000.0,
        "Consolidated Income": 637500000.0,
        "Earnings Before Tax Margin": 0.117104867907,
        "Net Profit Margin": 0.100788920333
    },
    "2013": {
        "Revenue": 6332400000.0,
        "Revenue Growth": 0.0159147789257524,
        "Cost of Revenue": 2571300000.0,
        "Gross Profit": 3761100000.0,
        "R&D Expenses": 904200000.0,
        "SG&A Expense": 2247400000.0,