{
    "2018": {
        "Revenue": 691039000.0,
        "Revenue Growth": -0.0084911981657405,
        "Cost of Revenue": 340258000.0,
        "Gross Profit": 350781000.0,
        "R&D Expenses": 0.0,
        "SG&A Expense": 72717000.0,
        "Operating Expenses": 276758000.0,
        "Operating Income": 74023000.0,
        "Interest Expense": 0.0,
        "Earnings before Tax": 74875000.0,
        "Income Tax Expense": 16282000.0,
        "Net Income - Non-Controlling int": 0.0,
        "Net Income - Discontinued ops": 0.0,
        "Net Income": 58593000.0,
        "Preferred Dividends": 0.0,
        "Net Income Com": 58593000.0,
        "EPS": 1.98,
        "EPS Diluted": 1.95,
        "Weighted Average Shs Out": 29396000.0,
        "Weighted Average Shs Out (Dil)": 29750000.0,
        "Dividend per Share": 1.01351260504,
        "Gross Margin": 0.507613897334,
        "EBITDA Margin": 0.130091065772,
        "EBIT Margin": 0.107118411551,
        "Profit Margin": 0.084789715197,
        "Free Cash Flow margin": 0.0990262488803,
        "EBITDA": 89898000.0,
        "EBIT": 74023000.0,
        "Consolidated Income": 58593000.0,
        "Earnings Before Tax Margin": 0.108351337623,
        "Net Profit Margin": 0.084789715197
    },
    "2017": {
        "Revenue": 696957000.0,
        "Revenue Growth": 0.277762805458235,
        "Cost of Revenue": 336173000.0,
        "Gross Profit": 360784000.0,
        "R&D Expenses": 0.0,
        "SG&A Expense": 78305000.0,
        "Operating Expenses": 277373000.0,
        "Operating Income": 83411000.0,
        "Interest Expense": 0.0,
        "Earnings before Tax": 83530000.0,
        "Income Tax Expense": 25658000.0,
        "Net Income - Non-Controlling int": 0.0,
        "Net Income - Discontinued ops": 0.0,
        "Net Income": 57872000.0,
        "Preferred Dividends": 0.0,
        "Net Income Com": 57872000.0,
        "EPS": 1.93,
        "EPS Diluted": 1.9,
        "Weighted Average Shs Out": 29706000.0,
        "Weighted Average Shs Out (Dil)": 30191000.0,
        "Dividend per Share": 0.707197509191,
        "Gross Margin": 0.517656039038,
        "EBITDA Margin": 0.141318617935,
        "EBIT Margin": 0.11967883241,
        "Profit Margin": 0.0830352518161,
        "Free Cash Flow margin": 0.0951837774784,
        "EBITDA": 98493000.0,
        "EBIT": 83411000.0,
        "Consolidated Income": 57872000.0,
        "Earnings Before Tax Margin": 0.119849574651,
        "Net Profit Margin": 0.0830352518161
    },
    "2016": {
        "Revenue": 545451000.0,
        "Revenue Growth": 0.179075634066782,
        "Cost of Revenue": 270756000.0,
        "Gross Profit": 274695000.0,
        "R&D Expenses": 0.0,
        "SG&A Expense": 68290000.0,
        "Operating Expenses": 220651000.0,
        "Operating Income": 54044000.0,
        "Interest Expense": 0.0,
        "Earnings before Tax": 54018000.0,
        "Income Tax Expense": 18549000.0,
        "Net Income - Non-Controlling int": 0.0,
        "Net Income - Discontinued ops": 0.0,
        "Net Income": 35469000.0,
        "Preferred Dividends": 0.0,
        "Net Income Com": 35469000.0,
        "EPS": 1.2,
        "EPS Diluted": 1.19,
        "Weighted Average Shs Out": 29213000.0,
        "Weighted Average Shs Out (Dil)": 29545000.0,
        "Dividend per Share": 0.706075478084,
        "Gross Margin": 0.50361077347,
        "EBITDA Margin": 0.12426414105,
        "EBIT Margin": 0.0990813106952,
        "Profit Margin": 0.065026922675,
        "Free Cash Flow margin": 0.0657107604533,
        "EBITDA": 67780000.0,
        "EBIT": 54044000.0,
        "Consolidated Income": 35469000.0,
        "Earnings Before Tax Margin": 0.0990336437187,
        "Net Profit Margin": 0.065026922675
    },
    "2015": {
        "Revenue": 462609000.0,
        "Revenue Growth": 0.147676781208833,
        "Cost of Revenue": 233908000.0,
        "Gross Profit": 228701000.0,
        "R&D Expenses": 0.0,
        "SG&A Expense": 64651000.0,
        "Operating Expenses": 188691000.0,
        "Operating Income": 40010000.0,
        "Interest Expense": 0.0,
        "Earnings before Tax": 39841000.0,
        "Income Tax Expense": 13698000.0,
        "Net Income - Non-Controlling int": 0.0,
        "Net Income - Discontinued ops": 0.0,
        "Net Income": 26143000.0,
        "Preferred Dividends": 0.0,
        "Net Income Com": 26143000.0,
        "EPS": 0.9,
        "EPS Diluted": 0.89,
        "Weighted Average Shs Out": 28695000.0,
        "Weighted Average Shs Out (Dil)": 29175000.0,
        "Dividend per Share": 0.702793487575,
        "Gross Margin": 0.494372137161,
        "EBITDA Margin": 0.106284140603,
        "EBIT Margin": 0.0864877250551,
        "Profit Margin": 0.0565120868811,
        "Free Cash Flow margin": 0.0393118162422,
        "EBITDA": 49168000.0,
        "EBIT": 40010000.0,
        "Consolidated Income": 26143000.0,
        "Earnings Before Tax Margin": 0.0861224057465,
        "Net Profit Margin": 0.0565120868811
    },
    "2014": {
        "Revenue": 403083000.0,
        "Revenue Growth": 0.125659757711835,
        "Cost of Revenue": 207044000.0,
        "Gross Profit": 196039000.0,
        "R&D Expenses": 0.0,
        "SG&A Expense": 59231000.0,
        "Operating Expenses": 166795000.0,
        "Operating Income": 29244000.0,
        "Interest Expense": 0.0,
        "Earnings before Tax": 29102000.0,
        "Income Tax Expense": 9791000.0,
        "Net Income - Non-Controlling int": 0.0,
        "Net Income - Discontinued ops": 0.0,
        "Net Income": 19311000.0,
        "Preferred Dividends": 0.0,
        "Net Income Com": 19311000.0,
        "EPS": 0.67,
        "EPS Diluted": 0.66,
        "Weighted Average Shs Out": 28323000.0,
        "Weighted Average Shs Out (Dil)": 28787000.0,
        "Dividend per Share": 0.707611074443,
        "Gross Margin": 0.48634896535,
        "EBITDA Margin": 0.0920232309475,
        "EBIT Margin": 0.0725508145965,
        "Profit Margin": 0.0479082471848,
        "Free Cash Flow margin": 0.0608857232878,
        "EBITDA": 37093000.0,
        "EBIT": 29244000.0,
        "Consolidated Income": 19311000.0,
        "Earnings Before Tax Margin": 0.0721985298313,
        "Net Profit Margin": 0.0479082471848
    },
    "2013": {
        "Revenue": 358086000.0,
        "Revenue Growth": -0.0977428832034026,
        "Cost of Revenue": 193195000.0,
        "Gross Profit": 164891000.0,
        "R&D Expenses": 0.0,
        "SG&A Expense": 58227000.0,
        "Operating Expenses": 153922000.0,
        "Operating Income": 10969000.0,
        "Interest Expense": 0.0,
        "Earnings before Tax": 10880000.0,
        "Income Tax Expense": 3510000.0,
        "Net Income - Non-Controlling int": 0.0,
        "Net Income - Discontinued ops": 0.0,
        "Net Income": 7370000.0,
        "Preferred Dividends": 0.0,
        "Net Income Com": 7370000.0,
        "EPS": 0.26,
        "EPS Diluted": 0.25,
        "Weighted Average Shs Out": 28013000.0,
        "Weighted Average Shs Out (Dil)": 28287000.0,
        "Dividend per Share": 0.707498144024,
        "Gross Margin": 0.46047876767,
        "EBITDA Margin": 0.0554755002988,
        "EBIT Margin": 0.0306323062058,
        "Profit Margin": 0.020581647984,
        "Free Cash Flow margin": 0.0775567880342,
        "EBITDA": 19865000.0,
        "EBIT": 10969000.0,
        "Consolidated Income": 7370000.0,
        "Earnings Before Tax Margin": 0.0303837625598,
        "Net Profit Margin": 0.020581647984
    },
    "2012": {
        "Revenue": 396878000.0,
        "Revenue Growth": -0.0111078996152849,
        "Cost of Revenue": 225775000.0,
        "Gross Profit": 171103000.0,
        "R&D Expenses": 0.0,
        "SG&A Expense": 66332000.0,
        "Operating Expenses": 175471000.0,
        "Operating Income": -4368000.0,
        "Interest Expense": 0.0,
        "Earnings before Tax": -6480000.0,
        "Income Tax Expense": -3675000.0,