{
    "2019": {
        "Revenue": 26472337.0,
        "Revenue Growth": -0.113566753095487,
        "Cost of Revenue": 5216112.0,
        "Gross Profit": 21256225.0,
        "R&D Expenses": 4107692.0,
        "SG&A Expense": 1223971.0,
        "Operating Expenses": 5331663.0,
        "Operating Income": 15924562.0,
        "Interest Expense": 0.0,
        "Earnings before Tax": 17709839.0,
        "Income Tax Expense": 3201903.0,
        "Net Income - Non-Controlling int": 0.0,
        "Net Income - Discontinued ops": 0.0,
        "Net Income": 14507936.0,
        "Preferred Dividends": 0.0,
        "Net Income Com": 14507936.0,
        "EPS": 3.0,
        "EPS Diluted": 2.99,
        "Weighted Average Shs Out": 4844010.0,
        "Weighted Average Shs Out (Dil)": 4850567.0,
        "Dividend per Share": 3.99418047416,
        "Gross Margin": 0.802959897345,
        "EBITDA Margin": 0.628193838723,
        "EBIT Margin": 0.601554823059,
        "Profit Margin": 0.548041376173,
        "Free Cash Flow margin": 0.534547780953,
        "EBITDA": 16629759.0,
        "EBIT": 15924562.0,
        "Consolidated Income": 14507936.0,
        "Earnings Before Tax Margin": 0.668994165494,
        "Net Profit Margin": 0.548041376173
    },
    "2018": {
        "Revenue": 29863881.0,
        "Revenue Growth": 0.0542849099822652,
        "Cost of Revenue": 6274744.0,
        "Gross Profit": 23589137.0,
        "R&D Expenses": 3702918.0,
        "SG&A Expense": 1435592.0,
        "Operating Expenses": 5138510.0,
        "Operating Income": 18450627.0,
        "Interest Expense": 0.0,
        "Earnings before Tax": 20008824.0,
        "Income Tax Expense": 6096152.0,
        "Net Income - Non-Controlling int": 0.0,
        "Net Income - Discontinued ops": 0.0,
        "Net Income": 13912672.0,
        "Preferred Dividends": 0.0,
        "Net Income Com": 13912672.0,
        "EPS": 2.87,
        "EPS Diluted": 2.87,
        "Weighted Average Shs Out": 4841347.0,
        "Weighted Average Shs Out (Dil)": 4846212.0,
        "Dividend per Share": 3.99591268397,
        "Gross Margin": 0.789888527884,
        "EBITDA Margin": 0.65062806137,
        "EBIT Margin": 0.617824153532,
        "Profit Margin": 0.465869523121,
        "Free Cash Flow margin": 0.487114451065,
        "EBITDA": 19430279.0,
        "EBIT": 18450627.0,
        "Consolidated Income": 13912672.0,
        "Earnings Before Tax Margin": 0.670000794605,
        "Net Profit Margin": 0.465869523121
    },
    "2017": {
        "Revenue": 28326196.0,
        "Revenue Growth": 0.0219688960799109,
        "Cost of Revenue": 6078294.0,
        "Gross Profit": 22247902.0,
        "R&D Expenses": 3344101.0,
        "SG&A Expense": 1458598.0,
        "Operating Expenses": 4802699.0,
        "Operating Income": 17445203.0,
        "Interest Expense": 0.0,
        "Earnings before Tax": 19096011.0,
        "Income Tax Expense": 6147142.0,
        "Net Income - Non-Controlling int": 0.0,
        "Net Income - Discontinued ops": 0.0,
        "Net Income": 12948869.0,
        "Preferred Dividends": 0.0,
        "Net Income Com": 12948869.0,
        "EPS": 2.68,
        "EPS Diluted": 2.68,
        "Weighted Average Shs Out": 4836602.0,
        "Weighted Average Shs Out (Dil)": 4838389.0,
        "Dividend per Share": 3.99844659038,
        "Gross Margin": 0.785417921983,
        "EBITDA Margin": 0.656376662789,
        "EBIT Margin": 0.615868187878,
        "Profit Margin": 0.457134060641,
        "Free Cash Flow margin": 0.41866987717,
        "EBITDA": 18592654.0,
        "EBIT": 17445203.0,
        "Consolidated Income": 12948869.0,
        "Earnings Before Tax Margin": 0.674146680338,
        "Net Profit Margin": 0.457134060641
    },
    "2016": {
        "Revenue": 27717278.0,
        "Revenue Growth": -0.0937353436859062,
        "Cost of Revenue": 6616852.0,
        "Gross Profit": 21100426.0,
        "R&D Expenses": 3061184.0,
        "SG&A Expense": 1752962.0,
        "Operating Expenses": 4814146.0,
        "Operating Income": 16286280.0,
        "Interest Expense": 0.0,
        "Earnings before Tax": 18177097.0,
        "Income Tax Expense": 5884782.0,
        "Net Income - Non-Controlling int": 0.0,
        "Net Income - Discontinued ops": 0.0,
        "Net Income": 12292315.0,
        "Preferred Dividends": 0.0,
        "Net Income Com": 12292315.0,
        "EPS": 2.53,
        "EPS Diluted": 2.53,
        "Weighted Average Shs Out": 4850209.0,
        "Weighted Average Shs Out (Dil)": 4852602.0,
        "Dividend per Share": 4.00091827024,
        "Gross Margin": 0.761273383339,
        "EBITDA Margin": 0.618287625502,
        "EBIT Margin": 0.587585837253,
        "Profit Margin": 0.443489256052,
        "Free Cash Flow margin": 0.50588495739,
        "EBITDA": 17137250.0,
        "EBIT": 16286280.0,
        "Consolidated Income": 12292315.0,
        "Earnings Before Tax Margin": 0.65580382749,
        "Net Profit Margin": 0.443489256052
    },
    "2015": {
        "Revenue": 30584088.0,
        "Revenue Growth": 0.179263453691968,
        "Cost of Revenue": 6019868.0,
        "Gross Profit": 24564220.0,
        "R&D Expenses": 3000193.0,
        "SG&A Expense": 2312076.0,
        "Operating Expenses": 5312269.0,
        "Operating Income": 19251951.0,
        "Interest Expense": 0.0,
        "Earnings before Tax": 21439674.0,
        "Income Tax Expense": 7071320.0,
        "Net Income - Non-Controlling int": 0.0,
        "Net Income - Discontinued ops": 0.0,
        "Net Income": 14368354.0,
        "Preferred Dividends": 0.0,
        "Net Income Com": 14368354.0,
        "EPS": 2.96,
        "EPS Diluted": 2.95,
        "Weighted Average Shs Out": 4855504.0,
        "Weighted Average Shs Out (Dil)": 4871935.0,
        "Dividend per Share": 2.05257254048,
        "Gross Margin": 0.803169935948,
        "EBITDA Margin": 0.660026939499,
        "EBIT Margin": 0.629476053038,
        "Profit Margin": 0.469798347428,
        "Free Cash Flow margin": 0.480153568745,
        "EBITDA": 20186322.0,
        "EBIT": 19251951.0,
        "Consolidated Income": 14368354.0,
        "Earnings Before Tax Margin": 0.701007465058,
        "Net Profit Margin": 0.469798347428
    },
    "2014": {
        "Revenue": 25934907.0,
        "Revenue Growth": -0.0406353336216925,
        "Cost of Revenue": 5720277.0,
        "Gross Profit": 20214630.0,
        "R&D Expenses": 3585339.0,
        "SG&A Expense": 2235475.0,
        "Operating Expenses": 5820814.0,
        "Operating Income": 14393816.0,
        "Interest Expense": 0.0,
        "Earnings before Tax": 16515949.0,
        "Income Tax Expense": 5380074.0,
        "Net Income - Non-Controlling int": 0.0,
        "Net Income - Discontinued ops": 0.0,
        "Net Income": 11135875.0,
        "Preferred Dividends": 0.0,
        "Net Income Com": 11135875.0,
        "EPS": 2.3,
        "EPS Diluted": 2.29,
        "Weighted Average Shs Out": 4851460.0,
        "Weighted Average Shs Out (Dil)": 4867691.0,
        "Dividend per Share": 0.0,
        "Gross Margin": 0.779437150093,
        "EBITDA Margin": 0.587553870928,
        "EBIT Margin": 0.554997787345,
        "Profit Margin": 0.42937786513,
        "Free Cash Flow margin": 0.471978017889,
        "EBITDA": 15238155.0,
        "EBIT": 14393816.0,
        "Consolidated Income": 11135875.0,
        "Earnings Before Tax Margin": 0.636823143418,
        "Net Profit Margin": 0.42937786513
    },
    "2013": {
        "Revenue": 27033419.0,
        "Revenue Growth": -0.0540882851246465,
        "Cost of Revenue": 7025181.0,
        "Gross Profit": 20008238.0,
        "R&D Expenses": 2570821.0,
        "SG&A Expense": 2240563.0,
        "Operating Expenses": 4811384.0,
        "Operating Income": 15196854.0,
        "Interest Expense": 0.0,
        "Earnings before Tax": 17556457.0,
        "Income Tax Expense": 5727619.0,
        "Net Income - Non-Controlling int": 0.0,
        "Net Income - Discontinued ops": 0.0,