{
    "2018": {
        "Revenue": 8630900000.0,
        "Revenue Growth": -0.414544640555684,
        "Cost of Revenue": 5622100000.0,
        "Gross Profit": 3008800000.0,
        "R&D Expenses": 135000000.0,
        "SG&A Expense": 2434800000.0,
        "Operating Expenses": 2569800000.0,
        "Operating Income": -7828500000.0,
        "Interest Expense": 0.0,
        "Earnings before Tax": -8267700000.0,
        "Income Tax Expense": -1478100000.0,
        "Net Income - Non-Controlling int": 0.0,
        "Net Income - Discontinued ops": 0.0,
        "Net Income": -6917900000.0,
        "Preferred Dividends": 0.0,
        "Net Income Com": -6917900000.0,
        "EPS": -14.6,
        "EPS Diluted": -14.6,
        "Weighted Average Shs Out": 473700000.0,
        "Weighted Average Shs Out (Dil)": 473700000.0,
        "Dividend per Share": 0.917458306945,
        "Gross Margin": 0.348607908793,
        "EBITDA Margin": -0.856758854812,
        "EBIT Margin": -0.907031711641,
        "Profit Margin": -0.801527071337,
        "Free Cash Flow margin": 0.0342490354424,
        "EBITDA": -7394600000.0,
        "EBIT": -7828500000.0,
        "Consolidated Income": -6917900000.0,
        "Earnings Before Tax Margin": -0.957918641161,
        "Net Profit Margin": -0.801527071337
    },
    "2017": {
        "Revenue": 14742200000.0,
        "Revenue Growth": 0.11144451145959,
        "Cost of Revenue": 9652900000.0,
        "Gross Profit": 5089300000.0,
        "R&D Expenses": 224000000.0,
        "SG&A Expense": 3669100000.0,
        "Operating Expenses": 3893100000.0,
        "Operating Income": 1225700000.0,
        "Interest Expense": 0.0,
        "Earnings before Tax": 1429000000.0,
        "Income Tax Expense": -1319800000.0,
        "Net Income - Non-Controlling int": 0.0,
        "Net Income - Discontinued ops": 0.0,
        "Net Income": 2748800000.0,
        "Preferred Dividends": 0.0,
        "Net Income Com": 2748800000.0,
        "EPS": 5.65,
        "EPS Diluted": 5.63,
        "Weighted Average Shs Out": 486700000.0,
        "Weighted Average Shs Out (Dil)": 488000000.0,
        "Dividend per Share": 0.878278688525,
        "Gross Margin": 0.345219845071,
        "EBITDA Margin": 0.126256596709,
        "EBIT Margin": 0.0831422718455,
        "Profit Margin": 0.186457923512,
        "Free Cash Flow margin": 0.0356663184599,
        "EBITDA": 1861300000.0,
        "EBIT": 1225700000.0,
        "Consolidated Income": 2748800000.0,
        "Earnings Before Tax Margin": 0.0969326152135,
        "Net Profit Margin": 0.186457923512
    },
    "2016": {
        "Revenue": 13264000000.0,
        "Revenue Growth": 1.24216914312761,
        "Cost of Revenue": 8865200000.0,
        "Gross Profit": 4398800000.0,
        "R&D Expenses": 188200000.0,
        "SG&A Expense": 3221100000.0,
        "Operating Expenses": 3409300000.0,
        "Operating Income": 1100100000.0,
        "Interest Expense": 0.0,
        "Earnings before Tax": 814500000.0,
        "Income Tax Expense": 286000000.0,
        "Net Income - Non-Controlling int": 0.0,
        "Net Income - Discontinued ops": 0.0,
        "Net Income": 527800000.0,
        "Preferred Dividends": 0.0,
        "Net Income Com": 527800000.0,
        "EPS": 1.25,
        "EPS Diluted": 1.25,
        "Weighted Average Shs Out": 421300000.0,
        "Weighted Average Shs Out (Dil)": 423100000.0,
        "Dividend per Share": 0.776648546443,
        "Gross Margin": 0.331634499397,
        "EBITDA Margin": 0.115900180941,
        "EBIT Margin": 0.0829387816647,
        "Profit Margin": 0.0397919179735,
        "Free Cash Flow margin": 0.104576296743,
        "EBITDA": 1537300000.0,
        "EBIT": 1100100000.0,
        "Consolidated Income": 527800000.0,
        "Earnings Before Tax Margin": 0.0614068154403,
        "Net Profit Margin": 0.0397919179735
    },
    "2015": {
        "Revenue": 5915700000.0,
        "Revenue Growth": 0.0329491880565741,
        "Cost of Revenue": 3611100000.0,
        "Gross Profit": 2304600000.0,
        "R&D Expenses": 112600000.0,
        "SG&A Expense": 1573900000.0,
        "Operating Expenses": 1686500000.0,
        "Operating Income": 601400000.0,
        "Interest Expense": 0.0,
        "Earnings before Tax": 337500000.0,
        "Income Tax Expense": 78200000.0,
        "Net Income - Non-Controlling int": 0.0,
        "Net Income - Discontinued ops": 0.0,
        "Net Income": 350000000.0,
        "Preferred Dividends": 0.0,
        "Net Income Com": 350000000.0,
        "EPS": 1.3,
        "EPS Diluted": 1.29,
        "Weighted Average Shs Out": 269300000.0,
        "Weighted Average Shs Out (Dil)": 271500000.0,
        "Dividend per Share": 0.75985267035,
        "Gross Margin": 0.389573507784,
        "EBITDA Margin": 0.130669236101,
        "EBIT Margin": 0.101661679936,
        "Profit Margin": 0.0591645959058,
        "Free Cash Flow margin": 0.0599083793972,
        "EBITDA": 773000000.0,
        "EBIT": 601400000.0,
        "Consolidated Income": 350000000.0,
        "Earnings Before Tax Margin": 0.0570515746235,
        "Net Profit Margin": 0.0591645959058
    },
    "2014": {
        "Revenue": 5727000000.0,
        "Revenue Growth": 0.00606060606060606,
        "Cost of Revenue": 3523600000.0,
        "Gross Profit": 2203400000.0,
        "R&D Expenses": 107500000.0,
        "SG&A Expense": 1480500000.0,
        "Operating Expenses": 1588000000.0,
        "Operating Income": 604700000.0,
        "Interest Expense": 0.0,
        "Earnings before Tax": 462100000.0,
        "Income Tax Expense": 89100000.0,
        "Net Income - Non-Controlling int": 0.0,
        "Net Income - Discontinued ops": 0.0,
        "Net Income": 377800000.0,
        "Preferred Dividends": 0.0,
        "Net Income Com": 377800000.0,
        "EPS": 1.37,
        "EPS Diluted": 1.35,
        "Weighted Average Shs Out": 276100000.0,
        "Weighted Average Shs Out (Dil)": 278900000.0,
        "Dividend per Share": 0.654356400143,
        "Gross Margin": 0.384738955823,
        "EBITDA Margin": 0.132844421163,
        "EBIT Margin": 0.105587567662,
        "Profit Margin": 0.0659682207089,
        "Free Cash Flow margin": 0.0824515453117,
        "EBITDA": 760800000.0,
        "EBIT": 604700000.0,
        "Consolidated Income": 377800000.0,
        "Earnings Before Tax Margin": 0.0806879692684,
        "Net Profit Margin": 0.0659682207089
    },
    "2013": {
        "Revenue": 5692500000.0,
        "Revenue Growth": -0.0356108221661274,
        "Cost of Revenue": 3514300000.0,
        "Gross Profit": 2178200000.0,
        "R&D Expenses": 110800000.0,
        "SG&A Expense": 1446100000.0,
        "Operating Expenses": 1556900000.0,
        "Operating Income": 621000000.0,
        "Interest Expense": 0.0,
        "Earnings before Tax": 0.0,
        "Income Tax Expense": 122100000.0,
        "Net Income - Non-Controlling int": 0.0,
        "Net Income - Discontinued ops": 0.0,
        "Net Income": 474600000.0,
        "Preferred Dividends": 0.0,
        "Net Income Com": 474600000.0,
        "EPS": 1.64,
        "EPS Diluted": 1.63,
        "Weighted Average Shs Out": 288600000.0,
        "Weighted Average Shs Out (Dil)": 291800000.0,
        "Dividend per Share": 0.596641535298,
        "Gross Margin": 0.3826438296,
        "EBITDA Margin": 0.137004830918,
        "EBIT Margin": 0.109090909091,
        "Profit Margin": 0.083372859025,
        "Free Cash Flow margin": 0.0820377689943,
        "EBITDA": 779900000.0,
        "EBIT": 621000000.0,
        "Consolidated Income": 474600000.0,
        "Earnings Before Tax Margin": 0.0,
        "Net Profit Margin": 0.083372859025
    },
    "2012": {
        "Revenue": 5902700000.0,
        "Revenue Growth": 0.00649660675919926,
        "Cost of Revenue": 3673600000.0,
        "Gross Profit": 2229100000.0,
        "R&D Expenses": 125400000.0,
        "SG&A Expense": 1521100000.0,
        "Operating Expenses": 1646500000.0,