{
    "2019": {
        "Revenue": 10074000000.0,
        "Revenue Growth": 0.0,
        "Cost of Revenue": 5622000000.0,
        "Gross Profit": 4452000000.0,
        "R&D Expenses": 0.0,
        "SG&A Expense": 3208000000.0,
        "Operating Expenses": 8830000000.0,
        "Operating Income": 354000000.0,
        "Interest Expense": 0.0,
        "Earnings before Tax": 354000000.0,
        "Income Tax Expense": 126000000.0,
        "Net Income - Non-Controlling int": 0.0,
        "Net Income - Discontinued ops": 0.0,
        "Net Income": 155000000.0,
        "Preferred Dividends": 0.0,
        "Net Income Com": 155000000.0,
        "EPS": 0.27,
        "EPS Diluted": 0.26,
        "Weighted Average Shs Out": 584700000.0,
        "Weighted Average Shs Out (Dil)": 587900000.0,
        "Dividend per Share": 0.273856097976,
        "Gross Margin": 0.441929720071,
        "EBITDA Margin": 0.10055588644,
        "EBIT Margin": 0.0351399642644,
        "Profit Margin": 0.0153861425452,
        "Free Cash Flow margin": 0.035338495136,
        "EBITDA": 1013000000.0,
        "EBIT": 354000000.0,
        "Consolidated Income": 155000000.0,
        "Earnings Before Tax Margin": 0.0351399642644,
        "Net Profit Margin": 0.0153861425452
    },
    "2018": {
        "Revenue": 9024000000.0,
        "Revenue Growth": 0.0,
        "Cost of Revenue": 4903000000.0,
        "Gross Profit": 4121000000.0,
        "R&D Expenses": 0.0,
        "SG&A Expense": 3049000000.0,
        "Operating Expenses": 3049000000.0,
        "Operating Income": -1089000000.0,
        "Interest Expense": 0.0,
        "Earnings before Tax": -1089000000.0,
        "Income Tax Expense": 355000000.0,
        "Net Income - Non-Controlling int": 0.0,
        "Net Income - Discontinued ops": 0.0,
        "Net Income": -1514000000.0,
        "Preferred Dividends": 0.0,
        "Net Income Com": -1514000000.0,
        "EPS": -2.6,
        "EPS Diluted": -2.6,
        "Weighted Average Shs Out": 582700000.0,
        "Weighted Average Shs Out (Dil)": 582700000.0,
        "Dividend per Share": 0.271151535953,
        "Gross Margin": 0.456671099291,
        "EBITDA Margin": -0.0683732269504,
        "EBIT Margin": -0.120678191489,
        "Profit Margin": -0.167774822695,
        "Free Cash Flow margin": 0.0435505319149,
        "EBITDA": -617000000.0,
        "EBIT": -1089000000.0,
        "Consolidated Income": -1514000000.0,
        "Earnings Before Tax Margin": -0.120678191489,
        "Net Profit Margin": -0.167774822695
    },
    "2017": {
        "Revenue": 8139000000.0,
        "Revenue Growth": 0.0,
        "Cost of Revenue": 4529000000.0,
        "Gross Profit": 3610000000.0,
        "R&D Expenses": 0.0,
        "SG&A Expense": 2725000000.0,
        "Operating Expenses": 2725000000.0,
        "Operating Income": -615000000.0,
        "Interest Expense": 0.0,
        "Earnings before Tax": -615000000.0,
        "Income Tax Expense": 28000000.0,
        "Net Income - Non-Controlling int": 0.0,
        "Net Income - Discontinued ops": 0.0,
        "Net Income": -738000000.0,
        "Preferred Dividends": 0.0,
        "Net Income Com": -738000000.0,
        "EPS": -1.27,
        "EPS Diluted": -1.27,
        "Weighted Average Shs Out": 581400000.0,
        "Weighted Average Shs Out (Dil)": 581400000.0,
        "Dividend per Share": 0.261437908497,
        "Gross Margin": 0.443543432854,
        "EBITDA Margin": -0.0203956259983,
        "EBIT Margin": -0.0755621083671,
        "Profit Margin": -0.0906745300405,
        "Free Cash Flow margin": 0.029241921612,
        "EBITDA": -166000000.0,
        "EBIT": -615000000.0,
        "Consolidated Income": -738000000.0,
        "Earnings Before Tax Margin": -0.0755621083671,
        "Net Profit Margin": -0.0906745300405
    },
    "2016": {
        "Revenue": 8292000000.0,
        "Revenue Growth": 0.0,
        "Cost of Revenue": 4728000000.0,
        "Gross Profit": 3564000000.0,
        "R&D Expenses": 0.0,
        "SG&A Expense": 2722000000.0,
        "Operating Expenses": 2722000000.0,
        "Operating Income": 181000000.0,
        "Interest Expense": 0.0,
        "Earnings before Tax": 181000000.0,
        "Income Tax Expense": -54000000.0,
        "Net Income - Non-Controlling int": 0.0,
        "Net Income - Discontinued ops": 0.0,
        "Net Income": 179000000.0,
        "Preferred Dividends": 0.0,
        "Net Income Com": 179000000.0,
        "EPS": 0.3,
        "EPS Diluted": 0.3,
        "Weighted Average Shs Out": 580600000.0,
        "Weighted Average Shs Out (Dil)": 582500000.0,
        "Dividend per Share": 0.252360515021,
        "Gross Margin": 0.42981186686,
        "EBITDA Margin": 0.0827303424988,
        "EBIT Margin": 0.0218282682103,
        "Profit Margin": 0.0215870718765,
        "Free Cash Flow margin": 0.0839363241679,
        "EBITDA": 686000000.0,
        "EBIT": 181000000.0,
        "Consolidated Income": 179000000.0,
        "Earnings Before Tax Margin": 0.0218282682103,
        "Net Profit Margin": 0.0215870718765
    },
    "2015": {
        "Revenue": 8633000000.0,
        "Revenue Growth": 0.0,
        "Cost of Revenue": 5025000000.0,
        "Gross Profit": 3608000000.0,
        "R&D Expenses": 0.0,
        "SG&A Expense": 2756000000.0,
        "Operating Expenses": 2756000000.0,
        "Operating Income": 56000000.0,
        "Interest Expense": 0.0,
        "Earnings before Tax": 56000000.0,
        "Income Tax Expense": 134000000.0,
        "Net Income - Non-Controlling int": 0.0,
        "Net Income - Discontinued ops": 0.0,
        "Net Income": -147000000.0,
        "Preferred Dividends": 0.0,
        "Net Income Com": -147000000.0,
        "EPS": -0.26,
        "EPS Diluted": -0.26,
        "Weighted Average Shs Out": 581000000.0,
        "Weighted Average Shs Out (Dil)": 581000000.0,
        "Dividend per Share": 0.0516351118761,
        "Gross Margin": 0.417931194255,
        "EBITDA Margin": 0.0678790686899,
        "EBIT Margin": 0.00648673693965,
        "Profit Margin": -0.0170276844666,
        "Free Cash Flow margin": 0.0524730684582,
        "EBITDA": 586000000.0,
        "EBIT": 56000000.0,
        "Consolidated Income": -147000000.0,
        "Earnings Before Tax Margin": 0.00648673693965,
        "Net Profit Margin": -0.0170276844666
    },
    "2014": {
        "Revenue": 8574000000.0,
        "Revenue Growth": 0.0,
        "Cost of Revenue": 5139000000.0,
        "Gross Profit": 3435000000.0,
        "R&D Expenses": 0.0,
        "SG&A Expense": 2665000000.0,
        "Operating Expenses": 2665000000.0,
        "Operating Income": -397000000.0,
        "Interest Expense": 0.0,
        "Earnings before Tax": -397000000.0,
        "Income Tax Expense": -691000000.0,
        "Net Income - Non-Controlling int": 0.0,
        "Net Income - Discontinued ops": 0.0,
        "Net Income": 239000000.0,
        "Preferred Dividends": 0.0,
        "Net Income Com": 239000000.0,
        "EPS": 0.41,
        "EPS Diluted": 0.41,
        "Weighted Average Shs Out": 579000000.0,
        "Weighted Average Shs Out (Dil)": 579700000.0,
        "Dividend per Share": 0.0414007245127,
        "Gross Margin": 0.400629811057,
        "EBITDA Margin": 0.0211103335666,
        "EBIT Margin": -0.0463027758339,
        "Profit Margin": 0.0278749708421,
        "Free Cash Flow margin": 0.0554000466527,
        "EBITDA": 181000000.0,
        "EBIT": -397000000.0,
        "Consolidated Income": 239000000.0,
        "Earnings Before Tax Margin": -0.0463027758339,
        "Net Profit Margin": 0.0278749708421
    },
    "2013": {
        "Revenue": 8891000000.0,
        "Revenue Growth": NaN,
        "Cost of Revenue": 5420000000.0,
        "Gross Profit": 3471000000.0,
        "R&D Expenses": NaN,
        "SG&A Expense": 2783000000.0,
        "Operating Expenses": 3331000000.0,
        "Operating Income": 140000000.0,
        "Interest Expense": NaN,
        "Earnings before Tax": 173000000.0,