{
    "2018": {
        "Revenue": 787309000.0,
        "Revenue Growth": 0.0993402358395063,
        "Cost of Revenue": 414979000.0,
        "Gross Profit": 372330000.0,
        "R&D Expenses": 64843000.0,
        "SG&A Expense": 263095000.0,
        "Operating Expenses": 327938000.0,
        "Operating Income": 44392000.0,
        "Interest Expense": 0.0,
        "Earnings before Tax": 35616000.0,
        "Income Tax Expense": -2113000.0,
        "Net Income - Non-Controlling int": 0.0,
        "Net Income - Discontinued ops": 0.0,
        "Net Income": 37729000.0,
        "Preferred Dividends": 0.0,
        "Net Income Com": 37729000.0,
        "EPS": 0.96,
        "EPS Diluted": 0.93,
        "Weighted Average Shs Out": 39242000.0,
        "Weighted Average Shs Out (Dil)": 40559000.0,
        "Dividend per Share": 0.0,
        "Gross Margin": 0.472914700581,
        "EBITDA Margin": 0.12451781956,
        "EBIT Margin": 0.056384469122,
        "Profit Margin": 0.0479214641265,
        "Free Cash Flow margin": 0.101953616687,
        "EBITDA": 98034000.0,
        "EBIT": 44392000.0,
        "Consolidated Income": 37729000.0,
        "Earnings Before Tax Margin": 0.0452376385892,
        "Net Profit Margin": 0.0479214641265
    },
    "2017": {
        "Revenue": 716165000.0,
        "Revenue Growth": 0.0339896307226298,
        "Cost of Revenue": 394077000.0,
        "Gross Profit": 322088000.0,
        "R&D Expenses": 66022000.0,
        "SG&A Expense": 250312000.0,
        "Operating Expenses": 316334000.0,
        "Operating Income": 5754000.0,
        "Interest Expense": 0.0,
        "Earnings before Tax": -879000.0,
        "Income Tax Expense": -21484000.0,
        "Net Income - Non-Controlling int": 0.0,
        "Net Income - Discontinued ops": 0.0,
        "Net Income": 20605000.0,
        "Preferred Dividends": 0.0,
        "Net Income Com": 20605000.0,
        "EPS": 0.55,
        "EPS Diluted": 0.53,
        "Weighted Average Shs Out": 37483000.0,
        "Weighted Average Shs Out (Dil)": 38712000.0,
        "Dividend per Share": 0.0,
        "Gross Margin": 0.449739934233,
        "EBITDA Margin": 0.0821807823616,
        "EBIT Margin": 0.00803446133223,
        "Profit Margin": 0.0287713027026,
        "Free Cash Flow margin": 0.0132553252393,
        "EBITDA": 58855000.0,
        "EBIT": 5754000.0,
        "Consolidated Income": 20605000.0,
        "Earnings Before Tax Margin": -0.00122737078746,
        "Net Profit Margin": 0.0287713027026
    },
    "2016": {
        "Revenue": 692623000.0,
        "Revenue Growth": 0.429388371694675,
        "Cost of Revenue": 378823000.0,
        "Gross Profit": 313800000.0,
        "R&D Expenses": 57799000.0,
        "SG&A Expense": 249520000.0,
        "Operating Expenses": 307319000.0,
        "Operating Income": 6481000.0,
        "Interest Expense": 0.0,
        "Earnings before Tax": -1948000.0,
        "Income Tax Expense": -2551000.0,
        "Net Income - Non-Controlling int": 0.0,
        "Net Income - Discontinued ops": 0.0,
        "Net Income": 603000.0,
        "Preferred Dividends": 0.0,
        "Net Income Com": 603000.0,
        "EPS": 0.02,
        "EPS Diluted": 0.02,
        "Weighted Average Shs Out": 36156000.0,
        "Weighted Average Shs Out (Dil)": 36864000.0,
        "Dividend per Share": 0.0,
        "Gross Margin": 0.45306032286,
        "EBITDA Margin": 0.0959150937812,
        "EBIT Margin": 0.00935718276754,
        "Profit Margin": 0.000870603488478,
        "Free Cash Flow margin": 0.0497990970557,
        "EBITDA": 66433000.0,
        "EBIT": 6481000.0,
        "Consolidated Income": 603000.0,
        "Earnings Before Tax Margin": -0.00281249684172,
        "Net Profit Margin": 0.000870603488478
    },
    "2015": {
        "Revenue": 484559000.0,
        "Revenue Growth": 0.099022454071218,
        "Cost of Revenue": 236629000.0,
        "Gross Profit": 247930000.0,
        "R&D Expenses": 35160000.0,
        "SG&A Expense": 167581000.0,
        "Operating Expenses": 202741000.0,
        "Operating Income": 48632000.0,
        "Interest Expense": 0.0,
        "Earnings before Tax": 46244000.0,
        "Income Tax Expense": 15484000.0,
        "Net Income - Non-Controlling int": 0.0,
        "Net Income - Discontinued ops": 0.0,
        "Net Income": 30760000.0,
        "Preferred Dividends": 0.0,
        "Net Income Com": 30760000.0,
        "EPS": 0.86,
        "EPS Diluted": 0.84,
        "Weighted Average Shs Out": 35857000.0,
        "Weighted Average Shs Out (Dil)": 36718000.0,
        "Dividend per Share": 0.0,
        "Gross Margin": 0.511661118667,
        "EBITDA Margin": 0.153275452525,
        "EBIT Margin": 0.100363423236,
        "Profit Margin": 0.0634804017674,
        "Free Cash Flow margin": 0.0541110576834,
        "EBITDA": 74271000.0,
        "EBIT": 48632000.0,
        "Consolidated Income": 30760000.0,
        "Earnings Before Tax Margin": 0.0954352307975,
        "Net Profit Margin": 0.0634804017674
    },
    "2014": {
        "Revenue": 440900000.0,
        "Revenue Growth": 0.158479708869241,
        "Cost of Revenue": 207040000.0,
        "Gross Profit": 233860000.0,
        "R&D Expenses": 27802000.0,
        "SG&A Expense": 156475000.0,
        "Operating Expenses": 184277000.0,
        "Operating Income": 49583000.0,
        "Interest Expense": 0.0,
        "Earnings before Tax": 48504000.0,
        "Income Tax Expense": 17986000.0,
        "Net Income - Non-Controlling int": 0.0,
        "Net Income - Discontinued ops": 0.0,
        "Net Income": 30518000.0,
        "Preferred Dividends": 0.0,
        "Net Income Com": 30518000.0,
        "EPS": 0.86,
        "EPS Diluted": 0.83,
        "Weighted Average Shs Out": 35650000.0,
        "Weighted Average Shs Out (Dil)": 36622000.0,
        "Dividend per Share": 0.0,
        "Gross Margin": 0.530415060104,
        "EBITDA Margin": 0.158437287367,
        "EBIT Margin": 0.112458607394,
        "Profit Margin": 0.0692175096394,
        "Free Cash Flow margin": 0.147795418462,
        "EBITDA": 69855000.0,
        "EBIT": 49583000.0,
        "Consolidated Income": 30518000.0,
        "Earnings Before Tax Margin": 0.11001134044,
        "Net Profit Margin": 0.0692175096394
    },
    "2013": {
        "Revenue": 380585000.0,
        "Revenue Growth": 0.211949927872444,
        "Cost of Revenue": 177186000.0,
        "Gross Profit": 203399000.0,
        "R&D Expenses": 29105000.0,
        "SG&A Expense": 138995000.0,
        "Operating Expenses": 168100000.0,
        "Operating Income": 35299000.0,
        "Interest Expense": 0.0,
        "Earnings before Tax": 35029000.0,
        "Income Tax Expense": 11050000.0,
        "Net Income - Non-Controlling int": 0.0,
        "Net Income - Discontinued ops": 0.0,
        "Net Income": 23979000.0,
        "Preferred Dividends": 0.0,
        "Net Income Com": 23979000.0,
        "EPS": 0.69,
        "EPS Diluted": 0.67,
        "Weighted Average Shs Out": 34736000.0,
        "Weighted Average Shs Out (Dil)": 35777000.0,
        "Dividend per Share": 0.0,
        "Gross Margin": 0.534437773428,
        "EBITDA Margin": 0.141003980714,
        "EBIT Margin": 0.0927493201256,
        "Profit Margin": 0.0630056360603,
        "Free Cash Flow margin": 0.112794776463,
        "EBITDA": 53664000.0,
        "EBIT": 35299000.0,
        "Consolidated Income": 23979000.0,
        "Earnings Before Tax Margin": 0.092039885965,
        "Net Profit Margin": 0.0630056360603
    },
    "2012": {
        "Revenue": 314027000.0,
        "Revenue Growth": 0.278950047854685,
        "Cost of Revenue": 143439000.0,
        "Gross Profit": 170588000.0,
        "R&D Expenses": 23726000.0,
        "SG&A Expense": 119736000.0,
        "Operating Expenses": 143462000.0,
        "Operating Income": 27126000.0,
        "Interest Expense": 0.0,
        "Earnings before Tax": 27075000.0,
        "Income Tax Expense": 10897000.0,