{
    "2018": {
        "Revenue": 29868000.0,
        "Revenue Growth": -0.539258939314473,
        "Cost of Revenue": 512000.0,
        "Gross Profit": 29356000.0,
        "R&D Expenses": 89860000.0,
        "SG&A Expense": 51718000.0,
        "Operating Expenses": 142090000.0,
        "Operating Income": -112222000.0,
        "Interest Expense": 16252000.0,
        "Earnings before Tax": -139686000.0,
        "Income Tax Expense": -12929000.0,
        "Net Income - Non-Controlling int": 0.0,
        "Net Income - Discontinued ops": 0.0,
        "Net Income": -126757000.0,
        "Preferred Dividends": 0.0,
        "Net Income Com": -126757000.0,
        "EPS": -2.61,
        "EPS Diluted": -2.61,
        "Weighted Average Shs Out": 48582636.0,
        "Weighted Average Shs Out (Dil)": 48582636.0,
        "Dividend per Share": 0.0,
        "Gross Margin": 0.982857908129,
        "EBITDA Margin": -3.7250569171,
        "EBIT Margin": -3.75726530066,
        "Profit Margin": -4.24390652203,
        "Free Cash Flow margin": -3.49216552832,
        "EBITDA": -111260000.0,
        "EBIT": -112222000.0,
        "Consolidated Income": -126757000.0,
        "Earnings Before Tax Margin": -4.67677782242,
        "Net Profit Margin": -4.24390652203
    },
    "2017": {
        "Revenue": 64826000.0,
        "Revenue Growth": 0.557680755460509,
        "Cost of Revenue": 1078000.0,
        "Gross Profit": 63748000.0,
        "R&D Expenses": 55599000.0,
        "SG&A Expense": 52044000.0,
        "Operating Expenses": 108721000.0,
        "Operating Income": -43895000.0,
        "Interest Expense": 11030000.0,
        "Earnings before Tax": 0.0,
        "Income Tax Expense": 0.0,
        "Net Income - Non-Controlling int": 0.0,
        "Net Income - Discontinued ops": 0.0,
        "Net Income": -53481000.0,
        "Preferred Dividends": 0.0,
        "Net Income Com": -53481000.0,
        "EPS": -1.17,
        "EPS Diluted": -1.17,
        "Weighted Average Shs Out": 45539362.0,
        "Weighted Average Shs Out (Dil)": 45539362.0,
        "Dividend per Share": 0.0,
        "Gross Margin": 0.983370869713,
        "EBITDA Margin": -0.668620615185,
        "EBIT Margin": -0.677120291241,
        "Profit Margin": -0.824993058341,
        "Free Cash Flow margin": -0.564233486564,
        "EBITDA": -43344000.0,
        "EBIT": -43895000.0,
        "Consolidated Income": -53481000.0,
        "Earnings Before Tax Margin": 0.0,
        "Net Profit Margin": -0.824993058341
    },
    "2016": {
        "Revenue": 41617000.0,
        "Revenue Growth": 2.08068694944111,
        "Cost of Revenue": 1412000.0,
        "Gross Profit": 40205000.0,
        "R&D Expenses": 50699000.0,
        "SG&A Expense": 43782000.0,
        "Operating Expenses": 95893000.0,
        "Operating Income": -54276000.0,
        "Interest Expense": 7819000.0,
        "Earnings before Tax": 0.0,
        "Income Tax Expense": 0.0,
        "Net Income - Non-Controlling int": 0.0,
        "Net Income - Discontinued ops": 0.0,
        "Net Income": -66745000.0,
        "Preferred Dividends": 0.0,
        "Net Income Com": -66745000.0,
        "EPS": -1.65,
        "EPS Diluted": -1.65,
        "Weighted Average Shs Out": 40446410.0,
        "Weighted Average Shs Out (Dil)": 40446410.0,
        "Dividend per Share": 0.0,
        "Gross Margin": 0.966071557296,
        "EBITDA Margin": -1.29696998823,
        "EBIT Margin": -1.30417858087,
        "Profit Margin": -1.60379171973,
        "Free Cash Flow margin": -1.24059879376,
        "EBITDA": -53976000.0,
        "EBIT": -54276000.0,
        "Consolidated Income": -66745000.0,
        "Earnings Before Tax Margin": 0.0,
        "Net Profit Margin": -1.60379171973
    },
    "2015": {
        "Revenue": 13509000.0,
        "Revenue Growth": 24.0630797773655,
        "Cost of Revenue": 1041000.0,
        "Gross Profit": 12468000.0,
        "R&D Expenses": 48379000.0,
        "SG&A Expense": 35327000.0,
        "Operating Expenses": 84747000.0,
        "Operating Income": -71238000.0,
        "Interest Expense": 3573000.0,
        "Earnings before Tax": 0.0,
        "Income Tax Expense": 0.0,
        "Net Income - Non-Controlling int": 0.0,
        "Net Income - Discontinued ops": 0.0,
        "Net Income": -75096000.0,
        "Preferred Dividends": 0.0,
        "Net Income Com": -75096000.0,
        "EPS": -2.0,
        "EPS Diluted": -2.0,
        "Weighted Average Shs Out": 37560257.0,
        "Weighted Average Shs Out (Dil)": 37560257.0,
        "Dividend per Share": 0.0,
        "Gross Margin": 0.922940262048,
        "EBITDA Margin": -5.25790213931,
        "EBIT Margin": -5.27337330668,
        "Profit Margin": -5.55896069287,
        "Free Cash Flow margin": -4.84484417796,
        "EBITDA": -71029000.0,
        "EBIT": -71238000.0,
        "Consolidated Income": -75096000.0,
        "Earnings Before Tax Margin": 0.0,
        "Net Profit Margin": -5.55896069287
    },
    "2014": {
        "Revenue": 539000.0,
        "Revenue Growth": -0.663125,
        "Cost of Revenue": 0.0,
        "Gross Profit": 0.0,
        "R&D Expenses": 47946000.0,
        "SG&A Expense": 22601000.0,
        "Operating Expenses": 70547000.0,
        "Operating Income": -70008000.0,
        "Interest Expense": 3470000.0,
        "Earnings before Tax": 0.0,
        "Income Tax Expense": 0.0,
        "Net Income - Non-Controlling int": 0.0,
        "Net Income - Discontinued ops": 0.0,
        "Net Income": -73673000.0,
        "Preferred Dividends": 0.0,
        "Net Income Com": -73673000.0,
        "EPS": -2.22,
        "EPS Diluted": -2.22,
        "Weighted Average Shs Out": 33234294.0,
        "Weighted Average Shs Out (Dil)": 33234294.0,
        "Dividend per Share": 0.0,
        "Gross Margin": 0.0,
        "EBITDA Margin": -129.280148423,
        "EBIT Margin": -129.884972171,
        "Profit Margin": -136.684601113,
        "Free Cash Flow margin": -107.74025974,
        "EBITDA": -69682000.0,
        "EBIT": -70008000.0,
        "Consolidated Income": -73673000.0,
        "Earnings Before Tax Margin": 0.0,
        "Net Profit Margin": -136.684601113
    },
    "2013": {
        "Revenue": 1600000.0,
        "Revenue Growth": -0.73430753902358,
        "Cost of Revenue": 0.0,
        "Gross Profit": 0.0,
        "R&D Expenses": 36297000.0,
        "SG&A Expense": 15819000.0,
        "Operating Expenses": 52116000.0,
        "Operating Income": -50516000.0,
        "Interest Expense": 2366000.0,
        "Earnings before Tax": 0.0,
        "Income Tax Expense": 0.0,
        "Net Income - Non-Controlling int": 0.0,
        "Net Income - Discontinued ops": 0.0,
        "Net Income": -39796000.0,
        "Preferred Dividends": 0.0,
        "Net Income Com": -39796000.0,
        "EPS": -1.39,
        "EPS Diluted": -1.39,
        "Weighted Average Shs Out": 28560360.0,
        "Weighted Average Shs Out (Dil)": 28560360.0,
        "Dividend per Share": 0.0,
        "Gross Margin": 0.0,
        "EBITDA Margin": -31.38375,
        "EBIT Margin": -31.5725,
        "Profit Margin": -24.8725,
        "Free Cash Flow margin": -18.686875,
        "EBITDA": -50214000.0,
        "EBIT": -50516000.0,
        "Consolidated Income": -39796000.0,
        "Earnings Before Tax Margin": 0.0,
        "Net Profit Margin": -24.8725
    },
    "2012": {
        "Revenue": 6022000.0,
        "Revenue Growth": 0.331122900088417,
        "Cost of Revenue": 0.0,
        "Gross Profit": 0.0,
        "R&D Expenses": 31922000.0,
        "SG&A Expense": 10985000.0,
        "Operating Expenses": 42907000.0,
        "Operating Income": -36885000.0,
        "Interest Expense": 1729000.0,
        "Earnings before Tax": 0.0,
        "Income Tax Expense": 0.0,
        "Net Income - Non-Controlling int": 0.0,
        "Net Income - Discontinued ops": 0.0,
        "Net Income": -38444000.0,
        "Preferred Dividends": 0.0,
        "Net Income Com": -38444000.0,
        "EPS": -1.59,