{
    "2019": {
        "Revenue": 39506000000.0,
        "Revenue Growth": -0.00815947377670658,
        "Cost of Revenue": 2176000000.0,
        "Gross Profit": 37330000000.0,
        "R&D Expenses": 6026000000.0,
        "SG&A Expense": 9774000000.0,
        "Operating Expenses": 23795000000.0,
        "Operating Income": 13535000000.0,
        "Interest Expense": 2082000000.0,
        "Earnings before Tax": 3774000000.0,
        "Income Tax Expense": 1185000000.0,
        "Net Income - Non-Controlling int": 0.0,
        "Net Income - Discontinued ops": 0.0,
        "Net Income": 11083000000.0,
        "Preferred Dividends": 0.0,
        "Net Income Com": 11083000000.0,
        "EPS": 3.05,
        "EPS Diluted": 2.97,
        "Weighted Average Shs Out": 3634000000.0,
        "Weighted Average Shs Out (Dil)": 3732000000.0,
        "Dividend per Share": 0.78563772776,
        "Gross Margin": 0.944919759024,
        "EBITDA Margin": 0.41649369716,
        "EBIT Margin": 0.342606186402,
        "Profit Margin": 0.280539664861,
        "Free Cash Flow margin": 0.326304865084,
        "EBITDA": 16454000000.0,
        "EBIT": 13535000000.0,
        "Consolidated Income": 11083000000.0,
        "Earnings Before Tax Margin": 0.0955297929428,
        "Net Profit Margin": 0.280539664861
    },
    "2018": {
        "Revenue": 39831000000.0,
        "Revenue Growth": 0.0557410941475827,
        "Cost of Revenue": 5148000000.0,
        "Gross Profit": 34683000000.0,
        "R&D Expenses": 6091000000.0,
        "SG&A Expense": 9720000000.0,
        "Operating Expenses": 21004000000.0,
        "Operating Income": 13679000000.0,
        "Interest Expense": 2025000000.0,
        "Earnings before Tax": 12891000000.0,
        "Income Tax Expense": 9066000000.0,
        "Net Income - Non-Controlling int": 0.0,
        "Net Income - Discontinued ops": 0.0,
        "Net Income": 3825000000.0,
        "Preferred Dividends": 0.0,
        "Net Income Com": 3825000000.0,
        "EPS": 0.93,
        "EPS Diluted": 0.9,
        "Weighted Average Shs Out": 4121000000.0,
        "Weighted Average Shs Out (Dil)": 4238000000.0,
        "Dividend per Share": 0.740915526192,
        "Gross Margin": 0.870753935377,
        "EBITDA Margin": 0.413346388491,
        "EBIT Margin": 0.343425974743,
        "Profit Margin": 0.0960307298335,
        "Free Cash Flow margin": 0.342697898622,
        "EBITDA": 16464000000.0,
        "EBIT": 13679000000.0,
        "Consolidated Income": 3825000000.0,
        "Earnings Before Tax Margin": 0.323642389094,
        "Net Profit Margin": 0.0960307298335
    },
    "2017": {
        "Revenue": 37728000000.0,
        "Revenue Growth": 0.0183820552271439,
        "Cost of Revenue": 5870000000.0,
        "Gross Profit": 31858000000.0,
        "R&D Expenses": 6159000000.0,
        "SG&A Expense": 9373000000.0,
        "Operating Expenses": 19148000000.0,
        "Operating Income": 12710000000.0,
        "Interest Expense": 1798000000.0,
        "Earnings before Tax": 11517000000.0,
        "Income Tax Expense": 2182000000.0,
        "Net Income - Non-Controlling int": 0.0,
        "Net Income - Discontinued ops": 0.0,
        "Net Income": 9335000000.0,
        "Preferred Dividends": 0.0,
        "Net Income Com": 9335000000.0,
        "EPS": 2.27,
        "EPS Diluted": 2.21,
        "Weighted Average Shs Out": 4115000000.0,
        "Weighted Average Shs Out (Dil)": 4217000000.0,
        "Dividend per Share": 0.623903248755,
        "Gross Margin": 0.844412637829,
        "EBITDA Margin": 0.401850084818,
        "EBIT Margin": 0.336885072095,
        "Profit Margin": 0.247428965225,
        "Free Cash Flow margin": 0.320849236641,
        "EBITDA": 15161000000.0,
        "EBIT": 12710000000.0,
        "Consolidated Income": 9335000000.0,
        "Earnings Before Tax Margin": 0.305263994911,
        "Net Profit Margin": 0.247428965225
    },
    "2016": {
        "Revenue": 37047000000.0,
        "Revenue Growth": -0.0308428818081934,
        "Cost of Revenue": 9617000000.0,
        "Gross Profit": 27430000000.0,
        "R&D Expenses": 5787000000.0,
        "SG&A Expense": 9039000000.0,
        "Operating Expenses": 14826000000.0,
        "Operating Income": 12604000000.0,
        "Interest Expense": 1467000000.0,
        "Earnings before Tax": 11442000000.0,
        "Income Tax Expense": 2541000000.0,
        "Net Income - Non-Controlling int": 0.0,
        "Net Income - Discontinued ops": 0.0,
        "Net Income": 8901000000.0,
        "Preferred Dividends": 0.0,
        "Net Income Com": 8901000000.0,
        "EPS": 2.11,
        "EPS Diluted": 2.07,
        "Weighted Average Shs Out": 4221000000.0,
        "Weighted Average Shs Out (Dil)": 4305000000.0,
        "Dividend per Share": 0.0,
        "Gross Margin": 0.740410829487,
        "EBITDA Margin": 0.340216481766,
        "EBIT Margin": 0.340216481766,
        "Profit Margin": 0.240262369423,
        "Free Cash Flow margin": 0.0,
        "EBITDA": 12604000000.0,
        "EBIT": 12604000000.0,
        "Consolidated Income": 8901000000.0,
        "Earnings Before Tax Margin": 0.308850919103,
        "Net Profit Margin": 0.240262369423
    },
    "2015": {
        "Revenue": 38226000000.0,
        "Revenue Growth": -0.00128020901371653,
        "Cost of Revenue": 10099000000.0,
        "Gross Profit": 28127000000.0,
        "R&D Expenses": 5524000000.0,
        "SG&A Expense": 8732000000.0,
        "Operating Expenses": 14256000000.0,
        "Operating Income": 13871000000.0,
        "Interest Expense": 1143000000.0,
        "Earnings before Tax": 12834000000.0,
        "Income Tax Expense": 2896000000.0,
        "Net Income - Non-Controlling int": 0.0,
        "Net Income - Discontinued ops": 0.0,
        "Net Income": 9938000000.0,
        "Preferred Dividends": 0.0,
        "Net Income Com": 9938000000.0,
        "EPS": 2.26,
        "EPS Diluted": 2.21,
        "Weighted Average Shs Out": 4404000000.0,
        "Weighted Average Shs Out (Dil)": 4503000000.0,
        "Dividend per Share": 0.0,
        "Gross Margin": 0.735808088735,
        "EBITDA Margin": 0.362868204887,
        "EBIT Margin": 0.362868204887,
        "Profit Margin": 0.259980118244,
        "Free Cash Flow margin": 0.0,
        "EBITDA": 13871000000.0,
        "EBIT": 13871000000.0,
        "Consolidated Income": 9938000000.0,
        "Earnings Before Tax Margin": 0.335740072202,
        "Net Profit Margin": 0.259980118244
    },
    "2014": {
        "Revenue": 38275000000.0,
        "Revenue Growth": 0.0294513179128564,
        "Cost of Revenue": 9760000000.0,
        "Gross Profit": 28515000000.0,
        "R&D Expenses": 5151000000.0,
        "SG&A Expense": 8605000000.0,
        "Operating Expenses": 13756000000.0,
        "Operating Income": 14759000000.0,
        "Interest Expense": 914000000.0,
        "Earnings before Tax": 13704000000.0,
        "Income Tax Expense": 2749000000.0,
        "Net Income - Non-Controlling int": 0.0,
        "Net Income - Discontinued ops": 0.0,
        "Net Income": 10955000000.0,
        "Preferred Dividends": 0.0,
        "Net Income Com": 10955000000.0,
        "EPS": 2.42,
        "EPS Diluted": 2.38,
        "Weighted Average Shs Out": 4528000000.0,
        "Weighted Average Shs Out (Dil)": 4604000000.0,
        "Dividend per Share": 0.0,
        "Gross Margin": 0.745003265839,
        "EBITDA Margin": 0.385604180274,
        "EBIT Margin": 0.385604180274,
        "Profit Margin": 0.286218158067,
        "Free Cash Flow margin": 0.0,
        "EBITDA": 14759000000.0,
        "EBIT": 14759000000.0,
        "Consolidated Income": 10955000000.0,
        "Earnings Before Tax Margin": 0.358040496408,
        "Net Profit Margin": 0.286218158067
    },
    "2013": {
        "Revenue": 37180000000.0,
        "Revenue Growth": 0.00158939683736968,
        "Cost of Revenue": 9246000000.0,
        "Gross Profit": 27934000000.0,
        "R&D Expenses": 4850000000.0,