{
    "2019": {
        "Revenue": 2868755000.0,
        "Revenue Growth": 0.0190086745681808,
        "Cost of Revenue": 930703000.0,
        "Gross Profit": 1938052000.0,
        "R&D Expenses": 321836000.0,
        "SG&A Expense": 725944000.0,
        "Operating Expenses": 1371042000.0,
        "Operating Income": 567010000.0,
        "Interest Expense": 0.0,
        "Earnings before Tax": 440574000.0,
        "Income Tax Expense": 154937000.0,
        "Net Income - Non-Controlling int": 0.0,
        "Net Income - Discontinued ops": 0.0,
        "Net Income": 285501000.0,
        "Preferred Dividends": 0.0,
        "Net Income Com": 285501000.0,
        "EPS": 1.06,
        "EPS Diluted": 1.06,
        "Weighted Average Shs Out": 268784000.0,
        "Weighted Average Shs Out (Dil)": 269908000.0,
        "Dividend per Share": 0.625768780473,
        "Gross Margin": 0.675572504449,
        "EBITDA Margin": 0.363317188118,
        "EBIT Margin": 0.197650200174,
        "Profit Margin": 0.0995208722948,
        "Free Cash Flow margin": 0.283203340822,
        "EBITDA": 1042268000.0,
        "EBIT": 567010000.0,
        "Consolidated Income": 285501000.0,
        "Earnings Before Tax Margin": 0.153576725792,
        "Net Profit Margin": 0.0995208722948
    },
    "2018": {
        "Revenue": 2815241000.0,
        "Revenue Growth": 0.228795704340835,
        "Cost of Revenue": 951411000.0,
        "Gross Profit": 1863830000.0,
        "R&D Expenses": 323461000.0,
        "SG&A Expense": 734694000.0,
        "Operating Expenses": 1358427000.0,
        "Operating Income": 505403000.0,
        "Interest Expense": 0.0,
        "Earnings before Tax": 386126000.0,
        "Income Tax Expense": 143826000.0,
        "Net Income - Non-Controlling int": 0.0,
        "Net Income - Discontinued ops": 0.0,
        "Net Income": 242224000.0,
        "Preferred Dividends": 0.0,
        "Net Income Com": 242224000.0,
        "EPS": 0.91,
        "EPS Diluted": 0.91,
        "Weighted Average Shs Out": 266085000.0,
        "Weighted Average Shs Out (Dil)": 267492000.0,
        "Dividend per Share": 0.544363943595,
        "Gross Margin": 0.662049891999,
        "EBITDA Margin": 0.344986450538,
        "EBIT Margin": 0.179523884456,
        "Profit Margin": 0.0860402359869,
        "Free Cash Flow margin": 0.214747867056,
        "EBITDA": 971220000.0,
        "EBIT": 505403000.0,
        "Consolidated Income": 242224000.0,
        "Earnings Before Tax Margin": 0.137155575668,
        "Net Profit Margin": 0.0860402359869
    },
    "2017": {
        "Revenue": 2291057000.0,
        "Revenue Growth": 0.255904963633932,
        "Cost of Revenue": 762391000.0,
        "Gross Profit": 1528666000.0,
        "R&D Expenses": 281680000.0,
        "SG&A Expense": 615276000.0,
        "Operating Expenses": 1175734000.0,
        "Operating Income": 352932000.0,
        "Interest Expense": 0.0,
        "Earnings before Tax": 249551000.0,
        "Income Tax Expense": -776364000.0,
        "Net Income - Non-Controlling int": 0.0,
        "Net Income - Discontinued ops": 0.0,
        "Net Income": 1025659000.0,
        "Preferred Dividends": 0.0,
        "Net Income Com": 1025659000.0,
        "EPS": 4.04,
        "EPS Diluted": 4.01,
        "Weighted Average Shs Out": 253879000.0,
        "Weighted Average Shs Out (Dil)": 255805000.0,
        "Dividend per Share": 0.47137858916,
        "Gross Margin": 0.667231762457,
        "EBITDA Margin": 0.309882730984,
        "EBIT Margin": 0.154047673192,
        "Profit Margin": 0.447679389906,
        "Free Cash Flow margin": 0.156984745469,
        "EBITDA": 709959000.0,
        "EBIT": 352932000.0,
        "Consolidated Income": 1025659000.0,
        "Earnings Before Tax Margin": 0.108923959552,
        "Net Profit Margin": 0.447679389906
    },
    "2016": {
        "Revenue": 1824228000.0,
        "Revenue Growth": -0.0149515340050337,
        "Cost of Revenue": 574000000.0,
        "Gross Profit": 1250228000.0,
        "R&D Expenses": 194057000.0,
        "SG&A Expense": 484632000.0,
        "Operating Expenses": 881665000.0,
        "Operating Income": 368563000.0,
        "Interest Expense": 0.0,
        "Earnings before Tax": 290777000.0,
        "Income Tax Expense": 6282000.0,
        "Net Income - Non-Controlling int": 0.0,
        "Net Income - Discontinued ops": 0.0,
        "Net Income": 284477000.0,
        "Preferred Dividends": 0.0,
        "Net Income Com": 284477000.0,
        "EPS": 2.34,
        "EPS Diluted": 2.33,
        "Weighted Average Shs Out": 121463000.0,
        "Weighted Average Shs Out (Dil)": 122038000.0,
        "Dividend per Share": 0.813369606188,
        "Gross Margin": 0.68534634925,
        "EBITDA Margin": 0.342891349108,
        "EBIT Margin": 0.202037793521,
        "Profit Margin": 0.155943774572,
        "Free Cash Flow margin": 0.24981142708,
        "EBITDA": 625512000.0,
        "EBIT": 368563000.0,
        "Consolidated Income": 284477000.0,
        "Earnings Before Tax Margin": 0.159397290251,
        "Net Profit Margin": 0.155943774572
    },
    "2015": {
        "Revenue": 1851917000.0,
        "Revenue Growth": 0.139852366499887,
        "Cost of Revenue": 601785000.0,
        "Gross Profit": 1250132000.0,
        "R&D Expenses": 196491000.0,
        "SG&A Expense": 532962000.0,
        "Operating Expenses": 901421000.0,
        "Operating Income": 348711000.0,
        "Interest Expense": 0.0,
        "Earnings before Tax": 266044000.0,
        "Income Tax Expense": 31638000.0,
        "Net Income - Non-Controlling int": 0.0,
        "Net Income - Discontinued ops": 0.0,
        "Net Income": 234327000.0,
        "Preferred Dividends": 0.0,
        "Net Income Com": 234327000.0,
        "EPS": 1.92,
        "EPS Diluted": 1.91,
        "Weighted Average Shs Out": 122092000.0,
        "Weighted Average Shs Out (Dil)": 122957000.0,
        "Dividend per Share": 0.712680042617,
        "Gross Margin": 0.675047531828,
        "EBITDA Margin": 0.326115587254,
        "EBIT Margin": 0.1882973157,
        "Profit Margin": 0.1265321286,
        "Free Cash Flow margin": 0.240823427832,
        "EBITDA": 603939000.0,
        "EBIT": 348711000.0,
        "Consolidated Income": 234327000.0,
        "Earnings Before Tax Margin": 0.143658706087,
        "Net Profit Margin": 0.1265321286
    },
    "2014": {
        "Revenue": 1624699000.0,
        "Revenue Growth": 0.191708426976182,
        "Cost of Revenue": 511670000.0,
        "Gross Profit": 1113029000.0,
        "R&D Expenses": 176834000.0,
        "SG&A Expense": 488093000.0,
        "Operating Expenses": 812501000.0,
        "Operating Income": 300528000.0,
        "Interest Expense": 0.0,
        "Earnings before Tax": 276535000.0,
        "Income Tax Expense": 58461000.0,
        "Net Income - Non-Controlling int": 0.0,
        "Net Income - Discontinued ops": 0.0,
        "Net Income": 218125000.0,
        "Preferred Dividends": 0.0,
        "Net Income Com": 218125000.0,
        "EPS": 1.82,
        "EPS Diluted": 1.81,
        "Weighted Average Shs Out": 119674000.0,
        "Weighted Average Shs Out (Dil)": 120576000.0,
        "Dividend per Share": 0.619468219214,
        "Gross Margin": 0.685067818716,
        "EBITDA Margin": 0.30848975718,
        "EBIT Margin": 0.184974570674,
        "Profit Margin": 0.134255637506,
        "Free Cash Flow margin": 0.230725198945,
        "EBITDA": 501203000.0,
        "EBIT": 300528000.0,
        "Consolidated Income": 218125000.0,
        "Earnings Before Tax Margin": 0.170206912173,
        "Net Profit Margin": 0.134255637506
    },
    "2013": {
        "Revenue": 1363336000.0,
        "Revenue Growth": 0.129081975331954,
        "Cost of Revenue": 485904000.0,
        "Gross Profit": 877432000.0,
        "R&D Expenses": 164010000.0,
        "SG&A Expense": 398482000.0,
        "Operating Expenses": 679767000.0,
        "Operating Income": 197665000.0,
        "Interest Expense": 0.0,