{
    "2018": {
        "Revenue": 1606200000.0,
        "Revenue Growth": 0.0563630384741861,
        "Cost of Revenue": 1210100000.0,
        "Gross Profit": 396100000.0,
        "R&D Expenses": 0.0,
        "SG&A Expense": 287000000.0,
        "Operating Expenses": 161300000.0,
        "Operating Income": 234800000.0,
        "Interest Expense": 125700000.0,
        "Earnings before Tax": 108700000.0,
        "Income Tax Expense": 4900000.0,
        "Net Income - Non-Controlling int": 0.0,
        "Net Income - Discontinued ops": 0.0,
        "Net Income": 107900000.0,
        "Preferred Dividends": 0.0,
        "Net Income Com": 107900000.0,
        "EPS": 0.76,
        "EPS Diluted": 0.75,
        "Weighted Average Shs Out": 139300000.0,
        "Weighted Average Shs Out (Dil)": 139600000.0,
        "Dividend per Share": 1.4606017192,
        "Gross Margin": 0.246606898269,
        "EBITDA Margin": 0.264910969991,
        "EBIT Margin": 0.146183538787,
        "Profit Margin": 0.067177188395,
        "Free Cash Flow margin": 0.0821815465073,
        "EBITDA": 425500000.0,
        "EBIT": 234800000.0,
        "Consolidated Income": 107900000.0,
        "Earnings Before Tax Margin": 0.0676752583738,
        "Net Profit Margin": 0.067177188395
    },
    "2017": {
        "Revenue": 1520500000.0,
        "Revenue Growth": 0.00435960103045115,
        "Cost of Revenue": 1134000000.0,
        "Gross Profit": 386500000.0,
        "R&D Expenses": 0.0,
        "SG&A Expense": 261700000.0,
        "Operating Expenses": 144800000.0,
        "Operating Income": 241700000.0,
        "Interest Expense": 116900000.0,
        "Earnings before Tax": 125100000.0,
        "Income Tax Expense": 4100000.0,
        "Net Income - Non-Controlling int": 0.0,
        "Net Income - Discontinued ops": 0.0,
        "Net Income": 125800000.0,
        "Preferred Dividends": 0.0,
        "Net Income Com": 125800000.0,
        "EPS": 0.9,
        "EPS Diluted": 0.9,
        "Weighted Average Shs Out": 138500000.0,
        "Weighted Average Shs Out (Dil)": 138900000.0,
        "Dividend per Share": 1.4528437725,
        "Gross Margin": 0.25419269977,
        "EBITDA Margin": 0.287800065768,
        "EBIT Margin": 0.158960868135,
        "Profit Margin": 0.0827359421243,
        "Free Cash Flow margin": 0.117395593555,
        "EBITDA": 437600000.0,
        "EBIT": 241700000.0,
        "Consolidated Income": 125800000.0,
        "Earnings Before Tax Margin": 0.0822755672476,
        "Net Profit Margin": 0.0827359421243
    },
    "2016": {
        "Revenue": 1513900000.0,
        "Revenue Growth": 6.60589245607082e-05,
        "Cost of Revenue": 1158000000.0,
        "Gross Profit": 355900000.0,
        "R&D Expenses": 0.0,
        "SG&A Expense": 264800000.0,
        "Operating Expenses": 151000000.0,
        "Operating Income": 204900000.0,
        "Interest Expense": 113800000.0,
        "Earnings before Tax": 91000000.0,
        "Income Tax Expense": 5400000.0,
        "Net Income - Non-Controlling int": 0.0,
        "Net Income - Discontinued ops": 0.0,
        "Net Income": 90900000.0,
        "Preferred Dividends": 0.0,
        "Net Income Com": 90900000.0,
        "EPS": 0.66,
        "EPS Diluted": 0.66,
        "Weighted Average Shs Out": 137900000.0,
        "Weighted Average Shs Out (Dil)": 138400000.0,
        "Dividend per Share": 0.0,
        "Gross Margin": 0.235088182839,
        "EBITDA Margin": 0.287667613449,
        "EBIT Margin": 0.135345795627,
        "Profit Margin": 0.0600435960103,
        "Free Cash Flow margin": 0.150406235551,
        "EBITDA": 435500000.0,
        "EBIT": 204900000.0,
        "Consolidated Income": 90900000.0,
        "Earnings Before Tax Margin": 0.0601096505714,
        "Net Profit Margin": 0.0600435960103
    },
    "2015": {
        "Revenue": 1513800000.0,
        "Revenue Growth": 0.118185847244792,
        "Cost of Revenue": 1283900000.0,
        "Gross Profit": 229900000.0,
        "R&D Expenses": 0.0,
        "SG&A Expense": 258300000.0,
        "Operating Expenses": 143500000.0,
        "Operating Income": 86400000.0,
        "Interest Expense": 114800000.0,
        "Earnings before Tax": -28800000.0,
        "Income Tax Expense": 5400000.0,
        "Net Income - Non-Controlling int": 0.0,
        "Net Income - Discontinued ops": 0.0,
        "Net Income": -29400000.0,
        "Preferred Dividends": 0.0,
        "Net Income Com": -29400000.0,
        "EPS": -0.21,
        "EPS Diluted": -0.21,
        "Weighted Average Shs Out": 137300000.0,
        "Weighted Average Shs Out (Dil)": 137300000.0,
        "Dividend per Share": 0.0,
        "Gross Margin": 0.151869467565,
        "EBITDA Margin": 0.212577619236,
        "EBIT Margin": 0.0570749108205,
        "Profit Margin": -0.0194213238208,
        "Free Cash Flow margin": 0.154511824547,
        "EBITDA": 321800000.0,
        "EBIT": 86400000.0,
        "Consolidated Income": -29400000.0,
        "Earnings Before Tax Margin": -0.0190249702735,
        "Net Profit Margin": -0.0194213238208
    },
    "2014": {
        "Revenue": 1353800000.0,
        "Revenue Growth": 0.0462132921174652,
        "Cost of Revenue": 946400000.0,
        "Gross Profit": 407400000.0,
        "R&D Expenses": 0.0,
        "SG&A Expense": 224300000.0,
        "Operating Expenses": 224300000.0,
        "Operating Income": 183100000.0,
        "Interest Expense": 84800000.0,
        "Earnings before Tax": 98000000.0,
        "Income Tax Expense": -206000000.0,
        "Net Income - Non-Controlling int": 0.0,
        "Net Income - Discontinued ops": 0.0,
        "Net Income": 306900000.0,
        "Preferred Dividends": 0.0,
        "Net Income Com": 306900000.0,
        "EPS": 2.69,
        "EPS Diluted": 2.67,
        "Weighted Average Shs Out": 114300000.0,
        "Weighted Average Shs Out (Dil)": 114800000.0,
        "Dividend per Share": 0.0,
        "Gross Margin": 0.300930713547,
        "EBITDA Margin": 0.293544098094,
        "EBIT Margin": 0.135248928941,
        "Profit Margin": 0.226695228246,
        "Free Cash Flow margin": 0.146698182893,
        "EBITDA": 397400000.0,
        "EBIT": 183100000.0,
        "Consolidated Income": 306900000.0,
        "Earnings Before Tax Margin": 0.0723888314374,
        "Net Profit Margin": 0.226695228246
    },
    "2013": {
        "Revenue": 1294000000.0,
        "Revenue Growth": 0.00731745290362759,
        "Cost of Revenue": 686900000.0,
        "Gross Profit": 607100000.0,
        "R&D Expenses": 0.0,
        "SG&A Expense": 199800000.0,
        "Operating Expenses": 368300000.0,
        "Operating Income": 238800000.0,
        "Interest Expense": 0.0,
        "Earnings before Tax": 240100000.0,
        "Income Tax Expense": 96600000.0,
        "Net Income - Non-Controlling int": 0.0,
        "Net Income - Discontinued ops": 0.0,
        "Net Income": 143500000.0,
        "Preferred Dividends": 0.0,
        "Net Income Com": 143500000.0,
        "EPS": 1.26,
        "EPS Diluted": 1.25,
        "Weighted Average Shs Out": 134592000.0,
        "Weighted Average Shs Out (Dil)": 114300000.0,
        "Dividend per Share": 0.0,
        "Gross Margin": 0.4692,
        "EBITDA Margin": 0.337,
        "EBIT Margin": 0.1855,
        "Profit Margin": 0.111,
        "Free Cash Flow margin": 0.1702,
        "EBITDA": 435900000.0,
        "EBIT": 240100000.0,
        "Consolidated Income": 143500000.0,
        "Earnings Before Tax Margin": 0.1855,
        "Net Profit Margin": 0.1109
    },
    "2012": {
        "Revenue": 1284600000.0,
        "Revenue Growth": 0.00587268029128494,
        "Cost of Revenue": 700100000.0,
        "Gross Profit": 584500000.0,
        "R&D Expenses": 0.0,
        "SG&A Expense": 181800000.0,
        "Operating Expenses": 383300000.0,
        "Operating Income": 201200000.0,
        "Interest Expense": 0.0,
        "Earnings before Tax": 202400000.0,
        "Income Tax Expense": 89000000.0,