{
    "2019": {
        "Revenue": 975777000.0,
        "Revenue Growth": -0.0628153276237804,
        "Cost of Revenue": 420201000.0,
        "Gross Profit": 555576000.0,
        "R&D Expenses": 0.0,
        "SG&A Expense": 89759000.0,
        "Operating Expenses": 488073000.0,
        "Operating Income": 67503000.0,
        "Interest Expense": 0.0,
        "Earnings before Tax": -38055000.0,
        "Income Tax Expense": -2255000.0,
        "Net Income - Non-Controlling int": 0.0,
        "Net Income - Discontinued ops": 0.0,
        "Net Income": -35800000.0,
        "Preferred Dividends": 0.0,
        "Net Income Com": -35800000.0,
        "EPS": -0.69,
        "EPS Diluted": -0.69,
        "Weighted Average Shs Out": 52068000.0,
        "Weighted Average Shs Out (Dil)": 52068000.0,
        "Dividend per Share": 0.0,
        "Gross Margin": 0.569367796126,
        "EBITDA Margin": 0.107816642532,
        "EBIT Margin": 0.0691787160386,
        "Profit Margin": -0.0366887106378,
        "Free Cash Flow margin": 0.183242687622,
        "EBITDA": 105205000.0,
        "EBIT": 67503000.0,
        "Consolidated Income": -35800000.0,
        "Earnings Before Tax Margin": -0.0389996894782,
        "Net Profit Margin": -0.0366887106378
    },
    "2018": {
        "Revenue": 1041179000.0,
        "Revenue Growth": 0.180394757726232,
        "Cost of Revenue": 464674000.0,
        "Gross Profit": 576505000.0,
        "R&D Expenses": 0.0,
        "SG&A Expense": 85001000.0,
        "Operating Expenses": 360639000.0,
        "Operating Income": 215866000.0,
        "Interest Expense": 0.0,
        "Earnings before Tax": 107086000.0,
        "Income Tax Expense": -232484000.0,
        "Net Income - Non-Controlling int": 0.0,
        "Net Income - Discontinued ops": 0.0,
        "Net Income": 339570000.0,
        "Preferred Dividends": 0.0,
        "Net Income Com": 339570000.0,
        "EPS": 6.4,
        "EPS Diluted": 6.34,
        "Weighted Average Shs Out": 53099000.0,
        "Weighted Average Shs Out (Dil)": 53526000.0,
        "Dividend per Share": 0.0,
        "Gross Margin": 0.553704022075,
        "EBITDA Margin": 0.245907764179,
        "EBIT Margin": 0.207328422874,
        "Profit Margin": 0.326139885649,
        "Free Cash Flow margin": 0.189763719783,
        "EBITDA": 256034000.0,
        "EBIT": 215866000.0,
        "Consolidated Income": 339570000.0,
        "Earnings Before Tax Margin": 0.102850710589,
        "Net Profit Margin": 0.326139885649
    },
    "2017": {
        "Revenue": 882060000.0,
        "Revenue Growth": 0.0940319777934057,
        "Cost of Revenue": 381774000.0,
        "Gross Profit": 500286000.0,
        "R&D Expenses": 0.0,
        "SG&A Expense": 89143000.0,
        "Operating Expenses": 294673000.0,
        "Operating Income": 205613000.0,
        "Interest Expense": 0.0,
        "Earnings before Tax": 110850000.0,
        "Income Tax Expense": 41455000.0,
        "Net Income - Non-Controlling int": 0.0,
        "Net Income - Discontinued ops": 0.0,
        "Net Income": 69395000.0,
        "Preferred Dividends": 0.0,
        "Net Income Com": 69395000.0,
        "EPS": 1.31,
        "EPS Diluted": 1.3,
        "Weighted Average Shs Out": 52976000.0,
        "Weighted Average Shs Out (Dil)": 53362000.0,
        "Dividend per Share": 0.0,
        "Gross Margin": 0.567179103462,
        "EBITDA Margin": 0.27213341496,
        "EBIT Margin": 0.233105457679,
        "Profit Margin": 0.0786737863637,
        "Free Cash Flow margin": 0.164155499626,
        "EBITDA": 240038000.0,
        "EBIT": 205613000.0,
        "Consolidated Income": 69395000.0,
        "Earnings Before Tax Margin": 0.125671723012,
        "Net Profit Margin": 0.0786737863637
    },
    "2016": {
        "Revenue": 806247000.0,
        "Revenue Growth": 0.12821305779411,
        "Cost of Revenue": 339036000.0,
        "Gross Profit": 467211000.0,
        "R&D Expenses": 0.0,
        "SG&A Expense": 72418000.0,
        "Operating Expenses": 206896000.0,
        "Operating Income": 260315000.0,
        "Interest Expense": 0.0,
        "Earnings before Tax": 157185000.0,
        "Income Tax Expense": 57278000.0,
        "Net Income - Non-Controlling int": 0.0,
        "Net Income - Discontinued ops": 0.0,
        "Net Income": 99907000.0,
        "Preferred Dividends": 0.0,
        "Net Income Com": 99907000.0,
        "EPS": 1.89,
        "EPS Diluted": 1.88,
        "Weighted Average Shs Out": 52754000.0,
        "Weighted Average Shs Out (Dil)": 53143000.0,
        "Dividend per Share": 0.0,
        "Gross Margin": 0.579488667865,
        "EBITDA Margin": 0.363393600224,
        "EBIT Margin": 0.322872519216,
        "Profit Margin": 0.123916119998,
        "Free Cash Flow margin": 0.211823423839,
        "EBITDA": 292985000.0,
        "EBIT": 260315000.0,
        "Consolidated Income": 99907000.0,
        "Earnings Before Tax Margin": 0.194958864963,
        "Net Profit Margin": 0.123916119998
    },
    "2015": {
        "Revenue": 714623000.0,
        "Revenue Growth": 0.187316097368084,
        "Cost of Revenue": 308400000.0,
        "Gross Profit": 406223000.0,
        "R&D Expenses": 0.0,
        "SG&A Expense": 81273000.0,
        "Operating Expenses": 198664000.0,
        "Operating Income": 207559000.0,
        "Interest Expense": 0.0,
        "Earnings before Tax": 127458000.0,
        "Income Tax Expense": 49198000.0,
        "Net Income - Non-Controlling int": 0.0,
        "Net Income - Discontinued ops": 0.0,
        "Net Income": 78260000.0,
        "Preferred Dividends": 0.0,
        "Net Income Com": 78260000.0,
        "EPS": 1.5,
        "EPS Diluted": 1.49,
        "Weighted Average Shs Out": 52170000.0,
        "Weighted Average Shs Out (Dil)": 52670000.0,
        "Dividend per Share": 0.0,
        "Gross Margin": 0.568443780847,
        "EBITDA Margin": 0.327613300999,
        "EBIT Margin": 0.290445451658,
        "Profit Margin": 0.109512288297,
        "Free Cash Flow margin": 0.210116383044,
        "EBITDA": 234120000.0,
        "EBIT": 207559000.0,
        "Consolidated Income": 78260000.0,
        "Earnings Before Tax Margin": 0.178356979834,
        "Net Profit Margin": 0.109512288297
    },
    "2014": {
        "Revenue": 601881000.0,
        "Revenue Growth": -0.0348237724042932,
        "Cost of Revenue": 261830000.0,
        "Gross Profit": 340051000.0,
        "R&D Expenses": 0.0,
        "SG&A Expense": 48481000.0,
        "Operating Expenses": 151435000.0,
        "Operating Income": 188616000.0,
        "Interest Expense": 0.0,
        "Earnings before Tax": 101748000.0,
        "Income Tax Expense": 29133000.0,
        "Net Income - Non-Controlling int": 0.0,
        "Net Income - Discontinued ops": 0.0,
        "Net Income": 72615000.0,
        "Preferred Dividends": 0.0,
        "Net Income Com": 72615000.0,
        "EPS": 1.41,
        "EPS Diluted": 1.39,
        "Weighted Average Shs Out": 51641000.0,
        "Weighted Average Shs Out (Dil)": 52349000.0,
        "Dividend per Share": 0.0,
        "Gross Margin": 0.564980452947,
        "EBITDA Margin": 0.35324923033,
        "EBIT Margin": 0.313377561345,
        "Profit Margin": 0.120646772369,
        "Free Cash Flow margin": 0.180796536192,
        "EBITDA": 212614000.0,
        "EBIT": 188616000.0,
        "Consolidated Income": 72615000.0,
        "Earnings Before Tax Margin": 0.169050028162,
        "Net Profit Margin": 0.120646772369
    },
    "2013": {
        "Revenue": 623597000.0,
        "Revenue Growth": 0.413779656982214,
        "Cost of Revenue": 276381000.0,
        "Gross Profit": 347216000.0,
        "R&D Expenses": 0.0,
        "SG&A Expense": 51467000.0,
        "Operating Expenses": 155332000.0,
        "Operating Income": 191884000.0,
        "Interest Expense": 0.0,
        "Earnings before Tax": 106034000.0,
        "Income Tax Expense": 40529000.0,
        "Net Income - Non-Controlling int": 0.0,