{
    "2018": {
        "Revenue": 1141621481.4815,
        "Revenue Growth": 0.0999528815144119,
        "Cost of Revenue": 791015555.5556,
        "Gross Profit": 350605925.9259,
        "R&D Expenses": 0.0,
        "SG&A Expense": 83249629.6296,
        "Operating Expenses": 497326666.6667,
        "Operating Income": -146720740.7407,
        "Interest Expense": 94205925.9259,
        "Earnings before Tax": -239700740.7407,
        "Income Tax Expense": -21722962.963,
        "Net Income - Non-Controlling int": 0.0,
        "Net Income - Discontinued ops": 0.0,
        "Net Income": -217977777.7778,
        "Preferred Dividends": 0.0,
        "Net Income Com": -217977777.7778,
        "EPS": -0.7407,
        "EPS Diluted": -0.7407,
        "Weighted Average Shs Out": 217213968.8889,
        "Weighted Average Shs Out (Dil)": 217213968.8889,
        "Dividend per Share": 0.0,
        "Gross Margin": 0.3071,
        "EBITDA Margin": 0.0815,
        "EBIT Margin": -0.1274,
        "Profit Margin": -0.1415,
        "Free Cash Flow margin": 0.1319,
        "EBITDA": 125364444.4444,
        "EBIT": -145494814.8148,
        "Consolidated Income": -217977777.7778,
        "Earnings Before Tax Margin": -0.21,
        "Net Profit Margin": -0.1909
    },
    "2017": {
        "Revenue": 1037882168.1068,
        "Revenue Growth": 0.39041841121209,
        "Cost of Revenue": 727549882.1681,
        "Gross Profit": 310332285.9387,
        "R&D Expenses": 0.0,
        "SG&A Expense": 70755695.2082,
        "Operating Expenses": 379521602.5137,
        "Operating Income": -69189316.575,
        "Interest Expense": 108348782.4038,
        "Earnings before Tax": -182291437.5491,
        "Income Tax Expense": -78571091.9089,
        "Net Income - Non-Controlling int": 0.0,
        "Net Income - Discontinued ops": 0.0,
        "Net Income": -103720345.6402,
        "Preferred Dividends": 0.0,
        "Net Income Com": -103720345.6402,
        "EPS": -0.3535,
        "EPS Diluted": -0.3535,
        "Weighted Average Shs Out": 230352598.586,
        "Weighted Average Shs Out (Dil)": 230352598.586,
        "Dividend per Share": 0.0,
        "Gross Margin": 0.299,
        "EBITDA Margin": 0.1689,
        "EBIT Margin": -0.0712,
        "Profit Margin": -0.0786,
        "Free Cash Flow margin": 0.0428,
        "EBITDA": 222794186.9599,
        "EBIT": -73942655.1453,
        "Consolidated Income": -103720345.6402,
        "Earnings Before Tax Margin": -0.1756,
        "Net Profit Margin": -0.0999
    },
    "2016": {
        "Revenue": 746453125.0,
        "Revenue Growth": -0.336379053116333,
        "Cost of Revenue": 492347470.2381,
        "Gross Profit": 254105654.7619,
        "R&D Expenses": 0.0,
        "SG&A Expense": 80125744.0476,
        "Operating Expenses": 370161458.3333,
        "Operating Income": -116055803.5714,
        "Interest Expense": 108898809.5238,
        "Earnings before Tax": -229602678.5714,
        "Income Tax Expense": -113862351.1905,
        "Net Income - Non-Controlling int": 0.0,
        "Net Income - Discontinued ops": 0.0,
        "Net Income": -115740327.381,
        "Preferred Dividends": 0.0,
        "Net Income Com": -115740327.381,
        "EPS": -0.3943,
        "EPS Diluted": -0.3943,
        "Weighted Average Shs Out": 217940543.1548,
        "Weighted Average Shs Out (Dil)": 217940543.1548,
        "Dividend per Share": 0.0,
        "Gross Margin": 0.3404,
        "EBITDA Margin": 0.1704,
        "EBIT Margin": -0.1617,
        "Profit Margin": -0.1153,
        "Free Cash Flow margin": -0.0729,
        "EBITDA": 170709077.381,
        "EBIT": -120703869.0476,
        "Consolidated Income": -115740327.381,
        "Earnings Before Tax Margin": -0.3076,
        "Net Profit Margin": -0.1551
    },
    "2015": {
        "Revenue": 1124818510.4845,
        "Revenue Growth": -0.443940447172953,
        "Cost of Revenue": 675844540.8532,
        "Gross Profit": 448973969.6312,
        "R&D Expenses": 0.0,
        "SG&A Expense": 91412147.5054,
        "Operating Expenses": 794874186.551,
        "Operating Income": -345900216.9197,
        "Interest Expense": 87522053.5069,
        "Earnings before Tax": -409379609.5445,
        "Income Tax Expense": -146591467.8236,
        "Net Income - Non-Controlling int": 0.0,
        "Net Income - Discontinued ops": 0.0,
        "Net Income": -262788141.7209,
        "Preferred Dividends": 0.0,
        "Net Income Com": -262788141.7209,
        "EPS": -0.8966,
        "EPS Diluted": -0.8966,
        "Weighted Average Shs Out": 211728070.1374,
        "Weighted Average Shs Out (Dil)": 211728070.1374,
        "Dividend per Share": 0.1591,
        "Gross Margin": 0.3992,
        "EBITDA Margin": 0.0195,
        "EBIT Margin": -0.2861,
        "Profit Margin": -0.1692,
        "Free Cash Flow margin": 0.0438,
        "EBITDA": 30026030.3688,
        "EBIT": -321857556.0376,
        "Consolidated Income": -262788141.7209,
        "Earnings Before Tax Margin": -0.364,
        "Net Profit Margin": -0.2336
    },
    "2014": {
        "Revenue": 2022838209.9828,
        "Revenue Growth": 0.0602582469760223,
        "Cost of Revenue": 1209833907.0568,
        "Gross Profit": 813004302.926,
        "R&D Expenses": 0.0,
        "SG&A Expense": 124217728.0551,
        "Operating Expenses": 701272805.5077,
        "Operating Income": 111731497.4182,
        "Interest Expense": 94407056.7986,
        "Earnings before Tax": 18138554.2169,
        "Income Tax Expense": -10391566.2651,
        "Net Income - Non-Controlling int": 0.0,
        "Net Income - Discontinued ops": 0.0,
        "Net Income": 28530120.4819,
        "Preferred Dividends": 0.0,
        "Net Income Com": 28530120.4819,
        "EPS": 0.0947,
        "EPS Diluted": 0.0947,
        "Weighted Average Shs Out": 251273382.9604,
        "Weighted Average Shs Out (Dil)": 251273382.9604,
        "Dividend per Share": 0.1945,
        "Gross Margin": 0.4019,
        "EBITDA Margin": 0.2126,
        "EBIT Margin": 0.0556,
        "Profit Margin": 0.012,
        "Free Cash Flow margin": -0.0318,
        "EBITDA": 498663511.1876,
        "EBIT": 112545611.0155,
        "Consolidated Income": 28530120.4819,
        "Earnings Before Tax Margin": 0.009,
        "Net Profit Margin": 0.0141
    },
    "2013": {
        "Revenue": 1907873120.3008,
        "Revenue Growth": -0.0707170181914243,
        "Cost of Revenue": 1173531015.0376,
        "Gross Profit": 734342105.2632,
        "R&D Expenses": 0.0,
        "SG&A Expense": 133935150.3759,
        "Operating Expenses": 447054511.2782,
        "Operating Income": 287287593.985,
        "Interest Expense": 87639097.7444,
        "Earnings before Tax": 208212406.015,
        "Income Tax Expense": 28560150.3759,
        "Net Income - Non-Controlling int": 0.0,
        "Net Income - Discontinued ops": 0.0,
        "Net Income": 179652255.6391,
        "Preferred Dividends": 0.0,
        "Net Income Com": 179652255.6391,
        "EPS": 0.6485,
        "EPS Diluted": 0.6203,
        "Weighted Average Shs Out": 259845648.4962,
        "Weighted Average Shs Out (Dil)": 259845648.4962,
        "Dividend per Share": 0.2397,
        "Gross Margin": 0.3849,
        "EBITDA Margin": 0.2998,
        "EBIT Margin": 0.1551,
        "Profit Margin": 0.0883,
        "Free Cash Flow margin": -0.0465,
        "EBITDA": 608970864.6617,
        "EBIT": 295851503.7594,
        "Consolidated Income": 179652255.6391,
        "Earnings Before Tax Margin": 0.1091,
        "Net Profit Margin": 0.0942
    },
    "2012": {
        "Revenue": 2053059356.1368,
        "Revenue Growth": 0.0754472705768605,
        "Cost of Revenue": 1250805835.0101,
        "Gross Profit": 802253521.1268,
        "R&D Expenses": 0.0,
        "SG&A Expense": 127412474.8491,
        "Operating Expenses": 683280684.1046,
        "Operating Income": 118972837.0221,
        "Interest Expense": 87353118.7123,
        "Earnings before Tax": 27844064.3863,