{
    "2018": {
        "Revenue": 35412000.0,
        "Revenue Growth": 0.384741719782583,
        "Cost of Revenue": 7800000.0,
        "Gross Profit": 27612000.0,
        "R&D Expenses": 6855000.0,
        "SG&A Expense": 28780000.0,
        "Operating Expenses": 39500000.0,
        "Operating Income": -11888000.0,
        "Interest Expense": 3391000.0,
        "Earnings before Tax": -14722000.0,
        "Income Tax Expense": 0.0,
        "Net Income - Non-Controlling int": 0.0,
        "Net Income - Discontinued ops": 0.0,
        "Net Income": -14722000.0,
        "Preferred Dividends": 0.0,
        "Net Income Com": -14722000.0,
        "EPS": -0.32,
        "EPS Diluted": -0.32,
        "Weighted Average Shs Out": 46606855.0,
        "Weighted Average Shs Out (Dil)": 46606855.0,
        "Dividend per Share": 0.0,
        "Gross Margin": 0.779735682819,
        "EBITDA Margin": -0.279001468429,
        "EBIT Margin": -0.335705410595,
        "Profit Margin": -0.415734779171,
        "Free Cash Flow margin": -0.317999548176,
        "EBITDA": -9880000.0,
        "EBIT": -11888000.0,
        "Consolidated Income": -14722000.0,
        "Earnings Before Tax Margin": -0.415734779171,
        "Net Profit Margin": -0.415734779171
    },
    "2017": {
        "Revenue": 25573000.0,
        "Revenue Growth": -0.336644963814168,
        "Cost of Revenue": 24185000.0,
        "Gross Profit": 1388000.0,
        "R&D Expenses": 15126000.0,
        "SG&A Expense": 28897000.0,
        "Operating Expenses": 45844000.0,
        "Operating Income": -44456000.0,
        "Interest Expense": 3481000.0,
        "Earnings before Tax": -47510000.0,
        "Income Tax Expense": 0.0,
        "Net Income - Non-Controlling int": 0.0,
        "Net Income - Discontinued ops": 0.0,
        "Net Income": -47510000.0,
        "Preferred Dividends": 0.0,
        "Net Income Com": -47510000.0,
        "EPS": -1.17,
        "EPS Diluted": -1.17,
        "Weighted Average Shs Out": 40494301.0,
        "Weighted Average Shs Out (Dil)": 40494301.0,
        "Dividend per Share": 0.0,
        "Gross Margin": 0.0542759942126,
        "EBITDA Margin": -1.6729363,
        "EBIT Margin": -1.73839596449,
        "Profit Margin": -1.85781879326,
        "Free Cash Flow margin": -1.49321550072,
        "EBITDA": -42782000.0,
        "EBIT": -44456000.0,
        "Consolidated Income": -47510000.0,
        "Earnings Before Tax Margin": -1.85781879326,
        "Net Profit Margin": -1.85781879326
    },
    "2016": {
        "Revenue": 38551000.0,
        "Revenue Growth": 55.8598820058997,
        "Cost of Revenue": 11460000.0,
        "Gross Profit": 27091000.0,
        "R&D Expenses": 30462000.0,
        "SG&A Expense": 27342000.0,
        "Operating Expenses": 57910000.0,
        "Operating Income": -30819000.0,
        "Interest Expense": 3396000.0,
        "Earnings before Tax": -33575000.0,
        "Income Tax Expense": 0.0,
        "Net Income - Non-Controlling int": 0.0,
        "Net Income - Discontinued ops": 0.0,
        "Net Income": -33575000.0,
        "Preferred Dividends": 0.0,
        "Net Income Com": -33575000.0,
        "EPS": -0.95,
        "EPS Diluted": -0.95,
        "Weighted Average Shs Out": 35273228.0,
        "Weighted Average Shs Out (Dil)": 35273228.0,
        "Dividend per Share": 0.0,
        "Gross Margin": 0.702731446655,
        "EBITDA Margin": -0.761329148401,
        "EBIT Margin": -0.799434515317,
        "Profit Margin": -0.87092423024,
        "Free Cash Flow margin": -0.295582475163,
        "EBITDA": -29350000.0,
        "EBIT": -30819000.0,
        "Consolidated Income": -33575000.0,
        "Earnings Before Tax Margin": -0.87092423024,
        "Net Profit Margin": -0.87092423024
    },
    "2015": {
        "Revenue": 678000.0,
        "Revenue Growth": -0.116036505867014,
        "Cost of Revenue": 45307000.0,
        "Gross Profit": -44629000.0,
        "R&D Expenses": 24964000.0,
        "SG&A Expense": 19819000.0,
        "Operating Expenses": 44867000.0,
        "Operating Income": -89496000.0,
        "Interest Expense": 1585000.0,
        "Earnings before Tax": -85752000.0,
        "Income Tax Expense": -1698000.0,
        "Net Income - Non-Controlling int": 0.0,
        "Net Income - Discontinued ops": 0.0,
        "Net Income": -84054000.0,
        "Preferred Dividends": 0.0,
        "Net Income Com": -84054000.0,
        "EPS": -2.45,
        "EPS Diluted": -2.45,
        "Weighted Average Shs Out": 34355525.0,
        "Weighted Average Shs Out (Dil)": 34355525.0,
        "Dividend per Share": 0.0,
        "Gross Margin": -65.8244837758,
        "EBITDA Margin": -129.095870206,
        "EBIT Margin": -132.0,
        "Profit Margin": -123.973451327,
        "Free Cash Flow margin": -60.0884955752,
        "EBITDA": -87527000.0,
        "EBIT": -89496000.0,
        "Consolidated Income": -84054000.0,
        "Earnings Before Tax Margin": -126.477876106,
        "Net Profit Margin": -123.973451327
    },
    "2014": {
        "Revenue": 767000.0,
        "Revenue Growth": 5.23577235772358,
        "Cost of Revenue": 4381000.0,
        "Gross Profit": -3614000.0,
        "R&D Expenses": 19985000.0,
        "SG&A Expense": 17938000.0,
        "Operating Expenses": 37995000.0,
        "Operating Income": -41609000.0,
        "Interest Expense": 1060000.0,
        "Earnings before Tax": -40259000.0,
        "Income Tax Expense": -1443000.0,
        "Net Income - Non-Controlling int": 0.0,
        "Net Income - Discontinued ops": 0.0,
        "Net Income": -38816000.0,
        "Preferred Dividends": 0.0,
        "Net Income Com": -38816000.0,
        "EPS": -1.3,
        "EPS Diluted": -1.3,
        "Weighted Average Shs Out": 29767429.0,
        "Weighted Average Shs Out (Dil)": 29767429.0,
        "Dividend per Share": 0.0,
        "Gross Margin": -4.71186440678,
        "EBITDA Margin": -51.5319426336,
        "EBIT Margin": -54.2490221643,
        "Profit Margin": -50.6075619296,
        "Free Cash Flow margin": -42.5801825293,
        "EBITDA": -39525000.0,
        "EBIT": -41609000.0,
        "Consolidated Income": -38816000.0,
        "Earnings Before Tax Margin": -52.4889178618,
        "Net Profit Margin": -50.6075619296
    },
    "2013": {
        "Revenue": 123000.0,
        "Revenue Growth": 0.0,
        "Cost of Revenue": 488000.0,
        "Gross Profit": -365000.0,
        "R&D Expenses": 10925000.0,
        "SG&A Expense": 8572000.0,
        "Operating Expenses": 19498000.0,
        "Operating Income": -19863000.0,
        "Interest Expense": 432000.0,
        "Earnings before Tax": -19742000.0,
        "Income Tax Expense": -15455000.0,
        "Net Income - Non-Controlling int": 0.0,
        "Net Income - Discontinued ops": 0.0,
        "Net Income": -4287000.0,
        "Preferred Dividends": 0.0,
        "Net Income Com": -4287000.0,
        "EPS": -0.39,
        "EPS Diluted": -0.39,
        "Weighted Average Shs Out": 11059382.0,
        "Weighted Average Shs Out (Dil)": 11059382.0,
        "Dividend per Share": 0.410059079251,
        "Gross Margin": -2.9674796748,
        "EBITDA Margin": -158.276422764,
        "EBIT Margin": -161.487804878,
        "Profit Margin": -34.8536585366,
        "Free Cash Flow margin": -132.073170732,
        "EBITDA": -19468000.0,
        "EBIT": -19863000.0,
        "Consolidated Income": -4287000.0,
        "Earnings Before Tax Margin": -160.504065041,
        "Net Profit Margin": -34.8536585366
    },
    "2012": {
        "Revenue": 0.0,
        "Revenue Growth": 0.0,
        "Cost of Revenue": 0.0,
        "Gross Profit": 0.0,
        "R&D Expenses": 7291000.0,
        "SG&A Expense": 2987000.0,
        "Operating Expenses": 11778000.0,
        "Operating Income": -11778000.0,
        "Interest Expense": 0.0,
        "Earnings before Tax": -11636000.0,
        "Income Tax Expense": 0.0,
        "Net Income - Non-Controlling int": 0.0,
        "Net Income - Discontinued ops": 0.0,