{
    "2019": {
        "Revenue": 14320324000.0,
        "Revenue Growth": 0.00125377629140636,
        "Cost of Revenue": 10703484000.0,
        "Gross Profit": 3616840000.0,
        "R&D Expenses": 294852000.0,
        "SG&A Expense": 1543939000.0,
        "Operating Expenses": 1838791000.0,
        "Operating Income": 1933425000.0,
        "Interest Expense": 190138000.0,
        "Earnings before Tax": 1933425000.0,
        "Income Tax Expense": 420494000.0,
        "Net Income - Non-Controlling int": 0.0,
        "Net Income - Discontinued ops": 0.0,
        "Net Income": 1512364000.0,
        "Preferred Dividends": 0.0,
        "Net Income Com": 1512364000.0,
        "EPS": 11.63,
        "EPS Diluted": 11.48,
        "Weighted Average Shs Out": 129997640.0,
        "Weighted Average Shs Out (Dil)": 131781617.0,
        "Dividend per Share": 3.1299357937,
        "Gross Margin": 0.252566911196,
        "EBITDA Margin": 0.165472094067,
        "EBIT Margin": 0.135012657535,
        "Profit Margin": 0.105609621682,
        "Free Cash Flow margin": 0.107193873546,
        "EBITDA": 2369614000.0,
        "EBIT": 1933425000.0,
        "Consolidated Income": 1512364000.0,
        "Earnings Before Tax Margin": 0.135012657535,
        "Net Profit Margin": 0.105609621682
    },
    "2018": {
        "Revenue": 14302392000.0,
        "Revenue Growth": 0.188961762734228,
        "Cost of Revenue": 10762841000.0,
        "Gross Profit": 3539551000.0,
        "R&D Expenses": 327877000.0,
        "SG&A Expense": 1657152000.0,
        "Operating Expenses": 1985029000.0,
        "Operating Income": 1702277000.0,
        "Interest Expense": 213873000.0,
        "Earnings before Tax": 1702277000.0,
        "Income Tax Expense": 640962000.0,
        "Net Income - Non-Controlling int": 0.0,
        "Net Income - Discontinued ops": 0.0,
        "Net Income": 1060801000.0,
        "Preferred Dividends": 0.0,
        "Net Income Com": 1060801000.0,
        "EPS": 7.98,
        "EPS Diluted": 7.83,
        "Weighted Average Shs Out": 133004613.0,
        "Weighted Average Shs Out (Dil)": 135426834.0,
        "Dividend per Share": 2.69730886569,
        "Gross Margin": 0.247479652355,
        "EBITDA Margin": 0.151608346352,
        "EBIT Margin": 0.119020440777,
        "Profit Margin": 0.0741694815804,
        "Free Cash Flow margin": 0.0945729917066,
        "EBITDA": 2168362000.0,
        "EBIT": 1702277000.0,
        "Consolidated Income": 1060801000.0,
        "Earnings Before Tax Margin": 0.119020440777,
        "Net Profit Margin": 0.0741694815804
    },
    "2017": {
        "Revenue": 12029312000.0,
        "Revenue Growth": 0.0588481238875627,
        "Cost of Revenue": 9188962000.0,
        "Gross Profit": 2840350000.0,
        "R&D Expenses": 336675000.0,
        "SG&A Expense": 1453935000.0,
        "Operating Expenses": 1790610000.0,
        "Operating Income": 1328641000.0,
        "Interest Expense": 162436000.0,
        "Earnings before Tax": 1328641000.0,
        "Income Tax Expense": 344797000.0,
        "Net Income - Non-Controlling int": 0.0,
        "Net Income - Discontinued ops": 0.0,
        "Net Income": 983412000.0,
        "Preferred Dividends": 0.0,
        "Net Income Com": 983412000.0,
        "EPS": 7.37,
        "EPS Diluted": 7.25,
        "Weighted Average Shs Out": 133377547.0,
        "Weighted Average Shs Out (Dil)": 135559764.0,
        "Dividend per Share": 2.54780614696,
        "Gross Margin": 0.236119073144,
        "EBITDA Margin": 0.139980574118,
        "EBIT Margin": 0.110450290091,
        "Profit Margin": 0.081751308803,
        "Free Cash Flow margin": 0.0913371438034,
        "EBITDA": 1683870000.0,
        "EBIT": 1328641000.0,
        "Consolidated Income": 983412000.0,
        "Earnings Before Tax Margin": 0.110450290091,
        "Net Profit Margin": 0.081751308803
    },
    "2016": {
        "Revenue": 11360753000.0,
        "Revenue Growth": -0.106278965341026,
        "Cost of Revenue": 8823384000.0,
        "Gross Profit": 2537369000.0,
        "R&D Expenses": 359796000.0,
        "SG&A Expense": 1359360000.0,
        "Operating Expenses": 1719156000.0,
        "Operating Income": 1114728000.0,
        "Interest Expense": 136517000.0,
        "Earnings before Tax": 1114728000.0,
        "Income Tax Expense": 307512000.0,
        "Net Income - Non-Controlling int": 0.0,
        "Net Income - Discontinued ops": 0.0,
        "Net Income": 806840000.0,
        "Preferred Dividends": 0.0,
        "Net Income Com": 806840000.0,
        "EPS": 5.96,
        "EPS Diluted": 5.89,
        "Weighted Average Shs Out": 135353321.0,
        "Weighted Average Shs Out (Dil)": 136911690.0,
        "Dividend per Share": 2.49768299551,
        "Gross Margin": 0.223345142703,
        "EBITDA Margin": 0.125129997985,
        "EBIT Margin": 0.0981209608201,
        "Profit Margin": 0.0710199403156,
        "Free Cash Flow margin": 0.0898211588616,
        "EBITDA": 1421571000.0,
        "EBIT": 1114728000.0,
        "Consolidated Income": 806840000.0,
        "Earnings Before Tax Margin": 0.0981209608201,
        "Net Profit Margin": 0.0710199403156
    },
    "2015": {
        "Revenue": 12711744000.0,
        "Revenue Growth": -0.0381528530896443,
        "Cost of Revenue": 9655245000.0,
        "Gross Profit": 3056499000.0,
        "R&D Expenses": 403085000.0,
        "SG&A Expense": 1544746000.0,
        "Operating Expenses": 1947831000.0,
        "Operating Income": 1432240000.0,
        "Interest Expense": 118406000.0,
        "Earnings before Tax": 1432240000.0,
        "Income Tax Expense": 419687000.0,
        "Net Income - Non-Controlling int": 0.0,
        "Net Income - Discontinued ops": 0.0,
        "Net Income": 1012140000.0,
        "Preferred Dividends": 0.0,
        "Net Income Com": 1012140000.0,
        "EPS": 7.08,
        "EPS Diluted": 6.97,
        "Weighted Average Shs Out": 142925327.0,
        "Weighted Average Shs Out (Dil)": 145112150.0,
        "Dividend per Share": 2.34569607025,
        "Gross Margin": 0.240446865513,
        "EBITDA Margin": 0.137646809124,
        "EBIT Margin": 0.112670613883,
        "Profit Margin": 0.0796224341837,
        "Free Cash Flow margin": 0.0854653775281,
        "EBITDA": 1749731000.0,
        "EBIT": 1432240000.0,
        "Consolidated Income": 1012140000.0,
        "Earnings Before Tax Margin": 0.112670613883,
        "Net Profit Margin": 0.0796224341837
    },
    "2014": {
        "Revenue": 13215971000.0,
        "Revenue Growth": 0.0153865668733708,
        "Cost of Revenue": 10188227000.0,
        "Gross Profit": 3027744000.0,
        "R&D Expenses": 410132000.0,
        "SG&A Expense": 1633992000.0,
        "Operating Expenses": 2044124000.0,
        "Operating Income": 1556720000.0,
        "Interest Expense": 82566000.0,
        "Earnings before Tax": 1556720000.0,
        "Income Tax Expense": 515302000.0,
        "Net Income - Non-Controlling int": 0.0,
        "Net Income - Discontinued ops": 0.0,
        "Net Income": 1041048000.0,
        "Preferred Dividends": 0.0,
        "Net Income Com": 1041048000.0,
        "EPS": 6.98,
        "EPS Diluted": 6.87,
        "Weighted Average Shs Out": 149099448.0,
        "Weighted Average Shs Out (Dil)": 151444103.0,
        "Dividend per Share": 1.83727193392,
        "Gross Margin": 0.229097355011,
        "EBITDA Margin": 0.143267717521,
        "EBIT Margin": 0.11779081537,
        "Profit Margin": 0.0787719646177,
        "Free Cash Flow margin": 0.0886467592884,
        "EBITDA": 1893422000.0,
        "EBIT": 1556720000.0,
        "Consolidated Income": 1041048000.0,
        "Earnings Before Tax Margin": 0.11779081537,
        "Net Profit Margin": 0.0787719646177
    },
    "2013": {
        "Revenue": 13015704000.0,
        "Revenue Growth": -0.00990708767770313,
        "Cost of Revenue": 10086675000.0,
        "Gross Profit": 2929029000.0,
        "R&D Expenses": 406613000.0,