{
    "2018": {
        "Revenue": 3138133333.3333,
        "Revenue Growth": -0.0185067393669536,
        "Cost of Revenue": 414438095.2381,
        "Gross Profit": 2723695238.0952,
        "R&D Expenses": 0.0,
        "SG&A Expense": 1407923809.5238,
        "Operating Expenses": 2461352380.9524,
        "Operating Income": 262342857.1429,
        "Interest Expense": 0.0,
        "Earnings before Tax": 433485714.2857,
        "Income Tax Expense": 73180952.381,
        "Net Income - Non-Controlling int": 1085714.2857,
        "Net Income - Discontinued ops": 0.0,
        "Net Income": 360304761.9048,
        "Preferred Dividends": 0.0,
        "Net Income Com": 360304761.9048,
        "EPS": 1.6625,
        "EPS Diluted": 1.6625,
        "Weighted Average Shs Out": 4115348.0952,
        "Weighted Average Shs Out (Dil)": 4115348.0952,
        "Dividend per Share": 0.023,
        "Gross Margin": 0.8679,
        "EBITDA Margin": 0.0082,
        "EBIT Margin": 0.1381,
        "Profit Margin": 0.0022,
        "Free Cash Flow margin": 0.1011,
        "EBITDA": 1350285714.2857,
        "EBIT": 433485714.2857,
        "Consolidated Income": 361390476.1905,
        "Earnings Before Tax Margin": 0.1381,
        "Net Profit Margin": 0.1148
    },
    "2017": {
        "Revenue": 3197305024.0908,
        "Revenue Growth": -0.0411296510753211,
        "Cost of Revenue": 424878546.1525,
        "Gross Profit": 2772426477.9384,
        "R&D Expenses": 0.0,
        "SG&A Expense": 1379275875.1674,
        "Operating Expenses": 2582278734.081,
        "Operating Income": 190147743.8573,
        "Interest Expense": 0.0,
        "Earnings before Tax": 289370039.385,
        "Income Tax Expense": 22051620.3843,
        "Net Income - Non-Controlling int": 1899278.2743,
        "Net Income - Discontinued ops": 0.0,
        "Net Income": 267318419.0008,
        "Preferred Dividends": 0.0,
        "Net Income Com": 267318419.0008,
        "EPS": 1.2317,
        "EPS Diluted": 1.2317,
        "Weighted Average Shs Out": 4319474.0998,
        "Weighted Average Shs Out (Dil)": 4319474.0998,
        "Dividend per Share": 0.0246,
        "Gross Margin": 0.8671,
        "EBITDA Margin": 0.0084,
        "EBIT Margin": 0.0905,
        "Profit Margin": 0.0017,
        "Free Cash Flow margin": 0.1552,
        "EBITDA": 1343969291.6692,
        "EBIT": 289370039.385,
        "Consolidated Income": 269217697.275,
        "Earnings Before Tax Margin": 0.0905,
        "Net Profit Margin": 0.0836
    },
    "2016": {
        "Revenue": 3334449780.0734,
        "Revenue Growth": -0.0865404783003225,
        "Cost of Revenue": 562245268.5525,
        "Gross Profit": 2772204511.5209,
        "R&D Expenses": 0.0,
        "SG&A Expense": 1355796779.791,
        "Operating Expenses": 2273778297.8895,
        "Operating Income": 498426213.6314,
        "Interest Expense": 0.0,
        "Earnings before Tax": 442173439.3285,
        "Income Tax Expense": 38517412.5338,
        "Net Income - Non-Controlling int": 3147572.7372,
        "Net Income - Discontinued ops": 0.0,
        "Net Income": 403656026.7947,
        "Preferred Dividends": 0.0,
        "Net Income Com": 403656026.7947,
        "EPS": 1.8629,
        "EPS Diluted": 1.8629,
        "Weighted Average Shs Out": 4359302.9942,
        "Weighted Average Shs Out (Dil)": 4359302.9942,
        "Dividend per Share": 0.0663,
        "Gross Margin": 0.8314,
        "EBITDA Margin": 0.007,
        "EBIT Margin": 0.1326,
        "Profit Margin": 0.0024,
        "Free Cash Flow margin": 0.0942,
        "EBITDA": 1156107501.715,
        "EBIT": 442173439.3285,
        "Consolidated Income": 406803599.5319,
        "Earnings Before Tax Margin": 0.1326,
        "Net Profit Margin": 0.1211
    },
    "2015": {
        "Revenue": 3650353081.7315,
        "Revenue Growth": -0.0433675331804467,
        "Cost of Revenue": 592451944.6163,
        "Gross Profit": 3057901137.1152,
        "R&D Expenses": 0.0,
        "SG&A Expense": 1499562648.0063,
        "Operating Expenses": 2378725492.2877,
        "Operating Income": 679175644.8275,
        "Interest Expense": 0.0,
        "Earnings before Tax": 568088238.4315,
        "Income Tax Expense": 97348153.5212,
        "Net Income - Non-Controlling int": 213342.4359,
        "Net Income - Discontinued ops": 0.0,
        "Net Income": 470740084.9103,
        "Preferred Dividends": 0.0,
        "Net Income Com": 470740084.9103,
        "EPS": 2.1729,
        "EPS Diluted": 2.1729,
        "Weighted Average Shs Out": 4609386.5338,
        "Weighted Average Shs Out (Dil)": 4609386.5338,
        "Dividend per Share": 0.0519,
        "Gross Margin": 0.8377,
        "EBITDA Margin": 0.0074,
        "EBIT Margin": 0.1556,
        "Profit Margin": 0.0028,
        "Free Cash Flow margin": 0.2094,
        "EBITDA": 1263477908.3908,
        "EBIT": 568088238.4315,
        "Consolidated Income": 470953427.3462,
        "Earnings Before Tax Margin": 0.1556,
        "Net Profit Margin": 0.129
    },
    "2014": {
        "Revenue": 3815836497.6547,
        "Revenue Growth": 0.00686579919507024,
        "Cost of Revenue": 869332142.0594,
        "Gross Profit": 2946504355.5953,
        "R&D Expenses": 0.0,
        "SG&A Expense": 1055260218.8966,
        "Operating Expenses": 2044605762.7876,
        "Operating Income": 901898592.8077,
        "Interest Expense": 118829573.375,
        "Earnings before Tax": 986129104.3109,
        "Income Tax Expense": 224659370.1139,
        "Net Income - Non-Controlling int": -22336.386,
        "Net Income - Discontinued ops": 0.0,
        "Net Income": 761469734.197,
        "Preferred Dividends": 0.0,
        "Net Income Com": 761469734.197,
        "EPS": 3.5182,
        "EPS Diluted": 3.5182,
        "Weighted Average Shs Out": 4825905.182,
        "Weighted Average Shs Out (Dil)": 4825905.182,
        "Dividend per Share": 0.0935,
        "Gross Margin": 0.7722,
        "EBITDA Margin": 0.0107,
        "EBIT Margin": 0.2896,
        "Profit Margin": 0.0045,
        "Free Cash Flow margin": 0.256,
        "EBITDA": 1831516640.6075,
        "EBIT": 1104958677.686,
        "Consolidated Income": 761447397.811,
        "Earnings Before Tax Margin": 0.2584,
        "Net Profit Margin": 0.1996
    },
    "2013": {
        "Revenue": 3789816379.4075,
        "Revenue Growth": -0.0462753772896876,
        "Cost of Revenue": 800337952.0108,
        "Gross Profit": 2989478427.3966,
        "R&D Expenses": 0.0,
        "SG&A Expense": 1072231609.7781,
        "Operating Expenses": 2027531823.8144,
        "Operating Income": 961946603.5823,
        "Interest Expense": 148451053.2838,
        "Earnings before Tax": 983845893.8831,
        "Income Tax Expense": 185828545.6798,
        "Net Income - Non-Controlling int": 743494.4238,
        "Net Income - Discontinued ops": -46614847.3583,
        "Net Income": 798017348.2032,
        "Preferred Dividends": 0.0,
        "Net Income Com": 798017348.2032,
        "EPS": 3.6875,
        "EPS Diluted": 3.6875,
        "Weighted Average Shs Out": 4867765.574,
        "Weighted Average Shs Out (Dil)": 4867765.574,
        "Dividend per Share": 0.0946,
        "Gross Margin": 0.7888,
        "EBITDA Margin": 0.0109,
        "EBIT Margin": 0.2988,
        "Profit Margin": 0.0048,
        "Free Cash Flow margin": 0.3475,
        "EBITDA": 1842717134.1669,
        "EBIT": 1132296947.1668,
        "Consolidated Income": 798760842.627,
        "Earnings Before Tax Margin": 0.2596,
        "Net Profit Margin": 0.2106
    },
    "2012": {
        "Revenue": 3973700887.199,
        "Revenue Growth": 0.172902666925177,
        "Cost of Revenue": 791069513.503,
        "Gross Profit": 3182631373.696,
        "R&D Expenses": 0.0,
        "SG&A Expense": 1134201033.4406,
        "Operating Expenses": 2195403139.3195,
        "Operating Income": 987228234.3765,
        "Interest Expense": 167592863.4104,
        "Earnings before Tax": 1077264307.3023,