{
    "2019": {
        "Revenue": 1217638000.0,
        "Revenue Growth": -0.267037711225723,
        "Cost of Revenue": 355630000.0,
        "Gross Profit": 862008000.0,
        "R&D Expenses": 1224000.0,
        "SG&A Expense": 438985000.0,
        "Operating Expenses": 493494000.0,
        "Operating Income": 368514000.0,
        "Interest Expense": 0.0,
        "Earnings before Tax": 368139000.0,
        "Income Tax Expense": 33462000.0,
        "Net Income - Non-Controlling int": 0.0,
        "Net Income - Discontinued ops": 0.0,
        "Net Income": -8944000.0,
        "Preferred Dividends": 0.0,
        "Net Income Com": -8944000.0,
        "EPS": -0.15,
        "EPS Diluted": -0.15,
        "Weighted Average Shs Out": 59188000.0,
        "Weighted Average Shs Out (Dil)": 60269000.0,
        "Dividend per Share": 0.0,
        "Gross Margin": 0.707934542122,
        "EBITDA Margin": 0.417757987185,
        "EBIT Margin": 0.3026465994,
        "Profit Margin": -0.00734536865637,
        "Free Cash Flow margin": 0.338322227132,
        "EBITDA": 508678000.0,
        "EBIT": 368514000.0,
        "Consolidated Income": -8944000.0,
        "Earnings Before Tax Margin": 0.302338626094,
        "Net Profit Margin": -0.00734536865637
    },
    "2018": {
        "Revenue": 1661256000.0,
        "Revenue Growth": 0.142013359703521,
        "Cost of Revenue": 798291000.0,
        "Gross Profit": 862965000.0,
        "R&D Expenses": 1423000.0,
        "SG&A Expense": 443639000.0,
        "Operating Expenses": 500509000.0,
        "Operating Income": 539630000.0,
        "Interest Expense": 0.0,
        "Earnings before Tax": 516804000.0,
        "Income Tax Expense": 259234000.0,
        "Net Income - Non-Controlling int": 0.0,
        "Net Income - Discontinued ops": 0.0,
        "Net Income": 190882000.0,
        "Preferred Dividends": 0.0,
        "Net Income Com": 190882000.0,
        "EPS": 3.57,
        "EPS Diluted": 1.36,
        "Weighted Average Shs Out": 53518000.0,
        "Weighted Average Shs Out (Dil)": 137340000.0,
        "Dividend per Share": 0.0,
        "Gross Margin": 0.51946539245,
        "EBITDA Margin": 0.401135646764,
        "EBIT Margin": 0.324832536346,
        "Profit Margin": 0.114902218562,
        "Free Cash Flow margin": 0.249826637195,
        "EBITDA": 666389000.0,
        "EBIT": 539630000.0,
        "Consolidated Income": 190882000.0,
        "Earnings Before Tax Margin": 0.311092330141,
        "Net Profit Margin": 0.114902218562
    },
    "2017": {
        "Revenue": 1454673000.0,
        "Revenue Growth": 0.251230438140916,
        "Cost of Revenue": 680048000.0,
        "Gross Profit": 774625000.0,
        "R&D Expenses": 3107000.0,
        "SG&A Expense": 405471000.0,
        "Operating Expenses": 456905000.0,
        "Operating Income": 317720000.0,
        "Interest Expense": 0.0,
        "Earnings before Tax": 531291000.0,
        "Income Tax Expense": 81814000.0,
        "Net Income - Non-Controlling int": 0.0,
        "Net Income - Discontinued ops": 0.0,
        "Net Income": 76249000.0,
        "Preferred Dividends": 0.0,
        "Net Income Com": 76249000.0,
        "EPS": 1.54,
        "EPS Diluted": 1.51,
        "Weighted Average Shs Out": 49654000.0,
        "Weighted Average Shs Out (Dil)": 50374000.0,
        "Dividend per Share": 0.0,
        "Gross Margin": 0.532507993205,
        "EBITDA Margin": 0.292114447714,
        "EBIT Margin": 0.21841334788,
        "Profit Margin": 0.0524165912202,
        "Free Cash Flow margin": 0.220582220197,
        "EBITDA": 424931000.0,
        "EBIT": 317720000.0,
        "Consolidated Income": 76249000.0,
        "Earnings Before Tax Margin": 0.365230536347,
        "Net Profit Margin": 0.0524165912202
    },
    "2016": {
        "Revenue": 1162594000.0,
        "Revenue Growth": 0.15447916594259,
        "Cost of Revenue": 457056000.0,
        "Gross Profit": 705538000.0,
        "R&D Expenses": 2925000.0,
        "SG&A Expense": 403611000.0,
        "Operating Expenses": 439590000.0,
        "Operating Income": 265948000.0,
        "Interest Expense": 0.0,
        "Earnings before Tax": 284882000.0,
        "Income Tax Expense": 49721000.0,
        "Net Income - Non-Controlling int": 0.0,
        "Net Income - Discontinued ops": 0.0,
        "Net Income": 235161000.0,
        "Preferred Dividends": 0.0,
        "Net Income Com": 235161000.0,
        "EPS": 19.32,
        "EPS Diluted": 1.33,
        "Weighted Average Shs Out": 42368000.0,
        "Weighted Average Shs Out (Dil)": 145308000.0,
        "Dividend per Share": 0.0,
        "Gross Margin": 0.60686533734,
        "EBITDA Margin": 0.301140380907,
        "EBIT Margin": 0.228753976023,
        "Profit Margin": 0.202272676446,
        "Free Cash Flow margin": 0.253295647492,
        "EBITDA": 350104000.0,
        "EBIT": 265948000.0,
        "Consolidated Income": 235161000.0,
        "Earnings Before Tax Margin": 0.245039970961,
        "Net Profit Margin": 0.202272676446
    },
    "2015": {
        "Revenue": 1007029000.0,
        "Revenue Growth": 0.105958053877386,
        "Cost of Revenue": 396910000.0,
        "Gross Profit": 610119000.0,
        "R&D Expenses": 2937000.0,
        "SG&A Expense": 332004000.0,
        "Operating Expenses": 344077000.0,
        "Operating Income": 266042000.0,
        "Interest Expense": 0.0,
        "Earnings before Tax": 271127000.0,
        "Income Tax Expense": 36342000.0,
        "Net Income - Non-Controlling int": 0.0,
        "Net Income - Discontinued ops": 0.0,
        "Net Income": 38743000.0,
        "Preferred Dividends": 0.0,
        "Net Income Com": 38743000.0,
        "EPS": -24.25,
        "EPS Diluted": -24.25,
        "Weighted Average Shs Out": 35681000.0,
        "Weighted Average Shs Out (Dil)": 35681000.0,
        "Dividend per Share": 0.0,
        "Gross Margin": 0.605860407198,
        "EBITDA Margin": 0.318127879138,
        "EBIT Margin": 0.26418504333,
        "Profit Margin": 0.0384725762615,
        "Free Cash Flow margin": 0.291276616661,
        "EBITDA": 320364000.0,
        "EBIT": 266042000.0,
        "Consolidated Income": 38743000.0,
        "Earnings Before Tax Margin": 0.269234550346,
        "Net Profit Margin": 0.0384725762615
    },
    "2014": {
        "Revenue": 910549000.0,
        "Revenue Growth": 0.0474628719989877,
        "Cost of Revenue": 307625000.0,
        "Gross Profit": 602924000.0,
        "R&D Expenses": 3389000.0,
        "SG&A Expense": 294421000.0,
        "Operating Expenses": 300872000.0,
        "Operating Income": 302052000.0,
        "Interest Expense": 0.0,
        "Earnings before Tax": 360326000.0,
        "Income Tax Expense": 27709000.0,
        "Net Income - Non-Controlling int": 0.0,
        "Net Income - Discontinued ops": 0.0,
        "Net Income": 28332000.0,
        "Preferred Dividends": 0.0,
        "Net Income Com": 28332000.0,
        "EPS": -105.85,
        "EPS Diluted": -105.85,
        "Weighted Average Shs Out": 25633000.0,
        "Weighted Average Shs Out (Dil)": 25633000.0,
        "Dividend per Share": 0.0,
        "Gross Margin": 0.662154370605,
        "EBITDA Margin": 0.375460299226,
        "EBIT Margin": 0.331725146038,
        "Profit Margin": 0.0311152941797,
        "Free Cash Flow margin": 0.343069950107,
        "EBITDA": 341875000.0,
        "EBIT": 302052000.0,
        "Consolidated Income": 28332000.0,
        "Earnings Before Tax Margin": 0.395723898439,
        "Net Profit Margin": 0.0311152941797
    },
    "2013": {
        "Revenue": 869290000.0,
        "Revenue Growth": 0.131468140078226,
        "Cost of Revenue": 237413000.0,
        "Gross Profit": 631877000.0,
        "R&D Expenses": 9370000.0,
        "SG&A Expense": 248301000.0,
        "Operating Expenses": 259210000.0,
        "Operating Income": 372667000.0,
        "Interest Expense": 0.0,
        "Earnings before Tax": 17102000.0,
        "Income Tax Expense": 9726000.0,