{
    "2018": {
        "Revenue": 480821000.0,
        "Revenue Growth": 0.0865520202476724,
        "Cost of Revenue": 461104000.0,
        "Gross Profit": 19717000.0,
        "R&D Expenses": 0.0,
        "SG&A Expense": 24545000.0,
        "Operating Expenses": 24545000.0,
        "Operating Income": -113404000.0,
        "Interest Expense": 42565000.0,
        "Earnings before Tax": -157901000.0,
        "Income Tax Expense": 7796000.0,
        "Net Income - Non-Controlling int": 0.0,
        "Net Income - Discontinued ops": 0.0,
        "Net Income": -165697000.0,
        "Preferred Dividends": 2719000.0,
        "Net Income Com": -165697000.0,
        "EPS": -18.09,
        "EPS Diluted": -18.09,
        "Weighted Average Shs Out": 9311722.0,
        "Weighted Average Shs Out (Dil)": 9311722.0,
        "Dividend per Share": 0.38929426802,
        "Gross Margin": 0.0410069443722,
        "EBITDA Margin": -0.0121854078753,
        "EBIT Margin": -0.235854923142,
        "Profit Margin": -0.34461265211,
        "Free Cash Flow margin": -0.182223738148,
        "EBITDA": -5859000.0,
        "EBIT": -113404000.0,
        "Consolidated Income": -165697000.0,
        "Earnings Before Tax Margin": -0.328398718026,
        "Net Profit Margin": -0.34461265211
    },
    "2017": {
        "Revenue": 442520000.0,
        "Revenue Growth": 0.0363368961414881,
        "Cost of Revenue": 452184000.0,
        "Gross Profit": -9664000.0,
        "R&D Expenses": 0.0,
        "SG&A Expense": 25676000.0,
        "Operating Expenses": 25676000.0,
        "Operating Income": -65805000.0,
        "Interest Expense": 44226000.0,
        "Earnings before Tax": -109661000.0,
        "Income Tax Expense": 9040000.0,
        "Net Income - Non-Controlling int": 0.0,
        "Net Income - Discontinued ops": 0.0,
        "Net Income": -118701000.0,
        "Preferred Dividends": 3051000.0,
        "Net Income Com": -118701000.0,
        "EPS": -0.89,
        "EPS Diluted": -0.89,
        "Weighted Average Shs Out": 136266843.0,
        "Weighted Average Shs Out (Dil)": 136266843.0,
        "Dividend per Share": 0.0157411733682,
        "Gross Margin": -0.021838560969,
        "EBITDA Margin": 0.12783151044,
        "EBIT Margin": -0.14870514327,
        "Profit Margin": -0.268238723674,
        "Free Cash Flow margin": -0.108017716713,
        "EBITDA": 56568000.0,
        "EBIT": -65805000.0,
        "Consolidated Income": -118701000.0,
        "Earnings Before Tax Margin": -0.247810268462,
        "Net Profit Margin": -0.268238723674
    },
    "2016": {
        "Revenue": 427004000.0,
        "Revenue Growth": -0.40042938402068,
        "Cost of Revenue": 467984000.0,
        "Gross Profit": -40980000.0,
        "R&D Expenses": 0.0,
        "SG&A Expense": 34332000.0,
        "Operating Expenses": 34332000.0,
        "Operating Income": -111257000.0,
        "Interest Expense": 45812000.0,
        "Earnings before Tax": -156644000.0,
        "Income Tax Expense": 74200000.0,
        "Net Income - Non-Controlling int": 0.0,
        "Net Income - Discontinued ops": 0.0,
        "Net Income": -230814000.0,
        "Preferred Dividends": 0.0,
        "Net Income Com": -230814000.0,
        "EPS": -1.86,
        "EPS Diluted": -1.86,
        "Weighted Average Shs Out": 124130004.0,
        "Weighted Average Shs Out (Dil)": 124130004.0,
        "Dividend per Share": 0.0,
        "Gross Margin": -0.0959709979298,
        "EBITDA Margin": 0.0668330975822,
        "EBIT Margin": -0.260552594355,
        "Profit Margin": -0.540542945734,
        "Free Cash Flow margin": -0.0179600191099,
        "EBITDA": 28538000.0,
        "EBIT": -111257000.0,
        "Consolidated Income": -230814000.0,
        "Earnings Before Tax Margin": -0.366844338695,
        "Net Profit Margin": -0.540542945734
    },
    "2015": {
        "Revenue": 712183000.0,
        "Revenue Growth": -0.264793265915407,
        "Cost of Revenue": 646294000.0,
        "Gross Profit": 65889000.0,
        "R&D Expenses": 0.0,
        "SG&A Expense": 36190000.0,
        "Operating Expenses": 36190000.0,
        "Operating Income": -17338000.0,
        "Interest Expense": 45155000.0,
        "Earnings before Tax": -71971000.0,
        "Income Tax Expense": 22313000.0,
        "Net Income - Non-Controlling int": 0.0,
        "Net Income - Discontinued ops": 0.0,
        "Net Income": -95073000.0,
        "Preferred Dividends": 0.0,
        "Net Income Com": -95073000.0,
        "EPS": -0.78,
        "EPS Diluted": -0.78,
        "Weighted Average Shs Out": 122562187.0,
        "Weighted Average Shs Out (Dil)": 122562187.0,
        "Dividend per Share": 0.0,
        "Gross Margin": 0.0925169514015,
        "EBITDA Margin": 0.194972359632,
        "EBIT Margin": -0.0243448664178,
        "Profit Margin": -0.13349518312,
        "Free Cash Flow margin": 0.103800568112,
        "EBITDA": 138856000.0,
        "EBIT": -17338000.0,
        "Consolidated Income": -95073000.0,
        "Earnings Before Tax Margin": -0.101056891277,
        "Net Profit Margin": -0.13349518312
    },
    "2014": {
        "Revenue": 968684000.0,
        "Revenue Growth": 0.108116022933702,
        "Cost of Revenue": 779486000.0,
        "Gross Profit": 189198000.0,
        "R&D Expenses": 0.0,
        "SG&A Expense": 35016000.0,
        "Operating Expenses": 35016000.0,
        "Operating Income": 120220000.0,
        "Interest Expense": 44265000.0,
        "Earnings before Tax": 48537000.0,
        "Income Tax Expense": 24076000.0,
        "Net Income - Non-Controlling int": 0.0,
        "Net Income - Discontinued ops": 0.0,
        "Net Income": 23451000.0,
        "Preferred Dividends": 0.0,
        "Net Income Com": 23451000.0,
        "EPS": 0.19,
        "EPS Diluted": 0.19,
        "Weighted Average Shs Out": 121186464.0,
        "Weighted Average Shs Out (Dil)": 123076648.0,
        "Dividend per Share": 0.0,
        "Gross Margin": 0.195314467876,
        "EBITDA Margin": 0.273919048936,
        "EBIT Margin": 0.124106519773,
        "Profit Margin": 0.0242091332158,
        "Free Cash Flow margin": 0.0236960660029,
        "EBITDA": 265341000.0,
        "EBIT": 120220000.0,
        "Consolidated Income": 23451000.0,
        "Earnings Before Tax Margin": 0.0501061233591,
        "Net Profit Margin": 0.0242091332158
    },
    "2013": {
        "Revenue": 874172000.0,
        "Revenue Growth": 0.289373464192265,
        "Cost of Revenue": 637700000.0,
        "Gross Profit": 236472000.0,
        "R&D Expenses": 0.0,
        "SG&A Expense": 68025000.0,
        "Operating Expenses": 68025000.0,
        "Operating Income": 101872000.0,
        "Interest Expense": 47820000.0,
        "Earnings before Tax": 52787000.0,
        "Income Tax Expense": 25608000.0,
        "Net Income - Non-Controlling int": 0.0,
        "Net Income - Discontinued ops": 0.0,
        "Net Income": 27015000.0,
        "Preferred Dividends": 0.0,
        "Net Income Com": 27015000.0,
        "EPS": 0.23,
        "EPS Diluted": 0.22,
        "Weighted Average Shs Out": 119284468.0,
        "Weighted Average Shs Out (Dil)": 121224550.0,
        "Dividend per Share": 0.0,
        "Gross Margin": 0.270509693744,
        "EBITDA Margin": 0.269883958763,
        "EBIT Margin": 0.116535418659,
        "Profit Margin": 0.0309035292826,
        "Free Cash Flow margin": 0.00669433475334,
        "EBITDA": 235925000.0,
        "EBIT": 101872000.0,
        "Consolidated Income": 27015000.0,
        "Earnings Before Tax Margin": 0.0603851415968,
        "Net Profit Margin": 0.0309035292826
    },
    "2012": {
        "Revenue": 677982000.0,
        "Revenue Growth": 0.0,
        "Cost of Revenue": 481029000.0,
        "Gross Profit": 196953000.0,
        "R&D Expenses": 0.0,
        "SG&A Expense": 46052000.0,
        "Operating Expenses": 46052000.0,
        "Operating Income": 106823000.0,
        "Interest Expense": 33542000.0,
        "Earnings before Tax": 70977000.0,