{
    "2018": {
        "Revenue": 7014600000.0,
        "Revenue Growth": 0.0883954754922497,
        "Cost of Revenue": 5369300000.0,
        "Gross Profit": 1645300000.0,
        "R&D Expenses": 14400000.0,
        "SG&A Expense": 536400000.0,
        "Operating Expenses": 550800000.0,
        "Operating Income": 1067700000.0,
        "Interest Expense": 0.0,
        "Earnings before Tax": 970500000.0,
        "Income Tax Expense": 232500000.0,
        "Net Income - Non-Controlling int": 0.0,
        "Net Income - Discontinued ops": 0.0,
        "Net Income": 738000000.0,
        "Preferred Dividends": 0.0,
        "Net Income Com": 738000000.0,
        "EPS": 7.82,
        "EPS Diluted": 7.8,
        "Weighted Average Shs Out": 93700000.0,
        "Weighted Average Shs Out (Dil)": 93900000.0,
        "Dividend per Share": 2.85516506922,
        "Gross Margin": 0.234553645254,
        "EBITDA Margin": 0.212014940267,
        "EBIT Margin": 0.152211102558,
        "Profit Margin": 0.105209135232,
        "Free Cash Flow margin": 0.0896273486728,
        "EBITDA": 1487200000.0,
        "EBIT": 1067700000.0,
        "Consolidated Income": 738000000.0,
        "Earnings Before Tax Margin": 0.138354289624,
        "Net Profit Margin": 0.105209135232
    },
    "2017": {
        "Revenue": 6444900000.0,
        "Revenue Growth": 0.0,
        "Cost of Revenue": 4972700000.0,
        "Gross Profit": 1472200000.0,
        "R&D Expenses": 12800000.0,
        "SG&A Expense": 522600000.0,
        "Operating Expenses": 535400000.0,
        "Operating Income": 931200000.0,
        "Interest Expense": 0.0,
        "Earnings before Tax": 828600000.0,
        "Income Tax Expense": 160000000.0,
        "Net Income - Non-Controlling int": 0.0,
        "Net Income - Discontinued ops": 0.0,
        "Net Income": 668600000.0,
        "Preferred Dividends": 0.0,
        "Net Income Com": 668600000.0,
        "EPS": 7.09,
        "EPS Diluted": 7.07,
        "Weighted Average Shs Out": 93500000.0,
        "Weighted Average Shs Out (Dil)": 93700000.0,
        "Dividend per Share": 2.53575240128,
        "Gross Margin": 0.228428680042,
        "EBITDA Margin": 0.206768142252,
        "EBIT Margin": 0.144486338035,
        "Profit Margin": 0.103740942451,
        "Free Cash Flow margin": 0.0796133376779,
        "EBITDA": 1332600000.0,
        "EBIT": 931200000.0,
        "Consolidated Income": 668600000.0,
        "Earnings Before Tax Margin": 0.128566773728,
        "Net Profit Margin": 0.103740942451
    },
    "2016": {
        "Revenue": 5779000000.0,
        "Revenue Growth": 0.00649633383841023,
        "Cost of Revenue": 4502900000.0,
        "Gross Profit": 1276100000.0,
        "R&D Expenses": 0.0,
        "SG&A Expense": 468500000.0,
        "Operating Expenses": 492800000.0,
        "Operating Income": 783300000.0,
        "Interest Expense": 94800000.0,
        "Earnings before Tax": 688500000.0,
        "Income Tax Expense": 238900000.0,
        "Net Income - Non-Controlling int": 0.0,
        "Net Income - Discontinued ops": 0.0,
        "Net Income": 449600000.0,
        "Preferred Dividends": 0.0,
        "Net Income Com": 449600000.0,
        "EPS": 4.76,
        "EPS Diluted": 4.75,
        "Weighted Average Shs Out": 94226326.0,
        "Weighted Average Shs Out (Dil)": 94226326.0,
        "Dividend per Share": 2.36,
        "Gross Margin": 0.2208,
        "EBITDA Margin": 0.197,
        "EBIT Margin": 0.1355,
        "Profit Margin": 0.078,
        "Free Cash Flow margin": 0.0922,
        "EBITDA": 1141300000.0,
        "EBIT": 783300000.0,
        "Consolidated Income": 449600000.0,
        "Earnings Before Tax Margin": 0.1191,
        "Net Profit Margin": 0.0778
    },
    "2015": {
        "Revenue": 5741700000.0,
        "Revenue Growth": -0.0189488432491542,
        "Cost of Revenue": 4533700000.0,
        "Gross Profit": 1208000000.0,
        "R&D Expenses": 13100000.0,
        "SG&A Expense": 451300000.0,
        "Operating Expenses": 464400000.0,
        "Operating Income": 750000000.0,
        "Interest Expense": 0.0,
        "Earnings before Tax": 664500000.0,
        "Income Tax Expense": 227700000.0,
        "Net Income - Non-Controlling int": 0.0,
        "Net Income - Discontinued ops": 0.0,
        "Net Income": 436800000.0,
        "Preferred Dividends": 0.0,
        "Net Income Com": 436800000.0,
        "EPS": 4.47,
        "EPS Diluted": 4.47,
        "Weighted Average Shs Out": 96600000.0,
        "Weighted Average Shs Out (Dil)": 96700000.0,
        "Dividend per Share": 2.07652533609,
        "Gross Margin": 0.210390650853,
        "EBITDA Margin": 0.194071442256,
        "EBIT Margin": 0.130623334552,
        "Profit Margin": 0.0760750300434,
        "Free Cash Flow margin": 0.078043088284,
        "EBITDA": 1114300000.0,
        "EBIT": 750000000.0,
        "Consolidated Income": 436800000.0,
        "Earnings Before Tax Margin": 0.115732274414,
        "Net Profit Margin": 0.0760750300434
    },
    "2014": {
        "Revenue": 5852600000.0,
        "Revenue Growth": 0.596755306784587,
        "Cost of Revenue": 4623100000.0,
        "Gross Profit": 1229500000.0,
        "R&D Expenses": 12300000.0,
        "SG&A Expense": 469500000.0,
        "Operating Expenses": 481800000.0,
        "Operating Income": 702700000.0,
        "Interest Expense": 0.0,
        "Earnings before Tax": 614300000.0,
        "Income Tax Expense": 221700000.0,
        "Net Income - Non-Controlling int": 0.0,
        "Net Income - Discontinued ops": 0.0,
        "Net Income": 392600000.0,
        "Preferred Dividends": 0.0,
        "Net Income Com": 392600000.0,
        "EPS": 3.99,
        "EPS Diluted": 3.99,
        "Weighted Average Shs Out": 97000000.0,
        "Weighted Average Shs Out (Dil)": 97100000.0,
        "Dividend per Share": 1.6210092688,
        "Gross Margin": 0.210077572361,
        "EBITDA Margin": 0.186840036907,
        "EBIT Margin": 0.120066295322,
        "Profit Margin": 0.0670812972012,
        "Free Cash Flow margin": 0.0539760106619,
        "EBITDA": 1093500000.0,
        "EBIT": 702700000.0,
        "Consolidated Income": 392600000.0,
        "Earnings Before Tax Margin": 0.104961897276,
        "Net Profit Margin": 0.0670812972012
    },
    "2013": {
        "Revenue": 3665308000.0,
        "Revenue Growth": 0.288841957651474,
        "Cost of Revenue": 2806121000.0,
        "Gross Profit": 859187000.0,
        "R&D Expenses": 11500000.0,
        "SG&A Expense": 326602000.0,
        "Operating Expenses": 338102000.0,
        "Operating Income": 473607000.0,
        "Interest Expense": 0.0,
        "Earnings before Tax": 415332000.0,
        "Income Tax Expense": -20951000.0,
        "Net Income - Non-Controlling int": 0.0,
        "Net Income - Discontinued ops": 0.0,
        "Net Income": 436283000.0,
        "Preferred Dividends": 0.0,
        "Net Income Com": 436283000.0,
        "EPS": 4.52,
        "EPS Diluted": 4.47,
        "Weighted Average Shs Out": 96579000.0,
        "Weighted Average Shs Out (Dil)": 97547000.0,
        "Dividend per Share": 1.11889653193,
        "Gross Margin": 0.23441058705,
        "EBITDA Margin": 0.188667637208,
        "EBIT Margin": 0.129213424902,
        "Profit Margin": 0.119030378893,
        "Free Cash Flow margin": 0.101977514577,
        "EBITDA": 691525000.0,
        "EBIT": 473607000.0,
        "Consolidated Income": 436283000.0,
        "Earnings Before Tax Margin": 0.113314351754,
        "Net Profit Margin": 0.119030378893
    },
    "2012": {
        "Revenue": 2843877000.0,
        "Revenue Growth": 0.085403251999629,
        "Cost of Revenue": 2204248000.0,
        "Gross Profit": 639629000.0,
        "R&D Expenses": 11300000.0,
        "SG&A Expense": 210773000.0,
        "Operating Expenses": 222073000.0,
        "Operating Income": 443459000.0,
        "Interest Expense": 0.0,
        "Earnings before Tax": 380559000.0,
        "Income Tax Expense": 216739000.0,