{
    "2019": {
        "Revenue": 1674535000.0,
        "Revenue Growth": 0.954171008853978,
        "Cost of Revenue": 980396000.0,
        "Gross Profit": 694139000.0,
        "R&D Expenses": 201886000.0,
        "SG&A Expense": 567879000.0,
        "Operating Expenses": 803434000.0,
        "Operating Income": -109295000.0,
        "Interest Expense": 83000000.0,
        "Earnings before Tax": -185692000.0,
        "Income Tax Expense": -50131000.0,
        "Net Income - Non-Controlling int": 0.0,
        "Net Income - Discontinued ops": 0.0,
        "Net Income": -135561000.0,
        "Preferred Dividends": 0.0,
        "Net Income Com": -135561000.0,
        "EPS": -3.61,
        "EPS Diluted": -3.61,
        "Weighted Average Shs Out": 37569000.0,
        "Weighted Average Shs Out (Dil)": 37569000.0,
        "Dividend per Share": 0.609012749874,
        "Gross Margin": 0.414526420768,
        "EBITDA Margin": 0.0577276676809,
        "EBIT Margin": -0.0652688656851,
        "Profit Margin": -0.0809544142105,
        "Free Cash Flow margin": 0.0532983783558,
        "EBITDA": 96667000.0,
        "EBIT": -109295000.0,
        "Consolidated Income": -135561000.0,
        "Earnings Before Tax Margin": -0.110891680377,
        "Net Profit Margin": -0.0809544142105
    },
    "2018": {
        "Revenue": 856903000.0,
        "Revenue Growth": -0.0275461428817853,
        "Cost of Revenue": 417788000.0,
        "Gross Profit": 439115000.0,
        "R&D Expenses": 84193000.0,
        "SG&A Expense": 229390000.0,
        "Operating Expenses": 315614000.0,
        "Operating Income": 123501000.0,
        "Interest Expense": 29297000.0,
        "Earnings before Tax": 100227000.0,
        "Income Tax Expense": 101096000.0,
        "Net Income - Non-Controlling int": 0.0,
        "Net Income - Discontinued ops": 0.0,
        "Net Income": -869000.0,
        "Preferred Dividends": 0.0,
        "Net Income Com": -869000.0,
        "EPS": -0.03,
        "EPS Diluted": -0.03,
        "Weighted Average Shs Out": 32345000.0,
        "Weighted Average Shs Out (Dil)": 32345000.0,
        "Dividend per Share": 0.618209924254,
        "Gross Margin": 0.512444232311,
        "EBITDA Margin": 0.170531553746,
        "EBIT Margin": 0.144124830932,
        "Profit Margin": -0.00101411711711,
        "Free Cash Flow margin": 0.126828824266,
        "EBITDA": 146129000.0,
        "EBIT": 123501000.0,
        "Consolidated Income": -869000.0,
        "Earnings Before Tax Margin": 0.11696423049,
        "Net Profit Margin": -0.00101411711711
    },
    "2017": {
        "Revenue": 881176000.0,
        "Revenue Growth": 0.0283216265008922,
        "Cost of Revenue": 439806000.0,
        "Gross Profit": 441370000.0,
        "R&D Expenses": 88318000.0,
        "SG&A Expense": 223830000.0,
        "Operating Expenses": 316294000.0,
        "Operating Income": 125076000.0,
        "Interest Expense": 29230000.0,
        "Earnings before Tax": 101665000.0,
        "Income Tax Expense": 19066000.0,
        "Net Income - Non-Controlling int": 0.0,
        "Net Income - Discontinued ops": 0.0,
        "Net Income": 82599000.0,
        "Preferred Dividends": 0.0,
        "Net Income Com": 82599000.0,
        "EPS": 2.56,
        "EPS Diluted": 2.51,
        "Weighted Average Shs Out": 32279000.0,
        "Weighted Average Shs Out (Dil)": 32963000.0,
        "Dividend per Share": 0.605497072475,
        "Gross Margin": 0.500887450407,
        "EBITDA Margin": 0.167393347073,
        "EBIT Margin": 0.141942131878,
        "Profit Margin": 0.0937372329705,
        "Free Cash Flow margin": 0.130274769172,
        "EBITDA": 147503000.0,
        "EBIT": 125076000.0,
        "Consolidated Income": 82599000.0,
        "Earnings Before Tax Margin": 0.115374227169,
        "Net Profit Margin": 0.0937372329705
    },
    "2016": {
        "Revenue": 856907000.0,
        "Revenue Growth": -0.00936752176275419,
        "Cost of Revenue": 422233000.0,
        "Gross Profit": 434674000.0,
        "R&D Expenses": 90408000.0,
        "SG&A Expense": 221299000.0,
        "Operating Expenses": 326633000.0,
        "Operating Income": 108041000.0,
        "Interest Expense": 25149000.0,
        "Earnings before Tax": 82176000.0,
        "Income Tax Expense": 13784000.0,
        "Net Income - Non-Controlling int": 0.0,
        "Net Income - Discontinued ops": 0.0,
        "Net Income": 68392000.0,
        "Preferred Dividends": 0.0,
        "Net Income Com": 68392000.0,
        "EPS": 2.0,
        "EPS Diluted": 1.96,
        "Weighted Average Shs Out": 34127000.0,
        "Weighted Average Shs Out (Dil)": 34938000.0,
        "Dividend per Share": 0.602810693228,
        "Gross Margin": 0.507259247503,
        "EBITDA Margin": 0.150997716205,
        "EBIT Margin": 0.126082527042,
        "Profit Margin": 0.0798126284416,
        "Free Cash Flow margin": 0.135613316264,
        "EBITDA": 129391000.0,
        "EBIT": 108041000.0,
        "Consolidated Income": 68392000.0,
        "Earnings Before Tax Margin": 0.0958983880398,
        "Net Profit Margin": 0.0798126284416
    },
    "2015": {
        "Revenue": 865010000.0,
        "Revenue Growth": 0.0566853203063253,
        "Cost of Revenue": 403391000.0,
        "Gross Profit": 461619000.0,
        "R&D Expenses": 91627000.0,
        "SG&A Expense": 229569000.0,
        "Operating Expenses": 321196000.0,
        "Operating Income": 149085000.0,
        "Interest Expense": 0.0,
        "Earnings before Tax": 145251000.0,
        "Income Tax Expense": 32950000.0,
        "Net Income - Non-Controlling int": 0.0,
        "Net Income - Discontinued ops": 0.0,
        "Net Income": 112301000.0,
        "Preferred Dividends": 0.0,
        "Net Income Com": 112301000.0,
        "EPS": 2.69,
        "EPS Diluted": 2.63,
        "Weighted Average Shs Out": 41723000.0,
        "Weighted Average Shs Out (Dil)": 42643000.0,
        "Dividend per Share": 0.603381563211,
        "Gross Margin": 0.533657414365,
        "EBITDA Margin": 0.193981572467,
        "EBIT Margin": 0.172350608663,
        "Profit Margin": 0.129826244783,
        "Free Cash Flow margin": 0.15314967457,
        "EBITDA": 167796000.0,
        "EBIT": 149085000.0,
        "Consolidated Income": 112301000.0,
        "Earnings Before Tax Margin": 0.167918289962,
        "Net Profit Margin": 0.129826244783
    },
    "2014": {
        "Revenue": 818607000.0,
        "Revenue Growth": 0.0739688753729209,
        "Cost of Revenue": 391979000.0,
        "Gross Profit": 426628000.0,
        "R&D Expenses": 84781000.0,
        "SG&A Expense": 201176000.0,
        "Operating Expenses": 286504000.0,
        "Operating Income": 140124000.0,
        "Interest Expense": 0.0,
        "Earnings before Tax": 85231000.0,
        "Income Tax Expense": 28722000.0,
        "Net Income - Non-Controlling int": 0.0,
        "Net Income - Discontinued ops": 0.0,
        "Net Income": 112417000.0,
        "Preferred Dividends": 0.0,
        "Net Income Com": 112417000.0,
        "EPS": 2.65,
        "EPS Diluted": 2.59,
        "Weighted Average Shs Out": 42452000.0,
        "Weighted Average Shs Out (Dil)": 43364000.0,
        "Dividend per Share": 0.400608799926,
        "Gross Margin": 0.52116339098,
        "EBITDA Margin": 0.190188942924,
        "EBIT Margin": 0.171173713394,
        "Profit Margin": 0.137327191192,
        "Free Cash Flow margin": 0.110560989584,
        "EBITDA": 155690000.0,
        "EBIT": 140124000.0,
        "Consolidated Income": 112417000.0,
        "Earnings Before Tax Margin": 0.104117116028,
        "Net Profit Margin": 0.137327191192
    },
    "2013": {
        "Revenue": 762226000.0,
        "Revenue Growth": 0.0684891949176302,
        "Cost of Revenue": 359045000.0,
        "Gross Profit": 403181000.0,
        "R&D Expenses": 80373000.0,
        "SG&A Expense": 182445000.0,
        "Operating Expenses": 265084000.0,
        "Operating Income": 138097000.0,