{
    "2018": {
        "Revenue": 289467000.0,
        "Revenue Growth": -0.0458159450960226,
        "Cost of Revenue": 210746000.0,
        "Gross Profit": 78721000.0,
        "R&D Expenses": 0.0,
        "SG&A Expense": 19963000.0,
        "Operating Expenses": 83727000.0,
        "Operating Income": -5006000.0,
        "Interest Expense": 1598000.0,
        "Earnings before Tax": -5217000.0,
        "Income Tax Expense": -329000.0,
        "Net Income - Non-Controlling int": 0.0,
        "Net Income - Discontinued ops": 0.0,
        "Net Income": -4889000.0,
        "Preferred Dividends": 161000.0,
        "Net Income Com": -4889000.0,
        "EPS": -0.14,
        "EPS Diluted": -0.14,
        "Weighted Average Shs Out": 34941000.0,
        "Weighted Average Shs Out (Dil)": 34941000.0,
        "Dividend per Share": 0.0046077673793,
        "Gross Margin": 0.271951552336,
        "EBITDA Margin": 0.00340280584661,
        "EBIT Margin": -0.0172938538763,
        "Profit Margin": -0.0168896627249,
        "Free Cash Flow margin": 0.00169967561069,
        "EBITDA": 985000.0,
        "EBIT": -5006000.0,
        "Consolidated Income": -4889000.0,
        "Earnings Before Tax Margin": -0.0180227797987,
        "Net Profit Margin": -0.0168896627249
    },
    "2017": {
        "Revenue": 303366000.0,
        "Revenue Growth": -0.000675295071004806,
        "Cost of Revenue": 213706000.0,
        "Gross Profit": 89660000.0,
        "R&D Expenses": 0.0,
        "SG&A Expense": 17612000.0,
        "Operating Expenses": 85025000.0,
        "Operating Income": 4635000.0,
        "Interest Expense": 1655000.0,
        "Earnings before Tax": 3034000.0,
        "Income Tax Expense": -21540000.0,
        "Net Income - Non-Controlling int": 0.0,
        "Net Income - Discontinued ops": 0.0,
        "Net Income": 24015000.0,
        "Preferred Dividends": 189000.0,
        "Net Income Com": 24015000.0,
        "EPS": 0.62,
        "EPS Diluted": 0.62,
        "Weighted Average Shs Out": 35192000.0,
        "Weighted Average Shs Out (Dil)": 39634000.0,
        "Dividend per Share": 0.00527325023969,
        "Gross Margin": 0.295550589057,
        "EBITDA Margin": 0.0375223327598,
        "EBIT Margin": 0.0152785743953,
        "Profit Margin": 0.0791618045529,
        "Free Cash Flow margin": 0.0222107948814,
        "EBITDA": 11383000.0,
        "EBIT": 4635000.0,
        "Consolidated Income": 24015000.0,
        "Earnings Before Tax Margin": 0.0100011207584,
        "Net Profit Margin": 0.0791618045529
    },
    "2016": {
        "Revenue": 303571000.0,
        "Revenue Growth": 0.0428731908578417,
        "Cost of Revenue": 211289000.0,
        "Gross Profit": 92282000.0,
        "R&D Expenses": 0.0,
        "SG&A Expense": 17907000.0,
        "Operating Expenses": 91892000.0,
        "Operating Income": 390000.0,
        "Interest Expense": 1238000.0,
        "Earnings before Tax": -802000.0,
        "Income Tax Expense": -199000.0,
        "Net Income - Non-Controlling int": 0.0,
        "Net Income - Discontinued ops": 0.0,
        "Net Income": 731000.0,
        "Preferred Dividends": 241000.0,
        "Net Income Com": 731000.0,
        "EPS": 0.01,
        "EPS Diluted": 0.01,
        "Weighted Average Shs Out": 34765000.0,
        "Weighted Average Shs Out (Dil)": 36207000.0,
        "Dividend per Share": 0.00168475709117,
        "Gross Margin": 0.303988193866,
        "EBITDA Margin": 0.0278419216592,
        "EBIT Margin": 0.00128470769606,
        "Profit Margin": 0.00240800339953,
        "Free Cash Flow margin": 0.0501299531246,
        "EBITDA": 8452000.0,
        "EBIT": 390000.0,
        "Consolidated Income": 731000.0,
        "Earnings Before Tax Margin": -0.00264188608266,
        "Net Profit Margin": 0.00240800339953
    },
    "2015": {
        "Revenue": 283508000.0,
        "Revenue Growth": 0.112874038774813,
        "Cost of Revenue": 205058000.0,
        "Gross Profit": 78450000.0,
        "R&D Expenses": 0.0,
        "SG&A Expense": 16701000.0,
        "Operating Expenses": 84362000.0,
        "Operating Income": -5912000.0,
        "Interest Expense": 1101000.0,
        "Earnings before Tax": -6948000.0,
        "Income Tax Expense": 138000.0,
        "Net Income - Non-Controlling int": 0.0,
        "Net Income - Discontinued ops": 0.0,
        "Net Income": -6879000.0,
        "Preferred Dividends": 240000.0,
        "Net Income Com": -6879000.0,
        "EPS": -0.21,
        "EPS Diluted": -0.21,
        "Weighted Average Shs Out": 33489000.0,
        "Weighted Average Shs Out (Dil)": 33489000.0,
        "Dividend per Share": 0.0,
        "Gross Margin": 0.276711768275,
        "EBITDA Margin": 0.0123947119658,
        "EBIT Margin": -0.0208530270751,
        "Profit Margin": -0.0242638655699,
        "Free Cash Flow margin": -0.0152129745898,
        "EBITDA": 3514000.0,
        "EBIT": -5912000.0,
        "Consolidated Income": -6879000.0,
        "Earnings Before Tax Margin": -0.0245072449455,
        "Net Profit Margin": -0.0242638655699
    },
    "2013": {
        "Revenue": 254753000.0,
        "Revenue Growth": -0.162043569931945,
        "Cost of Revenue": 180620000.0,
        "Gross Profit": 74133000.0,
        "R&D Expenses": 0.0,
        "SG&A Expense": 17567000.0,
        "Operating Expenses": 88900000.0,
        "Operating Income": -14767000.0,
        "Interest Expense": 972000.0,
        "Earnings before Tax": -15591000.0,
        "Income Tax Expense": 43000.0,
        "Net Income - Non-Controlling int": 0.0,
        "Net Income - Discontinued ops": 0.0,
        "Net Income": -15634000.0,
        "Preferred Dividends": 184000.0,
        "Net Income Com": -15634000.0,
        "EPS": -0.48,
        "EPS Diluted": -0.48,
        "Weighted Average Shs Out": 32697000.0,
        "Weighted Average Shs Out (Dil)": 32697000.0,
        "Dividend per Share": 0.0,
        "Gross Margin": 0.290999517179,
        "EBITDA Margin": -0.00836103990925,
        "EBIT Margin": -0.0579659513333,
        "Profit Margin": -0.0613692478597,
        "Free Cash Flow margin": -0.0292754157949,
        "EBITDA": -2130000.0,
        "EBIT": -14767000.0,
        "Consolidated Income": -15634000.0,
        "Earnings Before Tax Margin": -0.0612004569132,
        "Net Profit Margin": -0.0613692478597
    },
    "2012": {
        "Revenue": 304017000.0,
        "Revenue Growth": -0.0704890666275316,
        "Cost of Revenue": 212379000.0,
        "Gross Profit": 91638000.0,
        "R&D Expenses": 0.0,
        "SG&A Expense": 19857000.0,
        "Operating Expenses": 127428000.0,
        "Operating Income": -35790000.0,
        "Interest Expense": 785000.0,
        "Earnings before Tax": -37469000.0,
        "Income Tax Expense": -937000.0,
        "Net Income - Non-Controlling int": 0.0,
        "Net Income - Discontinued ops": 0.0,
        "Net Income": -35978000.0,
        "Preferred Dividends": 0.0,
        "Net Income Com": -35978000.0,
        "EPS": -1.17,
        "EPS Diluted": -1.17,
        "Weighted Average Shs Out": 30818000.0,
        "Weighted Average Shs Out (Dil)": 30818000.0,
        "Dividend per Share": 0.0,
        "Gross Margin": 0.30142393353,
        "EBITDA Margin": -0.063493159922,
        "EBIT Margin": -0.117723679926,
        "Profit Margin": -0.118342066398,
        "Free Cash Flow margin": -0.0347184532444,
        "EBITDA": -19303000.0,
        "EBIT": -35790000.0,
        "Consolidated Income": -35978000.0,
        "Earnings Before Tax Margin": -0.123246397405,
        "Net Profit Margin": -0.118342066398
    },
    "2011": {
        "Revenue": 327072000.0,
        "Revenue Growth": 0.247047968369319,
        "Cost of Revenue": 220072000.0,
        "Gross Profit": 107000000.0,
        "R&D Expenses": 0.0,
        "SG&A Expense": 31961000.0,
        "Operating Expenses": 122995000.0,
        "Operating Income": -15995000.0,
        "Interest Expense": 1018000.0,
        "Earnings before Tax": -16649000.0,