{
    "2018": {
        "Revenue": 76554000.0,
        "Revenue Growth": -0.0506343241936084,
        "Cost of Revenue": 37076000.0,
        "Gross Profit": 39478000.0,
        "R&D Expenses": 22881000.0,
        "SG&A Expense": 19953000.0,
        "Operating Expenses": 44298000.0,
        "Operating Income": -4820000.0,
        "Interest Expense": 852000.0,
        "Earnings before Tax": -4173000.0,
        "Income Tax Expense": 448000.0,
        "Net Income - Non-Controlling int": 0.0,
        "Net Income - Discontinued ops": 0.0,
        "Net Income": -4621000.0,
        "Preferred Dividends": 0.0,
        "Net Income Com": -4621000.0,
        "EPS": -0.13,
        "EPS Diluted": -0.13,
        "Weighted Average Shs Out": 35959000.0,
        "Weighted Average Shs Out (Dil)": 35959000.0,
        "Dividend per Share": 0.0,
        "Gross Margin": 0.515688272331,
        "EBITDA Margin": 0.0120045980615,
        "EBIT Margin": -0.062962092118,
        "Profit Margin": -0.06036261985,
        "Free Cash Flow margin": -0.0149045118478,
        "EBITDA": 919000.0,
        "EBIT": -4820000.0,
        "Consolidated Income": -4621000.0,
        "Earnings Before Tax Margin": -0.0545105415785,
        "Net Profit Margin": -0.06036261985
    },
    "2017": {
        "Revenue": 80637000.0,
        "Revenue Growth": 0.510339014796778,
        "Cost of Revenue": 38873000.0,
        "Gross Profit": 41764000.0,
        "R&D Expenses": 21427000.0,
        "SG&A Expense": 20450000.0,
        "Operating Expenses": 43797000.0,
        "Operating Income": -2033000.0,
        "Interest Expense": 878000.0,
        "Earnings before Tax": -3680000.0,
        "Income Tax Expense": 493000.0,
        "Net Income - Non-Controlling int": 0.0,
        "Net Income - Discontinued ops": 0.0,
        "Net Income": -4173000.0,
        "Preferred Dividends": 0.0,
        "Net Income Com": -4173000.0,
        "EPS": -0.13,
        "EPS Diluted": -0.13,
        "Weighted Average Shs Out": 31507000.0,
        "Weighted Average Shs Out (Dil)": 31507000.0,
        "Dividend per Share": 0.0,
        "Gross Margin": 0.517926014113,
        "EBITDA Margin": 0.0541934843806,
        "EBIT Margin": -0.0252117514292,
        "Profit Margin": -0.0517504371442,
        "Free Cash Flow margin": 0.15128290983,
        "EBITDA": 4370000.0,
        "EBIT": -2033000.0,
        "Consolidated Income": -4173000.0,
        "Earnings Before Tax Margin": -0.0456366184258,
        "Net Profit Margin": -0.0517504371442
    },
    "2016": {
        "Revenue": 53390000.0,
        "Revenue Growth": -0.102945376951123,
        "Cost of Revenue": 28322000.0,
        "Gross Profit": 25068000.0,
        "R&D Expenses": 19036000.0,
        "SG&A Expense": 13770000.0,
        "Operating Expenses": 35414000.0,
        "Operating Income": -10346000.0,
        "Interest Expense": 0.0,
        "Earnings before Tax": -10752000.0,
        "Income Tax Expense": 355000.0,
        "Net Income - Non-Controlling int": 0.0,
        "Net Income - Discontinued ops": 0.0,
        "Net Income": -11107000.0,
        "Preferred Dividends": 0.0,
        "Net Income Com": -11107000.0,
        "EPS": -0.39,
        "EPS Diluted": -0.39,
        "Weighted Average Shs Out": 28276000.0,
        "Weighted Average Shs Out (Dil)": 28276000.0,
        "Dividend per Share": 0.0,
        "Gross Margin": 0.469526128488,
        "EBITDA Margin": -0.128863082974,
        "EBIT Margin": -0.193781607043,
        "Profit Margin": -0.208035212587,
        "Free Cash Flow margin": -0.0287507023787,
        "EBITDA": -6880000.0,
        "EBIT": -10346000.0,
        "Consolidated Income": -11107000.0,
        "Earnings Before Tax Margin": -0.201386027346,
        "Net Profit Margin": -0.208035212587
    },
    "2015": {
        "Revenue": 59517000.0,
        "Revenue Growth": -0.0230783119675656,
        "Cost of Revenue": 30224000.0,
        "Gross Profit": 29293000.0,
        "R&D Expenses": 24644000.0,
        "SG&A Expense": 14453000.0,
        "Operating Expenses": 39097000.0,
        "Operating Income": -9804000.0,
        "Interest Expense": 0.0,
        "Earnings before Tax": -10250000.0,
        "Income Tax Expense": 320000.0,
        "Net Income - Non-Controlling int": 0.0,
        "Net Income - Discontinued ops": 0.0,
        "Net Income": -10570000.0,
        "Preferred Dividends": 0.0,
        "Net Income Com": -10570000.0,
        "EPS": -0.42,
        "EPS Diluted": -0.42,
        "Weighted Average Shs Out": 25088000.0,
        "Weighted Average Shs Out (Dil)": 25088000.0,
        "Dividend per Share": 0.0,
        "Gross Margin": 0.492178705244,
        "EBITDA Margin": -0.0930994505771,
        "EBIT Margin": -0.16472604466,
        "Profit Margin": -0.177596317019,
        "Free Cash Flow margin": -0.0655611001899,
        "EBITDA": -5541000.0,
        "EBIT": -9804000.0,
        "Consolidated Income": -10570000.0,
        "Earnings Before Tax Margin": -0.172219701934,
        "Net Profit Margin": -0.177596317019
    },
    "2014": {
        "Revenue": 60923000.0,
        "Revenue Growth": 0.26611662995137,
        "Cost of Revenue": 29142000.0,
        "Gross Profit": 31781000.0,
        "R&D Expenses": 25296000.0,
        "SG&A Expense": 15434000.0,
        "Operating Expenses": 40730000.0,
        "Operating Income": -8949000.0,
        "Interest Expense": 0.0,
        "Earnings before Tax": -9442000.0,
        "Income Tax Expense": 518000.0,
        "Net Income - Non-Controlling int": 0.0,
        "Net Income - Discontinued ops": 0.0,
        "Net Income": -9960000.0,
        "Preferred Dividends": 0.0,
        "Net Income Com": -9960000.0,
        "EPS": -0.44,
        "EPS Diluted": -0.44,
        "Weighted Average Shs Out": 22766000.0,
        "Weighted Average Shs Out (Dil)": 22766000.0,
        "Dividend per Share": 0.0,
        "Gross Margin": 0.521658486943,
        "EBITDA Margin": -0.0727968090869,
        "EBIT Margin": -0.146890336983,
        "Profit Margin": -0.163485054905,
        "Free Cash Flow margin": 0.0277071056908,
        "EBITDA": -4435000.0,
        "EBIT": -8949000.0,
        "Consolidated Income": -9960000.0,
        "Earnings Before Tax Margin": -0.154982518917,
        "Net Profit Margin": -0.163485054905
    },
    "2013": {
        "Revenue": 48118000.0,
        "Revenue Growth": -0.194138335287222,
        "Cost of Revenue": 21708000.0,
        "Gross Profit": 26410000.0,
        "R&D Expenses": 20664000.0,
        "SG&A Expense": 13883000.0,
        "Operating Expenses": 34547000.0,
        "Operating Income": -8137000.0,
        "Interest Expense": 409000.0,
        "Earnings before Tax": -8542000.0,
        "Income Tax Expense": 328000.0,
        "Net Income - Non-Controlling int": 0.0,
        "Net Income - Discontinued ops": 0.0,
        "Net Income": -8870000.0,
        "Preferred Dividends": 0.0,
        "Net Income Com": -8870000.0,
        "EPS": -0.45,
        "EPS Diluted": -0.45,
        "Weighted Average Shs Out": 19816000.0,
        "Weighted Average Shs Out (Dil)": 19816000.0,
        "Dividend per Share": 0.0,
        "Gross Margin": 0.548859054824,
        "EBITDA Margin": -0.077476204331,
        "EBIT Margin": -0.169105116588,
        "Profit Margin": -0.184338501185,
        "Free Cash Flow margin": -0.0369923936988,
        "EBITDA": -3728000.0,
        "EBIT": -8137000.0,
        "Consolidated Income": -8870000.0,
        "Earnings Before Tax Margin": -0.177521925267,
        "Net Profit Margin": -0.184338501185
    },
    "2012": {
        "Revenue": 59710000.0,
        "Revenue Growth": -0.075825349409525,
        "Cost of Revenue": 29862000.0,
        "Gross Profit": 29848000.0,
        "R&D Expenses": 20757000.0,
        "SG&A Expense": 14944000.0,
        "Operating Expenses": 35701000.0,
        "Operating Income": -5853000.0,
        "Interest Expense": 417000.0,
        "Earnings before Tax": -6265000.0,
        "Income Tax Expense": -571000.0,