{
    "2018": {
        "Revenue": 14070000000.0,
        "Revenue Growth": 0.352364475201845,
        "Cost of Revenue": 10817000000.0,
        "Gross Profit": 3253000000.0,
        "R&D Expenses": 0.0,
        "SG&A Expense": 1897000000.0,
        "Operating Expenses": 1929000000.0,
        "Operating Income": 1324000000.0,
        "Interest Expense": 381000000.0,
        "Earnings before Tax": 883000000.0,
        "Income Tax Expense": 60000000.0,
        "Net Income - Non-Controlling int": 0.0,
        "Net Income - Discontinued ops": 0.0,
        "Net Income": 916000000.0,
        "Preferred Dividends": 0.0,
        "Net Income Com": 916000000.0,
        "EPS": 1.46,
        "EPS Diluted": 1.45,
        "Weighted Average Shs Out": 462000000.0,
        "Weighted Average Shs Out (Dil)": 465000000.0,
        "Dividend per Share": 0.0,
        "Gross Margin": 0.231201137171,
        "EBITDA Margin": 0.139800995025,
        "EBIT Margin": 0.0941009239517,
        "Profit Margin": 0.0651030561478,
        "Free Cash Flow margin": 0.0709310589908,
        "EBITDA": 1967000000.0,
        "EBIT": 1324000000.0,
        "Consolidated Income": 916000000.0,
        "Earnings Before Tax Margin": 0.0627576403696,
        "Net Profit Margin": 0.0651030561478
    },
    "2017": {
        "Revenue": 10404000000.0,
        "Revenue Growth": -0.0228233305156382,
        "Cost of Revenue": 8208000000.0,
        "Gross Profit": 2196000000.0,
        "R&D Expenses": 0.0,
        "SG&A Expense": 1153000000.0,
        "Operating Expenses": 1153000000.0,
        "Operating Income": 1043000000.0,
        "Interest Expense": 355000000.0,
        "Earnings before Tax": 1523000000.0,
        "Income Tax Expense": -964000000.0,
        "Net Income - Non-Controlling int": 0.0,
        "Net Income - Discontinued ops": 0.0,
        "Net Income": 2441000000.0,
        "Preferred Dividends": 0.0,
        "Net Income Com": 2441000000.0,
        "EPS": 14.34,
        "EPS Diluted": 14.17,
        "Weighted Average Shs Out": 86000000.0,
        "Weighted Average Shs Out (Dil)": 87000000.0,
        "Dividend per Share": 0.0,
        "Gross Margin": 0.21107266436,
        "EBITDA Margin": 0.169934640523,
        "EBIT Margin": 0.100249903883,
        "Profit Margin": 0.2346212995,
        "Free Cash Flow margin": 0.123798539023,
        "EBITDA": 1768000000.0,
        "EBIT": 1043000000.0,
        "Consolidated Income": 2441000000.0,
        "Earnings Before Tax Margin": 0.146386005383,
        "Net Profit Margin": 0.2346212995
    },
    "2016": {
        "Revenue": 10647000000.0,
        "Revenue Growth": 0.0658724597056762,
        "Cost of Revenue": 8489000000.0,
        "Gross Profit": 2158000000.0,
        "R&D Expenses": 0.0,
        "SG&A Expense": 1190000000.0,
        "Operating Expenses": 1190000000.0,
        "Operating Income": 968000000.0,
        "Interest Expense": 363000000.0,
        "Earnings before Tax": 1852000000.0,
        "Income Tax Expense": 598000000.0,
        "Net Income - Non-Controlling int": 0.0,
        "Net Income - Discontinued ops": 0.0,
        "Net Income": 1235000000.0,
        "Preferred Dividends": 0.0,
        "Net Income Com": 1235000000.0,
        "EPS": 5.69,
        "EPS Diluted": 5.64,
        "Weighted Average Shs Out": 134000000.0,
        "Weighted Average Shs Out (Dil)": 135000000.0,
        "Dividend per Share": 0.0,
        "Gross Margin": 0.202686202686,
        "EBITDA Margin": 0.174133558749,
        "EBIT Margin": 0.0909176293792,
        "Profit Margin": 0.115995115995,
        "Free Cash Flow margin": 0.113647036724,
        "EBITDA": 1854000000.0,
        "EBIT": 968000000.0,
        "Consolidated Income": 1235000000.0,
        "Earnings Before Tax Margin": 0.173945712407,
        "Net Profit Margin": 0.115995115995
    },
    "2015": {
        "Revenue": 9989000000.0,
        "Revenue Growth": -0.0485760548623678,
        "Cost of Revenue": 7795000000.0,
        "Gross Profit": 2194000000.0,
        "R&D Expenses": 0.0,
        "SG&A Expense": 1078000000.0,
        "Operating Expenses": 1078000000.0,
        "Operating Income": 1116000000.0,
        "Interest Expense": 360000000.0,
        "Earnings before Tax": 1253000000.0,
        "Income Tax Expense": 342000000.0,
        "Net Income - Non-Controlling int": 0.0,
        "Net Income - Discontinued ops": 0.0,
        "Net Income": 869000000.0,
        "Preferred Dividends": 0.0,
        "Net Income Com": 869000000.0,
        "EPS": 1.61,
        "EPS Diluted": 1.6,
        "Weighted Average Shs Out": 142000000.0,
        "Weighted Average Shs Out (Dil)": 143000000.0,
        "Dividend per Share": 0.0,
        "Gross Margin": 0.219641605766,
        "EBITDA Margin": 0.182600860947,
        "EBIT Margin": 0.111722895185,
        "Profit Margin": 0.0869956952648,
        "Free Cash Flow margin": 0.078886775453,
        "EBITDA": 1824000000.0,
        "EBIT": 1116000000.0,
        "Consolidated Income": 869000000.0,
        "Earnings Before Tax Margin": 0.12543798178,
        "Net Profit Margin": 0.0869956952648
    },
    "2014": {
        "Revenue": 10499000000.0,
        "Revenue Growth": -0.0669214361891219,
        "Cost of Revenue": 8244000000.0,
        "Gross Profit": 2255000000.0,
        "R&D Expenses": 0.0,
        "SG&A Expense": 1067000000.0,
        "Operating Expenses": 1067000000.0,
        "Operating Income": 1188000000.0,
        "Interest Expense": 387000000.0,
        "Earnings before Tax": 836000000.0,
        "Income Tax Expense": 258000000.0,
        "Net Income - Non-Controlling int": 0.0,
        "Net Income - Discontinued ops": 0.0,
        "Net Income": 537000000.0,
        "Preferred Dividends": 0.0,
        "Net Income Com": 537000000.0,
        "EPS": 0.19,
        "EPS Diluted": 0.19,
        "Weighted Average Shs Out": 87000000.0,
        "Weighted Average Shs Out (Dil)": 88000000.0,
        "Dividend per Share": 0.0,
        "Gross Margin": 0.214782360225,
        "EBITDA Margin": 0.176778740832,
        "EBIT Margin": 0.113153633679,
        "Profit Margin": 0.0511477283551,
        "Free Cash Flow margin": 0.133250785789,
        "EBITDA": 1856000000.0,
        "EBIT": 1188000000.0,
        "Consolidated Income": 537000000.0,
        "Earnings Before Tax Margin": 0.0796266311077,
        "Net Profit Margin": 0.0511477283551
    },
    "2013": {
        "Revenue": 11252000000.0,
        "Revenue Growth": 0.119156554605132,
        "Cost of Revenue": 8607000000.0,
        "Gross Profit": 2645000000.0,
        "R&D Expenses": 0.0,
        "SG&A Expense": 1525000000.0,
        "Operating Expenses": 1525000000.0,
        "Operating Income": 1120000000.0,
        "Interest Expense": 373000000.0,
        "Earnings before Tax": 580000000.0,
        "Income Tax Expense": 130000000.0,
        "Net Income - Non-Controlling int": 0.0,
        "Net Income - Discontinued ops": 0.0,
        "Net Income": 501000000.0,
        "Preferred Dividends": 0.0,
        "Net Income Com": 501000000.0,
        "EPS": 1.7,
        "EPS Diluted": 1.7,
        "Weighted Average Shs Out": 37000000.0,
        "Weighted Average Shs Out (Dil)": 37000000.0,
        "Dividend per Share": 0.0,
        "Gross Margin": 0.23506932101,
        "EBITDA Margin": 0.184500533239,
        "EBIT Margin": 0.099537859936,
        "Profit Margin": 0.0445254177035,
        "Free Cash Flow margin": 0.0895840739424,
        "EBITDA": 2076000000.0,
        "EBIT": 1120000000.0,
        "Consolidated Income": 501000000.0,
        "Earnings Before Tax Margin": 0.0515463917526,
        "Net Profit Margin": 0.0445254177035
    },
    "2012": {
        "Revenue": 10054000000.0,
        "Revenue Growth": 0.0455490848585691,
        "Cost of Revenue": 1541000000.0,
        "Gross Profit": 8513000000.0,
        "R&D Expenses": 0.0,
        "SG&A Expense": 1009000000.0,
        "Operating Expenses": 1009000000.0,
        "Operating Income": 1108000000.0,
        "Interest Expense": 432000000.0,