{
    "2018": {
        "Revenue": 7377206000.0,
        "Revenue Growth": 0.116393271198206,
        "Cost of Revenue": 5651403000.0,
        "Gross Profit": 1725803000.0,
        "R&D Expenses": 0.0,
        "SG&A Expense": 1890571000.0,
        "Operating Expenses": 1890571000.0,
        "Operating Income": -226471000.0,
        "Interest Expense": 31031000.0,
        "Earnings before Tax": -226471000.0,
        "Income Tax Expense": -330023000.0,
        "Net Income - Non-Controlling int": 0.0,
        "Net Income - Discontinued ops": 0.0,
        "Net Income": 103552000.0,
        "Preferred Dividends": 0.0,
        "Net Income Com": 103552000.0,
        "EPS": 2.54,
        "EPS Diluted": 2.53,
        "Weighted Average Shs Out": 40388.0,
        "Weighted Average Shs Out (Dil)": 40586.0,
        "Dividend per Share": 5327.47745528,
        "Gross Margin": 0.233937211459,
        "EBITDA Margin": -0.0267308517615,
        "EBIT Margin": -0.030698749635,
        "Profit Margin": 0.0140367504988,
        "Free Cash Flow margin": 0.0826964842787,
        "EBITDA": -197199000.0,
        "EBIT": -226471000.0,
        "Consolidated Income": 103552000.0,
        "Earnings Before Tax Margin": -0.030698749635,
        "Net Profit Margin": 0.0140367504988
    },
    "2017": {
        "Revenue": 6608071000.0,
        "Revenue Growth": 0.1404343130355,
        "Cost of Revenue": 4522581000.0,
        "Gross Profit": 2085490000.0,
        "R&D Expenses": 0.0,
        "SG&A Expense": 1622780000.0,
        "Operating Expenses": 1622780000.0,
        "Operating Income": 405184000.0,
        "Interest Expense": 31603000.0,
        "Earnings before Tax": 405184000.0,
        "Income Tax Expense": -63784000.0,
        "Net Income - Non-Controlling int": 0.0,
        "Net Income - Discontinued ops": 0.0,
        "Net Income": 468968000.0,
        "Preferred Dividends": 0.0,
        "Net Income Com": 468968000.0,
        "EPS": 11.43,
        "EPS Diluted": 11.36,
        "Weighted Average Shs Out": 40595.0,
        "Weighted Average Shs Out (Dil)": 40843.0,
        "Dividend per Share": 5074.11306711,
        "Gross Margin": 0.315597395972,
        "EBITDA Margin": 0.0682575898473,
        "EBIT Margin": 0.0613165324646,
        "Profit Margin": 0.0709689711264,
        "Free Cash Flow margin": 0.17595044,
        "EBITDA": 451051000.0,
        "EBIT": 405184000.0,
        "Consolidated Income": 468968000.0,
        "Earnings Before Tax Margin": 0.0613165324646,
        "Net Profit Margin": 0.0709689711264
    },
    "2016": {
        "Revenue": 5794346000.0,
        "Revenue Growth": -0.00745868926250568,
        "Cost of Revenue": 3139629000.0,
        "Gross Profit": 2654717000.0,
        "R&D Expenses": 0.0,
        "SG&A Expense": 1491414000.0,
        "Operating Expenses": 1491414000.0,
        "Operating Income": 1099844000.0,
        "Interest Expense": 36228000.0,
        "Earnings before Tax": 1099844000.0,
        "Income Tax Expense": 103500000.0,
        "Net Income - Non-Controlling int": 0.0,
        "Net Income - Discontinued ops": 0.0,
        "Net Income": 996344000.0,
        "Preferred Dividends": 0.0,
        "Net Income Com": 996344000.0,
        "EPS": 23.85,
        "EPS Diluted": 23.68,
        "Weighted Average Shs Out": 41329.0,
        "Weighted Average Shs Out (Dil)": 41628.0,
        "Dividend per Share": 4693.57163448,
        "Gross Margin": 0.458156451134,
        "EBITDA Margin": 0.198299342152,
        "EBIT Margin": 0.189813311114,
        "Profit Margin": 0.171951070923,
        "Free Cash Flow margin": 0.236955991237,
        "EBITDA": 1149015000.0,
        "EBIT": 1099844000.0,
        "Consolidated Income": 996344000.0,
        "Earnings Before Tax Margin": 0.189813311114,
        "Net Profit Margin": 0.171951070923
    },
    "2015": {
        "Revenue": 5837889000.0,
        "Revenue Growth": 0.00816842638978522,
        "Cost of Revenue": 3101915000.0,
        "Gross Profit": 2735974000.0,
        "R&D Expenses": 0.0,
        "SG&A Expense": 1225290000.0,
        "Operating Expenses": 1225290000.0,
        "Operating Income": 1208509000.0,
        "Interest Expense": 36191000.0,
        "Earnings before Tax": 1208509000.0,
        "Income Tax Expense": 134021000.0,
        "Net Income - Non-Controlling int": 0.0,
        "Net Income - Discontinued ops": 0.0,
        "Net Income": 977869000.0,
        "Preferred Dividends": 0.0,
        "Net Income Com": 977869000.0,
        "EPS": 22.29,
        "EPS Diluted": 22.1,
        "Weighted Average Shs Out": 43415.0,
        "Weighted Average Shs Out (Dil)": 43795.0,
        "Dividend per Share": 3998.33314305,
        "Gross Margin": 0.468658105695,
        "EBITDA Margin": 0.215731063061,
        "EBIT Margin": 0.207011301517,
        "Profit Margin": 0.167503869978,
        "Free Cash Flow margin": 0.224119026586,
        "EBITDA": 1259414000.0,
        "EBIT": 1208509000.0,
        "Consolidated Income": 977869000.0,
        "Earnings Before Tax Margin": 0.207011301517,
        "Net Profit Margin": 0.167503869978
    },
    "2014": {
        "Revenue": 5790589000.0,
        "Revenue Growth": 0.0265480152232754,
        "Cost of Revenue": 2906534000.0,
        "Gross Profit": 2884055000.0,
        "R&D Expenses": 0.0,
        "SG&A Expense": 1159007000.0,
        "Operating Expenses": 1159007000.0,
        "Operating Income": 1446115000.0,
        "Interest Expense": 38533000.0,
        "Earnings before Tax": 1446115000.0,
        "Income Tax Expense": 187652000.0,
        "Net Income - Non-Controlling int": 0.0,
        "Net Income - Discontinued ops": 0.0,
        "Net Income": 1199156000.0,
        "Preferred Dividends": 0.0,
        "Net Income Com": 1199156000.0,
        "EPS": 26.16,
        "EPS Diluted": 25.91,
        "Weighted Average Shs Out": 45377.0,
        "Weighted Average Shs Out (Dil)": 45802.0,
        "Dividend per Share": 3185.73424741,
        "Gross Margin": 0.498059005742,
        "EBITDA Margin": 0.25824229625,
        "EBIT Margin": 0.249735389612,
        "Profit Margin": 0.207087051075,
        "Free Cash Flow margin": 0.226889009046,
        "EBITDA": 1495375000.0,
        "EBIT": 1446115000.0,
        "Consolidated Income": 1199156000.0,
        "Earnings Before Tax Margin": 0.249735389612,
        "Net Profit Margin": 0.207087051075
    },
    "2013": {
        "Revenue": 5640836000.0,
        "Revenue Growth": 0.145856939430935,
        "Cost of Revenue": 2800251000.0,
        "Gross Profit": 2840585000.0,
        "R&D Expenses": 0.0,
        "SG&A Expense": 1002375000.0,
        "Operating Expenses": 1002375000.0,
        "Operating Income": 1554966000.0,
        "Interest Expense": 46118000.0,
        "Earnings before Tax": 1554966000.0,
        "Income Tax Expense": 289706000.0,
        "Net Income - Non-Controlling int": 0.0,
        "Net Income - Discontinued ops": 0.0,
        "Net Income": 1259382000.0,
        "Preferred Dividends": 0.0,
        "Net Income Com": 1259382000.0,
        "EPS": 25.67,
        "EPS Diluted": 25.44,
        "Weighted Average Shs Out": 48619.0,
        "Weighted Average Shs Out (Dil)": 49056.0,
        "Dividend per Share": 2174.67791911,
        "Gross Margin": 0.503575179282,
        "EBITDA Margin": 0.287454022773,
        "EBIT Margin": 0.275662330903,
        "Profit Margin": 0.223261587467,
        "Free Cash Flow margin": 0.194698268129,
        "EBITDA": 1621481000.0,
        "EBIT": 1554966000.0,
        "Consolidated Income": 1259382000.0,
        "Earnings Before Tax Margin": 0.275662330903,
        "Net Profit Margin": 0.223261587467
    },
    "2012": {
        "Revenue": 4922810000.0,
        "Revenue Growth": 0.0487539201966101,
        "Cost of Revenue": 2745265000.0,
        "Gross Profit": 2177545000.0,
        "R&D Expenses": 0.0,
        "SG&A Expense": 976677000.0,
        "Operating Expenses": 976677000.0,
        "Operating Income": 939526000.0,
        "Interest Expense": 53683000.0,