{
    "2018": {
        "Revenue": 1595227000.0,
        "Revenue Growth": 1.18831810188018,
        "Cost of Revenue": 1050809000.0,
        "Gross Profit": 544418000.0,
        "R&D Expenses": 0.0,
        "SG&A Expense": 318388000.0,
        "Operating Expenses": 318388000.0,
        "Operating Income": 226217000.0,
        "Interest Expense": 70305000.0,
        "Earnings before Tax": 232816000.0,
        "Income Tax Expense": 70305000.0,
        "Net Income - Non-Controlling int": 0.0,
        "Net Income - Discontinued ops": 0.0,
        "Net Income": 162511000.0,
        "Preferred Dividends": 0.0,
        "Net Income Com": 162511000.0,
        "EPS": 0.75,
        "EPS Diluted": 0.75,
        "Weighted Average Shs Out": 0.0,
        "Weighted Average Shs Out (Dil)": 0.0,
        "Dividend per Share": 0.0,
        "Gross Margin": 0.341279328898,
        "EBITDA Margin": 0.246218876687,
        "EBIT Margin": 0.141808657953,
        "Profit Margin": 0.101873275716,
        "Free Cash Flow margin": 0.0101521601628,
        "EBITDA": 392775000.0,
        "EBIT": 226217000.0,
        "Consolidated Income": 162511000.0,
        "Earnings Before Tax Margin": 0.145945373292,
        "Net Profit Margin": 0.101873275716
    },
    "2017": {
        "Revenue": 728974000.0,
        "Revenue Growth": -0.42320705152551,
        "Cost of Revenue": 607888000.0,
        "Gross Profit": 121086000.0,
        "R&D Expenses": 0.0,
        "SG&A Expense": 301380000.0,
        "Operating Expenses": 301380000.0,
        "Operating Income": -238942000.0,
        "Interest Expense": -98114000.0,
        "Earnings before Tax": -239360000.0,
        "Income Tax Expense": -98114000.0,
        "Net Income - Non-Controlling int": 0.0,
        "Net Income - Discontinued ops": 0.0,
        "Net Income": -141246000.0,
        "Preferred Dividends": 0.0,
        "Net Income Com": -141246000.0,
        "EPS": -0.66,
        "EPS Diluted": -0.66,
        "Weighted Average Shs Out": 0.0,
        "Weighted Average Shs Out (Dil)": 0.0,
        "Dividend per Share": 0.0,
        "Gross Margin": 0.166104689605,
        "EBITDA Margin": -0.024560546741,
        "EBIT Margin": -0.327778494158,
        "Profit Margin": -0.193759996927,
        "Free Cash Flow margin": 0.0929607914686,
        "EBITDA": -17904000.0,
        "EBIT": -238942000.0,
        "Consolidated Income": -141246000.0,
        "Earnings Before Tax Margin": -0.328351902811,
        "Net Profit Margin": -0.193759996927
    },
    "2016": {
        "Revenue": 1263840000.0,
        "Revenue Growth": -0.459299661634465,
        "Cost of Revenue": 986144000.0,
        "Gross Profit": 277696000.0,
        "R&D Expenses": 0.0,
        "SG&A Expense": 313158000.0,
        "Operating Expenses": 313158000.0,
        "Operating Income": -156277000.0,
        "Interest Expense": -53480000.0,
        "Earnings before Tax": -153041000.0,
        "Income Tax Expense": -53480000.0,
        "Net Income - Non-Controlling int": 0.0,
        "Net Income - Discontinued ops": 0.0,
        "Net Income": -99561000.0,
        "Preferred Dividends": 0.0,
        "Net Income Com": -99561000.0,
        "EPS": -0.47,
        "EPS Diluted": -0.47,
        "Weighted Average Shs Out": 0.0,
        "Weighted Average Shs Out (Dil)": 0.0,
        "Dividend per Share": 0.0,
        "Gross Margin": 0.219724015698,
        "EBITDA Margin": 0.0942650968477,
        "EBIT Margin": -0.123652519306,
        "Profit Margin": -0.0787765856438,
        "Free Cash Flow margin": 0.242408849221,
        "EBITDA": 119136000.0,
        "EBIT": -156277000.0,
        "Consolidated Income": -99561000.0,
        "Earnings Before Tax Margin": -0.121092068616,
        "Net Profit Margin": -0.0787765856438
    },
    "2015": {
        "Revenue": 2337413000.0,
        "Revenue Growth": 0.255668446066563,
        "Cost of Revenue": 1493082000.0,
        "Gross Profit": 844331000.0,
        "R&D Expenses": 0.0,
        "SG&A Expense": 394234000.0,
        "Operating Expenses": 394234000.0,
        "Operating Income": 400929000.0,
        "Interest Expense": 154193000.0,
        "Earnings before Tax": 399386000.0,
        "Income Tax Expense": 154193000.0,
        "Net Income - Non-Controlling int": 0.0,
        "Net Income - Discontinued ops": 0.0,
        "Net Income": 245193000.0,
        "Preferred Dividends": 0.0,
        "Net Income Com": 245193000.0,
        "EPS": 1.14,
        "EPS Diluted": 1.14,
        "Weighted Average Shs Out": 0.0,
        "Weighted Average Shs Out (Dil)": 0.0,
        "Dividend per Share": 0.0,
        "Gross Margin": 0.361224567503,
        "EBITDA Margin": 0.271611820419,
        "EBIT Margin": 0.171526811907,
        "Profit Margin": 0.104899305343,
        "Free Cash Flow margin": -0.0208542521155,
        "EBITDA": 634869000.0,
        "EBIT": 400929000.0,
        "Consolidated Income": 245193000.0,
        "Earnings Before Tax Margin": 0.170866680386,
        "Net Profit Margin": 0.104899305343
    },
    "2014": {
        "Revenue": 1861489000.0,
        "Revenue Growth": -0.0429475641162084,
        "Cost of Revenue": 1178412000.0,
        "Gross Profit": 683077000.0,
        "R&D Expenses": 0.0,
        "SG&A Expense": 370330000.0,
        "Operating Expenses": 370330000.0,
        "Operating Income": 275413000.0,
        "Interest Expense": 109375000.0,
        "Earnings before Tax": 276270000.0,
        "Income Tax Expense": 109375000.0,
        "Net Income - Non-Controlling int": 0.0,
        "Net Income - Discontinued ops": 0.0,
        "Net Income": 166895000.0,
        "Preferred Dividends": 0.0,
        "Net Income Com": 166895000.0,
        "EPS": 0.77,
        "EPS Diluted": 0.77,
        "Weighted Average Shs Out": 0.0,
        "Weighted Average Shs Out (Dil)": 0.0,
        "Dividend per Share": 0.0,
        "Gross Margin": 0.366951940087,
        "EBITDA Margin": 0.263888209922,
        "EBIT Margin": 0.147953063381,
        "Profit Margin": 0.0896567210443,
        "Free Cash Flow margin": 0.0880708937845,
        "EBITDA": 491225000.0,
        "EBIT": 275413000.0,
        "Consolidated Income": 166895000.0,
        "Earnings Before Tax Margin": 0.148413447514,
        "Net Profit Margin": 0.0896567210443
    },
    "2013": {
        "Revenue": 1945023000.0,
        "Revenue Growth": 0.0747129390039932,
        "Cost of Revenue": 1105886000.0,
        "Gross Profit": 839137000.0,
        "R&D Expenses": 0.0,
        "SG&A Expense": 351498000.0,
        "Operating Expenses": 351498000.0,
        "Operating Income": 442390000.0,
        "Interest Expense": 168183000.0,
        "Earnings before Tax": 442619000.0,
        "Income Tax Expense": 168183000.0,
        "Net Income - Non-Controlling int": 0.0,
        "Net Income - Discontinued ops": 0.0,
        "Net Income": 274436000.0,
        "Preferred Dividends": 0.0,
        "Net Income Com": 274436000.0,
        "EPS": 1.28,
        "EPS Diluted": 1.27,
        "Weighted Average Shs Out": 0.0,
        "Weighted Average Shs Out (Dil)": 0.0,
        "Dividend per Share": 0.0,
        "Gross Margin": 0.431427803167,
        "EBITDA Margin": 0.337550250048,
        "EBIT Margin": 0.227447181859,
        "Profit Margin": 0.14109653202,
        "Free Cash Flow margin": 0.118763120025,
        "EBITDA": 656543000.0,
        "EBIT": 442390000.0,
        "Consolidated Income": 274436000.0,
        "Earnings Before Tax Margin": 0.227564918255,
        "Net Profit Margin": 0.14109653202
    },
    "2012": {
        "Revenue": 1809807000.0,
        "Revenue Growth": 0.0,
        "Cost of Revenue": 992704000.0,
        "Gross Profit": 817103000.0,
        "R&D Expenses": 0.0,
        "SG&A Expense": 302572000.0,
        "Operating Expenses": 302572000.0,
        "Operating Income": 482081000.0,
        "Interest Expense": 182434000.0,
        "Earnings before Tax": 478815000.0,
        "Income Tax Expense": 182434000.0,
        "Net Income - Non-Controlling int": 0.0,