{
    "2018": {
        "Revenue": 2200000000.0,
        "Revenue Growth": 0.681957186544342,
        "Cost of Revenue": 0.0,
        "Gross Profit": 0.0,
        "R&D Expenses": 0.0,
        "SG&A Expense": 1947000000.0,
        "Operating Expenses": 1947000000.0,
        "Operating Income": 1955000000.0,
        "Interest Expense": 602000000.0,
        "Earnings before Tax": 1955000000.0,
        "Income Tax Expense": 387000000.0,
        "Net Income - Non-Controlling int": 0.0,
        "Net Income - Discontinued ops": 0.0,
        "Net Income": 1759000000.0,
        "Preferred Dividends": 64000000.0,
        "Net Income Com": 1759000000.0,
        "EPS": 1.55,
        "EPS Diluted": 1.54,
        "Weighted Average Shs Out": 1092000000.0,
        "Weighted Average Shs Out (Dil)": 1102000000.0,
        "Dividend per Share": 0.410163339383,
        "Gross Margin": 0.0,
        "EBITDA Margin": 1.09863636364,
        "EBIT Margin": 0.888636363636,
        "Profit Margin": 0.799545454545,
        "Free Cash Flow margin": 1.03409090909,
        "EBITDA": 2417000000.0,
        "EBIT": 1955000000.0,
        "Consolidated Income": 1759000000.0,
        "Earnings Before Tax Margin": 0.888636363636,
        "Net Profit Margin": 0.799545454545
    },
    "2017": {
        "Revenue": 1308000000.0,
        "Revenue Growth": 0.0890924229808493,
        "Cost of Revenue": 0.0,
        "Gross Profit": 0.0,
        "R&D Expenses": 0.0,
        "SG&A Expense": 1954000000.0,
        "Operating Expenses": 1954000000.0,
        "Operating Income": 1871000000.0,
        "Interest Expense": 373000000.0,
        "Earnings before Tax": 1871000000.0,
        "Income Tax Expense": 614000000.0,
        "Net Income - Non-Controlling int": 0.0,
        "Net Income - Discontinued ops": 0.0,
        "Net Income": 1263000000.0,
        "Preferred Dividends": 64000000.0,
        "Net Income Com": 1263000000.0,
        "EPS": 1.01,
        "EPS Diluted": 1.0,
        "Weighted Average Shs Out": 1186000000.0,
        "Weighted Average Shs Out (Dil)": 1198000000.0,
        "Dividend per Share": 0.288814691152,
        "Gross Margin": 0.0,
        "EBITDA Margin": 1.84097859327,
        "EBIT Margin": 1.43042813456,
        "Profit Margin": 0.965596330275,
        "Free Cash Flow margin": 1.74847094801,
        "EBITDA": 2408000000.0,
        "EBIT": 1871000000.0,
        "Consolidated Income": 1263000000.0,
        "Earnings Before Tax Margin": 1.43042813456,
        "Net Profit Margin": 0.965596330275
    },
    "2016": {
        "Revenue": 1201000000.0,
        "Revenue Growth": 0.253653444676409,
        "Cost of Revenue": 0.0,
        "Gross Profit": 0.0,
        "R&D Expenses": 0.0,
        "SG&A Expense": 1913000000.0,
        "Operating Expenses": 1913000000.0,
        "Operating Income": 1672000000.0,
        "Interest Expense": 313000000.0,
        "Earnings before Tax": 1672000000.0,
        "Income Tax Expense": 514000000.0,
        "Net Income - Non-Controlling int": 0.0,
        "Net Income - Discontinued ops": 0.0,
        "Net Income": 1163000000.0,
        "Preferred Dividends": 64000000.0,
        "Net Income Com": 1163000000.0,
        "EPS": 0.87,
        "EPS Diluted": 0.87,
        "Weighted Average Shs Out": 1255000000.0,
        "Weighted Average Shs Out (Dil)": 1261000000.0,
        "Dividend per Share": 0.25138778747,
        "Gross Margin": 0.0,
        "EBITDA Margin": 1.87010824313,
        "EBIT Margin": 1.39217318901,
        "Profit Margin": 0.96835970025,
        "Free Cash Flow margin": 1.62614487927,
        "EBITDA": 2246000000.0,
        "EBIT": 1672000000.0,
        "Consolidated Income": 1163000000.0,
        "Earnings Before Tax Margin": 1.39217318901,
        "Net Profit Margin": 0.96835970025
    },
    "2015": {
        "Revenue": 958000000.0,
        "Revenue Growth": -0.196308724832215,
        "Cost of Revenue": 0.0,
        "Gross Profit": 0.0,
        "R&D Expenses": 0.0,
        "SG&A Expense": 1883000000.0,
        "Operating Expenses": 1883000000.0,
        "Operating Income": 1530000000.0,
        "Interest Expense": 268000000.0,
        "Earnings before Tax": 1530000000.0,
        "Income Tax Expense": 455000000.0,
        "Net Income - Non-Controlling int": 0.0,
        "Net Income - Discontinued ops": 0.0,
        "Net Income": 1062000000.0,
        "Preferred Dividends": 64000000.0,
        "Net Income Com": 1062000000.0,
        "EPS": 0.75,
        "EPS Diluted": 0.75,
        "Weighted Average Shs Out": 1325000000.0,
        "Weighted Average Shs Out (Dil)": 1334000000.0,
        "Dividend per Share": 0.227886056972,
        "Gross Margin": 0.0,
        "EBITDA Margin": 2.14300626305,
        "EBIT Margin": 1.59707724426,
        "Profit Margin": 1.10855949896,
        "Free Cash Flow margin": 1.59603340292,
        "EBITDA": 2053000000.0,
        "EBIT": 1530000000.0,
        "Consolidated Income": 1062000000.0,
        "Earnings Before Tax Margin": 1.59707724426,
        "Net Profit Margin": 1.10855949896
    },
    "2014": {
        "Revenue": 1192000000.0,
        "Revenue Growth": -0.292161520190024,
        "Cost of Revenue": 0.0,
        "Gross Profit": 0.0,
        "R&D Expenses": 0.0,
        "SG&A Expense": 1810000000.0,
        "Operating Expenses": 1810000000.0,
        "Operating Income": 1599000000.0,
        "Interest Expense": 309000000.0,
        "Earnings before Tax": 1599000000.0,
        "Income Tax Expense": 457000000.0,
        "Net Income - Non-Controlling int": 0.0,
        "Net Income - Discontinued ops": 0.0,
        "Net Income": 1155000000.0,
        "Preferred Dividends": 52000000.0,
        "Net Income Com": 1155000000.0,
        "EPS": 0.8,
        "EPS Diluted": 0.8,
        "Weighted Average Shs Out": 1375000000.0,
        "Weighted Average Shs Out (Dil)": 1387000000.0,
        "Dividend per Share": 0.178082191781,
        "Gross Margin": 0.0,
        "EBITDA Margin": 1.78020134228,
        "EBIT Margin": 1.34144295302,
        "Profit Margin": 0.968959731544,
        "Free Cash Flow margin": 1.75838926174,
        "EBITDA": 2122000000.0,
        "EBIT": 1599000000.0,
        "Consolidated Income": 1155000000.0,
        "Earnings Before Tax Margin": 1.34144295302,
        "Net Profit Margin": 0.968959731544
    },
    "2013": {
        "Revenue": 1684000000.0,
        "Revenue Growth": 0.535095715587967,
        "Cost of Revenue": 0.0,
        "Gross Profit": 0.0,
        "R&D Expenses": 0.0,
        "SG&A Expense": 1818000000.0,
        "Operating Expenses": 1818000000.0,
        "Operating Income": 1122000000.0,
        "Interest Expense": 384000000.0,
        "Earnings before Tax": 738000000.0,
        "Income Tax Expense": 452000000.0,
        "Net Income - Non-Controlling int": 0.0,
        "Net Income - Discontinued ops": 0.0,
        "Net Income": 1122000000.0,
        "Preferred Dividends": 32000000.0,
        "Net Income Com": 1122000000.0,
        "EPS": 0.78,
        "EPS Diluted": 0.77,
        "Weighted Average Shs Out": 1395000000.0,
        "Weighted Average Shs Out (Dil)": 1410000000.0,
        "Dividend per Share": 0.0978723404255,
        "Gross Margin": 0.0,
        "EBITDA Margin": 1.04928741093,
        "EBIT Margin": 0.666270783848,
        "Profit Margin": 0.666270783848,
        "Free Cash Flow margin": 2.25593824228,
        "EBITDA": 1767000000.0,
        "EBIT": 1122000000.0,
        "Consolidated Income": 1122000000.0,
        "Earnings Before Tax Margin": 0.438242280285,
        "Net Profit Margin": 0.666270783848
    },
    "2012": {
        "Revenue": 1097000000.0,
        "Revenue Growth": 0.0,
        "Cost of Revenue": 0.0,
        "Gross Profit": 0.0,
        "R&D Expenses": 0.0,
        "SG&A Expense": 1763000000.0,
        "Operating Expenses": 1763000000.0,
        "Operating Income": 1120000000.0,
        "Interest Expense": 603000000.0,
        "Earnings before Tax": 1254000000.0,
        "Income Tax Expense": 482000000.0,