{
    "2019": {
        "Revenue": 1069039000.0,
        "Revenue Growth": -0.11946141668465,
        "Cost of Revenue": 636512000.0,
        "Gross Profit": 432527000.0,
        "R&D Expenses": 0.0,
        "SG&A Expense": 177004000.0,
        "Operating Expenses": 454646000.0,
        "Operating Income": -22119000.0,
        "Interest Expense": 0.0,
        "Earnings before Tax": -22267000.0,
        "Income Tax Expense": -2145000.0,
        "Net Income - Non-Controlling int": 0.0,
        "Net Income - Discontinued ops": 0.0,
        "Net Income": -14226000.0,
        "Preferred Dividends": 0.0,
        "Net Income Com": -14226000.0,
        "EPS": -0.34,
        "EPS Diluted": -0.34,
        "Weighted Average Shs Out": 41829000.0,
        "Weighted Average Shs Out (Dil)": 41829000.0,
        "Dividend per Share": 0.0,
        "Gross Margin": 0.404594219668,
        "EBITDA Margin": 0.0106796852126,
        "EBIT Margin": -0.0206905454338,
        "Profit Margin": -0.0133072787803,
        "Free Cash Flow margin": -0.045966517592,
        "EBITDA": 11417000.0,
        "EBIT": -22119000.0,
        "Consolidated Income": -14226000.0,
        "Earnings Before Tax Margin": -0.0208289875299,
        "Net Profit Margin": -0.0133072787803
    },
    "2018": {
        "Revenue": 1214074000.0,
        "Revenue Growth": -0.282414675203087,
        "Cost of Revenue": 718918000.0,
        "Gross Profit": 495156000.0,
        "R&D Expenses": 0.0,
        "SG&A Expense": 174045000.0,
        "Operating Expenses": 494882000.0,
        "Operating Income": 274000.0,
        "Interest Expense": 0.0,
        "Earnings before Tax": 14933000.0,
        "Income Tax Expense": -65434000.0,
        "Net Income - Non-Controlling int": 0.0,
        "Net Income - Discontinued ops": 0.0,
        "Net Income": 8701000.0,
        "Preferred Dividends": 0.0,
        "Net Income Com": 8701000.0,
        "EPS": 0.19,
        "EPS Diluted": 0.18,
        "Weighted Average Shs Out": 46517000.0,
        "Weighted Average Shs Out (Dil)": 47035000.0,
        "Dividend per Share": 0.0,
        "Gross Margin": 0.407846638673,
        "EBITDA Margin": 0.0391450603505,
        "EBIT Margin": 0.000225686407913,
        "Profit Margin": 0.00716677896076,
        "Free Cash Flow margin": -0.0224393241269,
        "EBITDA": 47525000.0,
        "EBIT": 274000.0,
        "Consolidated Income": 8701000.0,
        "Earnings Before Tax Margin": 0.0122999092312,
        "Net Profit Margin": 0.00716677896076
    },
    "2017": {
        "Revenue": 1691888000.0,
        "Revenue Growth": -0.0552698159385192,
        "Cost of Revenue": 1062160000.0,
        "Gross Profit": 629728000.0,
        "R&D Expenses": 0.0,
        "SG&A Expense": 174502000.0,
        "Operating Expenses": 630932000.0,
        "Operating Income": -1204000.0,
        "Interest Expense": 0.0,
        "Earnings before Tax": -17872000.0,
        "Income Tax Expense": 9224000.0,
        "Net Income - Non-Controlling int": 0.0,
        "Net Income - Discontinued ops": 0.0,
        "Net Income": -16140000.0,
        "Preferred Dividends": 0.0,
        "Net Income Com": -16140000.0,
        "EPS": -0.35,
        "EPS Diluted": -0.35,
        "Weighted Average Shs Out": 46359000.0,
        "Weighted Average Shs Out (Dil)": 46359000.0,
        "Dividend per Share": 0.0,
        "Gross Margin": 0.372204306668,
        "EBITDA Margin": 0.032602630907,
        "EBIT Margin": -0.00071163102995,
        "Profit Margin": -0.00953963855764,
        "Free Cash Flow margin": 0.0154927512932,
        "EBITDA": 55160000.0,
        "EBIT": -1204000.0,
        "Consolidated Income": -16140000.0,
        "Earnings Before Tax Margin": -0.0105633469828,
        "Net Profit Margin": -0.00953963855764
    },
    "2016": {
        "Revenue": 1790869000.0,
        "Revenue Growth": -0.0252644252095617,
        "Cost of Revenue": 1105682000.0,
        "Gross Profit": 685187000.0,
        "R&D Expenses": 0.0,
        "SG&A Expense": 178033000.0,
        "Operating Expenses": 667573000.0,
        "Operating Income": 17614000.0,
        "Interest Expense": 0.0,
        "Earnings before Tax": -15754000.0,
        "Income Tax Expense": 9049000.0,
        "Net Income - Non-Controlling int": 0.0,
        "Net Income - Discontinued ops": 0.0,
        "Net Income": -11316000.0,
        "Preferred Dividends": 0.0,
        "Net Income Com": -11316000.0,
        "EPS": -0.23,
        "EPS Diluted": -0.23,
        "Weighted Average Shs Out": 48542000.0,
        "Weighted Average Shs Out (Dil)": 48542000.0,
        "Dividend per Share": 0.0,
        "Gross Margin": 0.382600290697,
        "EBITDA Margin": 0.0425045047963,
        "EBIT Margin": 0.00983544860065,
        "Profit Margin": -0.00631872012972,
        "Free Cash Flow margin": 0.013353852236,
        "EBITDA": 76120000.0,
        "EBIT": 17614000.0,
        "Consolidated Income": -11316000.0,
        "Earnings Before Tax Margin": -0.00879684667053,
        "Net Profit Margin": -0.00631872012972
    },
    "2015": {
        "Revenue": 1837287000.0,
        "Revenue Growth": -0.0291423175513901,
        "Cost of Revenue": 1135932000.0,
        "Gross Profit": 701355000.0,
        "R&D Expenses": 0.0,
        "SG&A Expense": 186051000.0,
        "Operating Expenses": 697824000.0,
        "Operating Income": 3531000.0,
        "Interest Expense": 0.0,
        "Earnings before Tax": -46987000.0,
        "Income Tax Expense": 14605000.0,
        "Net Income - Non-Controlling int": 0.0,
        "Net Income - Discontinued ops": 0.0,
        "Net Income": -33842000.0,
        "Preferred Dividends": 0.0,
        "Net Income Com": -33842000.0,
        "EPS": -0.62,
        "EPS Diluted": -0.62,
        "Weighted Average Shs Out": 54992000.0,
        "Weighted Average Shs Out (Dil)": 54992000.0,
        "Dividend per Share": 0.0,
        "Gross Margin": 0.381734045906,
        "EBITDA Margin": 0.0400111686416,
        "EBIT Margin": 0.00192185543141,
        "Profit Margin": -0.0184195501302,
        "Free Cash Flow margin": 0.0303191608061,
        "EBITDA": 73512000.0,
        "EBIT": 3531000.0,
        "Consolidated Income": -33842000.0,
        "Earnings Before Tax Margin": -0.0255741209729,
        "Net Profit Margin": -0.0184195501302
    },
    "2014": {
        "Revenue": 1892437000.0,
        "Revenue Growth": -0.0625527254245651,
        "Cost of Revenue": 1206880000.0,
        "Gross Profit": 685557000.0,
        "R&D Expenses": 0.0,
        "SG&A Expense": 172793000.0,
        "Operating Expenses": 719547000.0,
        "Operating Income": -33990000.0,
        "Interest Expense": 0.0,
        "Earnings before Tax": -133632000.0,
        "Income Tax Expense": 71129000.0,
        "Net Income - Non-Controlling int": 0.0,
        "Net Income - Discontinued ops": 0.0,
        "Net Income": -135727000.0,
        "Preferred Dividends": 0.0,
        "Net Income Com": -135727000.0,
        "EPS": -2.4,
        "EPS Diluted": -2.4,
        "Weighted Average Shs Out": 56482000.0,
        "Weighted Average Shs Out (Dil)": 56482000.0,
        "Dividend per Share": 0.120268404093,
        "Gross Margin": 0.362261464979,
        "EBITDA Margin": 0.0293631967669,
        "EBIT Margin": -0.0179609677892,
        "Profit Margin": -0.0717207494886,
        "Free Cash Flow margin": 0.0359134808715,
        "EBITDA": 55568000.0,
        "EBIT": -33990000.0,
        "Consolidated Income": -135727000.0,
        "Earnings Before Tax Margin": -0.0706137113151,
        "Net Profit Margin": -0.0717207494886
    },
    "2013": {
        "Revenue": 2018713000.0,
        "Revenue Growth": -0.112177128911825,
        "Cost of Revenue": 1213425000.0,
        "Gross Profit": 805288000.0,
        "R&D Expenses": 0.0,
        "SG&A Expense": 226740000.0,
        "Operating Expenses": 792962000.0,
        "Operating Income": 12326000.0,
        "Interest Expense": 0.0,
        "Earnings before Tax": 4166000.0,