{
    "2018": {
        "Revenue": 1275118000.0,
        "Revenue Growth": 0.0763041700183757,
        "Cost of Revenue": 920767000.0,
        "Gross Profit": 354351000.0,
        "R&D Expenses": 0.0,
        "SG&A Expense": 30833000.0,
        "Operating Expenses": 140082000.0,
        "Operating Income": 214269000.0,
        "Interest Expense": 74961000.0,
        "Earnings before Tax": 276415000.0,
        "Income Tax Expense": 11745000.0,
        "Net Income - Non-Controlling int": 0.0,
        "Net Income - Discontinued ops": 0.0,
        "Net Income": 264670000.0,
        "Preferred Dividends": 0.0,
        "Net Income Com": 264670000.0,
        "EPS": 5.16,
        "EPS Diluted": 5.14,
        "Weighted Average Shs Out": 51294000.0,
        "Weighted Average Shs Out (Dil)": 51507000.0,
        "Dividend per Share": 3.34740909003,
        "Gross Margin": 0.27789663388,
        "EBITDA Margin": 0.267251344581,
        "EBIT Margin": 0.168038565843,
        "Profit Margin": 0.207565103779,
        "Free Cash Flow margin": 0.252462125074,
        "EBITDA": 340777000.0,
        "EBIT": 214269000.0,
        "Consolidated Income": 264670000.0,
        "Earnings Before Tax Margin": 0.216776016024,
        "Net Profit Margin": 0.207565103779
    },
    "2017": {
        "Revenue": 1184719000.0,
        "Revenue Growth": 0.0309013084674911,
        "Cost of Revenue": 810063000.0,
        "Gross Profit": 374656000.0,
        "R&D Expenses": 0.0,
        "SG&A Expense": 33495000.0,
        "Operating Expenses": 190004000.0,
        "Operating Income": 184652000.0,
        "Interest Expense": 66051000.0,
        "Earnings before Tax": 126945000.0,
        "Income Tax Expense": -49155000.0,
        "Net Income - Non-Controlling int": 0.0,
        "Net Income - Discontinued ops": 0.0,
        "Net Income": 176100000.0,
        "Preferred Dividends": 0.0,
        "Net Income Com": 176100000.0,
        "EPS": 3.44,
        "EPS Diluted": 3.43,
        "Weighted Average Shs Out": 51147000.0,
        "Weighted Average Shs Out (Dil)": 51371000.0,
        "Dividend per Share": 3.14780712854,
        "Gross Margin": 0.316240391181,
        "EBITDA Margin": 0.254879849146,
        "EBIT Margin": 0.15586143212,
        "Profit Margin": 0.148642842733,
        "Free Cash Flow margin": 0.249704782315,
        "EBITDA": 301961000.0,
        "EBIT": 184652000.0,
        "Consolidated Income": 176100000.0,
        "Earnings Before Tax Margin": 0.107151991316,
        "Net Profit Margin": 0.148642842733
    },
    "2016": {
        "Revenue": 1149207000.0,
        "Revenue Growth": 0.052267874343939,
        "Cost of Revenue": 776298000.0,
        "Gross Profit": 372909000.0,
        "R&D Expenses": 0.0,
        "SG&A Expense": 29143000.0,
        "Operating Expenses": 159104000.0,
        "Operating Income": 213805000.0,
        "Interest Expense": 63906000.0,
        "Earnings before Tax": 162766000.0,
        "Income Tax Expense": 3400000.0,
        "Net Income - Non-Controlling int": 0.0,
        "Net Income - Discontinued ops": 0.0,
        "Net Income": 159366000.0,
        "Preferred Dividends": 0.0,
        "Net Income Com": 159366000.0,
        "EPS": 3.12,
        "EPS Diluted": 3.11,
        "Weighted Average Shs Out": 51009000.0,
        "Weighted Average Shs Out (Dil)": 51312000.0,
        "Dividend per Share": 2.94589959464,
        "Gross Margin": 0.324492454362,
        "EBITDA Margin": 0.285835362994,
        "EBIT Margin": 0.186045681935,
        "Profit Margin": 0.138674755723,
        "Free Cash Flow margin": 0.25548138847,
        "EBITDA": 328484000.0,
        "EBIT": 213805000.0,
        "Consolidated Income": 159366000.0,
        "Earnings Before Tax Margin": 0.141633317583,
        "Net Profit Margin": 0.138674755723
    },
    "2015": {
        "Revenue": 1092124000.0,
        "Revenue Growth": 0.0491195408990087,
        "Cost of Revenue": 771406000.0,
        "Gross Profit": 320718000.0,
        "R&D Expenses": 0.0,
        "SG&A Expense": 28914000.0,
        "Operating Expenses": 158656000.0,
        "Operating Income": 162062000.0,
        "Interest Expense": 63901000.0,
        "Earnings before Tax": 99656000.0,
        "Income Tax Expense": -11855000.0,
        "Net Income - Non-Controlling int": 0.0,
        "Net Income - Discontinued ops": 0.0,
        "Net Income": 111511000.0,
        "Preferred Dividends": 0.0,
        "Net Income Com": 111511000.0,
        "EPS": 2.18,
        "EPS Diluted": 2.16,
        "Weighted Average Shs Out": 51241000.0,
        "Weighted Average Shs Out (Dil)": 51612000.0,
        "Dividend per Share": 2.54407889638,
        "Gross Margin": 0.293664455685,
        "EBITDA Margin": 0.258166655068,
        "EBIT Margin": 0.148391574583,
        "Profit Margin": 0.102104706059,
        "Free Cash Flow margin": 0.14151048782,
        "EBITDA": 281950000.0,
        "EBIT": 162062000.0,
        "Consolidated Income": 111511000.0,
        "Earnings Before Tax Margin": 0.0912497115712,
        "Net Profit Margin": 0.102104706059
    },
    "2014": {
        "Revenue": 1040991000.0,
        "Revenue Growth": 0.0905430972529809,
        "Cost of Revenue": 733877000.0,
        "Gross Profit": 307114000.0,
        "R&D Expenses": 0.0,
        "SG&A Expense": 0.0,
        "Operating Expenses": 154009000.0,
        "Operating Income": 153105000.0,
        "Interest Expense": 61447000.0,
        "Earnings before Tax": 125000000.0,
        "Income Tax Expense": -1467000.0,
        "Net Income - Non-Controlling int": 0.0,
        "Net Income - Discontinued ops": 0.0,
        "Net Income": 126452000.0,
        "Preferred Dividends": 0.0,
        "Net Income Com": 126452000.0,
        "EPS": 2.38,
        "EPS Diluted": 2.17,
        "Weighted Average Shs Out": 50861000.0,
        "Weighted Average Shs Out (Dil)": 55880000.0,
        "Dividend per Share": 1.95801717967,
        "Gross Margin": 0.295020802293,
        "EBITDA Margin": 0.269048435577,
        "EBIT Margin": 0.147076199506,
        "Profit Margin": 0.12147271206,
        "Free Cash Flow margin": 0.181199453213,
        "EBITDA": 280077000.0,
        "EBIT": 153105000.0,
        "Consolidated Income": 126452000.0,
        "Earnings Before Tax Margin": 0.120077887321,
        "Net Profit Margin": 0.12147271206
    },
    "2013": {
        "Revenue": 954562000.0,
        "Revenue Growth": -0.0324672560343971,
        "Cost of Revenue": 740108000.0,
        "Gross Profit": 214454000.0,
        "R&D Expenses": 0.0,
        "SG&A Expense": 0.0,
        "Operating Expenses": 138266000.0,
        "Operating Income": 76188000.0,
        "Interest Expense": 60916000.0,
        "Earnings before Tax": 25815000.0,
        "Income Tax Expense": -92662000.0,
        "Net Income - Non-Controlling int": 0.0,
        "Net Income - Discontinued ops": 0.0,
        "Net Income": 118352000.0,
        "Preferred Dividends": 0.0,
        "Net Income Com": 118352000.0,
        "EPS": 2.22,
        "EPS Diluted": 1.81,
        "Weighted Average Shs Out": 51174000.0,
        "Weighted Average Shs Out (Dil)": 62810000.0,
        "Dividend per Share": 1.21674892533,
        "Gross Margin": 0.224662201093,
        "EBITDA Margin": 0.222125959341,
        "EBIT Margin": 0.0798146165466,
        "Profit Margin": 0.123985660439,
        "Free Cash Flow margin": 0.105535313578,
        "EBITDA": 212033000.0,
        "EBIT": 76188000.0,
        "Consolidated Income": 118352000.0,
        "Earnings Before Tax Margin": 0.0270438169548,
        "Net Profit Margin": 0.123985660439
    },
    "2012": {
        "Revenue": 986594000.0,
        "Revenue Growth": 0.0,
        "Cost of Revenue": 388652000.0,
        "Gross Profit": 597942000.0,
        "R&D Expenses": 0.0,
        "SG&A Expense": 182253000.0,
        "Operating Expenses": 182253000.0,
        "Operating Income": -4754000.0,
        "Interest Expense": 58582000.0,
        "Earnings before Tax": -28669000.0,