{
    "2018": {
        "Revenue": 7845332.0,
        "Revenue Growth": 44.3594898212871,
        "Cost of Revenue": 5819925.0,
        "Gross Profit": 2025407.0,
        "R&D Expenses": 0.0,
        "SG&A Expense": 20857078.0,
        "Operating Expenses": 67210853.0,
        "Operating Income": -59365521.0,
        "Interest Expense": 122973.0,
        "Earnings before Tax": -61007660.0,
        "Income Tax Expense": -699000.0,
        "Net Income - Non-Controlling int": 0.0,
        "Net Income - Discontinued ops": 0.0,
        "Net Income": -58007773.0,
        "Preferred Dividends": 0.0,
        "Net Income Com": -58007773.0,
        "EPS": -4.33,
        "EPS Diluted": -4.33,
        "Weighted Average Shs Out": 13403846.0,
        "Weighted Average Shs Out (Dil)": 13403846.0,
        "Dividend per Share": 0.0,
        "Gross Margin": 0.258167149587,
        "EBITDA Margin": -6.89558440612,
        "EBIT Margin": -7.56698645768,
        "Profit Margin": -7.3939220163,
        "Free Cash Flow margin": -5.00258574143,
        "EBITDA": -54098149.0,
        "EBIT": -59365521.0,
        "Consolidated Income": -58007773.0,
        "Earnings Before Tax Margin": -7.7763006078,
        "Net Profit Margin": -7.3939220163
    },
    "2017": {
        "Revenue": 172959.0,
        "Revenue Growth": 0.788632767660472,
        "Cost of Revenue": 25186.0,
        "Gross Profit": 147773.0,
        "R&D Expenses": 20033.0,
        "SG&A Expense": 7293593.0,
        "Operating Expenses": 13420500.0,
        "Operating Income": -13150843.0,
        "Interest Expense": 4806637.0,
        "Earnings before Tax": -18036968.0,
        "Income Tax Expense": -1609000.0,
        "Net Income - Non-Controlling int": 0.0,
        "Net Income - Discontinued ops": 0.0,
        "Net Income": -19845873.0,
        "Preferred Dividends": 0.0,
        "Net Income Com": -19845873.0,
        "EPS": -3.3,
        "EPS Diluted": -3.3,
        "Weighted Average Shs Out": 6019817.0,
        "Weighted Average Shs Out (Dil)": 6019817.0,
        "Dividend per Share": 1.58847536395,
        "Gross Margin": 0.85438167427,
        "EBITDA Margin": -43.420429119,
        "EBIT Margin": -76.0344532519,
        "Profit Margin": -114.743222382,
        "Free Cash Flow margin": -25.6711128071,
        "EBITDA": -7509954.0,
        "EBIT": -13150843.0,
        "Consolidated Income": -19845873.0,
        "Earnings Before Tax Margin": -104.284645494,
        "Net Profit Margin": -114.743222382
    },
    "2016": {
        "Revenue": 96699.0,
        "Revenue Growth": -0.511833244146482,
        "Cost of Revenue": 0.0,
        "Gross Profit": 96699.0,
        "R&D Expenses": 249164.0,
        "SG&A Expense": 4411327.0,
        "Operating Expenses": 5289063.0,
        "Operating Income": -5192364.0,
        "Interest Expense": 30161.0,
        "Earnings before Tax": -4272837.0,
        "Income Tax Expense": 0.0,
        "Net Income - Non-Controlling int": 0.0,
        "Net Income - Discontinued ops": 1115016.0,
        "Net Income": -4272837.0,
        "Preferred Dividends": 0.0,
        "Net Income Com": -4272837.0,
        "EPS": -1.05,
        "EPS Diluted": -1.05,
        "Weighted Average Shs Out": 4503971.0,
        "Weighted Average Shs Out (Dil)": 4065406.0,
        "Dividend per Share": 0.0,
        "Gross Margin": 1.0,
        "EBITDA Margin": -43.91,
        "EBIT Margin": -43.8751,
        "Profit Margin": -44.187,
        "Free Cash Flow margin": -38.3764,
        "EBITDA": -4246060.0,
        "EBIT": -4242676.0,
        "Consolidated Income": -4272837.0,
        "Earnings Before Tax Margin": -44.187,
        "Net Profit Margin": -44.187
    },
    "2015": {
        "Revenue": 198086.0,
        "Revenue Growth": -0.245829113586696,
        "Cost of Revenue": 30586.0,
        "Gross Profit": 167500.0,
        "R&D Expenses": 2159137.0,
        "SG&A Expense": 6757074.0,
        "Operating Expenses": 8916211.0,
        "Operating Income": -8748711.0,
        "Interest Expense": 98964.0,
        "Earnings before Tax": -8757565.0,
        "Income Tax Expense": 0.0,
        "Net Income - Non-Controlling int": 0.0,
        "Net Income - Discontinued ops": 0.0,
        "Net Income": -8757565.0,
        "Preferred Dividends": 0.0,
        "Net Income Com": -8757565.0,
        "EPS": -2.26,
        "EPS Diluted": -2.26,
        "Weighted Average Shs Out": 3873754.0,
        "Weighted Average Shs Out (Dil)": 3876961.0,
        "Dividend per Share": 0.0,
        "Gross Margin": 0.8456,
        "EBITDA Margin": -42.43,
        "EBIT Margin": -43.7113,
        "Profit Margin": -44.211,
        "Free Cash Flow margin": -34.6345,
        "EBITDA": -8404783.0,
        "EBIT": -8658601.0,
        "Consolidated Income": -8757565.0,
        "Earnings Before Tax Margin": -44.2109,
        "Net Profit Margin": -44.2109
    },
    "2014": {
        "Revenue": 262654.0,
        "Revenue Growth": 0.0,
        "Cost of Revenue": 71470.0,
        "Gross Profit": 191184.0,
        "R&D Expenses": 4034580.0,
        "SG&A Expense": 6559640.0,
        "Operating Expenses": 10594220.0,
        "Operating Income": -10403036.0,
        "Interest Expense": 116180.0,
        "Earnings before Tax": -10443086.0,
        "Income Tax Expense": 0.0,
        "Net Income - Non-Controlling int": 0.0,
        "Net Income - Discontinued ops": 0.0,
        "Net Income": -10443086.0,
        "Preferred Dividends": 0.0,
        "Net Income Com": -10443086.0,
        "EPS": -2.88,
        "EPS Diluted": -2.88,
        "Weighted Average Shs Out": 3873754.0,
        "Weighted Average Shs Out (Dil)": 3579085.0,
        "Dividend per Share": 0.0,
        "Gross Margin": 0.7279,
        "EBITDA Margin": -38.218,
        "EBIT Margin": -39.3175,
        "Profit Margin": -39.76,
        "Free Cash Flow margin": -35.0258,
        "EBITDA": -10038155.0,
        "EBIT": -10326906.0,
        "Consolidated Income": -10443086.0,
        "Earnings Before Tax Margin": -39.7599,
        "Net Profit Margin": -39.7599
    },
    "2013": {
        "Revenue": 0.0,
        "Revenue Growth": 0.0,
        "Cost of Revenue": 0.0,
        "Gross Profit": 0.0,
        "R&D Expenses": 0.0,
        "SG&A Expense": 0.0,
        "Operating Expenses": 0.0,
        "Operating Income": 0.0,
        "Interest Expense": 0.0,
        "Earnings before Tax": 0.0,
        "Income Tax Expense": 0.0,
        "Net Income - Non-Controlling int": 0.0,
        "Net Income - Discontinued ops": 0.0,
        "Net Income": 0.0,
        "Preferred Dividends": 0.0,
        "Net Income Com": 0.0,
        "EPS": 0.0,
        "EPS Diluted": 0.0,
        "Weighted Average Shs Out": 0.0,
        "Weighted Average Shs Out (Dil)": 0.0,
        "Dividend per Share": 0.0,
        "Gross Margin": 0.0,
        "EBITDA Margin": 0.0,
        "EBIT Margin": 0.0,
        "Profit Margin": 0.0,
        "Free Cash Flow margin": 0.0,
        "EBITDA": 0.0,
        "EBIT": 0.0,
        "Consolidated Income": 0.0,
        "Earnings Before Tax Margin": 0.0,
        "Net Profit Margin": 0.0
    },
    "2012": {
        "Revenue": 0.0,
        "Revenue Growth": -1.0,
        "Cost of Revenue": 0.0,
        "Gross Profit": 0.0,
        "R&D Expenses": 0.0,
        "SG&A Expense": 0.0,
        "Operating Expenses": 0.0,
        "Operating Income": 0.0,
        "Interest Expense": 0.0,
        "Earnings before Tax": 0.0,
        "Income Tax Expense": 0.0,
        "Net Income - Non-Controlling int": 0.0,
        "Net Income - Discontinued ops": 0.0,
        "Net Income": 0.0,
        "Preferred Dividends": 0.0,
        "Net Income Com": 0.0,
        "EPS": 0.0,
        "EPS Diluted": 0.0,
        "Weighted Average Shs Out": 0.0,
        "Weighted Average Shs Out (Dil)": 0.0,
        "Dividend per Share": 0.0,
        "Gross Margin": 0.0,
        "EBITDA Margin": 0.0,
        "EBIT Margin": 0.0,
        "Profit Margin": 0.0,
        "Free Cash Flow margin": 0.0,
        "EBITDA": 0.0,
        "EBIT": 0.0,