{
    "2018": {
        "Revenue": 1761224000.0,
        "Revenue Growth": 0.298587808688741,
        "Cost of Revenue": 1077229000.0,
        "Gross Profit": 683995000.0,
        "R&D Expenses": 0.0,
        "SG&A Expense": 49195000.0,
        "Operating Expenses": 1505181000.0,
        "Operating Income": 199019000.0,
        "Interest Expense": 101643000.0,
        "Earnings before Tax": 199655000.0,
        "Income Tax Expense": 8793000.0,
        "Net Income - Non-Controlling int": 0.0,
        "Net Income - Discontinued ops": 0.0,
        "Net Income": 188643000.0,
        "Preferred Dividends": 25115000.0,
        "Net Income Com": 188643000.0,
        "EPS": 0.93,
        "EPS Diluted": 0.93,
        "Weighted Average Shs Out": 174225130.0,
        "Weighted Average Shs Out (Dil)": 174316405.0,
        "Dividend per Share": 1.3262549787,
        "Gross Margin": 0.388363433612,
        "EBITDA Margin": 0.250441170459,
        "EBIT Margin": 0.113000390637,
        "Profit Margin": 0.107109033263,
        "Free Cash Flow margin": 0.224023179334,
        "EBITDA": 441083000.0,
        "EBIT": 199019000.0,
        "Consolidated Income": 188643000.0,
        "Earnings Before Tax Margin": 0.113361503136,
        "Net Profit Margin": 0.107109033263
    },
    "2017": {
        "Revenue": 1356261000.0,
        "Revenue Growth": 0.1691955568774,
        "Cost of Revenue": 113914000.0,
        "Gross Profit": 1242347000.0,
        "R&D Expenses": 0.0,
        "SG&A Expense": 40453000.0,
        "Operating Expenses": 1175121000.0,
        "Operating Income": 181140000.0,
        "Interest Expense": 78322000.0,
        "Earnings before Tax": 108744000.0,
        "Income Tax Expense": 42118000.0,
        "Net Income - Non-Controlling int": 0.0,
        "Net Income - Discontinued ops": 0.0,
        "Net Income": 74835000.0,
        "Preferred Dividends": 8372000.0,
        "Net Income Com": 74835000.0,
        "EPS": 0.47,
        "EPS Diluted": 0.47,
        "Weighted Average Shs Out": 140616838.0,
        "Weighted Average Shs Out (Dil)": 140694049.0,
        "Dividend per Share": 1.20788335546,
        "Gross Margin": 0.916008791818,
        "EBITDA Margin": 0.272954836864,
        "EBIT Margin": 0.133558363766,
        "Profit Margin": 0.0551774326623,
        "Free Cash Flow margin": 0.191980747069,
        "EBITDA": 370198000.0,
        "EBIT": 181140000.0,
        "Consolidated Income": 74835000.0,
        "Earnings Before Tax Margin": 0.0801792575323,
        "Net Profit Margin": 0.0551774326623
    },
    "2016": {
        "Revenue": 1159995000.0,
        "Revenue Growth": 0.0208168329901262,
        "Cost of Revenue": 79589000.0,
        "Gross Profit": 1080406000.0,
        "R&D Expenses": 0.0,
        "SG&A Expense": 31516000.0,
        "Operating Expenses": 939598000.0,
        "Operating Income": 220397000.0,
        "Interest Expense": 58820000.0,
        "Earnings before Tax": 163575000.0,
        "Income Tax Expense": 8190000.0,
        "Net Income - Non-Controlling int": 0.0,
        "Net Income - Discontinued ops": 0.0,
        "Net Income": 200352000.0,
        "Preferred Dividends": 0.0,
        "Net Income Com": 200352000.0,
        "EPS": 1.61,
        "EPS Diluted": 1.61,
        "Weighted Average Shs Out": 123651003.0,
        "Weighted Average Shs Out (Dil)": 123879007.0,
        "Dividend per Share": 1.32681076464,
        "Gross Margin": 0.931388497364,
        "EBITDA Margin": 0.334679028789,
        "EBIT Margin": 0.189998232751,
        "Profit Margin": 0.172717985853,
        "Free Cash Flow margin": 0.285415023341,
        "EBITDA": 388226000.0,
        "EBIT": 220397000.0,
        "Consolidated Income": 200352000.0,
        "Earnings Before Tax Margin": 0.141013538851,
        "Net Profit Margin": 0.172717985853
    },
    "2015": {
        "Revenue": 1136340000.0,
        "Revenue Growth": 0.0244708559435339,
        "Cost of Revenue": 81117000.0,
        "Gross Profit": 1055223000.0,
        "R&D Expenses": 0.0,
        "SG&A Expense": 37810000.0,
        "Operating Expenses": 932425000.0,
        "Operating Income": 203915000.0,
        "Interest Expense": 54788000.0,
        "Earnings before Tax": 152288000.0,
        "Income Tax Expense": -39126000.0,
        "Net Income - Non-Controlling int": 0.0,
        "Net Income - Discontinued ops": 0.0,
        "Net Income": 218221000.0,
        "Preferred Dividends": 0.0,
        "Net Income Com": 218221000.0,
        "EPS": 1.69,
        "EPS Diluted": 1.68,
        "Weighted Average Shs Out": 128444469.0,
        "Weighted Average Shs Out (Dil)": 128967754.0,
        "Dividend per Share": 1.31887231284,
        "Gross Margin": 0.928615555204,
        "EBITDA Margin": 0.321627329848,
        "EBIT Margin": 0.179448932538,
        "Profit Margin": 0.1920384744,
        "Free Cash Flow margin": 0.288870408504,
        "EBITDA": 365478000.0,
        "EBIT": 203915000.0,
        "Consolidated Income": 218221000.0,
        "Earnings Before Tax Margin": 0.134016227538,
        "Net Profit Margin": 0.1920384744
    },
    "2014": {
        "Revenue": 1109197000.0,
        "Revenue Growth": 0.1430542674004,
        "Cost of Revenue": 75468000.0,
        "Gross Profit": 1033729000.0,
        "R&D Expenses": 0.0,
        "SG&A Expense": 41671000.0,
        "Operating Expenses": 917803000.0,
        "Operating Income": 191394000.0,
        "Interest Expense": 56810000.0,
        "Earnings before Tax": 137272000.0,
        "Income Tax Expense": 1145000.0,
        "Net Income - Non-Controlling int": 0.0,
        "Net Income - Discontinued ops": 0.0,
        "Net Income": 135441000.0,
        "Preferred Dividends": 0.0,
        "Net Income Com": 135441000.0,
        "EPS": 1.06,
        "EPS Diluted": 1.05,
        "Weighted Average Shs Out": 127360669.0,
        "Weighted Average Shs Out (Dil)": 128293843.0,
        "Dividend per Share": 0.975440419226,
        "Gross Margin": 0.931961590231,
        "EBITDA Margin": 0.307599100971,
        "EBIT Margin": 0.172551855081,
        "Profit Margin": 0.122107254167,
        "Free Cash Flow margin": 0.26937144619,
        "EBITDA": 341188000.0,
        "EBIT": 191394000.0,
        "Consolidated Income": 135441000.0,
        "Earnings Before Tax Margin": 0.123757997903,
        "Net Profit Margin": 0.122107254167
    },
    "2013": {
        "Revenue": 970380000.0,
        "Revenue Growth": 0.136003652519009,
        "Cost of Revenue": 67945000.0,
        "Gross Profit": 902435000.0,
        "R&D Expenses": 0.0,
        "SG&A Expense": 35466000.0,
        "Operating Expenses": 805841000.0,
        "Operating Income": 164539000.0,
        "Interest Expense": 64348000.0,
        "Earnings before Tax": 107622000.0,
        "Income Tax Expense": 879000.0,
        "Net Income - Non-Controlling int": 0.0,
        "Net Income - Discontinued ops": 0.0,
        "Net Income": 112921000.0,
        "Preferred Dividends": 0.0,
        "Net Income Com": 112921000.0,
        "EPS": 0.95,
        "EPS Diluted": 0.94,
        "Weighted Average Shs Out": 117950066.0,
        "Weighted Average Shs Out (Dil)": 118738626.0,
        "Dividend per Share": 0.0,
        "Gross Margin": 0.929981038356,
        "EBITDA Margin": 0.307193058389,
        "EBIT Margin": 0.169561408933,
        "Profit Margin": 0.116367814671,
        "Free Cash Flow margin": 0.258868690616,
        "EBITDA": 298094000.0,
        "EBIT": 164539000.0,
        "Consolidated Income": 112921000.0,
        "Earnings Before Tax Margin": 0.110907067334,
        "Net Profit Margin": 0.116367814671
    },
    "2012": {
        "Revenue": 854205000.0,
        "Revenue Growth": 0.125505960851279,
        "Cost of Revenue": 60508000.0,
        "Gross Profit": 793697000.0,
        "R&D Expenses": 0.0,
        "SG&A Expense": 31099000.0,
        "Operating Expenses": 728005000.0,
        "Operating Income": 126200000.0,
        "Interest Expense": 84997000.0,
        "Earnings before Tax": 42688000.0,