{
    "2018": {
        "Revenue": 303100000.0,
        "Revenue Growth": 0.968181818181818,
        "Cost of Revenue": 276200000.0,
        "Gross Profit": 26900000.0,
        "R&D Expenses": 0.0,
        "SG&A Expense": 29000000.0,
        "Operating Expenses": 29000000.0,
        "Operating Income": -2100000.0,
        "Interest Expense": 3700000.0,
        "Earnings before Tax": -5800000.0,
        "Income Tax Expense": 0.0,
        "Net Income - Non-Controlling int": 0.0,
        "Net Income - Discontinued ops": 0.0,
        "Net Income": -3300000.0,
        "Preferred Dividends": 0.0,
        "Net Income Com": -3300000.0,
        "EPS": -0.39,
        "EPS Diluted": -0.39,
        "Weighted Average Shs Out": 8425593.0,
        "Weighted Average Shs Out (Dil)": 8425593.0,
        "Dividend per Share": 0.0,
        "Gross Margin": 0.0887495875949,
        "EBITDA Margin": 0.0930386011217,
        "EBIT Margin": -0.00692840646651,
        "Profit Margin": -0.0108874958759,
        "Free Cash Flow margin": -0.15935334873,
        "EBITDA": 28200000.0,
        "EBIT": -2100000.0,
        "Consolidated Income": -3300000.0,
        "Earnings Before Tax Margin": -0.0191355988123,
        "Net Profit Margin": -0.0108874958759
    },
    "2017": {
        "Revenue": 154000000.0,
        "Revenue Growth": 1.91666666666667,
        "Cost of Revenue": 144200000.0,
        "Gross Profit": 9800000.0,
        "R&D Expenses": 0.0,
        "SG&A Expense": 30400000.0,
        "Operating Expenses": 30400000.0,
        "Operating Income": -20600000.0,
        "Interest Expense": 6300000.0,
        "Earnings before Tax": -26900000.0,
        "Income Tax Expense": 400000.0,
        "Net Income - Non-Controlling int": 0.0,
        "Net Income - Discontinued ops": 0.0,
        "Net Income": -6600000.0,
        "Preferred Dividends": 0.0,
        "Net Income Com": -6600000.0,
        "EPS": -0.78,
        "EPS Diluted": -0.78,
        "Weighted Average Shs Out": 8413178.0,
        "Weighted Average Shs Out (Dil)": 8413178.0,
        "Dividend per Share": 0.0,
        "Gross Margin": 0.0636363636364,
        "EBITDA Margin": -0.0181818181818,
        "EBIT Margin": -0.133766233766,
        "Profit Margin": -0.0428571428571,
        "Free Cash Flow margin": -0.253246753247,
        "EBITDA": -2800000.0,
        "EBIT": -20600000.0,
        "Consolidated Income": -6600000.0,
        "Earnings Before Tax Margin": -0.174675324675,
        "Net Profit Margin": -0.0428571428571
    },
    "2016": {
        "Revenue": 52800000.0,
        "Revenue Growth": 1.49056603773585,
        "Cost of Revenue": 39300000.0,
        "Gross Profit": 13500000.0,
        "R&D Expenses": 0.0,
        "SG&A Expense": 11400000.0,
        "Operating Expenses": 18000000.0,
        "Operating Income": -4500000.0,
        "Interest Expense": 500000.0,
        "Earnings before Tax": 0.0,
        "Income Tax Expense": 0.0,
        "Net Income - Non-Controlling int": 0.0,
        "Net Income - Discontinued ops": 0.0,
        "Net Income": 0.0,
        "Preferred Dividends": 0.0,
        "Net Income Com": 0.0,
        "EPS": -0.35,
        "EPS Diluted": -0.35,
        "Weighted Average Shs Out": 14850000.0,
        "Weighted Average Shs Out (Dil)": 14850000.0,
        "Dividend per Share": 0.0,
        "Gross Margin": 0.2557,
        "EBITDA Margin": 0.134,
        "EBIT Margin": 0.0095,
        "Profit Margin": 0.0,
        "Free Cash Flow margin": -0.2708,
        "EBITDA": 7100000.0,
        "EBIT": 500000.0,
        "Consolidated Income": -5000000.0,
        "Earnings Before Tax Margin": 0.0,
        "Net Profit Margin": 0.0
    },
    "2015": {
        "Revenue": 21200000.0,
        "Revenue Growth": NaN,
        "Cost of Revenue": 16100000.0,
        "Gross Profit": 5100000.0,
        "R&D Expenses": 0.0,
        "SG&A Expense": 7800000.0,
        "Operating Expenses": 11500000.0,
        "Operating Income": -6400000.0,
        "Interest Expense": 300000.0,
        "Earnings before Tax": 0.0,
        "Income Tax Expense": 0.0,
        "Net Income - Non-Controlling int": 0.0,
        "Net Income - Discontinued ops": 0.0,
        "Net Income": 0.0,
        "Preferred Dividends": 0.0,
        "Net Income Com": 0.0,
        "EPS": -0.48,
        "EPS Diluted": -0.48,
        "Weighted Average Shs Out": 14100000.0,
        "Weighted Average Shs Out (Dil)": NaN,
        "Dividend per Share": 0.0,
        "Gross Margin": 0.2406,
        "EBITDA Margin": 0.113,
        "EBIT Margin": 0.0142,
        "Profit Margin": 0.0,
        "Free Cash Flow margin": -1.4481,
        "EBITDA": 2400000.0,
        "EBIT": 300000.0,
        "Consolidated Income": -6700000.0,
        "Earnings Before Tax Margin": 0.0,
        "Net Profit Margin": 0.0
    }
}