{
    "2018": {
        "Revenue": 869480000.0,
        "Revenue Growth": 0.295868773687968,
        "Cost of Revenue": 328382000.0,
        "Gross Profit": 505301000.0,
        "R&D Expenses": 118525000.0,
        "SG&A Expense": 284815000.0,
        "Operating Expenses": 439251000.0,
        "Operating Income": 66050000.0,
        "Interest Expense": 0.0,
        "Earnings before Tax": 34300000.0,
        "Income Tax Expense": -425000.0,
        "Net Income - Non-Controlling int": 0.0,
        "Net Income - Discontinued ops": 0.0,
        "Net Income": 34725000.0,
        "Preferred Dividends": 0.0,
        "Net Income Com": 34725000.0,
        "EPS": 0.4,
        "EPS Diluted": 0.38,
        "Weighted Average Shs Out": 87290000.0,
        "Weighted Average Shs Out (Dil)": 91531000.0,
        "Dividend per Share": 0.0,
        "Gross Margin": 0.581153103004,
        "EBITDA Margin": 0.205525141464,
        "EBIT Margin": 0.0759649445646,
        "Profit Margin": 0.0399376638911,
        "Free Cash Flow margin": 0.222976951741,
        "EBITDA": 178700000.0,
        "EBIT": 66050000.0,
        "Consolidated Income": 34725000.0,
        "Earnings Before Tax Margin": 0.0394488659889,
        "Net Profit Margin": 0.0399376638911
    },
    "2017": {
        "Revenue": 670963000.0,
        "Revenue Growth": 0.181006744958882,
        "Cost of Revenue": 273447000.0,
        "Gross Profit": 397516000.0,
        "R&D Expenses": 89452000.0,
        "SG&A Expense": 278054000.0,
        "Operating Expenses": 367506000.0,
        "Operating Income": 30010000.0,
        "Interest Expense": 0.0,
        "Earnings before Tax": 15241000.0,
        "Income Tax Expense": 14864000.0,
        "Net Income - Non-Controlling int": 0.0,
        "Net Income - Discontinued ops": 0.0,
        "Net Income": 377000.0,
        "Preferred Dividends": 0.0,
        "Net Income Com": 377000.0,
        "EPS": 0.0,
        "EPS Diluted": 0.0,
        "Weighted Average Shs Out": 79433000.0,
        "Weighted Average Shs Out (Dil)": 82398000.0,
        "Dividend per Share": 0.0,
        "Gross Margin": 0.592455917837,
        "EBITDA Margin": 0.155674754048,
        "EBIT Margin": 0.0447267584055,
        "Profit Margin": 0.000561878970972,
        "Free Cash Flow margin": 0.130521355127,
        "EBITDA": 104452000.0,
        "EBIT": 30010000.0,
        "Consolidated Income": 377000.0,
        "Earnings Before Tax Margin": 0.0227151124578,
        "Net Profit Margin": 0.000561878970972
    },
    "2016": {
        "Revenue": 568128000.0,
        "Revenue Growth": 0.212601383078631,
        "Cost of Revenue": 242301000.0,
        "Gross Profit": 325827000.0,
        "R&D Expenses": 73607000.0,
        "SG&A Expense": 220226000.0,
        "Operating Expenses": 294583000.0,
        "Operating Income": 31244000.0,
        "Interest Expense": 0.0,
        "Earnings before Tax": 27486000.0,
        "Income Tax Expense": 10836000.0,
        "Net Income - Non-Controlling int": 0.0,
        "Net Income - Discontinued ops": 0.0,
        "Net Income": 16650000.0,
        "Preferred Dividends": 0.0,
        "Net Income Com": 16650000.0,
        "EPS": 0.22,
        "EPS Diluted": 0.21,
        "Weighted Average Shs Out": 76854000.0,
        "Weighted Average Shs Out (Dil)": 77843000.0,
        "Dividend per Share": 0.0,
        "Gross Margin": 0.573509842852,
        "EBITDA Margin": 0.151511631182,
        "EBIT Margin": 0.0549946490932,
        "Profit Margin": 0.0293067759378,
        "Free Cash Flow margin": 0.107326165934,
        "EBITDA": 86078000.0,
        "EBIT": 31244000.0,
        "Consolidated Income": 16650000.0,
        "Earnings Before Tax Margin": 0.0483799425482,
        "Net Profit Margin": 0.0293067759378
    },
    "2015": {
        "Revenue": 468520000.0,
        "Revenue Growth": 0.158123450442589,
        "Cost of Revenue": 198613000.0,
        "Gross Profit": 269907000.0,
        "R&D Expenses": 68799000.0,
        "SG&A Expense": 191922000.0,
        "Operating Expenses": 281522000.0,
        "Operating Income": -11615000.0,
        "Interest Expense": 0.0,
        "Earnings before Tax": -13064000.0,
        "Income Tax Expense": -3846000.0,
        "Net Income - Non-Controlling int": 0.0,
        "Net Income - Discontinued ops": 0.0,
        "Net Income": -9218000.0,
        "Preferred Dividends": 0.0,
        "Net Income Com": -9218000.0,
        "EPS": -0.12,
        "EPS Diluted": -0.12,
        "Weighted Average Shs Out": 76689000.0,
        "Weighted Average Shs Out (Dil)": 76689000.0,
        "Dividend per Share": 0.0,
        "Gross Margin": 0.576084265346,
        "EBITDA Margin": 0.0731580295398,
        "EBIT Margin": -0.0247908307009,
        "Profit Margin": -0.0196747203961,
        "Free Cash Flow margin": 0.133671988389,
        "EBITDA": 34276000.0,
        "EBIT": -11615000.0,
        "Consolidated Income": -9218000.0,
        "Earnings Before Tax Margin": -0.0278835481943,
        "Net Profit Margin": -0.0196747203961
    },
    "2014": {
        "Revenue": 404551000.0,
        "Revenue Growth": 0.0730169592225387,
        "Cost of Revenue": 174871000.0,
        "Gross Profit": 229680000.0,
        "R&D Expenses": 64418000.0,
        "SG&A Expense": 180765000.0,
        "Operating Expenses": 245183000.0,
        "Operating Income": -15503000.0,
        "Interest Expense": 0.0,
        "Earnings before Tax": -16607000.0,
        "Income Tax Expense": -6333000.0,
        "Net Income - Non-Controlling int": 0.0,
        "Net Income - Discontinued ops": 0.0,
        "Net Income": -10274000.0,
        "Preferred Dividends": 0.0,
        "Net Income Com": -10274000.0,
        "EPS": -0.13,
        "EPS Diluted": -0.13,
        "Weighted Average Shs Out": 76991000.0,
        "Weighted Average Shs Out (Dil)": 76991000.0,
        "Dividend per Share": 0.0,
        "Gross Margin": 0.567740532096,
        "EBITDA Margin": 0.0637818223166,
        "EBIT Margin": -0.038321497166,
        "Profit Margin": -0.0253960563687,
        "Free Cash Flow margin": 0.0813494466705,
        "EBITDA": 25803000.0,
        "EBIT": -15503000.0,
        "Consolidated Income": -10274000.0,
        "Earnings Before Tax Margin": -0.0410504485219,
        "Net Profit Margin": -0.0253960563687
    },
    "2013": {
        "Revenue": 377022000.0,
        "Revenue Growth": 0.170250673553257,
        "Cost of Revenue": 148321000.0,
        "Gross Profit": 228701000.0,
        "R&D Expenses": 50638000.0,
        "SG&A Expense": 71603000.0,
        "Operating Expenses": 207142000.0,
        "Operating Income": 21559000.0,
        "Interest Expense": 0.0,
        "Earnings before Tax": 20482000.0,
        "Income Tax Expense": -210000.0,
        "Net Income - Non-Controlling int": 0.0,
        "Net Income - Discontinued ops": 0.0,
        "Net Income": 20692000.0,
        "Preferred Dividends": 0.0,
        "Net Income Com": 20692000.0,
        "EPS": 0.28,
        "EPS Diluted": 0.27,
        "Weighted Average Shs Out": 74962000.0,
        "Weighted Average Shs Out (Dil)": 76187000.0,
        "Dividend per Share": 0.0,
        "Gross Margin": 0.606598553931,
        "EBITDA Margin": 0.141381670035,
        "EBIT Margin": 0.0571823394921,
        "Profit Margin": 0.0548827389383,
        "Free Cash Flow margin": 0.0961668019373,
        "EBITDA": 53304000.0,
        "EBIT": 21559000.0,
        "Consolidated Income": 20692000.0,
        "Earnings Before Tax Margin": 0.0543257422644,
        "Net Profit Margin": 0.0548827389383
    },
    "2012": {
        "Revenue": 322172000.0,
        "Revenue Growth": 0.0,
        "Cost of Revenue": 128562000.0,
        "Gross Profit": 193610000.0,
        "R&D Expenses": 48177000.0,
        "SG&A Expense": 133985000.0,
        "Operating Expenses": 182162000.0,
        "Operating Income": 11448000.0,
        "Interest Expense": 0.0,
        "Earnings before Tax": 9151000.0,
        "Income Tax Expense": 4219000.0,