{
    "2018": {
        "Revenue": 836497000.0,
        "Revenue Growth": -0.00311757772791031,
        "Cost of Revenue": 485513000.0,
        "Gross Profit": 350984000.0,
        "R&D Expenses": 0.0,
        "SG&A Expense": 0.0,
        "Operating Expenses": 246643000.0,
        "Operating Income": 104251000.0,
        "Interest Expense": 90000.0,
        "Earnings before Tax": 104251000.0,
        "Income Tax Expense": 21056000.0,
        "Net Income - Non-Controlling int": 0.0,
        "Net Income - Discontinued ops": 0.0,
        "Net Income": 83195000.0,
        "Preferred Dividends": 0.0,
        "Net Income Com": 83195000.0,
        "EPS": 5.48,
        "EPS Diluted": 5.43,
        "Weighted Average Shs Out": 15080269.0,
        "Weighted Average Shs Out (Dil)": 15229898.0,
        "Dividend per Share": 3.20507727629,
        "Gross Margin": 0.419587876585,
        "EBITDA Margin": 0.13746731907,
        "EBIT Margin": 0.124628062025,
        "Profit Margin": 0.0994564236333,
        "Free Cash Flow margin": 0.139280834241,
        "EBITDA": 114991000.0,
        "EBIT": 104251000.0,
        "Consolidated Income": 83195000.0,
        "Earnings Before Tax Margin": 0.124628062025,
        "Net Profit Margin": 0.0994564236333
    },
    "2017": {
        "Revenue": 839113000.0,
        "Revenue Growth": 0.023530717643586,
        "Cost of Revenue": 503887000.0,
        "Gross Profit": 335226000.0,
        "R&D Expenses": 0.0,
        "SG&A Expense": 0.0,
        "Operating Expenses": 248436000.0,
        "Operating Income": 86700000.0,
        "Interest Expense": 90000.0,
        "Earnings before Tax": 86700000.0,
        "Income Tax Expense": 24313000.0,
        "Net Income - Non-Controlling int": 0.0,
        "Net Income - Discontinued ops": 0.0,
        "Net Income": 62387000.0,
        "Preferred Dividends": 0.0,
        "Net Income Com": 62387000.0,
        "EPS": 4.13,
        "EPS Diluted": 4.1,
        "Weighted Average Shs Out": 15010751.0,
        "Weighted Average Shs Out (Dil)": 15135348.0,
        "Dividend per Share": 3.00356489986,
        "Gross Margin": 0.399500424853,
        "EBITDA Margin": 0.117623013825,
        "EBIT Margin": 0.103323390294,
        "Profit Margin": 0.0743487468315,
        "Free Cash Flow margin": 0.0906695522534,
        "EBITDA": 98699000.0,
        "EBIT": 86700000.0,
        "Consolidated Income": 62387000.0,
        "Earnings Before Tax Margin": 0.103323390294,
        "Net Profit Margin": 0.0743487468315
    },
    "2016": {
        "Revenue": 819822000.0,
        "Revenue Growth": 0.0274063760647557,
        "Cost of Revenue": 493433000.0,
        "Gross Profit": 326389000.0,
        "R&D Expenses": 0.0,
        "SG&A Expense": 0.0,
        "Operating Expenses": 233017000.0,
        "Operating Income": 93282000.0,
        "Interest Expense": 90000.0,
        "Earnings before Tax": 93282000.0,
        "Income Tax Expense": 28697000.0,
        "Net Income - Non-Controlling int": 0.0,
        "Net Income - Discontinued ops": 0.0,
        "Net Income": 64585000.0,
        "Preferred Dividends": 0.0,
        "Net Income Com": 64585000.0,
        "EPS": 4.29,
        "EPS Diluted": 4.27,
        "Weighted Average Shs Out": 14946453.0,
        "Weighted Average Shs Out (Dil)": 15032263.0,
        "Dividend per Share": 2.81161924855,
        "Gross Margin": 0.398121787412,
        "EBITDA Margin": 0.130949157256,
        "EBIT Margin": 0.113783235873,
        "Profit Margin": 0.0787792959935,
        "Free Cash Flow margin": 0.114554134922,
        "EBITDA": 107355000.0,
        "EBIT": 93282000.0,
        "Consolidated Income": 64585000.0,
        "Earnings Before Tax Margin": 0.113783235873,
        "Net Profit Margin": 0.0787792959935
    },
    "2015": {
        "Revenue": 797953000.0,
        "Revenue Growth": 0.0245969103630343,
        "Cost of Revenue": 612569000.0,
        "Gross Profit": 185384000.0,
        "R&D Expenses": 0.0,
        "SG&A Expense": 0.0,
        "Operating Expenses": 213939000.0,
        "Operating Income": -28645000.0,
        "Interest Expense": 90000.0,
        "Earnings before Tax": -28645000.0,
        "Income Tax Expense": -14792000.0,
        "Net Income - Non-Controlling int": 0.0,
        "Net Income - Discontinued ops": 0.0,
        "Net Income": -13853000.0,
        "Preferred Dividends": 0.0,
        "Net Income Com": -13853000.0,
        "EPS": -0.93,
        "EPS Diluted": -0.93,
        "Weighted Average Shs Out": 14866607.0,
        "Weighted Average Shs Out (Dil)": 14866607.0,
        "Dividend per Share": 2.82350908987,
        "Gross Margin": 0.232324460213,
        "EBITDA Margin": -0.0201114601988,
        "EBIT Margin": -0.0358981042743,
        "Profit Margin": -0.0173606716185,
        "Free Cash Flow margin": 0.0236229452111,
        "EBITDA": -16048000.0,
        "EBIT": -28645000.0,
        "Consolidated Income": -13853000.0,
        "Earnings Before Tax Margin": -0.0358981042743,
        "Net Profit Margin": -0.0173606716185
    },
    "2014": {
        "Revenue": 778797000.0,
        "Revenue Growth": 0.0449667509298469,
        "Cost of Revenue": 476366000.0,
        "Gross Profit": 302431000.0,
        "R&D Expenses": 0.0,
        "SG&A Expense": 0.0,
        "Operating Expenses": 219023000.0,
        "Operating Income": 83318000.0,
        "Interest Expense": 90000.0,
        "Earnings before Tax": 83318000.0,
        "Income Tax Expense": 23964000.0,
        "Net Income - Non-Controlling int": 0.0,
        "Net Income - Discontinued ops": 0.0,
        "Net Income": 59354000.0,
        "Preferred Dividends": 0.0,
        "Net Income Com": 59354000.0,
        "EPS": 3.93,
        "EPS Diluted": 3.91,
        "Weighted Average Shs Out": 15107339.0,
        "Weighted Average Shs Out (Dil)": 15197036.0,
        "Dividend per Share": 2.58616219637,
        "Gross Margin": 0.388330977135,
        "EBITDA Margin": 0.123833296738,
        "EBIT Margin": 0.106982949344,
        "Profit Margin": 0.0762124147884,
        "Free Cash Flow margin": 0.123021788733,
        "EBITDA": 96441000.0,
        "EBIT": 83318000.0,
        "Consolidated Income": 59354000.0,
        "Earnings Before Tax Margin": 0.106982949344,
        "Net Profit Margin": 0.0762124147884
    },
    "2013": {
        "Revenue": 745284000.0,
        "Revenue Growth": 0.0588420823820409,
        "Cost of Revenue": 447749000.0,
        "Gross Profit": 297535000.0,
        "R&D Expenses": 0.0,
        "SG&A Expense": 0.0,
        "Operating Expenses": 209758000.0,
        "Operating Income": 87688000.0,
        "Interest Expense": 89000.0,
        "Earnings before Tax": 87688000.0,
        "Income Tax Expense": 26337000.0,
        "Net Income - Non-Controlling int": 0.0,
        "Net Income - Discontinued ops": 0.0,
        "Net Income": 61351000.0,
        "Preferred Dividends": 0.0,
        "Net Income Com": 61351000.0,
        "EPS": 4.0,
        "EPS Diluted": 3.98,
        "Weighted Average Shs Out": 15354468.0,
        "Weighted Average Shs Out (Dil)": 15399801.0,
        "Dividend per Share": 2.3938621025,
        "Gross Margin": 0.399223651655,
        "EBITDA Margin": 0.134195823337,
        "EBIT Margin": 0.117657161565,
        "Profit Margin": 0.0823189549219,
        "Free Cash Flow margin": 0.142148496412,
        "EBITDA": 100014000.0,
        "EBIT": 87688000.0,
        "Consolidated Income": 61351000.0,
        "Earnings Before Tax Margin": 0.117657161565,
        "Net Profit Margin": 0.0823189549219
    },
    "2012": {
        "Revenue": 703867000.0,
        "Revenue Growth": 0.0662099073252161,
        "Cost of Revenue": 422217000.0,
        "Gross Profit": 281650000.0,
        "R&D Expenses": 0.0,
        "SG&A Expense": 200138000.0,
        "Operating Expenses": 200138000.0,
        "Operating Income": 81424000.0,
        "Interest Expense": 88000.0,
        "Earnings before Tax": 81424000.0,
        "Income Tax Expense": 23354000.0,