{
    "2018": {
        "Revenue": 4226000.0,
        "Revenue Growth": 1.86314363143631,
        "Cost of Revenue": 1093672000.0,
        "Gross Profit": -1089446000.0,
        "R&D Expenses": 0.0,
        "SG&A Expense": 482800000.0,
        "Operating Expenses": 482800000.0,
        "Operating Income": 1192268000.0,
        "Interest Expense": 1111760000.0,
        "Earnings before Tax": 1192268000.0,
        "Income Tax Expense": 276342000.0,
        "Net Income - Non-Controlling int": 0.0,
        "Net Income - Discontinued ops": 0.0,
        "Net Income": 915926000.0,
        "Preferred Dividends": 0.0,
        "Net Income Com": 915926000.0,
        "EPS": 2.55,
        "EPS Diluted": 2.54,
        "Weighted Average Shs Out": 359861764.0,
        "Weighted Average Shs Out (Dil)": 360672000.0,
        "Dividend per Share": 0.499916821932,
        "Gross Margin": -257.79602461,
        "EBITDA Margin": 676.936819688,
        "EBIT Margin": 282.126833885,
        "Profit Margin": 216.735920492,
        "Free Cash Flow margin": 1477.72574539,
        "EBITDA": 2860735000.0,
        "EBIT": 1192268000.0,
        "Consolidated Income": 915926000.0,
        "Earnings Before Tax Margin": 282.126833885,
        "Net Profit Margin": 216.735920492
    },
    "2017": {
        "Revenue": 1476000.0,
        "Revenue Growth": -0.554616777308389,
        "Cost of Revenue": 1311436000.0,
        "Gross Profit": -1309960000.0,
        "R&D Expenses": 0.0,
        "SG&A Expense": 581017000.0,
        "Operating Expenses": 581017000.0,
        "Operating Income": 823514000.0,
        "Interest Expense": 947734000.0,
        "Earnings before Tax": 823514000.0,
        "Income Tax Expense": -364092000.0,
        "Net Income - Non-Controlling int": 0.0,
        "Net Income - Discontinued ops": 0.0,
        "Net Income": 1187606000.0,
        "Preferred Dividends": 0.0,
        "Net Income Com": 1187606000.0,
        "EPS": 3.3,
        "EPS Diluted": 3.3,
        "Weighted Average Shs Out": 359613714.0,
        "Weighted Average Shs Out (Dil)": 360292000.0,
        "Dividend per Share": 0.0299840129673,
        "Gross Margin": -887.506775068,
        "EBITDA Margin": 1508.92073171,
        "EBIT Margin": 557.936314363,
        "Profit Margin": 804.611111111,
        "Free Cash Flow margin": 2551.9004065,
        "EBITDA": 2227167000.0,
        "EBIT": 823514000.0,
        "Consolidated Income": 1187606000.0,
        "Earnings Before Tax Margin": 557.936314363,
        "Net Profit Margin": 804.611111111
    },
    "2016": {
        "Revenue": 3314000.0,
        "Revenue Growth": -0.996754953982819,
        "Cost of Revenue": 1143472000.0,
        "Gross Profit": -1140158000.0,
        "R&D Expenses": 0.0,
        "SG&A Expense": 498224000.0,
        "Operating Expenses": 498224000.0,
        "Operating Income": 1160711000.0,
        "Interest Expense": 807484000.0,
        "Earnings before Tax": 1160711000.0,
        "Income Tax Expense": 394245000.0,
        "Net Income - Non-Controlling int": 0.0,
        "Net Income - Discontinued ops": 0.0,
        "Net Income": 766466000.0,
        "Preferred Dividends": 0.0,
        "Net Income Com": 766466000.0,
        "EPS": 2.14,
        "EPS Diluted": 2.13,
        "Weighted Average Shs Out": 358280814.0,
        "Weighted Average Shs Out (Dil)": 359078000.0,
        "Dividend per Share": 0.0,
        "Gross Margin": -344.042848521,
        "EBITDA Margin": 680.592939046,
        "EBIT Margin": 350.244719372,
        "Profit Margin": 231.281231141,
        "Free Cash Flow margin": 1349.76372963,
        "EBITDA": 2255485000.0,
        "EBIT": 1160711000.0,
        "Consolidated Income": 766466000.0,
        "Earnings Before Tax Margin": 350.244719372,
        "Net Profit Margin": 231.281231141
    },
    "2015": {
        "Revenue": 1021249000.0,
        "Revenue Growth": 0.061549671737856,
        "Cost of Revenue": 1021249000.0,
        "Gross Profit": 0.0,
        "R&D Expenses": 0.0,
        "SG&A Expense": 434041000.0,
        "Operating Expenses": 434041000.0,
        "Operating Income": 1289612000.0,
        "Interest Expense": 628791000.0,
        "Earnings before Tax": 1289612000.0,
        "Income Tax Expense": 465572000.0,
        "Net Income - Non-Controlling int": 0.0,
        "Net Income - Discontinued ops": 0.0,
        "Net Income": 824040000.0,
        "Preferred Dividends": 0.0,
        "Net Income Com": 824040000.0,
        "EPS": 2.32,
        "EPS Diluted": 2.31,
        "Weighted Average Shs Out": 355102742.0,
        "Weighted Average Shs Out (Dil)": 356163076.0,
        "Dividend per Share": 0.0,
        "Gross Margin": 0.0,
        "EBITDA Margin": 0.0,
        "EBIT Margin": 0.0,
        "Profit Margin": 0.0,
        "Free Cash Flow margin": 3.82835723707,
        "EBITDA": 2111394000.0,
        "EBIT": 1289612000.0,
        "Consolidated Income": 824040000.0,
        "Earnings Before Tax Margin": 0.0,
        "Net Profit Margin": 0.0
    },
    "2014": {
        "Revenue": 962036000.0,
        "Revenue Growth": -0.48126224339753,
        "Cost of Revenue": 962036000.0,
        "Gross Profit": 0.0,
        "R&D Expenses": 0.0,
        "SG&A Expense": 482637000.0,
        "Operating Expenses": 482637000.0,
        "Operating Income": 1209988000.0,
        "Interest Expense": 523203000.0,
        "Earnings before Tax": 1209988000.0,
        "Income Tax Expense": 443639000.0,
        "Net Income - Non-Controlling int": 0.0,
        "Net Income - Discontinued ops": 0.0,
        "Net Income": 766349000.0,
        "Preferred Dividends": 0.0,
        "Net Income Com": 766349000.0,
        "EPS": 2.2,
        "EPS Diluted": 2.15,
        "Weighted Average Shs Out": 348723472.0,
        "Weighted Average Shs Out (Dil)": 355722363.0,
        "Dividend per Share": 0.147069752823,
        "Gross Margin": 0.0,
        "EBITDA Margin": 0.0,
        "EBIT Margin": 0.0,
        "Profit Margin": 0.0,
        "Free Cash Flow margin": 4.05231612954,
        "EBITDA": 2034985000.0,
        "EBIT": 1209988000.0,
        "Consolidated Income": 766349000.0,
        "Earnings Before Tax Margin": 0.0,
        "Net Profit Margin": 0.0
    },
    "2013": {
        "Revenue": 1854571000.0,
        "Revenue Growth": 0.0611422248059177,
        "Cost of Revenue": 0.0,
        "Gross Profit": 1854571000.0,
        "R&D Expenses": 0.0,
        "SG&A Expense": 305056000.0,
        "Operating Expenses": 706264000.0,
        "Operating Income": 1148307000.0,
        "Interest Expense": 0.0,
        "Earnings before Tax": 1150128000.0,
        "Income Tax Expense": 427142000.0,
        "Net Income - Non-Controlling int": -1821000.0,
        "Net Income - Discontinued ops": 0.0,
        "Net Income": 722986000.0,
        "Preferred Dividends": 0.0,
        "Net Income Com": 722986000.0,
        "EPS": 2.09,
        "EPS Diluted": 2.09,
        "Weighted Average Shs Out": 348710767.0,
        "Weighted Average Shs Out (Dil)": 346177515.0,
        "Dividend per Share": 0.0,
        "Gross Margin": 1.0,
        "EBITDA Margin": 0.698,
        "EBIT Margin": 0.6202,
        "Profit Margin": 0.39,
        "Free Cash Flow margin": -0.1799,
        "EBITDA": 1295321000.0,
        "EBIT": 1150128000.0,
        "Consolidated Income": 721165000.0,
        "Earnings Before Tax Margin": 0.6202,
        "Net Profit Margin": 0.3898
    },
    "2012": {
        "Revenue": 1747712000.0,
        "Revenue Growth": -0.0340370144172178,
        "Cost of Revenue": 0.0,
        "Gross Profit": 1747712000.0,
        "R&D Expenses": 0.0,
        "SG&A Expense": 225159000.0,
        "Operating Expenses": 559163000.0,
        "Operating Income": 1188549000.0,
        "Interest Expense": 0.0,
        "Earnings before Tax": 1168618000.0,
        "Income Tax Expense": 453615000.0,
        "Net Income - Non-Controlling int": 19931000.0,
        "Net Income - Discontinued ops": 0.0,
        "Net Income": 715003000.0,
        "Preferred Dividends": 0.0,