{
    "2019": {
        "Revenue": 228022000.0,
        "Revenue Growth": 0.0540568026330387,
        "Cost of Revenue": 153081000.0,
        "Gross Profit": 74941000.0,
        "R&D Expenses": 3700000.0,
        "SG&A Expense": 63720000.0,
        "Operating Expenses": 67420000.0,
        "Operating Income": 11221000.0,
        "Interest Expense": 976000.0,
        "Earnings before Tax": 9610000.0,
        "Income Tax Expense": 3531000.0,
        "Net Income - Non-Controlling int": 0.0,
        "Net Income - Discontinued ops": 0.0,
        "Net Income": 6079000.0,
        "Preferred Dividends": 0.0,
        "Net Income Com": 6079000.0,
        "EPS": 0.87,
        "EPS Diluted": 0.87,
        "Weighted Average Shs Out": 6957000.0,
        "Weighted Average Shs Out (Dil)": 7026000.0,
        "Dividend per Share": 0.0,
        "Gross Margin": 0.328656883985,
        "EBITDA Margin": 0.0813912692635,
        "EBIT Margin": 0.0492101639316,
        "Profit Margin": 0.0266597082738,
        "Free Cash Flow margin": 0.0115427458754,
        "EBITDA": 18559000.0,
        "EBIT": 11221000.0,
        "Consolidated Income": 6079000.0,
        "Earnings Before Tax Margin": 0.0421450561788,
        "Net Profit Margin": 0.0266597082738
    },
    "2018": {
        "Revenue": 216328000.0,
        "Revenue Growth": 0.0449466967438401,
        "Cost of Revenue": 147353000.0,
        "Gross Profit": 68975000.0,
        "R&D Expenses": 3600000.0,
        "SG&A Expense": 64251000.0,
        "Operating Expenses": 67851000.0,
        "Operating Income": 4724000.0,
        "Interest Expense": 845000.0,
        "Earnings before Tax": 4865000.0,
        "Income Tax Expense": 8498000.0,
        "Net Income - Non-Controlling int": 0.0,
        "Net Income - Discontinued ops": 0.0,
        "Net Income": -3633000.0,
        "Preferred Dividends": 0.0,
        "Net Income Com": -3633000.0,
        "EPS": -0.52,
        "EPS Diluted": -0.52,
        "Weighted Average Shs Out": 7014000.0,
        "Weighted Average Shs Out (Dil)": 7014000.0,
        "Dividend per Share": 0.199743370402,
        "Gross Margin": 0.318844532377,
        "EBITDA Margin": 0.0565576347029,
        "EBIT Margin": 0.0218372101623,
        "Profit Margin": -0.0167939425317,
        "Free Cash Flow margin": -0.00134055693207,
        "EBITDA": 12235000.0,
        "EBIT": 4724000.0,
        "Consolidated Income": -3633000.0,
        "Earnings Before Tax Margin": 0.0224889981879,
        "Net Profit Margin": -0.0167939425317
    },
    "2017": {
        "Revenue": 207023000.0,
        "Revenue Growth": -0.0126952333261797,
        "Cost of Revenue": 145073000.0,
        "Gross Profit": 61950000.0,
        "R&D Expenses": 1900000.0,
        "SG&A Expense": 62006000.0,
        "Operating Expenses": 63906000.0,
        "Operating Income": -1044000.0,
        "Interest Expense": 674000.0,
        "Earnings before Tax": 1538000.0,
        "Income Tax Expense": 545000.0,
        "Net Income - Non-Controlling int": 0.0,
        "Net Income - Discontinued ops": 0.0,
        "Net Income": 991000.0,
        "Preferred Dividends": 0.0,
        "Net Income Com": 991000.0,
        "EPS": 0.14,
        "EPS Diluted": 0.14,
        "Weighted Average Shs Out": 7048.0,
        "Weighted Average Shs Out (Dil)": 7081.0,
        "Dividend per Share": 397.825165937,
        "Gross Margin": 0.299242113195,
        "EBITDA Margin": 0.0288953401313,
        "EBIT Margin": -0.00504291793665,
        "Profit Margin": 0.00478690773489,
        "Free Cash Flow margin": -0.00814402264483,
        "EBITDA": 5982000.0,
        "EBIT": -1044000.0,
        "Consolidated Income": 991000.0,
        "Earnings Before Tax Margin": 0.00742912623235,
        "Net Profit Margin": 0.00478690773489
    },
    "2016": {
        "Revenue": 209685000.0,
        "Revenue Growth": -0.131918857379425,
        "Cost of Revenue": 162697000.0,
        "Gross Profit": 46988000.0,
        "R&D Expenses": 1800000.0,
        "SG&A Expense": 63319000.0,
        "Operating Expenses": 65119000.0,
        "Operating Income": -20445000.0,
        "Interest Expense": 669000.0,
        "Earnings before Tax": -20375000.0,
        "Income Tax Expense": -6245000.0,
        "Net Income - Non-Controlling int": 0.0,
        "Net Income - Discontinued ops": 0.0,
        "Net Income": -14130000.0,
        "Preferred Dividends": 0.0,
        "Net Income Com": -14130000.0,
        "EPS": -2.01,
        "EPS Diluted": -2.01,
        "Weighted Average Shs Out": 7017000.0,
        "Weighted Average Shs Out (Dil)": 7017000.0,
        "Dividend per Share": 0.399885991164,
        "Gross Margin": 0.224088513723,
        "EBITDA Margin": -0.0630994110213,
        "EBIT Margin": -0.0975033979541,
        "Profit Margin": -0.0673867944774,
        "Free Cash Flow margin": 0.0326346662851,
        "EBITDA": -13231000.0,
        "EBIT": -20445000.0,
        "Consolidated Income": -14130000.0,
        "Earnings Before Tax Margin": -0.0971695638696,
        "Net Profit Margin": -0.0673867944774
    },
    "2015": {
        "Revenue": 241550000.0,
        "Revenue Growth": -0.0225950294172392,
        "Cost of Revenue": 164855000.0,
        "Gross Profit": 76695000.0,
        "R&D Expenses": 1700000.0,
        "SG&A Expense": 68092000.0,
        "Operating Expenses": 69792000.0,
        "Operating Income": 8603000.0,
        "Interest Expense": 713000.0,
        "Earnings before Tax": 9942000.0,
        "Income Tax Expense": 4698000.0,
        "Net Income - Non-Controlling int": 0.0,
        "Net Income - Discontinued ops": 0.0,
        "Net Income": 5244000.0,
        "Preferred Dividends": 0.0,
        "Net Income Com": 5244000.0,
        "EPS": 0.75,
        "EPS Diluted": 0.75,
        "Weighted Average Shs Out": 6983000.0,
        "Weighted Average Shs Out (Dil)": 7023000.0,
        "Dividend per Share": 0.397978072049,
        "Gross Margin": 0.317511902298,
        "EBITDA Margin": 0.0717035810391,
        "EBIT Margin": 0.0356158145312,
        "Profit Margin": 0.0217097909336,
        "Free Cash Flow margin": 0.00723659697785,
        "EBITDA": 17320000.0,
        "EBIT": 8603000.0,
        "Consolidated Income": 5244000.0,
        "Earnings Before Tax Margin": 0.0411591802939,
        "Net Profit Margin": 0.0217097909336
    },
    "2014": {
        "Revenue": 247134000.0,
        "Revenue Growth": 0.0136876171568969,
        "Cost of Revenue": 166038000.0,
        "Gross Profit": 81096000.0,
        "R&D Expenses": 1400000.0,
        "SG&A Expense": 69181000.0,
        "Operating Expenses": 70581000.0,
        "Operating Income": 11915000.0,
        "Interest Expense": 800000.0,
        "Earnings before Tax": 12057000.0,
        "Income Tax Expense": 5345000.0,
        "Net Income - Non-Controlling int": 0.0,
        "Net Income - Discontinued ops": 0.0,
        "Net Income": 6712000.0,
        "Preferred Dividends": 0.0,
        "Net Income Com": 6712000.0,
        "EPS": 0.97,
        "EPS Diluted": 0.97,
        "Weighted Average Shs Out": 6926000.0,
        "Weighted Average Shs Out (Dil)": 6955000.0,
        "Dividend per Share": 0.398993529835,
        "Gross Margin": 0.328145864187,
        "EBITDA Margin": 0.0860788074486,
        "EBIT Margin": 0.0482127105133,
        "Profit Margin": 0.0271593548439,
        "Free Cash Flow margin": 0.00946450103992,
        "EBITDA": 21273000.0,
        "EBIT": 11915000.0,
        "Consolidated Income": 6712000.0,
        "Earnings Before Tax Margin": 0.0487872975795,
        "Net Profit Margin": 0.0271593548439
    },
    "2013": {
        "Revenue": 243797000.0,
        "Revenue Growth": -0.0628526838568815,
        "Cost of Revenue": 171985000.0,
        "Gross Profit": 71812000.0,
        "R&D Expenses": 2300000.0,
        "SG&A Expense": 73090000.0,
        "Operating Expenses": 75390000.0,
        "Operating Income": -1278000.0,
        "Interest Expense": 968000.0,
        "Earnings before Tax": 796000.0,