{
    "2018": {
        "Revenue": 6583000000.0,
        "Revenue Growth": 0.133241521776554,
        "Cost of Revenue": 6060000000.0,
        "Gross Profit": 523000000.0,
        "R&D Expenses": 0.0,
        "SG&A Expense": 314000000.0,
        "Operating Expenses": 314000000.0,
        "Operating Income": 209000000.0,
        "Interest Expense": 44000000.0,
        "Earnings before Tax": -16000000.0,
        "Income Tax Expense": 1000000.0,
        "Net Income - Non-Controlling int": 0.0,
        "Net Income - Discontinued ops": 0.0,
        "Net Income": -17000000.0,
        "Preferred Dividends": 0.0,
        "Net Income Com": -17000000.0,
        "EPS": -14.61,
        "EPS Diluted": -14.61,
        "Weighted Average Shs Out": 1170501.0,
        "Weighted Average Shs Out (Dil)": 1170501.0,
        "Dividend per Share": 5.98034516844,
        "Gross Margin": 0.0794470606107,
        "EBITDA Margin": 0.0521039039951,
        "EBIT Margin": 0.0317484429591,
        "Profit Margin": -0.00258240923591,
        "Free Cash Flow margin": 0.0115448883488,
        "EBITDA": 343000000.0,
        "EBIT": 209000000.0,
        "Consolidated Income": -17000000.0,
        "Earnings Before Tax Margin": -0.00243050281027,
        "Net Profit Margin": -0.00258240923591
    },
    "2017": {
        "Revenue": 5809000000.0,
        "Revenue Growth": 0.0799405093883622,
        "Cost of Revenue": 5260000000.0,
        "Gross Profit": 549000000.0,
        "R&D Expenses": 0.0,
        "SG&A Expense": 317000000.0,
        "Operating Expenses": 317000000.0,
        "Operating Income": 232000000.0,
        "Interest Expense": 29000000.0,
        "Earnings before Tax": 427000000.0,
        "Income Tax Expense": 181000000.0,
        "Net Income - Non-Controlling int": 0.0,
        "Net Income - Discontinued ops": 0.0,
        "Net Income": 247000000.0,
        "Preferred Dividends": 0.0,
        "Net Income Com": 247000000.0,
        "EPS": 211.01,
        "EPS Diluted": 211.01,
        "Weighted Average Shs Out": 1170550.0,
        "Weighted Average Shs Out (Dil)": 1170550.0,
        "Dividend per Share": 5.98009482722,
        "Gross Margin": 0.0945085212601,
        "EBITDA Margin": 0.0602513341367,
        "EBIT Margin": 0.0399380271992,
        "Profit Margin": 0.0425202272336,
        "Free Cash Flow margin": 0.0123945601653,
        "EBITDA": 350000000.0,
        "EBIT": 232000000.0,
        "Consolidated Income": 247000000.0,
        "Earnings Before Tax Margin": 0.0735066276468,
        "Net Profit Margin": 0.0425202272336
    },
    "2016": {
        "Revenue": 5379000000.0,
        "Revenue Growth": -0.0384340364676439,
        "Cost of Revenue": 4882000000.0,
        "Gross Profit": 497000000.0,
        "R&D Expenses": 0.0,
        "SG&A Expense": 275000000.0,
        "Operating Expenses": 275000000.0,
        "Operating Income": 222000000.0,
        "Interest Expense": 29000000.0,
        "Earnings before Tax": 384000000.0,
        "Income Tax Expense": 70000000.0,
        "Net Income - Non-Controlling int": 0.0,
        "Net Income - Discontinued ops": 0.0,
        "Net Income": 312000000.0,
        "Preferred Dividends": 0.0,
        "Net Income Com": 312000000.0,
        "EPS": 266.5,
        "EPS Diluted": 266.5,
        "Weighted Average Shs Out": 1170550.0,
        "Weighted Average Shs Out (Dil)": 1170550.0,
        "Dividend per Share": 0.0,
        "Gross Margin": 0.0923963562,
        "EBITDA Margin": 0.0602342442833,
        "EBIT Margin": 0.0412716118238,
        "Profit Margin": 0.0580033463469,
        "Free Cash Flow margin": 0.0500092954081,
        "EBITDA": 324000000.0,
        "EBIT": 222000000.0,
        "Consolidated Income": 312000000.0,
        "Earnings Before Tax Margin": 0.0713887339654,
        "Net Profit Margin": 0.0580033463469
    },
    "2015": {
        "Revenue": 5594000000.0,
        "Revenue Growth": -0.135804986686391,
        "Cost of Revenue": 5198000000.0,
        "Gross Profit": 396000000.0,
        "R&D Expenses": 0.0,
        "SG&A Expense": 270000000.0,
        "Operating Expenses": 270000000.0,
        "Operating Income": 126000000.0,
        "Interest Expense": 18000000.0,
        "Earnings before Tax": 241000000.0,
        "Income Tax Expense": 69000000.0,
        "Net Income - Non-Controlling int": 0.0,
        "Net Income - Discontinued ops": 0.0,
        "Net Income": 171000000.0,
        "Preferred Dividends": 0.0,
        "Net Income Com": 171000000.0,
        "EPS": 146.44,
        "EPS Diluted": 146.44,
        "Weighted Average Shs Out": 1170550.0,
        "Weighted Average Shs Out (Dil)": 1170550.0,
        "Dividend per Share": 0.0,
        "Gross Margin": 0.0707901322846,
        "EBITDA Margin": 0.0387915623883,
        "EBIT Margin": 0.0225241329996,
        "Profit Margin": 0.0305684662138,
        "Free Cash Flow margin": 0.0495173400072,
        "EBITDA": 217000000.0,
        "EBIT": 126000000.0,
        "Consolidated Income": 171000000.0,
        "Earnings Before Tax Margin": 0.0430818734358,
        "Net Profit Margin": 0.0305684662138
    },
    "2014": {
        "Revenue": 6473076000.0,
        "Revenue Growth": -0.0295840707938068,
        "Cost of Revenue": 5795054000.0,
        "Gross Profit": 678022000.0,
        "R&D Expenses": 0.0,
        "SG&A Expense": 254463000.0,
        "Operating Expenses": 254463000.0,
        "Operating Income": 423559000.0,
        "Interest Expense": 20178000.0,
        "Earnings before Tax": 533799000.0,
        "Income Tax Expense": 167799000.0,
        "Net Income - Non-Controlling int": 0.0,
        "Net Income - Discontinued ops": 0.0,
        "Net Income": 365270000.0,
        "Preferred Dividends": 0.0,
        "Net Income Com": 365270000.0,
        "EPS": 309.96,
        "EPS Diluted": 309.96,
        "Weighted Average Shs Out": 1178441.0,
        "Weighted Average Shs Out (Dil)": 1178441.0,
        "Dividend per Share": 0.0,
        "Gross Margin": 0.104744946607,
        "EBITDA Margin": 0.0797061551571,
        "EBIT Margin": 0.0654339606085,
        "Profit Margin": 0.0564291227231,
        "Free Cash Flow margin": 0.0390732319534,
        "EBITDA": 515944000.0,
        "EBIT": 423559000.0,
        "Consolidated Income": 365270000.0,
        "Earnings Before Tax Margin": 0.0824645037383,
        "Net Profit Margin": 0.0564291227231
    },
    "2013": {
        "Revenue": 6670414000.0,
        "Revenue Growth": 0.0777622649246672,
        "Cost of Revenue": 6201565000.0,
        "Gross Profit": 468849000.0,
        "R&D Expenses": 0.0,
        "SG&A Expense": 263985000.0,
        "Operating Expenses": 263985000.0,
        "Operating Income": 204864000.0,
        "Interest Expense": 11422000.0,
        "Earnings before Tax": 239215000.0,
        "Income Tax Expense": 0.0,
        "Net Income - Non-Controlling int": 0.0,
        "Net Income - Discontinued ops": 0.0,
        "Net Income": 205236000.0,
        "Preferred Dividends": 0.0,
        "Net Income Com": 205236000.0,
        "EPS": 171.92,
        "EPS Diluted": 171.92,
        "Weighted Average Shs Out": 1193801.0,
        "Weighted Average Shs Out (Dil)": 1193801.0,
        "Dividend per Share": 0.188473623326,
        "Gross Margin": 0.0702878412045,
        "EBITDA Margin": 0.0446660432171,
        "EBIT Margin": 0.0307123365956,
        "Profit Margin": 0.030768105248,
        "Free Cash Flow margin": -0.00369602246577,
        "EBITDA": 297941000.0,
        "EBIT": 204864000.0,
        "Consolidated Income": 205236000.0,
        "Earnings Before Tax Margin": 0.0358620919181,
        "Net Profit Margin": 0.030768105248
    },
    "2012": {
        "Revenue": 6189133000.0,
        "Revenue Growth": 0.0769511990982272,
        "Cost of Revenue": 5628075000.0,
        "Gross Profit": 561058000.0,
        "R&D Expenses": 0.0,
        "SG&A Expense": 251397000.0,
        "Operating Expenses": 251397000.0,
        "Operating Income": 309661000.0,
        "Interest Expense": 11049000.0,