{
    "2018": {
        "Revenue": 3194957000.0,
        "Revenue Growth": 0.066243122722731,
        "Cost of Revenue": 0.0,
        "Gross Profit": 0.0,
        "R&D Expenses": 140254000.0,
        "SG&A Expense": 1770762000.0,
        "Operating Expenses": 1911016000.0,
        "Operating Income": 534362000.0,
        "Interest Expense": 170076000.0,
        "Earnings before Tax": 534362000.0,
        "Income Tax Expense": 140394000.0,
        "Net Income - Non-Controlling int": 0.0,
        "Net Income - Discontinued ops": 0.0,
        "Net Income": 393968000.0,
        "Preferred Dividends": 9375000.0,
        "Net Income Com": 393968000.0,
        "EPS": 5.36,
        "EPS Diluted": 4.73,
        "Weighted Average Shs Out": 71786000.0,
        "Weighted Average Shs Out (Dil)": 81321000.0,
        "Dividend per Share": 0.509708439394,
        "Gross Margin": 0.0,
        "EBITDA Margin": 0.198713785506,
        "EBIT Margin": 0.167251703231,
        "Profit Margin": 0.123309327794,
        "Free Cash Flow margin": 0.131870006388,
        "EBITDA": 634882000.0,
        "EBIT": 534362000.0,
        "Consolidated Income": 393968000.0,
        "Earnings Before Tax Margin": 0.167251703231,
        "Net Profit Margin": 0.123309327794
    },
    "2017": {
        "Revenue": 2996462000.0,
        "Revenue Growth": 0.134005457222115,
        "Cost of Revenue": 0.0,
        "Gross Profit": 0.0,
        "R&D Expenses": 133493000.0,
        "SG&A Expense": 1958929000.0,
        "Operating Expenses": 2092422000.0,
        "Operating Income": 269536000.0,
        "Interest Expense": 70030000.0,
        "Earnings before Tax": 269536000.0,
        "Income Tax Expense": 86665000.0,
        "Net Income - Non-Controlling int": 0.0,
        "Net Income - Discontinued ops": 0.0,
        "Net Income": 182871000.0,
        "Preferred Dividends": 9375000.0,
        "Net Income Com": 182871000.0,
        "EPS": 2.53,
        "EPS Diluted": 2.14,
        "Weighted Average Shs Out": 68562000.0,
        "Weighted Average Shs Out (Dil)": 81035000.0,
        "Dividend per Share": 0.21528968964,
        "Gross Margin": 0.0,
        "EBITDA Margin": 0.130127797382,
        "EBIT Margin": 0.0899514160366,
        "Profit Margin": 0.0610289735028,
        "Free Cash Flow margin": 0.211626912005,
        "EBITDA": 389923000.0,
        "EBIT": 269536000.0,
        "Consolidated Income": 182871000.0,
        "Earnings Before Tax Margin": 0.0899514160366,
        "Net Profit Margin": 0.0610289735028
    },
    "2016": {
        "Revenue": 2642370000.0,
        "Revenue Growth": 0.111643997268818,
        "Cost of Revenue": 0.0,
        "Gross Profit": 0.0,
        "R&D Expenses": 139644000.0,
        "SG&A Expense": 1726016000.0,
        "Operating Expenses": 1865660000.0,
        "Operating Income": 142582000.0,
        "Interest Expense": 66874000.0,
        "Earnings before Tax": 142582000.0,
        "Income Tax Expense": 61062000.0,
        "Net Income - Non-Controlling int": 0.0,
        "Net Income - Discontinued ops": 0.0,
        "Net Income": 81520000.0,
        "Preferred Dividends": 3906000.0,
        "Net Income Com": 81520000.0,
        "EPS": 1.16,
        "EPS Diluted": 1.0,
        "Weighted Average Shs Out": 66871000.0,
        "Weighted Average Shs Out (Dil)": 77563000.0,
        "Dividend per Share": 0.0503590629553,
        "Gross Margin": 0.0,
        "EBITDA Margin": 0.111608139662,
        "EBIT Margin": 0.0539598920666,
        "Profit Margin": 0.0308510920121,
        "Free Cash Flow margin": -0.142821028092,
        "EBITDA": 294910000.0,
        "EBIT": 142582000.0,
        "Consolidated Income": 81520000.0,
        "Earnings Before Tax Margin": 0.0539598920666,
        "Net Profit Margin": 0.0308510920121
    },
    "2015": {
        "Revenue": 2376993000.0,
        "Revenue Growth": 0.0565892558291494,
        "Cost of Revenue": 0.0,
        "Gross Profit": 0.0,
        "R&D Expenses": 130678000.0,
        "SG&A Expense": 1568862000.0,
        "Operating Expenses": 1699540000.0,
        "Operating Income": 141567000.0,
        "Interest Expense": 45399000.0,
        "Earnings before Tax": 141567000.0,
        "Income Tax Expense": 49231000.0,
        "Net Income - Non-Controlling int": 0.0,
        "Net Income - Discontinued ops": 0.0,
        "Net Income": 92336000.0,
        "Preferred Dividends": 0.0,
        "Net Income Com": 92336000.0,
        "EPS": 1.35,
        "EPS Diluted": 1.18,
        "Weighted Average Shs Out": 68543000.0,
        "Weighted Average Shs Out (Dil)": 78554000.0,
        "Dividend per Share": 0.0,
        "Gross Margin": 0.0,
        "EBITDA Margin": 0.102069295114,
        "EBIT Margin": 0.0595571800169,
        "Profit Margin": 0.0388457180985,
        "Free Cash Flow margin": -0.166870916322,
        "EBITDA": 242618000.0,
        "EBIT": 141567000.0,
        "Consolidated Income": 92336000.0,
        "Earnings Before Tax Margin": 0.0595571800169,
        "Net Profit Margin": 0.0388457180985
    },
    "2014": {
        "Revenue": 2249685000.0,
        "Revenue Growth": 0.113808004103348,
        "Cost of Revenue": 0.0,
        "Gross Profit": 0.0,
        "R&D Expenses": 106926000.0,
        "SG&A Expense": 1403932000.0,
        "Operating Expenses": 1510858000.0,
        "Operating Income": 290794000.0,
        "Interest Expense": 41261000.0,
        "Earnings before Tax": 290794000.0,
        "Income Tax Expense": 111664000.0,
        "Net Income - Non-Controlling int": 0.0,
        "Net Income - Discontinued ops": 0.0,
        "Net Income": 176067000.0,
        "Preferred Dividends": 0.0,
        "Net Income Com": 176067000.0,
        "EPS": 2.65,
        "EPS Diluted": 2.31,
        "Weighted Average Shs Out": 66472000.0,
        "Weighted Average Shs Out (Dil)": 76376000.0,
        "Dividend per Share": 0.0,
        "Gross Margin": 0.0,
        "EBITDA Margin": 0.173947908263,
        "EBIT Margin": 0.12925987416,
        "Profit Margin": 0.078262956814,
        "Free Cash Flow margin": 0.0994081393617,
        "EBITDA": 391328000.0,
        "EBIT": 290794000.0,
        "Consolidated Income": 176067000.0,
        "Earnings Before Tax Margin": 0.12925987416,
        "Net Profit Margin": 0.078262956814
    },
    "2013": {
        "Revenue": 2019814000.0,
        "Revenue Growth": 0.227079894510013,
        "Cost of Revenue": 0.0,
        "Gross Profit": 0.0,
        "R&D Expenses": 99726000.0,
        "SG&A Expense": 1311386000.0,
        "Operating Expenses": 1411112000.0,
        "Operating Income": 185229000.0,
        "Interest Expense": 46368000.0,
        "Earnings before Tax": 185229000.0,
        "Income Tax Expense": 12322000.0,
        "Net Income - Non-Controlling int": 0.0,
        "Net Income - Discontinued ops": 0.0,
        "Net Income": 162013000.0,
        "Preferred Dividends": 0.0,
        "Net Income Com": 162013000.0,
        "EPS": 2.55,
        "EPS Diluted": 2.2,
        "Weighted Average Shs Out": 63568000.0,
        "Weighted Average Shs Out (Dil)": 73504000.0,
        "Dividend per Share": 0.0,
        "Gross Margin": 0.0,
        "EBITDA Margin": 0.141189733312,
        "EBIT Margin": 0.0917059689655,
        "Profit Margin": 0.0802118412884,
        "Free Cash Flow margin": 0.331684501642,
        "EBITDA": 285177000.0,
        "EBIT": 185229000.0,
        "Consolidated Income": 162013000.0,
        "Earnings Before Tax Margin": 0.0917059689655,
        "Net Profit Margin": 0.0802118412884
    },
    "2012": {
        "Revenue": 1646033000.0,
        "Revenue Growth": 0.141565105703619,
        "Cost of Revenue": 0.0,
        "Gross Profit": 0.0,
        "R&D Expenses": 80941000.0,
        "SG&A Expense": 1023943000.0,
        "Operating Expenses": 1104884000.0,
        "Operating Income": 225872000.0,
        "Interest Expense": 33383000.0,
        "Earnings before Tax": 225872000.0,
        "Income Tax Expense": 87299000.0,
        "Net Income - Non-Controlling int": 0.0,