{
    "2019": {
        "Revenue": 1211999000.0,
        "Revenue Growth": -0.0596064154758496,
        "Cost of Revenue": 974472000.0,
        "Gross Profit": 237527000.0,
        "R&D Expenses": 47920000.0,
        "SG&A Expense": 103226000.0,
        "Operating Expenses": 151146000.0,
        "Operating Income": 89081000.0,
        "Interest Expense": 0.0,
        "Earnings before Tax": 66204000.0,
        "Income Tax Expense": 14872000.0,
        "Net Income - Non-Controlling int": 0.0,
        "Net Income - Discontinued ops": 0.0,
        "Net Income": 51332000.0,
        "Preferred Dividends": 0.0,
        "Net Income Com": 51332000.0,
        "EPS": 2.24,
        "EPS Diluted": 2.19,
        "Weighted Average Shs Out": 22959000.0,
        "Weighted Average Shs Out (Dil)": 23468000.0,
        "Dividend per Share": 0.0,
        "Gross Margin": 0.195979534637,
        "EBITDA Margin": 0.0999093233575,
        "EBIT Margin": 0.0734992355604,
        "Profit Margin": 0.0423531702584,
        "Free Cash Flow margin": 0.11239613234,
        "EBITDA": 121090000.0,
        "EBIT": 89081000.0,
        "Consolidated Income": 51332000.0,
        "Earnings Before Tax Margin": 0.0546238074454,
        "Net Profit Margin": 0.0423531702584
    },
    "2018": {
        "Revenue": 1288821000.0,
        "Revenue Growth": 0.692941332552204,
        "Cost of Revenue": 997235000.0,
        "Gross Profit": 291586000.0,
        "R&D Expenses": 39824000.0,
        "SG&A Expense": 84541000.0,
        "Operating Expenses": 124365000.0,
        "Operating Income": 170221000.0,
        "Interest Expense": 0.0,
        "Earnings before Tax": 137778000.0,
        "Income Tax Expense": 18315000.0,
        "Net Income - Non-Controlling int": 0.0,
        "Net Income - Discontinued ops": 0.0,
        "Net Income": 119463000.0,
        "Preferred Dividends": 0.0,
        "Net Income Com": 119463000.0,
        "EPS": 5.42,
        "EPS Diluted": 5.17,
        "Weighted Average Shs Out": 22051000.0,
        "Weighted Average Shs Out (Dil)": 23119000.0,
        "Dividend per Share": 0.0,
        "Gross Margin": 0.226242433976,
        "EBITDA Margin": 0.154695648193,
        "EBIT Margin": 0.132074973949,
        "Profit Margin": 0.09269169264,
        "Free Cash Flow margin": 0.0327190509776,
        "EBITDA": 199375000.0,
        "EBIT": 170221000.0,
        "Consolidated Income": 119463000.0,
        "Earnings Before Tax Margin": 0.106902354943,
        "Net Profit Margin": 0.09269169264
    },
    "2017": {
        "Revenue": 761291000.0,
        "Revenue Growth": 0.424510172653497,
        "Cost of Revenue": 599041000.0,
        "Gross Profit": 162250000.0,
        "R&D Expenses": 38160000.0,
        "SG&A Expense": 66759000.0,
        "Operating Expenses": 108376000.0,
        "Operating Income": 53874000.0,
        "Interest Expense": 700000.0,
        "Earnings before Tax": 2119000.0,
        "Income Tax Expense": 9914000.0,
        "Net Income - Non-Controlling int": 0.0,
        "Net Income - Discontinued ops": 0.0,
        "Net Income": -7795000.0,
        "Preferred Dividends": 0.0,
        "Net Income Com": -7795000.0,
        "EPS": -0.49,
        "EPS Diluted": -0.49,
        "Weighted Average Shs Out": 15785000.0,
        "Weighted Average Shs Out (Dil)": 15785000.0,
        "Dividend per Share": 0.0,
        "Gross Margin": 0.213124810355,
        "EBITDA Margin": 0.125238575,
        "EBIT Margin": 0.0707666319449,
        "Profit Margin": -0.0102391858041,
        "Free Cash Flow margin": -0.0257601889422,
        "EBITDA": 95343000.0,
        "EBIT": 53874000.0,
        "Consolidated Income": -7795000.0,
        "Earnings Before Tax Margin": 0.00278342972661,
        "Net Profit Margin": -0.0102391858041
    },
    "2016": {
        "Revenue": 534423000.0,
        "Revenue Growth": -0.169465817312101,
        "Cost of Revenue": 427491000.0,
        "Gross Profit": 106932000.0,
        "R&D Expenses": 38116000.0,
        "SG&A Expense": 57495000.0,
        "Operating Expenses": 100747000.0,
        "Operating Income": 6185000.0,
        "Interest Expense": 25575000.0,
        "Earnings before Tax": -17516000.0,
        "Income Tax Expense": 2444000.0,
        "Net Income - Non-Controlling int": 0.0,
        "Net Income - Discontinued ops": 0.0,
        "Net Income": -19960000.0,
        "Preferred Dividends": 0.0,
        "Net Income Com": -19960000.0,
        "EPS": -1.44,
        "EPS Diluted": -1.44,
        "Weighted Average Shs Out": 20708000.0,
        "Weighted Average Shs Out (Dil)": 13841000.0,
        "Dividend per Share": 0.0,
        "Gross Margin": 0.2001,
        "EBITDA Margin": 0.074,
        "EBIT Margin": 0.0151,
        "Profit Margin": -0.037,
        "Free Cash Flow margin": 0.0028,
        "EBITDA": 39539000.0,
        "EBIT": 8059000.0,
        "Consolidated Income": -19960000.0,
        "Earnings Before Tax Margin": -0.0328,
        "Net Profit Margin": -0.0373
    },
    "2015": {
        "Revenue": 643469000.0,
        "Revenue Growth": NaN,
        "Cost of Revenue": 512032000.0,
        "Gross Profit": 131437000.0,
        "R&D Expenses": 43741000.0,
        "SG&A Expense": 89233000.0,
        "Operating Expenses": 138147000.0,
        "Operating Income": -6710000.0,
        "Interest Expense": 27560000.0,
        "Earnings before Tax": -39802000.0,
        "Income Tax Expense": 6649000.0,
        "Net Income - Non-Controlling int": 0.0,
        "Net Income - Discontinued ops": 0.0,
        "Net Income": -46451000.0,
        "Preferred Dividends": 0.0,
        "Net Income Com": -46451000.0,
        "EPS": -3.36,
        "EPS Diluted": -3.36,
        "Weighted Average Shs Out": 20708000.0,
        "Weighted Average Shs Out (Dil)": 13833000.0,
        "Dividend per Share": 0.0,
        "Gross Margin": 0.2043,
        "EBITDA Margin": 0.059,
        "EBIT Margin": -0.019,
        "Profit Margin": -0.072,
        "Free Cash Flow margin": 0.0144,
        "EBITDA": 37903000.0,
        "EBIT": -12242000.0,
        "Consolidated Income": -46451000.0,
        "Earnings Before Tax Margin": -0.0619,
        "Net Profit Margin": -0.0722
    }
}