{
    "2019": {
        "Revenue": 1054707000.0,
        "Revenue Growth": -0.0747729713038535,
        "Cost of Revenue": 964131000.0,
        "Gross Profit": 90576000.0,
        "R&D Expenses": 0.0,
        "SG&A Expense": 71312000.0,
        "Operating Expenses": 71312000.0,
        "Operating Income": -5584000.0,
        "Interest Expense": 16258000.0,
        "Earnings before Tax": -20558000.0,
        "Income Tax Expense": -611000.0,
        "Net Income - Non-Controlling int": 0.0,
        "Net Income - Discontinued ops": 0.0,
        "Net Income": -19947000.0,
        "Preferred Dividends": 0.0,
        "Net Income Com": -19947000.0,
        "EPS": -0.85,
        "EPS Diluted": -0.85,
        "Weighted Average Shs Out": 23506000.0,
        "Weighted Average Shs Out (Dil)": 23506000.0,
        "Dividend per Share": 0.0,
        "Gross Margin": 0.0858778788801,
        "EBITDA Margin": 0.0404946587062,
        "EBIT Margin": -0.0052943613724,
        "Profit Margin": -0.0189123614426,
        "Free Cash Flow margin": 0.0296252892984,
        "EBITDA": 42710000.0,
        "EBIT": -5584000.0,
        "Consolidated Income": -19947000.0,
        "Earnings Before Tax Margin": -0.0194916692503,
        "Net Profit Margin": -0.0189123614426
    },
    "2018": {
        "Revenue": 1139944000.0,
        "Revenue Growth": 0.094010860030749,
        "Cost of Revenue": 1023849000.0,
        "Gross Profit": 116095000.0,
        "R&D Expenses": 0.0,
        "SG&A Expense": 88604000.0,
        "Operating Expenses": 88604000.0,
        "Operating Income": 18506000.0,
        "Interest Expense": 11343000.0,
        "Earnings before Tax": 6260000.0,
        "Income Tax Expense": -5219000.0,
        "Net Income - Non-Controlling int": 0.0,
        "Net Income - Discontinued ops": 0.0,
        "Net Income": 11479000.0,
        "Preferred Dividends": 0.0,
        "Net Income Com": 11479000.0,
        "EPS": 0.49,
        "EPS Diluted": 0.49,
        "Weighted Average Shs Out": 23229000.0,
        "Weighted Average Shs Out (Dil)": 23369000.0,
        "Dividend per Share": 0.0,
        "Gross Margin": 0.101842722099,
        "EBITDA Margin": 0.0574396637028,
        "EBIT Margin": 0.0162341307994,
        "Profit Margin": 0.0100697929021,
        "Free Cash Flow margin": 0.0466917673149,
        "EBITDA": 65478000.0,
        "EBIT": 18506000.0,
        "Consolidated Income": 11479000.0,
        "Earnings Before Tax Margin": 0.00549149782796,
        "Net Profit Margin": 0.0100697929021
    },
    "2017": {
        "Revenue": 1041986000.0,
        "Revenue Growth": -0.0223749664581914,
        "Cost of Revenue": 927853000.0,
        "Gross Profit": 114133000.0,
        "R&D Expenses": 0.0,
        "SG&A Expense": 83142000.0,
        "Operating Expenses": 83142000.0,
        "Operating Income": 23714000.0,
        "Interest Expense": 15088000.0,
        "Earnings before Tax": 6423000.0,
        "Income Tax Expense": 7120000.0,
        "Net Income - Non-Controlling int": 0.0,
        "Net Income - Discontinued ops": 0.0,
        "Net Income": -697000.0,
        "Preferred Dividends": 0.0,
        "Net Income Com": -697000.0,
        "EPS": -0.04,
        "EPS Diluted": -0.04,
        "Weighted Average Shs Out": 19233000.0,
        "Weighted Average Shs Out (Dil)": 19233000.0,
        "Dividend per Share": 0.0,
        "Gross Margin": 0.109534101226,
        "EBITDA Margin": 0.0657177735593,
        "EBIT Margin": 0.0227584631655,
        "Profit Margin": -0.000668914937437,
        "Free Cash Flow margin": 0.0732399475617,
        "EBITDA": 68477000.0,
        "EBIT": 23714000.0,
        "Consolidated Income": -697000.0,
        "Earnings Before Tax Margin": 0.00616419030582,
        "Net Profit Margin": -0.000668914937437
    },
    "2016": {
        "Revenue": 1065834000.0,
        "Revenue Growth": -0.0390923146966944,
        "Cost of Revenue": 969658000.0,
        "Gross Profit": 96176000.0,
        "R&D Expenses": 0.0,
        "SG&A Expense": 73417000.0,
        "Operating Expenses": 73417000.0,
        "Operating Income": 18470000.0,
        "Interest Expense": 18086000.0,
        "Earnings before Tax": -1483000.0,
        "Income Tax Expense": -5152000.0,
        "Net Income - Non-Controlling int": 0.0,
        "Net Income - Discontinued ops": 0.0,
        "Net Income": 3669000.0,
        "Preferred Dividends": 0.0,
        "Net Income Com": 3669000.0,
        "EPS": 0.21,
        "EPS Diluted": 0.21,
        "Weighted Average Shs Out": 17513000.0,
        "Weighted Average Shs Out (Dil)": 17526000.0,
        "Dividend per Share": 0.0,
        "Gross Margin": 0.0902354400404,
        "EBITDA Margin": 0.0549991837378,
        "EBIT Margin": 0.0173291525697,
        "Profit Margin": 0.00344237470375,
        "Free Cash Flow margin": 0.0650767380286,
        "EBITDA": 58620000.0,
        "EBIT": 18470000.0,
        "Consolidated Income": 3669000.0,
        "Earnings Before Tax Margin": -0.00139139866058,
        "Net Profit Margin": 0.00344237470375
    },
    "2015": {
        "Revenue": 1109195000.0,
        "Revenue Growth": 0.262250439263312,
        "Cost of Revenue": 1022109000.0,
        "Gross Profit": 87086000.0,
        "R&D Expenses": 0.0,
        "SG&A Expense": 63028000.0,
        "Operating Expenses": 63028000.0,
        "Operating Income": 21763000.0,
        "Interest Expense": 9898000.0,
        "Earnings before Tax": 11514000.0,
        "Income Tax Expense": 3250000.0,
        "Net Income - Non-Controlling int": 0.0,
        "Net Income - Discontinued ops": 0.0,
        "Net Income": 8264000.0,
        "Preferred Dividends": 0.0,
        "Net Income Com": 8264000.0,
        "EPS": 0.48,
        "EPS Diluted": 0.48,
        "Weighted Average Shs Out": 17287000.0,
        "Weighted Average Shs Out (Dil)": 17310000.0,
        "Dividend per Share": 0.0,
        "Gross Margin": 0.0785127953155,
        "EBITDA Margin": 0.0513597699232,
        "EBIT Margin": 0.0196205356137,
        "Profit Margin": 0.00745044829809,
        "Free Cash Flow margin": 0.0031563431137,
        "EBITDA": 56968000.0,
        "EBIT": 21763000.0,
        "Consolidated Income": 8264000.0,
        "Earnings Before Tax Margin": 0.0103805011743,
        "Net Profit Margin": 0.00745044829809
    },
    "2014": {
        "Revenue": 878744000.0,
        "Revenue Growth": 0.25501509598878,
        "Cost of Revenue": 799143000.0,
        "Gross Profit": 79601000.0,
        "R&D Expenses": 0.0,
        "SG&A Expense": 50207000.0,
        "Operating Expenses": 50207000.0,
        "Operating Income": 31165000.0,
        "Interest Expense": 4503000.0,
        "Earnings before Tax": 28200000.0,
        "Income Tax Expense": 4747000.0,
        "Net Income - Non-Controlling int": 0.0,
        "Net Income - Discontinued ops": 0.0,
        "Net Income": 22444000.0,
        "Preferred Dividends": 0.0,
        "Net Income Com": 22444000.0,
        "EPS": 1.31,
        "EPS Diluted": 1.3,
        "Weighted Average Shs Out": 17145000.0,
        "Weighted Average Shs Out (Dil)": 17215000.0,
        "Dividend per Share": 0.0,
        "Gross Margin": 0.0905849712772,
        "EBITDA Margin": 0.0681256429631,
        "EBIT Margin": 0.0354653915133,
        "Profit Margin": 0.0255409994265,
        "Free Cash Flow margin": 0.0336650947261,
        "EBITDA": 59865000.0,
        "EBIT": 31165000.0,
        "Consolidated Income": 22444000.0,
        "Earnings Before Tax Margin": 0.0320912575221,
        "Net Profit Margin": 0.0255409994265
    },
    "2013": {
        "Revenue": 700186000.0,
        "Revenue Growth": 0.0,
        "Cost of Revenue": 628491000.0,
        "Gross Profit": 71695000.0,
        "R&D Expenses": 0.0,
        "SG&A Expense": 37073000.0,
        "Operating Expenses": 37073000.0,
        "Operating Income": 34604000.0,
        "Interest Expense": 2600000.0,
        "Earnings before Tax": 32175000.0,
        "Income Tax Expense": 10605000.0,