{
    "2018": {
        "Revenue": 1227392000.0,
        "Revenue Growth": -0.187949768206246,
        "Cost of Revenue": 32965000.0,
        "Gross Profit": 1194427000.0,
        "R&D Expenses": 0.0,
        "SG&A Expense": 92600000.0,
        "Operating Expenses": 92600000.0,
        "Operating Income": 247262000.0,
        "Interest Expense": 208669000.0,
        "Earnings before Tax": 267294000.0,
        "Income Tax Expense": 2800000.0,
        "Net Income - Non-Controlling int": 0.0,
        "Net Income - Discontinued ops": 0.0,
        "Net Income": 247262000.0,
        "Preferred Dividends": 14950000.0,
        "Net Income Com": 247262000.0,
        "EPS": 2.67,
        "EPS Diluted": 2.67,
        "Weighted Average Shs Out": 86753000.0,
        "Weighted Average Shs Out (Dil)": 91530000.0,
        "Dividend per Share": 3.42215666994,
        "Gross Margin": 0.973142239806,
        "EBITDA Margin": 0.439286715247,
        "EBIT Margin": 0.201453162478,
        "Profit Margin": 0.201453162478,
        "Free Cash Flow margin": 0.152418298311,
        "EBITDA": 539177000.0,
        "EBIT": 247262000.0,
        "Consolidated Income": 247262000.0,
        "Earnings Before Tax Margin": 0.21777394671,
        "Net Profit Margin": 0.201453162478
    },
    "2017": {
        "Revenue": 1511473000.0,
        "Revenue Growth": -0.189115661586679,
        "Cost of Revenue": 33231000.0,
        "Gross Profit": 1478242000.0,
        "R&D Expenses": 0.0,
        "SG&A Expense": 100500000.0,
        "Operating Expenses": 100500000.0,
        "Operating Income": 165028000.0,
        "Interest Expense": 257045000.0,
        "Earnings before Tax": 165028000.0,
        "Income Tax Expense": 4300000.0,
        "Net Income - Non-Controlling int": 0.0,
        "Net Income - Discontinued ops": 0.0,
        "Net Income": 101374000.0,
        "Preferred Dividends": 14950000.0,
        "Net Income Com": 101374000.0,
        "EPS": 0.88,
        "EPS Diluted": 0.87,
        "Weighted Average Shs Out": 98571000.0,
        "Weighted Average Shs Out (Dil)": 103403000.0,
        "Dividend per Share": 3.22566076419,
        "Gross Margin": 0.978014162344,
        "EBITDA Margin": 0.500998694651,
        "EBIT Margin": 0.109183558026,
        "Profit Margin": 0.0670696730937,
        "Free Cash Flow margin": 0.141001526326,
        "EBITDA": 757246000.0,
        "EBIT": 165028000.0,
        "Consolidated Income": 101374000.0,
        "Earnings Before Tax Margin": 0.109183558026,
        "Net Profit Margin": 0.0670696730937
    },
    "2016": {
        "Revenue": 1863981000.0,
        "Revenue Growth": 0.120969744934687,
        "Cost of Revenue": 213100000.0,
        "Gross Profit": 1650881000.0,
        "R&D Expenses": 0.0,
        "SG&A Expense": 99759000.0,
        "Operating Expenses": 99759000.0,
        "Operating Income": -4618000.0,
        "Interest Expense": 348062000.0,
        "Earnings before Tax": -4618000.0,
        "Income Tax Expense": 2800000.0,
        "Net Income - Non-Controlling int": 0.0,
        "Net Income - Discontinued ops": 0.0,
        "Net Income": 249896000.0,
        "Preferred Dividends": 14950000.0,
        "Net Income Com": 249896000.0,
        "EPS": 2.35,
        "EPS Diluted": 2.34,
        "Weighted Average Shs Out": 100185000.0,
        "Weighted Average Shs Out (Dil)": 104881000.0,
        "Dividend per Share": 2.9946224769,
        "Gross Margin": 0.885674800333,
        "EBITDA Margin": 0.543668095329,
        "EBIT Margin": -0.00247749306458,
        "Profit Margin": 0.134065744232,
        "Free Cash Flow margin": 0.11950980187,
        "EBITDA": 1013387000.0,
        "EBIT": -4618000.0,
        "Consolidated Income": 249896000.0,
        "Earnings Before Tax Margin": -0.00247749306458,
        "Net Profit Margin": 0.134065744232
    },
    "2015": {
        "Revenue": 1662829000.0,
        "Revenue Growth": 0.0939822813224928,
        "Cost of Revenue": 206751000.0,
        "Gross Profit": 1456078000.0,
        "R&D Expenses": 0.0,
        "SG&A Expense": 94873000.0,
        "Operating Expenses": 94873000.0,
        "Operating Income": 77261000.0,
        "Interest Expense": 326818000.0,
        "Earnings before Tax": 77261000.0,
        "Income Tax Expense": 3100000.0,
        "Net Income - Non-Controlling int": 0.0,
        "Net Income - Discontinued ops": 0.0,
        "Net Income": 284084000.0,
        "Preferred Dividends": 14952000.0,
        "Net Income Com": 284084000.0,
        "EPS": 2.71,
        "EPS Diluted": 2.7,
        "Weighted Average Shs Out": 99345000.0,
        "Weighted Average Shs Out (Dil)": 103734000.0,
        "Dividend per Share": 2.48113444001,
        "Gross Margin": 0.875663101858,
        "EBITDA Margin": 0.400220948757,
        "EBIT Margin": 0.0464635870556,
        "Profit Margin": 0.170843784899,
        "Free Cash Flow margin": 0.0721914279821,
        "EBITDA": 665499000.0,
        "EBIT": 77261000.0,
        "Consolidated Income": 284084000.0,
        "Earnings Before Tax Margin": 0.0464635870556,
        "Net Profit Margin": 0.170843784899
    },
    "2014": {
        "Revenue": 1519978000.0,
        "Revenue Growth": 0.0346482859645887,
        "Cost of Revenue": 189795000.0,
        "Gross Profit": 1330183000.0,
        "R&D Expenses": 0.0,
        "SG&A Expense": 92488000.0,
        "Operating Expenses": 92488000.0,
        "Operating Income": 174963000.0,
        "Interest Expense": 319898000.0,
        "Earnings before Tax": 174963000.0,
        "Income Tax Expense": 7800000.0,
        "Net Income - Non-Controlling int": 0.0,
        "Net Income - Discontinued ops": 0.0,
        "Net Income": 518056000.0,
        "Preferred Dividends": 14952000.0,
        "Net Income Com": 518056000.0,
        "EPS": 5.25,
        "EPS Diluted": 5.23,
        "Weighted Average Shs Out": 95774000.0,
        "Weighted Average Shs Out (Dil)": 99696000.0,
        "Dividend per Share": 2.07605119563,
        "Gross Margin": 0.875133061136,
        "EBITDA Margin": 0.378271264453,
        "EBIT Margin": 0.115108902892,
        "Profit Margin": 0.340831248873,
        "Free Cash Flow margin": 0.0792735158009,
        "EBITDA": 574964000.0,
        "EBIT": 174963000.0,
        "Consolidated Income": 518056000.0,
        "Earnings Before Tax Margin": 0.115108902892,
        "Net Profit Margin": 0.340831248873
    },
    "2013": {
        "Revenue": 1469077000.0,
        "Revenue Growth": 0.0491496191765071,
        "Cost of Revenue": 207322000.0,
        "Gross Profit": 1261755000.0,
        "R&D Expenses": 0.0,
        "SG&A Expense": 86192000.0,
        "Operating Expenses": 86192000.0,
        "Operating Income": 135371000.0,
        "Interest Expense": 332276000.0,
        "Earnings before Tax": 134658000.0,
        "Income Tax Expense": 4400000.0,
        "Net Income - Non-Controlling int": 0.0,
        "Net Income - Discontinued ops": 0.0,
        "Net Income": 135371000.0,
        "Preferred Dividends": 21881000.0,
        "Net Income Com": 135371000.0,
        "EPS": 1.1,
        "EPS Diluted": 1.1,
        "Weighted Average Shs Out": 92269000.0,
        "Weighted Average Shs Out (Dil)": 95266000.0,
        "Dividend per Share": 1.5578170596,
        "Gross Margin": 0.858876015348,
        "EBITDA Margin": 0.335564439441,
        "EBIT Margin": 0.0921469739163,
        "Profit Margin": 0.0921469739163,
        "Free Cash Flow margin": 0.129082410248,
        "EBITDA": 492970000.0,
        "EBIT": 135371000.0,
        "Consolidated Income": 135371000.0,
        "Earnings Before Tax Margin": 0.0916616351628,
        "Net Profit Margin": 0.0921469739163
    },
    "2012": {
        "Revenue": 1400255000.0,
        "Revenue Growth": 0.108298217231215,
        "Cost of Revenue": 215482000.0,
        "Gross Profit": 1184773000.0,
        "R&D Expenses": 0.0,
        "SG&A Expense": 82840000.0,
        "Operating Expenses": 82840000.0,
        "Operating Income": 196405000.0,