{
    "2018": {
        "Revenue": 279618727.0,
        "Revenue Growth": 0.00972330559392219,
        "Cost of Revenue": 2158895.0,
        "Gross Profit": 277459832.0,
        "R&D Expenses": 0.0,
        "SG&A Expense": 50291352.0,
        "Operating Expenses": 50291352.0,
        "Operating Income": 21686079.0,
        "Interest Expense": 6956707.0,
        "Earnings before Tax": -7859660.0,
        "Income Tax Expense": 4494311.0,
        "Net Income - Non-Controlling int": 0.0,
        "Net Income - Discontinued ops": 0.0,
        "Net Income": 21686079.0,
        "Preferred Dividends": 0.0,
        "Net Income Com": 21686079.0,
        "EPS": 1.27,
        "EPS Diluted": 1.25,
        "Weighted Average Shs Out": 17105308.0,
        "Weighted Average Shs Out (Dil)": 17315406.0,
        "Dividend per Share": 0.0,
        "Gross Margin": 0.992279147312,
        "EBITDA Margin": 0.153588346749,
        "EBIT Margin": 0.0775558891662,
        "Profit Margin": 0.0775558891662,
        "Free Cash Flow margin": 0.0296545731717,
        "EBITDA": 42946178.0,
        "EBIT": 21686079.0,
        "Consolidated Income": 21686079.0,
        "Earnings Before Tax Margin": -0.0281084893145,
        "Net Profit Margin": 0.0775558891662
    },
    "2017": {
        "Revenue": 276926090.0,
        "Revenue Growth": -0.090061346595276,
        "Cost of Revenue": 1945832.0,
        "Gross Profit": 274980258.0,
        "R&D Expenses": 0.0,
        "SG&A Expense": 68103017.0,
        "Operating Expenses": 68103017.0,
        "Operating Income": 14112934.0,
        "Interest Expense": 6037332.0,
        "Earnings before Tax": 1126526.0,
        "Income Tax Expense": -6580822.0,
        "Net Income - Non-Controlling int": 0.0,
        "Net Income - Discontinued ops": 0.0,
        "Net Income": 14112934.0,
        "Preferred Dividends": 0.0,
        "Net Income Com": 14112934.0,
        "EPS": 0.88,
        "EPS Diluted": 0.87,
        "Weighted Average Shs Out": 15972329.0,
        "Weighted Average Shs Out (Dil)": 16285930.0,
        "Dividend per Share": 0.0,
        "Gross Margin": 0.992973460897,
        "EBITDA Margin": 0.117543666615,
        "EBIT Margin": 0.050962818274,
        "Profit Margin": 0.050962818274,
        "Free Cash Flow margin": 0.156745920906,
        "EBITDA": 32550908.0,
        "EBIT": 14112934.0,
        "Consolidated Income": 14112934.0,
        "Earnings Before Tax Margin": 0.00406796629382,
        "Net Profit Margin": 0.050962818274
    },
    "2016": {
        "Revenue": 304334901.0,
        "Revenue Growth": 0.074776897242205,
        "Cost of Revenue": 1787043.0,
        "Gross Profit": 302547858.0,
        "R&D Expenses": 0.0,
        "SG&A Expense": 88634494.0,
        "Operating Expenses": 88634494.0,
        "Operating Income": 19703231.0,
        "Interest Expense": 5111868.0,
        "Earnings before Tax": 19703231.0,
        "Income Tax Expense": 7514604.0,
        "Net Income - Non-Controlling int": 0.0,
        "Net Income - Discontinued ops": 0.0,
        "Net Income": 12188627.0,
        "Preferred Dividends": 0.0,
        "Net Income Com": 12188627.0,
        "EPS": 0.82,
        "EPS Diluted": 0.81,
        "Weighted Average Shs Out": 14806290.0,
        "Weighted Average Shs Out (Dil)": 15127204.0,
        "Dividend per Share": 0.0,
        "Gross Margin": 0.994128037914,
        "EBITDA Margin": 0.119440697996,
        "EBIT Margin": 0.0647419370413,
        "Profit Margin": 0.0400500467082,
        "Free Cash Flow margin": 0.105043828016,
        "EBITDA": 36349973.0,
        "EBIT": 19703231.0,
        "Consolidated Income": 12188627.0,
        "Earnings Before Tax Margin": 0.0647419370413,
        "Net Profit Margin": 0.0400500467082
    },
    "2015": {
        "Revenue": 283161000.0,
        "Revenue Growth": 0.247753371057161,
        "Cost of Revenue": 1803444.0,
        "Gross Profit": 281357556.0,
        "R&D Expenses": 0.0,
        "SG&A Expense": 81935623.0,
        "Operating Expenses": 81935623.0,
        "Operating Income": 19821565.0,
        "Interest Expense": 4458612.0,
        "Earnings before Tax": 19821565.0,
        "Income Tax Expense": 7198685.0,
        "Net Income - Non-Controlling int": 0.0,
        "Net Income - Discontinued ops": 0.0,
        "Net Income": 12622880.0,
        "Preferred Dividends": 0.0,
        "Net Income Com": 12622880.0,
        "EPS": 0.92,
        "EPS Diluted": 0.89,
        "Weighted Average Shs Out": 13722201.0,
        "Weighted Average Shs Out (Dil)": 14210352.0,
        "Dividend per Share": 0.0,
        "Gross Margin": 0.993631029697,
        "EBITDA Margin": 0.113465720915,
        "EBIT Margin": 0.0700010418101,
        "Profit Margin": 0.0445784553664,
        "Free Cash Flow margin": -0.0687380606793,
        "EBITDA": 32129067.0,
        "EBIT": 19821565.0,
        "Consolidated Income": 12622880.0,
        "Earnings Before Tax Margin": 0.0700010418101,
        "Net Profit Margin": 0.0445784553664
    },
    "2014": {
        "Revenue": 226936674.0,
        "Revenue Growth": 0.0539751198035325,
        "Cost of Revenue": 1853103.0,
        "Gross Profit": 225083571.0,
        "R&D Expenses": 0.0,
        "SG&A Expense": 59876675.0,
        "Operating Expenses": 59876675.0,
        "Operating Income": 12480953.0,
        "Interest Expense": 2994429.0,
        "Earnings before Tax": 12480953.0,
        "Income Tax Expense": 4726305.0,
        "Net Income - Non-Controlling int": 0.0,
        "Net Income - Discontinued ops": 0.0,
        "Net Income": 7754648.0,
        "Preferred Dividends": 0.0,
        "Net Income Com": 7754648.0,
        "EPS": 0.62,
        "EPS Diluted": 0.6,
        "Weighted Average Shs Out": 12518743.0,
        "Weighted Average Shs Out (Dil)": 12928009.0,
        "Dividend per Share": 0.0,
        "Gross Margin": 0.991834272675,
        "EBITDA Margin": 0.10907371014,
        "EBIT Margin": 0.0549975144167,
        "Profit Margin": 0.0341709775829,
        "Free Cash Flow margin": 0.129971791161,
        "EBITDA": 24752825.0,
        "EBIT": 12480953.0,
        "Consolidated Income": 7754648.0,
        "Earnings Before Tax Margin": 0.0549975144167,
        "Net Profit Margin": 0.0341709775829
    },
    "2013": {
        "Revenue": 215315020.0,
        "Revenue Growth": -0.0808722587406654,
        "Cost of Revenue": 1918902.0,
        "Gross Profit": 213396118.0,
        "R&D Expenses": 0.0,
        "SG&A Expense": 65979564.0,
        "Operating Expenses": 65979564.0,
        "Operating Income": 9823727.0,
        "Interest Expense": 2853701.0,
        "Earnings before Tax": 9823727.0,
        "Income Tax Expense": 2237806.0,
        "Net Income - Non-Controlling int": 0.0,
        "Net Income - Discontinued ops": 0.0,
        "Net Income": 7585921.0,
        "Preferred Dividends": 0.0,
        "Net Income Com": 7585921.0,
        "EPS": 0.65,
        "EPS Diluted": 0.61,
        "Weighted Average Shs Out": 11751428.0,
        "Weighted Average Shs Out (Dil)": 12337663.0,
        "Dividend per Share": 0.0,
        "Gross Margin": 0.991087932463,
        "EBITDA Margin": 0.0915727058893,
        "EBIT Margin": 0.0456249034554,
        "Profit Margin": 0.0352317316275,
        "Free Cash Flow margin": 0.153642416586,
        "EBITDA": 19716979.0,
        "EBIT": 9823727.0,
        "Consolidated Income": 7585921.0,
        "Earnings Before Tax Margin": 0.0456249034554,
        "Net Profit Margin": 0.0352317316275
    },
    "2012": {
        "Revenue": 234260169.0,
        "Revenue Growth": 0.468096615302123,
        "Cost of Revenue": 1723955.0,
        "Gross Profit": 232536214.0,
        "R&D Expenses": 0.0,
        "SG&A Expense": 83840427.0,
        "Operating Expenses": 83840427.0,
        "Operating Income": 21351293.0,
        "Interest Expense": 3744293.0,
        "Earnings before Tax": 21351293.0,
        "Income Tax Expense": 4638775.0,
        "Net Income - Non-Controlling int": 0.0,