{
    "2019": {
        "Revenue": 18970000.0,
        "Revenue Growth": 0.138792171929403,
        "Cost of Revenue": 10090000.0,
        "Gross Profit": 8880000.0,
        "R&D Expenses": 1518000.0,
        "SG&A Expense": 18620000.0,
        "Operating Expenses": 20138000.0,
        "Operating Income": -11258000.0,
        "Interest Expense": 33000.0,
        "Earnings before Tax": -11340000.0,
        "Income Tax Expense": 458000.0,
        "Net Income - Non-Controlling int": 0.0,
        "Net Income - Discontinued ops": 0.0,
        "Net Income": -11798000.0,
        "Preferred Dividends": 0.0,
        "Net Income Com": -11798000.0,
        "EPS": -12.77,
        "EPS Diluted": -12.77,
        "Weighted Average Shs Out": 924000.0,
        "Weighted Average Shs Out (Dil)": 924000.0,
        "Dividend per Share": 0.0,
        "Gross Margin": 0.468107538218,
        "EBITDA Margin": -0.569583552978,
        "EBIT Margin": -0.593463363205,
        "Profit Margin": -0.621929362151,
        "Free Cash Flow margin": -0.622930943595,
        "EBITDA": -10805000.0,
        "EBIT": -11258000.0,
        "Consolidated Income": -11798000.0,
        "Earnings Before Tax Margin": -0.59778597786,
        "Net Profit Margin": -0.621929362151
    },
    "2018": {
        "Revenue": 16658000.0,
        "Revenue Growth": 0.298869395711501,
        "Cost of Revenue": 9348000.0,
        "Gross Profit": 7310000.0,
        "R&D Expenses": 1575000.0,
        "SG&A Expense": 19924000.0,
        "Operating Expenses": 21499000.0,
        "Operating Income": -14189000.0,
        "Interest Expense": 40000.0,
        "Earnings before Tax": -14328000.0,
        "Income Tax Expense": 0.0,
        "Net Income - Non-Controlling int": 0.0,
        "Net Income - Discontinued ops": 0.0,
        "Net Income": -14328000.0,
        "Preferred Dividends": 0.0,
        "Net Income Com": -14328000.0,
        "EPS": -3.16,
        "EPS Diluted": -3.16,
        "Weighted Average Shs Out": 4530000.0,
        "Weighted Average Shs Out (Dil)": 4530000.0,
        "Dividend per Share": 0.0,
        "Gross Margin": 0.438828190659,
        "EBITDA Margin": -0.822367631168,
        "EBIT Margin": -0.851782927122,
        "Profit Margin": -0.860127266178,
        "Free Cash Flow margin": -0.757954136151,
        "EBITDA": -13699000.0,
        "EBIT": -14189000.0,
        "Consolidated Income": -14328000.0,
        "Earnings Before Tax Margin": -0.860127266178,
        "Net Profit Margin": -0.860127266178
    },
    "2017": {
        "Revenue": 12825000.0,
        "Revenue Growth": -0.149761336515513,
        "Cost of Revenue": 7157000.0,
        "Gross Profit": 5668000.0,
        "R&D Expenses": 1576000.0,
        "SG&A Expense": 17066000.0,
        "Operating Expenses": 18642000.0,
        "Operating Income": -12974000.0,
        "Interest Expense": 3000.0,
        "Earnings before Tax": -12937000.0,
        "Income Tax Expense": -4268000.0,
        "Net Income - Non-Controlling int": 0.0,
        "Net Income - Discontinued ops": 0.0,
        "Net Income": 9274000.0,
        "Preferred Dividends": 0.0,
        "Net Income Com": 9274000.0,
        "EPS": 2.2,
        "EPS Diluted": 2.2,
        "Weighted Average Shs Out": 4224000.0,
        "Weighted Average Shs Out (Dil)": 4224000.0,
        "Dividend per Share": 0.0,
        "Gross Margin": 0.441949317739,
        "EBITDA Margin": -0.992280701754,
        "EBIT Margin": -1.01161793372,
        "Profit Margin": 0.723118908382,
        "Free Cash Flow margin": -0.667524366472,
        "EBITDA": -12726000.0,
        "EBIT": -12974000.0,
        "Consolidated Income": 9274000.0,
        "Earnings Before Tax Margin": -1.00873294347,
        "Net Profit Margin": 0.723118908382
    },
    "2016": {
        "Revenue": 15084000.0,
        "Revenue Growth": 0.0887830229536596,
        "Cost of Revenue": 7874000.0,
        "Gross Profit": 7210000.0,
        "R&D Expenses": 1806000.0,
        "SG&A Expense": 15556000.0,
        "Operating Expenses": 17362000.0,
        "Operating Income": -10152000.0,
        "Interest Expense": 3000.0,
        "Earnings before Tax": 0.0,
        "Income Tax Expense": 0.0,
        "Net Income - Non-Controlling int": 0.0,
        "Net Income - Discontinued ops": 0.0,
        "Net Income": -10162000.0,
        "Preferred Dividends": 0.0,
        "Net Income Com": -10162000.0,
        "EPS": -0.62,
        "EPS Diluted": -0.62,
        "Weighted Average Shs Out": 16444.0,
        "Weighted Average Shs Out (Dil)": 16444.0,
        "Dividend per Share": 0.0,
        "Gross Margin": 0.477989923097,
        "EBITDA Margin": -0.656854945638,
        "EBIT Margin": -0.673031026253,
        "Profit Margin": -0.673693980377,
        "Free Cash Flow margin": -0.602691593742,
        "EBITDA": -9908000.0,
        "EBIT": -10152000.0,
        "Consolidated Income": -10162000.0,
        "Earnings Before Tax Margin": 0.0,
        "Net Profit Margin": -0.673693980377
    },
    "2015": {
        "Revenue": 13854000.0,
        "Revenue Growth": 0.0136084284460053,
        "Cost of Revenue": 6566000.0,
        "Gross Profit": 7288000.0,
        "R&D Expenses": 1533000.0,
        "SG&A Expense": 12414000.0,
        "Operating Expenses": 13947000.0,
        "Operating Income": -6659000.0,
        "Interest Expense": 3000.0,
        "Earnings before Tax": 0.0,
        "Income Tax Expense": 0.0,
        "Net Income - Non-Controlling int": 0.0,
        "Net Income - Discontinued ops": 0.0,
        "Net Income": -8203000.0,
        "Preferred Dividends": 0.0,
        "Net Income Com": -8203000.0,
        "EPS": -0.85,
        "EPS Diluted": -0.85,
        "Weighted Average Shs Out": 9657000.0,
        "Weighted Average Shs Out (Dil)": 9657000.0,
        "Dividend per Share": 0.0,
        "Gross Margin": 0.52605745633,
        "EBITDA Margin": -0.462393532554,
        "EBIT Margin": -0.480655406381,
        "Profit Margin": -0.592103363649,
        "Free Cash Flow margin": -0.493214955969,
        "EBITDA": -6406000.0,
        "EBIT": -6659000.0,
        "Consolidated Income": -8203000.0,
        "Earnings Before Tax Margin": 0.0,
        "Net Profit Margin": -0.592103363649
    },
    "2014": {
        "Revenue": 13668000.0,
        "Revenue Growth": 0.0,
        "Cost of Revenue": 5271000.0,
        "Gross Profit": 8397000.0,
        "R&D Expenses": 2887000.0,
        "SG&A Expense": 11561000.0,
        "Operating Expenses": 14448000.0,
        "Operating Income": -6051000.0,
        "Interest Expense": 1058000.0,
        "Earnings before Tax": 0.0,
        "Income Tax Expense": 0.0,
        "Net Income - Non-Controlling int": 0.0,
        "Net Income - Discontinued ops": 0.0,
        "Net Income": 3735000.0,
        "Preferred Dividends": 0.0,
        "Net Income Com": 3735000.0,
        "EPS": 0.54,
        "EPS Diluted": 0.54,
        "Weighted Average Shs Out": 6882000.0,
        "Weighted Average Shs Out (Dil)": 6898000.0,
        "Dividend per Share": 0.0,
        "Gross Margin": 0.614354697103,
        "EBITDA Margin": -0.42193444542,
        "EBIT Margin": -0.442712906058,
        "Profit Margin": 0.273266022827,
        "Free Cash Flow margin": -0.394644424934,
        "EBITDA": -5767000.0,
        "EBIT": -6051000.0,
        "Consolidated Income": 3735000.0,
        "Earnings Before Tax Margin": 0.0,
        "Net Profit Margin": 0.273266022827
    },
    "2013": {
        "Revenue": 0.0,
        "Revenue Growth": -1.0,
        "Cost of Revenue": 0.0,
        "Gross Profit": 0.0,
        "R&D Expenses": 0.0,
        "SG&A Expense": 0.0,
        "Operating Expenses": 0.0,
        "Operating Income": 0.0,
        "Interest Expense": 0.0,
        "Earnings before Tax": 0.0,
        "Income Tax Expense": 0.0,
        "Net Income - Non-Controlling int": 0.0,
        "Net Income - Discontinued ops": 0.0,
        "Net Income": 0.0,
        "Preferred Dividends": 0.0,
        "Net Income Com": 0.0,
        "EPS": 0.0,
        "EPS Diluted": 0.0,