{
    "2019": {
        "Revenue": 849129000.0,
        "Revenue Growth": 0.0487333744199805,
        "Cost of Revenue": 564199000.0,
        "Gross Profit": 284930000.0,
        "R&D Expenses": 0.0,
        "SG&A Expense": 240911000.0,
        "Operating Expenses": 240911000.0,
        "Operating Income": 44019000.0,
        "Interest Expense": 13206000.0,
        "Earnings before Tax": 30813000.0,
        "Income Tax Expense": 7063000.0,
        "Net Income - Non-Controlling int": 0.0,
        "Net Income - Discontinued ops": 0.0,
        "Net Income": 23750000.0,
        "Preferred Dividends": 0.0,
        "Net Income Com": 23750000.0,
        "EPS": 0.55,
        "EPS Diluted": 0.55,
        "Weighted Average Shs Out": 42878000.0,
        "Weighted Average Shs Out (Dil)": 42979000.0,
        "Dividend per Share": 0.0,
        "Gross Margin": 0.335555610514,
        "EBITDA Margin": 0.0764077071917,
        "EBIT Margin": 0.0518401797607,
        "Profit Margin": 0.0279698373274,
        "Free Cash Flow margin": 0.0167665925908,
        "EBITDA": 64880000.0,
        "EBIT": 44019000.0,
        "Consolidated Income": 23750000.0,
        "Earnings Before Tax Margin": 0.0362877725293,
        "Net Profit Margin": 0.0279698373274
    },
    "2018": {
        "Revenue": 809671000.0,
        "Revenue Growth": 0.0380983029811938,
        "Cost of Revenue": 535811000.0,
        "Gross Profit": 273860000.0,
        "R&D Expenses": 0.0,
        "SG&A Expense": 227292000.0,
        "Operating Expenses": 227292000.0,
        "Operating Income": 46568000.0,
        "Interest Expense": 13738000.0,
        "Earnings before Tax": 32830000.0,
        "Income Tax Expense": 15088000.0,
        "Net Income - Non-Controlling int": 0.0,
        "Net Income - Discontinued ops": 0.0,
        "Net Income": 17742000.0,
        "Preferred Dividends": 0.0,
        "Net Income Com": 17742000.0,
        "EPS": 0.42,
        "EPS Diluted": 0.42,
        "Weighted Average Shs Out": 42496000.0,
        "Weighted Average Shs Out (Dil)": 42522000.0,
        "Dividend per Share": 0.0,
        "Gross Margin": 0.338236147769,
        "EBITDA Margin": 0.090258882929,
        "EBIT Margin": 0.0575147189414,
        "Profit Margin": 0.0219126040083,
        "Free Cash Flow margin": -0.0128410181419,
        "EBITDA": 73080000.0,
        "EBIT": 46568000.0,
        "Consolidated Income": 17742000.0,
        "Earnings Before Tax Margin": 0.0405473334231,
        "Net Profit Margin": 0.0219126040083
    },
    "2017": {
        "Revenue": 779956000.0,
        "Revenue Growth": 0.0685616896283388,
        "Cost of Revenue": 516726000.0,
        "Gross Profit": 263230000.0,
        "R&D Expenses": 0.0,
        "SG&A Expense": 202543000.0,
        "Operating Expenses": 202543000.0,
        "Operating Income": 60687000.0,
        "Interest Expense": 13402000.0,
        "Earnings before Tax": 47285000.0,
        "Income Tax Expense": 17616000.0,
        "Net Income - Non-Controlling int": 0.0,
        "Net Income - Discontinued ops": 0.0,
        "Net Income": 29669000.0,
        "Preferred Dividends": 0.0,
        "Net Income Com": 29669000.0,
        "EPS": 0.7,
        "EPS Diluted": 0.7,
        "Weighted Average Shs Out": 42187000.0,
        "Weighted Average Shs Out (Dil)": 42485000.0,
        "Dividend per Share": 0.0,
        "Gross Margin": 0.337493397063,
        "EBITDA Margin": 0.105249526896,
        "EBIT Margin": 0.0778082353364,
        "Profit Margin": 0.0380393252953,
        "Free Cash Flow margin": -0.0306876285329,
        "EBITDA": 82090000.0,
        "EBIT": 60687000.0,
        "Consolidated Income": 29669000.0,
        "Earnings Before Tax Margin": 0.0606252147557,
        "Net Profit Margin": 0.0380393252953
    },
    "2016": {
        "Revenue": 729912000.0,
        "Revenue Growth": 0.105922245807974,
        "Cost of Revenue": 491382000.0,
        "Gross Profit": 238530000.0,
        "R&D Expenses": 0.0,
        "SG&A Expense": 179218000.0,
        "Operating Expenses": 179218000.0,
        "Operating Income": 59312000.0,
        "Interest Expense": 14156000.0,
        "Earnings before Tax": 45156000.0,
        "Income Tax Expense": 17385000.0,
        "Net Income - Non-Controlling int": 0.0,
        "Net Income - Discontinued ops": 0.0,
        "Net Income": 27771000.0,
        "Preferred Dividends": 0.0,
        "Net Income Com": 27771000.0,
        "EPS": 0.66,
        "EPS Diluted": 0.66,
        "Weighted Average Shs Out": 41966000.0,
        "Weighted Average Shs Out (Dil)": 42334000.0,
        "Dividend per Share": 0.0,
        "Gross Margin": 0.32679281886,
        "EBITDA Margin": 0.0982282795734,
        "EBIT Margin": 0.0812591106873,
        "Profit Margin": 0.0380470522474,
        "Free Cash Flow margin": 0.00233589802606,
        "EBITDA": 71698000.0,
        "EBIT": 59312000.0,
        "Consolidated Income": 27771000.0,
        "Earnings Before Tax Margin": 0.0618649919442,
        "Net Profit Margin": 0.0380470522474
    },
    "2015": {
        "Revenue": 660003000.0,
        "Revenue Growth": 0.0261830982192695,
        "Cost of Revenue": 444796000.0,
        "Gross Profit": 215207000.0,
        "R&D Expenses": 0.0,
        "SG&A Expense": 170315000.0,
        "Operating Expenses": 170315000.0,
        "Operating Income": 44892000.0,
        "Interest Expense": 22480000.0,
        "Earnings before Tax": 22412000.0,
        "Income Tax Expense": 8628000.0,
        "Net Income - Non-Controlling int": 0.0,
        "Net Income - Discontinued ops": 0.0,
        "Net Income": 13784000.0,
        "Preferred Dividends": 0.0,
        "Net Income Com": 13784000.0,
        "EPS": 0.34,
        "EPS Diluted": 0.34,
        "Weighted Average Shs Out": 39961000.0,
        "Weighted Average Shs Out (Dil)": 40141000.0,
        "Dividend per Share": 0.0,
        "Gross Margin": 0.326069729986,
        "EBITDA Margin": 0.0917253406424,
        "EBIT Margin": 0.068017872646,
        "Profit Margin": 0.0208847535542,
        "Free Cash Flow margin": -0.0146878120251,
        "EBITDA": 60539000.0,
        "EBIT": 44892000.0,
        "Consolidated Income": 13784000.0,
        "Earnings Before Tax Margin": 0.0339574214057,
        "Net Profit Margin": 0.0208847535542
    },
    "2014": {
        "Revenue": 643163000.0,
        "Revenue Growth": 0.220557480709452,
        "Cost of Revenue": 435933000.0,
        "Gross Profit": 207230000.0,
        "R&D Expenses": 0.0,
        "SG&A Expense": 147140000.0,
        "Operating Expenses": 147195000.0,
        "Operating Income": 60035000.0,
        "Interest Expense": 25447000.0,
        "Earnings before Tax": 34588000.0,
        "Income Tax Expense": 12838000.0,
        "Net Income - Non-Controlling int": 0.0,
        "Net Income - Discontinued ops": 0.0,
        "Net Income": 21750000.0,
        "Preferred Dividends": 0.0,
        "Net Income Com": 21750000.0,
        "EPS": 0.66,
        "EPS Diluted": 0.66,
        "Weighted Average Shs Out": NaN,
        "Weighted Average Shs Out (Dil)": 33170000.0,
        "Dividend per Share": 0.0,
        "Gross Margin": 0.3222,
        "EBITDA Margin": 0.101,
        "EBIT Margin": 0.0933,
        "Profit Margin": 0.034,
        "Free Cash Flow margin": -0.0315,
        "EBITDA": 64784000.0,
        "EBIT": 60035000.0,
        "Consolidated Income": 21750000.0,
        "Earnings Before Tax Margin": 0.0538,
        "Net Profit Margin": 0.0338
    },
    "2013": {
        "Revenue": 526942000.0,
        "Revenue Growth": 0.399390786374223,
        "Cost of Revenue": 364326000.0,
        "Gross Profit": 162616000.0,
        "R&D Expenses": 0.0,
        "SG&A Expense": 109408000.0,
        "Operating Expenses": 109145000.0,
        "Operating Income": 53471000.0,
        "Interest Expense": 6321000.0,
        "Earnings before Tax": 47150000.0,
        "Income Tax Expense": 19076000.0,
        "Net Income - Non-Controlling int": 0.0,
        "Net Income - Discontinued ops": 0.0,