{
    "2018": {
        "Revenue": 11687000000.0,
        "Revenue Growth": 0.0428303738734719,
        "Cost of Revenue": 1208000000.0,
        "Gross Profit": 10479000000.0,
        "R&D Expenses": 0.0,
        "SG&A Expense": 82000000.0,
        "Operating Expenses": 82000000.0,
        "Operating Income": 591000000.0,
        "Interest Expense": 925000000.0,
        "Earnings before Tax": 810000000.0,
        "Income Tax Expense": 96000000.0,
        "Net Income - Non-Controlling int": 0.0,
        "Net Income - Discontinued ops": 0.0,
        "Net Income": 924000000.0,
        "Preferred Dividends": 125000000.0,
        "Net Income Com": 924000000.0,
        "EPS": 3.45,
        "EPS Diluted": 3.42,
        "Weighted Average Shs Out": 268072000.0,
        "Weighted Average Shs Out (Dil)": 269852000.0,
        "Dividend per Share": 3.24992959104,
        "Gross Margin": 0.896637289296,
        "EBITDA Margin": 0.230683665611,
        "EBIT Margin": 0.0505690082998,
        "Profit Margin": 0.0790622058698,
        "Free Cash Flow margin": -0.0288354582014,
        "EBITDA": 2696000000.0,
        "EBIT": 591000000.0,
        "Consolidated Income": 924000000.0,
        "Earnings Before Tax Margin": 0.0693077778729,
        "Net Profit Margin": 0.0790622058698
    },
    "2017": {
        "Revenue": 11207000000.0,
        "Revenue Growth": 0.10055975645684,
        "Cost of Revenue": 87000000.0,
        "Gross Profit": 11120000000.0,
        "R&D Expenses": 0.0,
        "SG&A Expense": 87000000.0,
        "Operating Expenses": 87000000.0,
        "Operating Income": 622000000.0,
        "Interest Expense": 659000000.0,
        "Earnings before Tax": 1585000000.0,
        "Income Tax Expense": 1276000000.0,
        "Net Income - Non-Controlling int": 0.0,
        "Net Income - Discontinued ops": 0.0,
        "Net Income": 256000000.0,
        "Preferred Dividends": 1000000.0,
        "Net Income Com": 256000000.0,
        "EPS": 1.02,
        "EPS Diluted": 1.01,
        "Weighted Average Shs Out": 251545000.0,
        "Weighted Average Shs Out (Dil)": 252300000.0,
        "Dividend per Share": 2.9924692826,
        "Gross Margin": 0.992236994735,
        "EBITDA Margin": 0.234407067012,
        "EBIT Margin": 0.0555010261444,
        "Profit Margin": 0.0228428660659,
        "Free Cash Flow margin": -0.0289105023646,
        "EBITDA": 2627000000.0,
        "EBIT": 622000000.0,
        "Consolidated Income": 256000000.0,
        "Earnings Before Tax Margin": 0.141429463728,
        "Net Profit Margin": 0.0228428660659
    },
    "2016": {
        "Revenue": 10183000000.0,
        "Revenue Growth": -0.00469162349721435,
        "Cost of Revenue": 81000000.0,
        "Gross Profit": 10102000000.0,
        "R&D Expenses": 0.0,
        "SG&A Expense": 81000000.0,
        "Operating Expenses": 81000000.0,
        "Operating Income": 557000000.0,
        "Interest Expense": 553000000.0,
        "Earnings before Tax": 1830000000.0,
        "Income Tax Expense": 389000000.0,
        "Net Income - Non-Controlling int": 0.0,
        "Net Income - Discontinued ops": 0.0,
        "Net Income": 1370000000.0,
        "Preferred Dividends": 1000000.0,
        "Net Income Com": 1370000000.0,
        "EPS": 5.48,
        "EPS Diluted": 5.46,
        "Weighted Average Shs Out": 250217000.0,
        "Weighted Average Shs Out (Dil)": 251155000.0,
        "Dividend per Share": 2.73138101969,
        "Gross Margin": 0.99204556614,
        "EBITDA Margin": 0.230285770402,
        "EBIT Margin": 0.0546990081508,
        "Profit Margin": 0.134537955416,
        "Free Cash Flow margin": -0.186094471177,
        "EBITDA": 2345000000.0,
        "EBIT": 557000000.0,
        "Consolidated Income": 1370000000.0,
        "Earnings Before Tax Margin": 0.179711283512,
        "Net Profit Margin": 0.134537955416
    },
    "2015": {
        "Revenue": 10231000000.0,
        "Revenue Growth": -0.0728590847304033,
        "Cost of Revenue": 66000000.0,
        "Gross Profit": 10165000000.0,
        "R&D Expenses": 0.0,
        "SG&A Expense": 66000000.0,
        "Operating Expenses": 66000000.0,
        "Operating Income": 608000000.0,
        "Interest Expense": 561000000.0,
        "Earnings before Tax": 1189000000.0,
        "Income Tax Expense": 341000000.0,
        "Net Income - Non-Controlling int": 0.0,
        "Net Income - Discontinued ops": 0.0,
        "Net Income": 1349000000.0,
        "Preferred Dividends": 1000000.0,
        "Net Income Com": 1349000000.0,
        "EPS": 5.43,
        "EPS Diluted": 5.37,
        "Weighted Average Shs Out": 248249000.0,
        "Weighted Average Shs Out (Dil)": 250923000.0,
        "Dividend per Share": 2.50275981078,
        "Gross Margin": 0.993549017691,
        "EBITDA Margin": 0.226664060209,
        "EBIT Margin": 0.0594272309647,
        "Profit Margin": 0.131854168703,
        "Free Cash Flow margin": -0.0245332812042,
        "EBITDA": 2319000000.0,
        "EBIT": 608000000.0,
        "Consolidated Income": 1349000000.0,
        "Earnings Before Tax Margin": 0.116215423712,
        "Net Profit Margin": 0.131854168703
    },
    "2014": {
        "Revenue": 11035000000.0,
        "Revenue Growth": 0.0452780145874775,
        "Cost of Revenue": 78000000.0,
        "Gross Profit": 10957000000.0,
        "R&D Expenses": 0.0,
        "SG&A Expense": 78000000.0,
        "Operating Expenses": 78000000.0,
        "Operating Income": 521000000.0,
        "Interest Expense": 554000000.0,
        "Earnings before Tax": 1524000000.0,
        "Income Tax Expense": 300000000.0,
        "Net Income - Non-Controlling int": 0.0,
        "Net Income - Discontinued ops": 0.0,
        "Net Income": 1161000000.0,
        "Preferred Dividends": 1000000.0,
        "Net Income Com": 1161000000.0,
        "EPS": 4.72,
        "EPS Diluted": 4.63,
        "Weighted Average Shs Out": 245891000.0,
        "Weighted Average Shs Out (Dil)": 250655000.0,
        "Dividend per Share": 2.38574933674,
        "Gross Margin": 0.992931581332,
        "EBITDA Margin": 0.191028545537,
        "EBIT Margin": 0.0472134118713,
        "Profit Margin": 0.105210693249,
        "Free Cash Flow margin": -0.0871771635705,
        "EBITDA": 2108000000.0,
        "EBIT": 521000000.0,
        "Consolidated Income": 1161000000.0,
        "Earnings Before Tax Margin": 0.13810602628,
        "Net Profit Margin": 0.105210693249
    },
    "2013": {
        "Revenue": 10557000000.0,
        "Revenue Growth": 0.0943298434746553,
        "Cost of Revenue": 0.0,
        "Gross Profit": 0.0,
        "R&D Expenses": 0.0,
        "SG&A Expense": 0.0,
        "Operating Expenses": 0.0,
        "Operating Income": 539000000.0,
        "Interest Expense": 559000000.0,
        "Earnings before Tax": 1430000000.0,
        "Income Tax Expense": 366000000.0,
        "Net Income - Non-Controlling int": 0.0,
        "Net Income - Discontinued ops": 0.0,
        "Net Income": 1001000000.0,
        "Preferred Dividends": 1000000.0,
        "Net Income Com": 1001000000.0,
        "EPS": 4.1,
        "EPS Diluted": 4.01,
        "Weighted Average Shs Out": 243863000.0,
        "Weighted Average Shs Out (Dil)": 249332000.0,
        "Dividend per Share": 2.43049428072,
        "Gross Margin": 0.0,
        "EBITDA Margin": 0.192763095576,
        "EBIT Margin": 0.0510561712608,
        "Profit Margin": 0.09481860377,
        "Free Cash Flow margin": -0.0746424173534,
        "EBITDA": 2035000000.0,
        "EBIT": 539000000.0,
        "Consolidated Income": 1001000000.0,
        "Earnings Before Tax Margin": 0.135455148243,
        "Net Profit Margin": 0.09481860377
    },
    "2012": {
        "Revenue": 9647000000.0,
        "Revenue Growth": -0.0387604623355919,
        "Cost of Revenue": 0.0,
        "Gross Profit": 0.0,
        "R&D Expenses": 0.0,
        "SG&A Expense": 0.0,
        "Operating Expenses": 0.0,
        "Operating Income": 420000000.0,
        "Interest Expense": 493000000.0,