{
    "2018": {
        "Revenue": 301034000.0,
        "Revenue Growth": 0.947381359002225,
        "Cost of Revenue": 35058000.0,
        "Gross Profit": 265976000.0,
        "R&D Expenses": 401843000.0,
        "SG&A Expense": 207761000.0,
        "Operating Expenses": 609604000.0,
        "Operating Income": -343628000.0,
        "Interest Expense": 33709000.0,
        "Earnings before Tax": -362610000.0,
        "Income Tax Expense": -692000.0,
        "Net Income - Non-Controlling int": 0.0,
        "Net Income - Discontinued ops": 0.0,
        "Net Income": -361918000.0,
        "Preferred Dividends": 0.0,
        "Net Income Com": -361918000.0,
        "EPS": -5.46,
        "EPS Diluted": -5.46,
        "Weighted Average Shs Out": 66250000.0,
        "Weighted Average Shs Out (Dil)": 66250000.0,
        "Dividend per Share": 0.0,
        "Gross Margin": 0.883541393995,
        "EBITDA Margin": -1.07533036135,
        "EBIT Margin": -1.14149232313,
        "Profit Margin": -1.20224957978,
        "Free Cash Flow margin": -1.49423985331,
        "EBITDA": -323711000.0,
        "EBIT": -343628000.0,
        "Consolidated Income": -361918000.0,
        "Earnings Before Tax Margin": -1.20454832345,
        "Net Profit Margin": -1.20224957978
    },
    "2017": {
        "Revenue": 154584000.0,
        "Revenue Growth": 27.5157719977864,
        "Cost of Revenue": 36833000.0,
        "Gross Profit": 117751000.0,
        "R&D Expenses": 166707000.0,
        "SG&A Expense": 122682000.0,
        "Operating Expenses": 289389000.0,
        "Operating Income": -171638000.0,
        "Interest Expense": 5781000.0,
        "Earnings before Tax": -48628000.0,
        "Income Tax Expense": 2060000.0,
        "Net Income - Non-Controlling int": 0.0,
        "Net Income - Discontinued ops": 0.0,
        "Net Income": -50688000.0,
        "Preferred Dividends": 0.0,
        "Net Income Com": -50688000.0,
        "EPS": -0.86,
        "EPS Diluted": -0.86,
        "Weighted Average Shs Out": 58818000.0,
        "Weighted Average Shs Out (Dil)": 58818000.0,
        "Dividend per Share": 0.0,
        "Gross Margin": 0.761728251307,
        "EBITDA Margin": -1.05223050251,
        "EBIT Margin": -1.11032189619,
        "Profit Margin": -0.327899394504,
        "Free Cash Flow margin": -1.57840397454,
        "EBITDA": -162658000.0,
        "EBIT": -171638000.0,
        "Consolidated Income": -50688000.0,
        "Earnings Before Tax Margin": -0.314573306422,
        "Net Profit Margin": -0.327899394504
    },
    "2016": {
        "Revenue": 5421000.0,
        "Revenue Growth": 3.32641660015962,
        "Cost of Revenue": 130000.0,
        "Gross Profit": 5291000.0,
        "R&D Expenses": 188272000.0,
        "SG&A Expense": 83749000.0,
        "Operating Expenses": 272021000.0,
        "Operating Income": -266730000.0,
        "Interest Expense": 0.0,
        "Earnings before Tax": 0.0,
        "Income Tax Expense": 0.0,
        "Net Income - Non-Controlling int": 0.0,
        "Net Income - Discontinued ops": 0.0,
        "Net Income": -267265000.0,
        "Preferred Dividends": 0.0,
        "Net Income Com": -267265000.0,
        "EPS": -5.49,
        "EPS Diluted": -5.49,
        "Weighted Average Shs Out": 48697000.0,
        "Weighted Average Shs Out (Dil)": 48697000.0,
        "Dividend per Share": 0.0,
        "Gross Margin": 0.976019184652,
        "EBITDA Margin": -48.1532927504,
        "EBIT Margin": -49.2030990592,
        "Profit Margin": -49.3017893378,
        "Free Cash Flow margin": -46.3311197196,
        "EBITDA": -261039000.0,
        "EBIT": -266730000.0,
        "Consolidated Income": -267265000.0,
        "Earnings Before Tax Margin": 0.0,
        "Net Profit Margin": -49.3017893378
    },
    "2015": {
        "Revenue": 1253000.0,
        "Revenue Growth": -0.871579378907451,
        "Cost of Revenue": 0.0,
        "Gross Profit": 0.0,
        "R&D Expenses": 146394000.0,
        "SG&A Expense": 75043000.0,
        "Operating Expenses": 221437000.0,
        "Operating Income": -220184000.0,
        "Interest Expense": 0.0,
        "Earnings before Tax": 0.0,
        "Income Tax Expense": 0.0,
        "Net Income - Non-Controlling int": 0.0,
        "Net Income - Discontinued ops": 0.0,
        "Net Income": -220030000.0,
        "Preferred Dividends": 0.0,
        "Net Income Com": -220030000.0,
        "EPS": -5.2,
        "EPS Diluted": -5.2,
        "Weighted Average Shs Out": 42290000.0,
        "Weighted Average Shs Out (Dil)": 42290000.0,
        "Dividend per Share": 0.0,
        "Gross Margin": 0.0,
        "EBITDA Margin": -171.017557861,
        "EBIT Margin": -175.725458899,
        "Profit Margin": -175.602553871,
        "Free Cash Flow margin": -122.0,
        "EBITDA": -214285000.0,
        "EBIT": -220184000.0,
        "Consolidated Income": -220030000.0,
        "Earnings Before Tax Margin": 0.0,
        "Net Profit Margin": -175.602553871
    },
    "2014": {
        "Revenue": 9757000.0,
        "Revenue Growth": -0.313805471552149,
        "Cost of Revenue": 0.0,
        "Gross Profit": 0.0,
        "R&D Expenses": 94231000.0,
        "SG&A Expense": 49315000.0,
        "Operating Expenses": 143546000.0,
        "Operating Income": -133789000.0,
        "Interest Expense": 0.0,
        "Earnings before Tax": 0.0,
        "Income Tax Expense": 0.0,
        "Net Income - Non-Controlling int": 0.0,
        "Net Income - Discontinued ops": 0.0,
        "Net Income": -135789000.0,
        "Preferred Dividends": 0.0,
        "Net Income Com": -135789000.0,
        "EPS": -3.39,
        "EPS Diluted": -3.39,
        "Weighted Average Shs Out": 40026000.0,
        "Weighted Average Shs Out (Dil)": 40026000.0,
        "Dividend per Share": 0.0,
        "Gross Margin": 0.0,
        "EBITDA Margin": -13.0846571692,
        "EBIT Margin": -13.7121041304,
        "Profit Margin": -13.9170851696,
        "Free Cash Flow margin": -15.7817976837,
        "EBITDA": -127667000.0,
        "EBIT": -133789000.0,
        "Consolidated Income": -135789000.0,
        "Earnings Before Tax Margin": 0.0,
        "Net Profit Margin": -13.9170851696
    },
    "2013": {
        "Revenue": 14219000.0,
        "Revenue Growth": -0.61908971577058,
        "Cost of Revenue": 0.0,
        "Gross Profit": 0.0,
        "R&D Expenses": 72909000.0,
        "SG&A Expense": 31594000.0,
        "Operating Expenses": 104503000.0,
        "Operating Income": -90284000.0,
        "Interest Expense": 0.0,
        "Earnings before Tax": 0.0,
        "Income Tax Expense": 0.0,
        "Net Income - Non-Controlling int": 0.0,
        "Net Income - Discontinued ops": 0.0,
        "Net Income": -111985000.0,
        "Preferred Dividends": 0.0,
        "Net Income Com": -111985000.0,
        "EPS": -3.31,
        "EPS Diluted": -3.31,
        "Weighted Average Shs Out": 33850000.0,
        "Weighted Average Shs Out (Dil)": 33850000.0,
        "Dividend per Share": 0.0,
        "Gross Margin": 0.0,
        "EBITDA Margin": -6.25972290597,
        "EBIT Margin": -6.34953231592,
        "Profit Margin": -7.8757296575,
        "Free Cash Flow margin": -4.71657641184,
        "EBITDA": -89007000.0,
        "EBIT": -90284000.0,
        "Consolidated Income": -111985000.0,
        "Earnings Before Tax Margin": 0.0,
        "Net Profit Margin": -7.8757296575
    },
    "2012": {
        "Revenue": 37329000.0,
        "Revenue Growth": 0.0,
        "Cost of Revenue": 0.0,
        "Gross Profit": 0.0,
        "R&D Expenses": 52402000.0,
        "SG&A Expense": 14630000.0,
        "Operating Expenses": 67032000.0,
        "Operating Income": -29703000.0,
        "Interest Expense": 0.0,
        "Earnings before Tax": 0.0,
        "Income Tax Expense": 0.0,
        "Net Income - Non-Controlling int": 0.0,
        "Net Income - Discontinued ops": 0.0,
        "Net Income": -121287000.0,
        "Preferred Dividends": 0.0,
        "Net Income Com": -121287000.0,