{
    "2018": {
        "Revenue": 1078809000.0,
        "Revenue Growth": 0.104177477546634,
        "Cost of Revenue": 598290000.0,
        "Gross Profit": 480519000.0,
        "R&D Expenses": 10800000.0,
        "SG&A Expense": 269024000.0,
        "Operating Expenses": 312080000.0,
        "Operating Income": 172332000.0,
        "Interest Expense": 1064000.0,
        "Earnings before Tax": 172128000.0,
        "Income Tax Expense": 45495000.0,
        "Net Income - Non-Controlling int": 0.0,
        "Net Income - Discontinued ops": 0.0,
        "Net Income": 126633000.0,
        "Preferred Dividends": 0.0,
        "Net Income Com": 126633000.0,
        "EPS": 2.74,
        "EPS Diluted": 2.72,
        "Weighted Average Shs Out": 46213000.0,
        "Weighted Average Shs Out (Dil)": 46540000.0,
        "Dividend per Share": 0.857133648474,
        "Gross Margin": 0.445416195082,
        "EBITDA Margin": 0.196258095733,
        "EBIT Margin": 0.159742827507,
        "Profit Margin": 0.117382224286,
        "Free Cash Flow margin": 0.121217008757,
        "EBITDA": 211725000.0,
        "EBIT": 172332000.0,
        "Consolidated Income": 126633000.0,
        "Earnings Before Tax Margin": 0.159553730086,
        "Net Profit Margin": 0.117382224286
    },
    "2017": {
        "Revenue": 977025000.0,
        "Revenue Growth": 0.135203059044153,
        "Cost of Revenue": 530761000.0,
        "Gross Profit": 446264000.0,
        "R&D Expenses": 10600000.0,
        "SG&A Expense": 259641000.0,
        "Operating Expenses": 307097000.0,
        "Operating Income": 139167000.0,
        "Interest Expense": 1177000.0,
        "Earnings before Tax": 144418000.0,
        "Income Tax Expense": 51801000.0,
        "Net Income - Non-Controlling int": 0.0,
        "Net Income - Discontinued ops": 0.0,
        "Net Income": 92617000.0,
        "Preferred Dividends": 0.0,
        "Net Income Com": 92617000.0,
        "EPS": 1.95,
        "EPS Diluted": 1.94,
        "Weighted Average Shs Out": 47486000.0,
        "Weighted Average Shs Out (Dil)": 47774000.0,
        "Dividend per Share": 0.774082136727,
        "Gross Margin": 0.456758015404,
        "EBITDA Margin": 0.176956577365,
        "EBIT Margin": 0.14243954863,
        "Profit Margin": 0.0947949131291,
        "Free Cash Flow margin": 0.0624589954198,
        "EBITDA": 172891000.0,
        "EBIT": 139167000.0,
        "Consolidated Income": 92617000.0,
        "Earnings Before Tax Margin": 0.147814027277,
        "Net Profit Margin": 0.0947949131291
    },
    "2016": {
        "Revenue": 860661000.0,
        "Revenue Growth": 0.0838753795372888,
        "Cost of Revenue": 448211000.0,
        "Gross Profit": 412450000.0,
        "R&D Expenses": 9900000.0,
        "SG&A Expense": 227505000.0,
        "Operating Expenses": 272973000.0,
        "Operating Income": 139477000.0,
        "Interest Expense": 1147000.0,
        "Earnings before Tax": 138900000.0,
        "Income Tax Expense": 49166000.0,
        "Net Income - Non-Controlling int": 0.0,
        "Net Income - Discontinued ops": 0.0,
        "Net Income": 89734000.0,
        "Preferred Dividends": 0.0,
        "Net Income Com": 89734000.0,
        "EPS": 1.87,
        "EPS Diluted": 1.86,
        "Weighted Average Shs Out": 48084000.0,
        "Weighted Average Shs Out (Dil)": 48295000.0,
        "Dividend per Share": 0.677316492391,
        "Gross Margin": 0.479224688931,
        "EBITDA Margin": 0.194506315495,
        "EBIT Margin": 0.162057999607,
        "Profit Margin": 0.104261724419,
        "Free Cash Flow margin": 0.0615166714885,
        "EBITDA": 167404000.0,
        "EBIT": 139477000.0,
        "Consolidated Income": 89734000.0,
        "Earnings Before Tax Margin": 0.161387584659,
        "Net Profit Margin": 0.104261724419
    },
    "2015": {
        "Revenue": 794059000.0,
        "Revenue Growth": 0.0557217462520674,
        "Cost of Revenue": 435140000.0,
        "Gross Profit": 358919000.0,
        "R&D Expenses": 10300000.0,
        "SG&A Expense": 204091000.0,
        "Operating Expenses": 249898000.0,
        "Operating Income": 109021000.0,
        "Interest Expense": 997000.0,
        "Earnings before Tax": 108679000.0,
        "Income Tax Expense": 40791000.0,
        "Net Income - Non-Controlling int": 0.0,
        "Net Income - Discontinued ops": 0.0,
        "Net Income": 67888000.0,
        "Preferred Dividends": 0.0,
        "Net Income Com": 67888000.0,
        "EPS": 1.39,
        "EPS Diluted": 1.38,
        "Weighted Average Shs Out": 48952000.0,
        "Weighted Average Shs Out (Dil)": 49181000.0,
        "Dividend per Share": 0.596815843517,
        "Gross Margin": 0.452005455514,
        "EBITDA Margin": 0.171072930349,
        "EBIT Margin": 0.137295843256,
        "Profit Margin": 0.0854949065498,
        "Free Cash Flow margin": 0.100774627578,
        "EBITDA": 135842000.0,
        "EBIT": 109021000.0,
        "Consolidated Income": 67888000.0,
        "Earnings Before Tax Margin": 0.136865144781,
        "Net Profit Margin": 0.0854949065498
    },
    "2014": {
        "Revenue": 752148000.0,
        "Revenue Growth": 0.0648692040111619,
        "Cost of Revenue": 410118000.0,
        "Gross Profit": 342030000.0,
        "R&D Expenses": 11200000.0,
        "SG&A Expense": 203531000.0,
        "Operating Expenses": 242754000.0,
        "Operating Income": 99276000.0,
        "Interest Expense": 855000.0,
        "Earnings before Tax": 99322000.0,
        "Income Tax Expense": 35791000.0,
        "Net Income - Non-Controlling int": 0.0,
        "Net Income - Discontinued ops": 0.0,
        "Net Income": 63531000.0,
        "Preferred Dividends": 0.0,
        "Net Income Com": 63531000.0,
        "EPS": 1.3,
        "EPS Diluted": 1.29,
        "Weighted Average Shs Out": 48977000.0,
        "Weighted Average Shs Out (Dil)": 49194000.0,
        "Dividend per Share": 0.526852868236,
        "Gross Margin": 0.454737631424,
        "EBITDA Margin": 0.169107675617,
        "EBIT Margin": 0.131989980695,
        "Profit Margin": 0.0844660891208,
        "Free Cash Flow margin": 0.0578423395396,
        "EBITDA": 127194000.0,
        "EBIT": 99276000.0,
        "Consolidated Income": 63531000.0,
        "Earnings Before Tax Margin": 0.132051138872,
        "Net Profit Margin": 0.0844660891208
    },
    "2013": {
        "Revenue": 706329000.0,
        "Revenue Growth": 0.0746961517628371,
        "Cost of Revenue": 391791000.0,
        "Gross Profit": 314538000.0,
        "R&D Expenses": 10700000.0,
        "SG&A Expense": 194179000.0,
        "Operating Expenses": 233060000.0,
        "Operating Income": 81478000.0,
        "Interest Expense": 901000.0,
        "Earnings before Tax": 81564000.0,
        "Income Tax Expense": 30593000.0,
        "Net Income - Non-Controlling int": 0.0,
        "Net Income - Discontinued ops": 0.0,
        "Net Income": 50971000.0,
        "Preferred Dividends": 0.0,
        "Net Income Com": 50971000.0,
        "EPS": 1.05,
        "EPS Diluted": 1.05,
        "Weighted Average Shs Out": 48521000.0,
        "Weighted Average Shs Out (Dil)": 48673000.0,
        "Dividend per Share": 0.372485772399,
        "Gross Margin": 0.445313727739,
        "EBITDA Margin": 0.154313358223,
        "EBIT Margin": 0.115354176312,
        "Profit Margin": 0.0721632553668,
        "Free Cash Flow margin": 0.126997475681,
        "EBITDA": 108996000.0,
        "EBIT": 81478000.0,
        "Consolidated Income": 50971000.0,
        "Earnings Before Tax Margin": 0.115475932604,
        "Net Profit Margin": 0.0721632553668
    },
    "2012": {
        "Revenue": 657236000.0,
        "Revenue Growth": 0.0891380504635046,
        "Cost of Revenue": 373759000.0,
        "Gross Profit": 283477000.0,
        "R&D Expenses": 11500000.0,
        "SG&A Expense": 183337000.0,
        "Operating Expenses": 221768000.0,
        "Operating Income": 61709000.0,
        "Interest Expense": 793000.0,