{
    "2018": {
        "Revenue": 1208425000.0,
        "Revenue Growth": 0.397291272082272,
        "Cost of Revenue": 1013224000.0,
        "Gross Profit": 195201000.0,
        "R&D Expenses": 0.0,
        "SG&A Expense": 394029000.0,
        "Operating Expenses": 423375000.0,
        "Operating Income": 129959000.0,
        "Interest Expense": 36184000.0,
        "Earnings before Tax": 74175000.0,
        "Income Tax Expense": 18098000.0,
        "Net Income - Non-Controlling int": 0.0,
        "Net Income - Discontinued ops": 0.0,
        "Net Income": 20381000.0,
        "Preferred Dividends": 0.0,
        "Net Income Com": 20381000.0,
        "EPS": 0.25,
        "EPS Diluted": 0.24,
        "Weighted Average Shs Out": 81369000.0,
        "Weighted Average Shs Out (Dil)": 81927000.0,
        "Dividend per Share": 0.200117177487,
        "Gross Margin": 0.161533400914,
        "EBITDA Margin": 0.160494859011,
        "EBIT Margin": 0.107544117343,
        "Profit Margin": 0.0168657550117,
        "Free Cash Flow margin": 0.0725390487618,
        "EBITDA": 193946000.0,
        "EBIT": 129959000.0,
        "Consolidated Income": 20381000.0,
        "Earnings Before Tax Margin": 0.0613815503651,
        "Net Profit Margin": 0.0168657550117
    },
    "2017": {
        "Revenue": 864834000.0,
        "Revenue Growth": -0.0829364814266945,
        "Cost of Revenue": 774493000.0,
        "Gross Profit": 90341000.0,
        "R&D Expenses": 0.0,
        "SG&A Expense": 367735000.0,
        "Operating Expenses": 390029000.0,
        "Operating Income": -1903000.0,
        "Interest Expense": 26697000.0,
        "Earnings before Tax": -32076000.0,
        "Income Tax Expense": -20054000.0,
        "Net Income - Non-Controlling int": 0.0,
        "Net Income - Discontinued ops": 0.0,
        "Net Income": -13106000.0,
        "Preferred Dividends": 0.0,
        "Net Income Com": -13106000.0,
        "EPS": -0.16,
        "EPS Diluted": -0.16,
        "Weighted Average Shs Out": 82052000.0,
        "Weighted Average Shs Out (Dil)": 82052000.0,
        "Dividend per Share": 0.0,
        "Gross Margin": 0.104460509184,
        "EBITDA Margin": 0.0629484964745,
        "EBIT Margin": -0.00220042227757,
        "Profit Margin": -0.015154353321,
        "Free Cash Flow margin": 0.0265021957971,
        "EBITDA": 54440000.0,
        "EBIT": -1903000.0,
        "Consolidated Income": -13106000.0,
        "Earnings Before Tax Margin": -0.0370891986208,
        "Net Profit Margin": -0.015154353321
    },
    "2016": {
        "Revenue": 943047000.0,
        "Revenue Growth": 0.317737851705289,
        "Cost of Revenue": 757273000.0,
        "Gross Profit": 185774000.0,
        "R&D Expenses": 0.0,
        "SG&A Expense": 373552000.0,
        "Operating Expenses": 397342000.0,
        "Operating Income": 126650000.0,
        "Interest Expense": 18039000.0,
        "Earnings before Tax": 105965000.0,
        "Income Tax Expense": 38730000.0,
        "Net Income - Non-Controlling int": 0.0,
        "Net Income - Discontinued ops": 0.0,
        "Net Income": 67235000.0,
        "Preferred Dividends": 0.0,
        "Net Income Com": 67235000.0,
        "EPS": 0.8,
        "EPS Diluted": 0.79,
        "Weighted Average Shs Out": 83339000.0,
        "Weighted Average Shs Out (Dil)": 83639000.0,
        "Dividend per Share": 0.0,
        "Gross Margin": 0.196993363003,
        "EBITDA Margin": 0.196417569856,
        "EBIT Margin": 0.134298714698,
        "Profit Margin": 0.0712954921653,
        "Free Cash Flow margin": 0.125704233193,
        "EBITDA": 185231000.0,
        "EBIT": 126650000.0,
        "Consolidated Income": 67235000.0,
        "Earnings Before Tax Margin": 0.112364495089,
        "Net Profit Margin": 0.0712954921653
    },
    "2015": {
        "Revenue": 715656000.0,
        "Revenue Growth": -0.176524736844528,
        "Cost of Revenue": 721480000.0,
        "Gross Profit": -17103000.0,
        "R&D Expenses": 0.0,
        "SG&A Expense": 340042000.0,
        "Operating Expenses": 357816000.0,
        "Operating Income": -82872000.0,
        "Interest Expense": 15099000.0,
        "Earnings before Tax": -99392000.0,
        "Income Tax Expense": -32755000.0,
        "Net Income - Non-Controlling int": 0.0,
        "Net Income - Discontinued ops": 0.0,
        "Net Income": -82477000.0,
        "Preferred Dividends": 0.0,
        "Net Income Com": -82477000.0,
        "EPS": -1.06,
        "EPS Diluted": -1.06,
        "Weighted Average Shs Out": 77373000.0,
        "Weighted Average Shs Out (Dil)": 77373000.0,
        "Dividend per Share": 0.769299367997,
        "Gross Margin": -0.0238983533988,
        "EBITDA Margin": -0.0432051153068,
        "EBIT Margin": -0.115798651866,
        "Profit Margin": -0.11524671071,
        "Free Cash Flow margin": -0.0198908414098,
        "EBITDA": -30920000.0,
        "EBIT": -82872000.0,
        "Consolidated Income": -82477000.0,
        "Earnings Before Tax Margin": -0.138882368065,
        "Net Profit Margin": -0.11524671071
    },
    "2014": {
        "Revenue": 869068000.0,
        "Revenue Growth": 0.0638987061604586,
        "Cost of Revenue": 793121000.0,
        "Gross Profit": 75947000.0,
        "R&D Expenses": 0.0,
        "SG&A Expense": 415595000.0,
        "Operating Expenses": 423997000.0,
        "Operating Income": 29137000.0,
        "Interest Expense": 8494000.0,
        "Earnings before Tax": 12254000.0,
        "Income Tax Expense": 2032000.0,
        "Net Income - Non-Controlling int": 0.0,
        "Net Income - Discontinued ops": 0.0,
        "Net Income": 10529000.0,
        "Preferred Dividends": 0.0,
        "Net Income Com": 10529000.0,
        "EPS": 0.18,
        "EPS Diluted": 0.18,
        "Weighted Average Shs Out": 56342000.0,
        "Weighted Average Shs Out (Dil)": 57239000.0,
        "Dividend per Share": 0.0,
        "Gross Margin": 0.0873890190411,
        "EBITDA Margin": 0.0899895059995,
        "EBIT Margin": 0.0335267205788,
        "Profit Margin": 0.0121152775157,
        "Free Cash Flow margin": 0.0955586904592,
        "EBITDA": 78207000.0,
        "EBIT": 29137000.0,
        "Consolidated Income": 10529000.0,
        "Earnings Before Tax Margin": 0.0141001624729,
        "Net Profit Margin": 0.0121152775157
    },
    "2013": {
        "Revenue": 816871000.0,
        "Revenue Growth": -0.0958395409637194,
        "Cost of Revenue": 755307000.0,
        "Gross Profit": 61564000.0,
        "R&D Expenses": 0.0,
        "SG&A Expense": 391207000.0,
        "Operating Expenses": 398130000.0,
        "Operating Income": 13636000.0,
        "Interest Expense": 10448000.0,
        "Earnings before Tax": -8572000.0,
        "Income Tax Expense": -7848000.0,
        "Net Income - Non-Controlling int": 0.0,
        "Net Income - Discontinued ops": 0.0,
        "Net Income": -474000.0,
        "Preferred Dividends": 0.0,
        "Net Income Com": -474000.0,
        "EPS": -0.01,
        "EPS Diluted": -0.01,
        "Weighted Average Shs Out": 56516000.0,
        "Weighted Average Shs Out (Dil)": 56516000.0,
        "Dividend per Share": 0.0,
        "Gross Margin": 0.0753656330069,
        "EBITDA Margin": 0.0751624185459,
        "EBIT Margin": 0.0166929662089,
        "Profit Margin": -0.0005802629791,
        "Free Cash Flow margin": 0.0158935743832,
        "EBITDA": 61398000.0,
        "EBIT": 13636000.0,
        "Consolidated Income": -474000.0,
        "Earnings Before Tax Margin": -0.0104937009638,
        "Net Profit Margin": -0.0005802629791
    },
    "2012": {
        "Revenue": 903458000.0,
        "Revenue Growth": 0.0,
        "Cost of Revenue": 779752000.0,
        "Gross Profit": 123706000.0,
        "R&D Expenses": 0.0,
        "SG&A Expense": 396241000.0,
        "Operating Expenses": 403315000.0,
        "Operating Income": 73900000.0,
        "Interest Expense": 12246000.0,
        "Earnings before Tax": 56907000.0,