{
    "2018": {
        "Revenue": 34753000.0,
        "Revenue Growth": 0.462483693136388,
        "Cost of Revenue": 15532000.0,
        "Gross Profit": 19221000.0,
        "R&D Expenses": 4987000.0,
        "SG&A Expense": 16802000.0,
        "Operating Expenses": 21789000.0,
        "Operating Income": -2568000.0,
        "Interest Expense": 0.0,
        "Earnings before Tax": -2738000.0,
        "Income Tax Expense": -13000.0,
        "Net Income - Non-Controlling int": 0.0,
        "Net Income - Discontinued ops": 0.0,
        "Net Income": -2725000.0,
        "Preferred Dividends": 0.0,
        "Net Income Com": -2725000.0,
        "EPS": -0.26,
        "EPS Diluted": -0.26,
        "Weighted Average Shs Out": 10569007.0,
        "Weighted Average Shs Out (Dil)": 10569007.0,
        "Dividend per Share": 0.0,
        "Gross Margin": 0.553074554715,
        "EBITDA Margin": 0.0388167927949,
        "EBIT Margin": -0.0738929013323,
        "Profit Margin": -0.0784104969355,
        "Free Cash Flow margin": -0.282853278854,
        "EBITDA": 1349000.0,
        "EBIT": -2568000.0,
        "Consolidated Income": -2725000.0,
        "Earnings Before Tax Margin": -0.0787845653613,
        "Net Profit Margin": -0.0784104969355
    },
    "2017": {
        "Revenue": 23763000.0,
        "Revenue Growth": 0.53240472044883,
        "Cost of Revenue": 12163000.0,
        "Gross Profit": 11600000.0,
        "R&D Expenses": 4159000.0,
        "SG&A Expense": 11774000.0,
        "Operating Expenses": 15933000.0,
        "Operating Income": -4333000.0,
        "Interest Expense": 0.0,
        "Earnings before Tax": -9820000.0,
        "Income Tax Expense": 160000.0,
        "Net Income - Non-Controlling int": 0.0,
        "Net Income - Discontinued ops": 0.0,
        "Net Income": -9980000.0,
        "Preferred Dividends": 0.0,
        "Net Income Com": -9980000.0,
        "EPS": -1.61,
        "EPS Diluted": -1.61,
        "Weighted Average Shs Out": 6197775.0,
        "Weighted Average Shs Out (Dil)": 6197775.0,
        "Dividend per Share": 0.0,
        "Gross Margin": 0.488153852628,
        "EBITDA Margin": -0.0454488069688,
        "EBIT Margin": -0.182342296848,
        "Profit Margin": -0.419980642175,
        "Free Cash Flow margin": -0.128056221858,
        "EBITDA": -1080000.0,
        "EBIT": -4333000.0,
        "Consolidated Income": -9980000.0,
        "Earnings Before Tax Margin": -0.413247485587,
        "Net Profit Margin": -0.419980642175
    },
    "2016": {
        "Revenue": 15507000.0,
        "Revenue Growth": 0.315155627173268,
        "Cost of Revenue": 9549000.0,
        "Gross Profit": 5958000.0,
        "R&D Expenses": 4093000.0,
        "SG&A Expense": 6837000.0,
        "Operating Expenses": 10930000.0,
        "Operating Income": -4972000.0,
        "Interest Expense": 1317000.0,
        "Earnings before Tax": -6860000.0,
        "Income Tax Expense": 0.0,
        "Net Income - Non-Controlling int": 0.0,
        "Net Income - Discontinued ops": 0.0,
        "Net Income": -6860000.0,
        "Preferred Dividends": 0.0,
        "Net Income Com": -6860000.0,
        "EPS": -4.28,
        "EPS Diluted": -4.28,
        "Weighted Average Shs Out": 9113000.0,
        "Weighted Average Shs Out (Dil)": 1602402.0,
        "Dividend per Share": 0.0,
        "Gross Margin": 0.3842,
        "EBITDA Margin": -0.193,
        "EBIT Margin": -0.3575,
        "Profit Margin": -0.442,
        "Free Cash Flow margin": -0.1431,
        "EBITDA": -2992000.0,
        "EBIT": -5543000.0,
        "Consolidated Income": -6860000.0,
        "Earnings Before Tax Margin": -0.4424,
        "Net Profit Margin": -0.4424
    },
    "2015": {
        "Revenue": 11791000.0,
        "Revenue Growth": NaN,
        "Cost of Revenue": 8304000.0,
        "Gross Profit": 3487000.0,
        "R&D Expenses": 3359000.0,
        "SG&A Expense": 5648000.0,
        "Operating Expenses": 9035000.0,
        "Operating Income": -5548000.0,
        "Interest Expense": 643000.0,
        "Earnings before Tax": -6191000.0,
        "Income Tax Expense": 0.0,
        "Net Income - Non-Controlling int": 0.0,
        "Net Income - Discontinued ops": 0.0,
        "Net Income": -6191000.0,
        "Preferred Dividends": 0.0,
        "Net Income Com": -6191000.0,
        "EPS": -3.99,
        "EPS Diluted": -3.99,
        "Weighted Average Shs Out": 9113000.0,
        "Weighted Average Shs Out (Dil)": 1552780.0,
        "Dividend per Share": 0.0,
        "Gross Margin": 0.2957,
        "EBITDA Margin": -0.279,
        "EBIT Margin": -0.4705,
        "Profit Margin": -0.525,
        "Free Cash Flow margin": -0.4799,
        "EBITDA": -3284000.0,
        "EBIT": -5548000.0,
        "Consolidated Income": -6191000.0,
        "Earnings Before Tax Margin": -0.5251,
        "Net Profit Margin": -0.5251
    }
}