{
    "2018": {
        "Revenue": 285670767.0043,
        "Revenue Growth": 0.948125977414038,
        "Cost of Revenue": 47811287.9884,
        "Gross Profit": 237859479.0159,
        "R&D Expenses": 11001736.6136,
        "SG&A Expense": 375762807.5253,
        "Operating Expenses": 386764544.1389,
        "Operating Income": -148905065.123,
        "Interest Expense": 314182.3444,
        "Earnings before Tax": -134156584.6599,
        "Income Tax Expense": 0.0,
        "Net Income - Non-Controlling int": 10419.6816,
        "Net Income - Discontinued ops": 0.0,
        "Net Income": -134156584.6599,
        "Preferred Dividends": 0.0,
        "Net Income Com": -134156584.6599,
        "EPS": -0.8525,
        "EPS Diluted": -0.8525,
        "Weighted Average Shs Out": 998397.5398,
        "Weighted Average Shs Out (Dil)": 910979.7395,
        "Dividend per Share": 0.0,
        "Gross Margin": 0.8326,
        "EBITDA Margin": -0.0658,
        "EBIT Margin": -0.4685,
        "Profit Margin": -0.068,
        "Free Cash Flow margin": -0.1708,
        "EBITDA": -130111866.8596,
        "EBIT": -133842402.3155,
        "Consolidated Income": -134146164.9783,
        "Earnings Before Tax Margin": -0.4696,
        "Net Profit Margin": -0.4696
    },
    "2017": {
        "Revenue": 146638754.5345,
        "Revenue Growth": 1.43108579466406,
        "Cost of Revenue": 25734733.9782,
        "Gross Profit": 120904020.5562,
        "R&D Expenses": 4967049.5768,
        "SG&A Expense": 256154322.8537,
        "Operating Expenses": 261121372.4305,
        "Operating Income": -140217351.8742,
        "Interest Expense": 0.0,
        "Earnings before Tax": -138841898.4281,
        "Income Tax Expense": 0.0,
        "Net Income - Non-Controlling int": -20556.2273,
        "Net Income - Discontinued ops": 0.0,
        "Net Income": -138841898.4281,
        "Preferred Dividends": 0.0,
        "Net Income Com": -138841898.4281,
        "EPS": -1.4075,
        "EPS Diluted": -1.4075,
        "Weighted Average Shs Out": 1042764.0568,
        "Weighted Average Shs Out (Dil)": 596412.3337,
        "Dividend per Share": 0.0,
        "Gross Margin": 0.8245,
        "EBITDA Margin": -0.1418,
        "EBIT Margin": -0.9468,
        "Profit Margin": -0.1431,
        "Free Cash Flow margin": 0.4343,
        "EBITDA": -137616233.3736,
        "EBIT": -138841898.4281,
        "Consolidated Income": -138862454.6554,
        "Earnings Before Tax Margin": -0.9468,
        "Net Profit Margin": -0.9468
    },
    "2016": {
        "Revenue": 60318214.5428,
        "Revenue Growth": 1.46226986099758,
        "Cost of Revenue": 10221166.3067,
        "Gross Profit": 50097048.2361,
        "R&D Expenses": 2006047.5162,
        "SG&A Expense": 85389920.8063,
        "Operating Expenses": 87395968.3225,
        "Operating Income": -37298920.0864,
        "Interest Expense": 0.0,
        "Earnings before Tax": -36510727.1418,
        "Income Tax Expense": 0.0,
        "Net Income - Non-Controlling int": 0.0,
        "Net Income - Discontinued ops": 0.0,
        "Net Income": -36510727.1418,
        "Preferred Dividends": 0.0,
        "Net Income Com": -36510727.1418,
        "EPS": -0.3824,
        "EPS Diluted": -0.3824,
        "Weighted Average Shs Out": NaN,
        "Weighted Average Shs Out (Dil)": 549837.005,
        "Dividend per Share": 0.0,
        "Gross Margin": 0.8305,
        "EBITDA Margin": -0.0852,
        "EBIT Margin": -0.6053,
        "Profit Margin": -0.0871,
        "Free Cash Flow margin": 0.1752,
        "EBITDA": -35723110.1512,
        "EBIT": -36510727.1418,
        "Consolidated Income": -36510727.1418,
        "Earnings Before Tax Margin": -0.6053,
        "Net Profit Margin": -0.6053
    },
    "2015": {
        "Revenue": 24496995.8404,
        "Revenue Growth": NaN,
        "Cost of Revenue": 9507471.8841,
        "Gross Profit": 14989523.9562,
        "R&D Expenses": 799414.574,
        "SG&A Expense": 63052688.3377,
        "Operating Expenses": 63852102.9117,
        "Operating Income": -48862578.9555,
        "Interest Expense": 0.0,
        "Earnings before Tax": -49037436.4505,
        "Income Tax Expense": 0.0,
        "Net Income - Non-Controlling int": 0.0,
        "Net Income - Discontinued ops": 0.0,
        "Net Income": -49037436.4505,
        "Preferred Dividends": 0.0,
        "Net Income Com": -49037436.4505,
        "EPS": -0.5136,
        "EPS Diluted": -0.5136,
        "Weighted Average Shs Out": NaN,
        "Weighted Average Shs Out (Dil)": 588294.2536,
        "Dividend per Share": 0.0,
        "Gross Margin": 0.6119,
        "EBITDA Margin": -0.3047,
        "EBIT Margin": -2.0018,
        "Profit Margin": -0.3084,
        "Free Cash Flow margin": -0.0328,
        "EBITDA": -48459405.3305,
        "EBIT": -49037436.4505,
        "Consolidated Income": -49037436.4505,
        "Earnings Before Tax Margin": -2.0018,
        "Net Profit Margin": -2.0018
    }
}