{
    "2018": {
        "Revenue": 87600000.0,
        "Revenue Growth": 0.0903659447348768,
        "Cost of Revenue": 82009000.0,
        "Gross Profit": 5591000.0,
        "R&D Expenses": 0.0,
        "SG&A Expense": 11274000.0,
        "Operating Expenses": 3418000.0,
        "Operating Income": 2173000.0,
        "Interest Expense": 0.0,
        "Earnings before Tax": -5441000.0,
        "Income Tax Expense": -305000.0,
        "Net Income - Non-Controlling int": 0.0,
        "Net Income - Discontinued ops": 0.0,
        "Net Income": -3982000.0,
        "Preferred Dividends": 0.0,
        "Net Income Com": -3982000.0,
        "EPS": -0.49,
        "EPS Diluted": -0.49,
        "Weighted Average Shs Out": 8153000.0,
        "Weighted Average Shs Out (Dil)": 8153000.0,
        "Dividend per Share": 0.00392493560653,
        "Gross Margin": 0.0638242009132,
        "EBITDA Margin": 0.143869863014,
        "EBIT Margin": 0.0248059360731,
        "Profit Margin": -0.0454566210046,
        "Free Cash Flow margin": -0.364029680365,
        "EBITDA": 12603000.0,
        "EBIT": 2173000.0,
        "Consolidated Income": -3982000.0,
        "Earnings Before Tax Margin": -0.0621118721461,
        "Net Profit Margin": -0.0454566210046
    },
    "2017": {
        "Revenue": 80340000.0,
        "Revenue Growth": -1.24469448973749e-05,
        "Cost of Revenue": 49944000.0,
        "Gross Profit": 30396000.0,
        "R&D Expenses": 0.0,
        "SG&A Expense": 11401000.0,
        "Operating Expenses": 7159000.0,
        "Operating Income": 23237000.0,
        "Interest Expense": 0.0,
        "Earnings before Tax": 17837000.0,
        "Income Tax Expense": 13904000.0,
        "Net Income - Non-Controlling int": 0.0,
        "Net Income - Discontinued ops": 0.0,
        "Net Income": 3879000.0,
        "Preferred Dividends": 0.0,
        "Net Income Com": 3879000.0,
        "EPS": 0.48,
        "EPS Diluted": 0.47,
        "Weighted Average Shs Out": 8122000.0,
        "Weighted Average Shs Out (Dil)": 8171000.0,
        "Dividend per Share": 0.995349406437,
        "Gross Margin": 0.378342046303,
        "EBITDA Margin": 0.406559621608,
        "EBIT Margin": 0.289233258651,
        "Profit Margin": 0.048282300224,
        "Free Cash Flow margin": 0.127620114513,
        "EBITDA": 32663000.0,
        "EBIT": 23237000.0,
        "Consolidated Income": 3879000.0,
        "Earnings Before Tax Margin": 0.222018919592,
        "Net Profit Margin": 0.048282300224
    },
    "2016": {
        "Revenue": 80341000.0,
        "Revenue Growth": -0.006553647166475,
        "Cost of Revenue": 67000000.0,
        "Gross Profit": 13341000.0,
        "R&D Expenses": 0.0,
        "SG&A Expense": 12164000.0,
        "Operating Expenses": 12164000.0,
        "Operating Income": 1177000.0,
        "Interest Expense": 9408000.0,
        "Earnings before Tax": -8829000.0,
        "Income Tax Expense": -2779000.0,
        "Net Income - Non-Controlling int": 0.0,
        "Net Income - Discontinued ops": 0.0,
        "Net Income": -5999000.0,
        "Preferred Dividends": 0.0,
        "Net Income Com": -5999000.0,
        "EPS": -0.74,
        "EPS Diluted": -0.74,
        "Weighted Average Shs Out": 8089000.0,
        "Weighted Average Shs Out (Dil)": 8089000.0,
        "Dividend per Share": 0.0,
        "Gross Margin": 0.166054691876,
        "EBITDA Margin": 0.136169577177,
        "EBIT Margin": 0.0146500541442,
        "Profit Margin": -0.0746692224394,
        "Free Cash Flow margin": -0.0463026350182,
        "EBITDA": 10940000.0,
        "EBIT": 1177000.0,
        "Consolidated Income": -5999000.0,
        "Earnings Before Tax Margin": -0.109894076499,
        "Net Profit Margin": -0.0746692224394
    },
    "2015": {
        "Revenue": 80871000.0,
        "Revenue Growth": -0.140684935873596,
        "Cost of Revenue": 47082000.0,
        "Gross Profit": 33789000.0,
        "R&D Expenses": 0.0,
        "SG&A Expense": 8057000.0,
        "Operating Expenses": 8057000.0,
        "Operating Income": 25732000.0,
        "Interest Expense": 4065000.0,
        "Earnings before Tax": 21252000.0,
        "Income Tax Expense": 5576000.0,
        "Net Income - Non-Controlling int": 0.0,
        "Net Income - Discontinued ops": 0.0,
        "Net Income": 12177000.0,
        "Preferred Dividends": 0.0,
        "Net Income Com": 12177000.0,
        "EPS": 1.51,
        "EPS Diluted": 1.51,
        "Weighted Average Shs Out": 8058000.0,
        "Weighted Average Shs Out (Dil)": 8091000.0,
        "Dividend per Share": 0.0,
        "Gross Margin": 0.417813554921,
        "EBITDA Margin": 0.426296200121,
        "EBIT Margin": 0.318185752618,
        "Profit Margin": 0.150573134993,
        "Free Cash Flow margin": -0.0221340159019,
        "EBITDA": 34475000.0,
        "EBIT": 25732000.0,
        "Consolidated Income": 12177000.0,
        "Earnings Before Tax Margin": 0.262788886004,
        "Net Profit Margin": 0.150573134993
    },
    "2014": {
        "Revenue": 94111000.0,
        "Revenue Growth": -0.263088246809177,
        "Cost of Revenue": 75860000.0,
        "Gross Profit": 18251000.0,
        "R&D Expenses": 0.0,
        "SG&A Expense": 7887000.0,
        "Operating Expenses": 7887000.0,
        "Operating Income": 10364000.0,
        "Interest Expense": 3751000.0,
        "Earnings before Tax": 6351000.0,
        "Income Tax Expense": -10694000.0,
        "Net Income - Non-Controlling int": 0.0,
        "Net Income - Discontinued ops": 0.0,
        "Net Income": 13403000.0,
        "Preferred Dividends": 0.0,
        "Net Income Com": 13403000.0,
        "EPS": 1.67,
        "EPS Diluted": 1.66,
        "Weighted Average Shs Out": 8037000.0,
        "Weighted Average Shs Out (Dil)": 8078000.0,
        "Dividend per Share": 0.0,
        "Gross Margin": 0.193930571347,
        "EBITDA Margin": 0.20551263933,
        "EBIT Margin": 0.110125277598,
        "Profit Margin": 0.142416933196,
        "Free Cash Flow margin": -0.229112431065,
        "EBITDA": 19341000.0,
        "EBIT": 10364000.0,
        "Consolidated Income": 13403000.0,
        "Earnings Before Tax Margin": 0.0674841410675,
        "Net Profit Margin": 0.142416933196
    },
    "2013": {
        "Revenue": 127710000.0,
        "Revenue Growth": 0.103450063506053,
        "Cost of Revenue": 106472000.0,
        "Gross Profit": 21238000.0,
        "R&D Expenses": 0.0,
        "SG&A Expense": 7087000.0,
        "Operating Expenses": 7087000.0,
        "Operating Income": 14151000.0,
        "Interest Expense": 7093000.0,
        "Earnings before Tax": 6899000.0,
        "Income Tax Expense": 929000.0,
        "Net Income - Non-Controlling int": 0.0,
        "Net Income - Discontinued ops": 0.0,
        "Net Income": 2585000.0,
        "Preferred Dividends": 0.0,
        "Net Income Com": 2585000.0,
        "EPS": 0.32,
        "EPS Diluted": 0.32,
        "Weighted Average Shs Out": 8077000.0,
        "Weighted Average Shs Out (Dil)": 8111000.0,
        "Dividend per Share": 0.0,
        "Gross Margin": 0.166298645368,
        "EBITDA Margin": 0.181692897972,
        "EBIT Margin": 0.110805731736,
        "Profit Margin": 0.020241171404,
        "Free Cash Flow margin": 0.438031477566,
        "EBITDA": 23204000.0,
        "EBIT": 14151000.0,
        "Consolidated Income": 2585000.0,
        "Earnings Before Tax Margin": 0.0540208284394,
        "Net Profit Margin": 0.020241171404
    },
    "2012": {
        "Revenue": 115737000.0,
        "Revenue Growth": -0.155426311334248,
        "Cost of Revenue": 106424000.0,
        "Gross Profit": 9313000.0,
        "R&D Expenses": 0.0,
        "SG&A Expense": 6532000.0,
        "Operating Expenses": 6532000.0,
        "Operating Income": 2781000.0,
        "Interest Expense": 11839000.0,
        "Earnings before Tax": -8453000.0,
        "Income Tax Expense": 636000.0,
        "Net Income - Non-Controlling int": 0.0,
        "Net Income - Discontinued ops": 0.0,