{
    "2018": {
        "Revenue": 1386815000.0,
        "Revenue Growth": 0.0180214569118343,
        "Cost of Revenue": 0.0,
        "Gross Profit": 0.0,
        "R&D Expenses": 43000000.0,
        "SG&A Expense": 262751000.0,
        "Operating Expenses": 305751000.0,
        "Operating Income": 203378000.0,
        "Interest Expense": 21853000.0,
        "Earnings before Tax": 181525000.0,
        "Income Tax Expense": 24165000.0,
        "Net Income - Non-Controlling int": 0.0,
        "Net Income - Discontinued ops": 0.0,
        "Net Income": 157360000.0,
        "Preferred Dividends": 0.0,
        "Net Income Com": 157360000.0,
        "EPS": 3.71,
        "EPS Diluted": 3.7,
        "Weighted Average Shs Out": 42404000.0,
        "Weighted Average Shs Out (Dil)": 42499000.0,
        "Dividend per Share": 1.35085531424,
        "Gross Margin": 0.0,
        "EBITDA Margin": 0.185044147922,
        "EBIT Margin": 0.146651139481,
        "Profit Margin": 0.11346863136,
        "Free Cash Flow margin": 0.023636894611,
        "EBITDA": 256622000.0,
        "EBIT": 203378000.0,
        "Consolidated Income": 157360000.0,
        "Earnings Before Tax Margin": 0.1308934501,
        "Net Profit Margin": 0.11346863136
    },
    "2017": {
        "Revenue": 1362265000.0,
        "Revenue Growth": -0.0151423138930459,
        "Cost of Revenue": 886775000.0,
        "Gross Profit": 475490000.0,
        "R&D Expenses": 40900000.0,
        "SG&A Expense": 307684000.0,
        "Operating Expenses": 348584000.0,
        "Operating Income": 167806000.0,
        "Interest Expense": 19383000.0,
        "Earnings before Tax": 148423000.0,
        "Income Tax Expense": 58823000.0,
        "Net Income - Non-Controlling int": 0.0,
        "Net Income - Discontinued ops": 0.0,
        "Net Income": 89600000.0,
        "Preferred Dividends": 0.0,
        "Net Income Com": 89600000.0,
        "EPS": 2.05,
        "EPS Diluted": 2.03,
        "Weighted Average Shs Out": 43780000.0,
        "Weighted Average Shs Out (Dil)": 44031000.0,
        "Dividend per Share": 1.22727169494,
        "Gross Margin": 0.349043688269,
        "EBITDA Margin": 0.158797297148,
        "EBIT Margin": 0.123181612975,
        "Profit Margin": 0.0657728121915,
        "Free Cash Flow margin": 0.0911437936084,
        "EBITDA": 216324000.0,
        "EBIT": 167806000.0,
        "Consolidated Income": 89600000.0,
        "Earnings Before Tax Margin": 0.108953103838,
        "Net Profit Margin": 0.0657728121915
    },
    "2016": {
        "Revenue": 1383210000.0,
        "Revenue Growth": 0.00526612614864924,
        "Cost of Revenue": 907783000.0,
        "Gross Profit": 475427000.0,
        "R&D Expenses": 40900000.0,
        "SG&A Expense": 289818000.0,
        "Operating Expenses": 330718000.0,
        "Operating Income": 185609000.0,
        "Interest Expense": 18324000.0,
        "Earnings before Tax": 167285000.0,
        "Income Tax Expense": 44372000.0,
        "Net Income - Non-Controlling int": 0.0,
        "Net Income - Discontinued ops": 0.0,
        "Net Income": 126256000.0,
        "Preferred Dividends": 0.0,
        "Net Income Com": 126256000.0,
        "EPS": 2.84,
        "EPS Diluted": 2.82,
        "Weighted Average Shs Out": 44523000.0,
        "Weighted Average Shs Out (Dil)": 44843000.0,
        "Dividend per Share": 1.10686171755,
        "Gross Margin": 0.34371281295,
        "EBITDA Margin": 0.168179813622,
        "EBIT Margin": 0.134187144396,
        "Profit Margin": 0.0912775355875,
        "Free Cash Flow margin": 0.102126213662,
        "EBITDA": 232628000.0,
        "EBIT": 185609000.0,
        "Consolidated Income": 126256000.0,
        "Earnings Before Tax Margin": 0.120939698238,
        "Net Profit Margin": 0.0912775355875
    },
    "2015": {
        "Revenue": 1375964000.0,
        "Revenue Growth": -0.0496311353406257,
        "Cost of Revenue": 921531000.0,
        "Gross Profit": 454433000.0,
        "R&D Expenses": 35100000.0,
        "SG&A Expense": 288092000.0,
        "Operating Expenses": 323192000.0,
        "Operating Income": 166341000.0,
        "Interest Expense": 16945000.0,
        "Earnings before Tax": 149396000.0,
        "Income Tax Expense": 42149000.0,
        "Net Income - Non-Controlling int": 0.0,
        "Net Income - Discontinued ops": 0.0,
        "Net Income": 106785000.0,
        "Preferred Dividends": 0.0,
        "Net Income Com": 106785000.0,
        "EPS": 2.33,
        "EPS Diluted": 2.31,
        "Weighted Average Shs Out": 45910000.0,
        "Weighted Average Shs Out (Dil)": 46204000.0,
        "Dividend per Share": 1.04125183967,
        "Gross Margin": 0.330265181356,
        "EBITDA Margin": 0.155730818539,
        "EBIT Margin": 0.120890517484,
        "Profit Margin": 0.0776074083334,
        "Free Cash Flow margin": 0.0349616705088,
        "EBITDA": 214280000.0,
        "EBIT": 166341000.0,
        "Consolidated Income": 106785000.0,
        "Earnings Before Tax Margin": 0.108575515057,
        "Net Profit Margin": 0.0776074083334
    },
    "2014": {
        "Revenue": 1447821000.0,
        "Revenue Growth": -0.0134434942591394,
        "Cost of Revenue": 959311000.0,
        "Gross Profit": 488510000.0,
        "R&D Expenses": 35900000.0,
        "SG&A Expense": 357845000.0,
        "Operating Expenses": 393745000.0,
        "Operating Income": 130665000.0,
        "Interest Expense": 16067000.0,
        "Earnings before Tax": 114598000.0,
        "Income Tax Expense": 32827000.0,
        "Net Income - Non-Controlling int": 0.0,
        "Net Income - Discontinued ops": 0.0,
        "Net Income": 73646000.0,
        "Preferred Dividends": 0.0,
        "Net Income Com": 73646000.0,
        "EPS": 1.52,
        "EPS Diluted": 1.51,
        "Weighted Average Shs Out": 48525000.0,
        "Weighted Average Shs Out (Dil)": 48819000.0,
        "Dividend per Share": 0.981031975256,
        "Gross Margin": 0.337410494806,
        "EBITDA Margin": 0.125789721243,
        "EBIT Margin": 0.0902494161916,
        "Profit Margin": 0.0508667853277,
        "Free Cash Flow margin": 0.0758311973649,
        "EBITDA": 182121000.0,
        "EBIT": 130665000.0,
        "Consolidated Income": 73646000.0,
        "Earnings Before Tax Margin": 0.0791520498736,
        "Net Profit Margin": 0.0508667853277
    },
    "2013": {
        "Revenue": 1467550000.0,
        "Revenue Growth": 0.0,
        "Cost of Revenue": 991648000.0,
        "Gross Profit": 475902000.0,
        "R&D Expenses": 34500000.0,
        "SG&A Expense": 303540000.0,
        "Operating Expenses": 338040000.0,
        "Operating Income": 172362000.0,
        "Interest Expense": 16147000.0,
        "Earnings before Tax": 156215000.0,
        "Income Tax Expense": 42920000.0,
        "Net Income - Non-Controlling int": 0.0,
        "Net Income - Discontinued ops": 0.0,
        "Net Income": 113295000.0,
        "Preferred Dividends": 0.0,
        "Net Income Com": 113295000.0,
        "EPS": 2.28,
        "EPS Diluted": 2.27,
        "Weighted Average Shs Out": 49755000.0,
        "Weighted Average Shs Out (Dil)": 49934000.0,
        "Dividend per Share": 0.911463131333,
        "Gross Margin": 0.324283329358,
        "EBITDA Margin": 0.152892916766,
        "EBIT Margin": 0.11744880924,
        "Profit Margin": 0.0772000953971,
        "Free Cash Flow margin": 0.0335981738271,
        "EBITDA": 224378000.0,
        "EBIT": 172362000.0,
        "Consolidated Income": 113295000.0,
        "Earnings Before Tax Margin": 0.106446117679,
        "Net Profit Margin": 0.0772000953971
    },
    "2012": {
        "Revenue": 1459050000.0,
        "Revenue Growth": 0.01975203891,
        "Cost of Revenue": 995907000.0,
        "Gross Profit": 463143000.0,
        "R&D Expenses": 34700000.0,
        "SG&A Expense": 271935000.0,
        "Operating Expenses": 306635000.0,
        "Operating Income": 191208000.0,
        "Interest Expense": 16901000.0,