{
    "2018": {
        "Revenue": 6231437000.0,
        "Revenue Growth": 0.0297184559503589,
        "Cost of Revenue": 4786953000.0,
        "Gross Profit": 1444484000.0,
        "R&D Expenses": 0.0,
        "SG&A Expense": 272766000.0,
        "Operating Expenses": 1417768000.0,
        "Operating Income": 26716000.0,
        "Interest Expense": -1574000.0,
        "Earnings before Tax": -122127000.0,
        "Income Tax Expense": -1574000.0,
        "Net Income - Non-Controlling int": 0.0,
        "Net Income - Discontinued ops": 0.0,
        "Net Income": -120553000.0,
        "Preferred Dividends": 0.0,
        "Net Income Com": -120553000.0,
        "EPS": -3.02,
        "EPS Diluted": -3.02,
        "Weighted Average Shs Out": 0.0,
        "Weighted Average Shs Out (Dil)": 0.0,
        "Dividend per Share": 0.0,
        "Gross Margin": 0.231805922133,
        "EBITDA Margin": 0.0176355790807,
        "EBIT Margin": 0.00428729360499,
        "Profit Margin": -0.0193459389865,
        "Free Cash Flow margin": -0.0101381110007,
        "EBITDA": 109895000.0,
        "EBIT": 26716000.0,
        "Consolidated Income": -120553000.0,
        "Earnings Before Tax Margin": -0.0195985291996,
        "Net Profit Margin": -0.0193459389865
    },
    "2017": {
        "Revenue": 6051593000.0,
        "Revenue Growth": 0.0980127571826059,
        "Cost of Revenue": 4556562000.0,
        "Gross Profit": 1495031000.0,
        "R&D Expenses": 0.0,
        "SG&A Expense": 309326000.0,
        "Operating Expenses": 1540955000.0,
        "Operating Income": -45924000.0,
        "Interest Expense": -84439000.0,
        "Earnings before Tax": -75177000.0,
        "Income Tax Expense": -84439000.0,
        "Net Income - Non-Controlling int": 0.0,
        "Net Income - Discontinued ops": 0.0,
        "Net Income": 9262000.0,
        "Preferred Dividends": 0.0,
        "Net Income Com": 9262000.0,
        "EPS": 0.23,
        "EPS Diluted": 0.23,
        "Weighted Average Shs Out": 0.0,
        "Weighted Average Shs Out (Dil)": 0.0,
        "Dividend per Share": 0.0,
        "Gross Margin": 0.247047512944,
        "EBITDA Margin": 0.0136314520821,
        "EBIT Margin": -0.00758874564102,
        "Profit Margin": 0.0015305060998,
        "Free Cash Flow margin": -0.0181319199755,
        "EBITDA": 82492000.0,
        "EBIT": -45924000.0,
        "Consolidated Income": 9262000.0,
        "Earnings Before Tax Margin": -0.0124226794499,
        "Net Profit Margin": 0.0015305060998
    },
    "2016": {
        "Revenue": 5511405000.0,
        "Revenue Growth": -0.0579814184208786,
        "Cost of Revenue": 4036199000.0,
        "Gross Profit": 1475206000.0,
        "R&D Expenses": 0.0,
        "SG&A Expense": 278104000.0,
        "Operating Expenses": 1453146000.0,
        "Operating Income": 22060000.0,
        "Interest Expense": -1733000.0,
        "Earnings before Tax": -3751000.0,
        "Income Tax Expense": -1733000.0,
        "Net Income - Non-Controlling int": 0.0,
        "Net Income - Discontinued ops": 0.0,
        "Net Income": -2018000.0,
        "Preferred Dividends": 0.0,
        "Net Income Com": -2018000.0,
        "EPS": -0.05,
        "EPS Diluted": -0.05,
        "Weighted Average Shs Out": 0.0,
        "Weighted Average Shs Out (Dil)": 0.0,
        "Dividend per Share": 0.0,
        "Gross Margin": 0.267664234437,
        "EBITDA Margin": 0.0207658482728,
        "EBIT Margin": 0.00400260913506,
        "Profit Margin": -0.000366149829308,
        "Free Cash Flow margin": -0.0397757014772,
        "EBITDA": 114449000.0,
        "EBIT": 22060000.0,
        "Consolidated Income": -2018000.0,
        "Earnings Before Tax Margin": -0.00068058870651,
        "Net Profit Margin": -0.000366149829308
    },
    "2015": {
        "Revenue": 5850633000.0,
        "Revenue Growth": -0.247858460477567,
        "Cost of Revenue": 4460949000.0,
        "Gross Profit": 1389684000.0,
        "R&D Expenses": 0.0,
        "SG&A Expense": 243534000.0,
        "Operating Expenses": 1311387000.0,
        "Operating Income": 78297000.0,
        "Interest Expense": 16539000.0,
        "Earnings before Tax": 44258000.0,
        "Income Tax Expense": 16539000.0,
        "Net Income - Non-Controlling int": 0.0,
        "Net Income - Discontinued ops": 0.0,
        "Net Income": 27719000.0,
        "Preferred Dividends": 0.0,
        "Net Income Com": 27719000.0,
        "EPS": 0.72,
        "EPS Diluted": 0.72,
        "Weighted Average Shs Out": 0.0,
        "Weighted Average Shs Out (Dil)": 0.0,
        "Dividend per Share": 0.0,
        "Gross Margin": 0.23752711886,
        "EBITDA Margin": 0.0257544781907,
        "EBIT Margin": 0.0133826544923,
        "Profit Margin": 0.00473777794642,
        "Free Cash Flow margin": -0.0270994608618,
        "EBITDA": 150680000.0,
        "EBIT": 78297000.0,
        "Consolidated Income": 27719000.0,
        "Earnings Before Tax Margin": 0.00756465155138,
        "Net Profit Margin": 0.00473777794642
    },
    "2014": {
        "Revenue": 7778633000.0,
        "Revenue Growth": -0.0209066864567221,
        "Cost of Revenue": 0.0,
        "Gross Profit": 0.0,
        "R&D Expenses": 0.0,
        "SG&A Expense": 213646000.0,
        "Operating Expenses": 1205173000.0,
        "Operating Income": 113640000.0,
        "Interest Expense": 38023000.0,
        "Earnings before Tax": 98992000.0,
        "Income Tax Expense": 38023000.0,
        "Net Income - Non-Controlling int": 0.0,
        "Net Income - Discontinued ops": 0.0,
        "Net Income": 60969000.0,
        "Preferred Dividends": 0.0,
        "Net Income Com": 60969000.0,
        "EPS": 1.62,
        "EPS Diluted": 1.62,
        "Weighted Average Shs Out": 0.0,
        "Weighted Average Shs Out (Dil)": 0.0,
        "Dividend per Share": 0.0,
        "Gross Margin": 0.0,
        "EBITDA Margin": 0.023040552241,
        "EBIT Margin": 0.0146092507514,
        "Profit Margin": 0.00783800958343,
        "Free Cash Flow margin": 0.0170248422827,
        "EBITDA": 179224000.0,
        "EBIT": 113640000.0,
        "Consolidated Income": 60969000.0,
        "Earnings Before Tax Margin": 0.0127261435268,
        "Net Profit Margin": 0.00783800958343
    },
    "2013": {
        "Revenue": 7944731000.0,
        "Revenue Growth": -0.00637753379181172,
        "Cost of Revenue": 7547846000.0,
        "Gross Profit": 396885000.0,
        "R&D Expenses": 0.0,
        "SG&A Expense": 107447000.0,
        "Operating Expenses": 375695000.0,
        "Operating Income": 21190000.0,
        "Interest Expense": 16336000.0,
        "Earnings before Tax": 5005000.0,
        "Income Tax Expense": -26618000.0,
        "Net Income - Non-Controlling int": 0.0,
        "Net Income - Discontinued ops": 0.0,
        "Net Income": 31623000.0,
        "Preferred Dividends": 0.0,
        "Net Income Com": 31623000.0,
        "EPS": 5.3,
        "EPS Diluted": 5.3,
        "Weighted Average Shs Out": 5913956.0,
        "Weighted Average Shs Out (Dil)": 5913956.0,
        "Dividend per Share": 0.0,
        "Gross Margin": 0.05,
        "EBITDA Margin": 0.01,
        "EBIT Margin": 0.0027,
        "Profit Margin": 0.004,
        "Free Cash Flow margin": -0.0117,
        "EBITDA": 80269000.0,
        "EBIT": 21341000.0,
        "Consolidated Income": 31623000.0,
        "Earnings Before Tax Margin": 0.0006,
        "Net Profit Margin": 0.004
    },
    "2012": {
        "Revenue": 7995724000.0,
        "Revenue Growth": 0.0135465758854546,
        "Cost of Revenue": 7608246000.0,
        "Gross Profit": 387478000.0,
        "R&D Expenses": 0.0,
        "SG&A Expense": 95547000.0,
        "Operating Expenses": 346008000.0,
        "Operating Income": 41470000.0,
        "Interest Expense": 8873000.0,
        "Earnings before Tax": 33689000.0,
        "Income Tax Expense": 1491000.0,
        "Net Income - Non-Controlling int": 0.0,
        "Net Income - Discontinued ops": 0.0,