{
    "2018": {
        "Revenue": 70789000.0,
        "Revenue Growth": 0.249827857130246,
        "Cost of Revenue": 29493000.0,
        "Gross Profit": 41296000.0,
        "R&D Expenses": 489000.0,
        "SG&A Expense": 14719000.0,
        "Operating Expenses": 15783000.0,
        "Operating Income": 25513000.0,
        "Interest Expense": 10048000.0,
        "Earnings before Tax": 4458000.0,
        "Income Tax Expense": 2820000.0,
        "Net Income - Non-Controlling int": 0.0,
        "Net Income - Discontinued ops": 0.0,
        "Net Income": -5216000.0,
        "Preferred Dividends": 0.0,
        "Net Income Com": -5216000.0,
        "EPS": -0.1,
        "EPS Diluted": -0.1,
        "Weighted Average Shs Out": 50505000.0,
        "Weighted Average Shs Out (Dil)": 50505000.0,
        "Dividend per Share": 0.0,
        "Gross Margin": 0.583367472347,
        "EBITDA Margin": 0.559606718558,
        "EBIT Margin": 0.360409103109,
        "Profit Margin": -0.0736837644267,
        "Free Cash Flow margin": 0.405359589767,
        "EBITDA": 39614000.0,
        "EBIT": 25513000.0,
        "Consolidated Income": -5216000.0,
        "Earnings Before Tax Margin": 0.062975886084,
        "Net Profit Margin": -0.0736837644267
    },
    "2017": {
        "Revenue": 56639000.0,
        "Revenue Growth": -0.174298418252059,
        "Cost of Revenue": 29742000.0,
        "Gross Profit": 26897000.0,
        "R&D Expenses": 4723000.0,
        "SG&A Expense": 12817000.0,
        "Operating Expenses": 18664000.0,
        "Operating Income": 8233000.0,
        "Interest Expense": 8838000.0,
        "Earnings before Tax": -18446000.0,
        "Income Tax Expense": 2073000.0,
        "Net Income - Non-Controlling int": 0.0,
        "Net Income - Discontinued ops": 0.0,
        "Net Income": -23875000.0,
        "Preferred Dividends": 0.0,
        "Net Income Com": -23875000.0,
        "EPS": -0.5,
        "EPS Diluted": -0.5,
        "Weighted Average Shs Out": 48196000.0,
        "Weighted Average Shs Out (Dil)": 48196000.0,
        "Dividend per Share": 0.0,
        "Gross Margin": 0.474884796695,
        "EBITDA Margin": 0.445629336676,
        "EBIT Margin": 0.145359204788,
        "Profit Margin": -0.421529334911,
        "Free Cash Flow margin": 0.315683539611,
        "EBITDA": 25240000.0,
        "EBIT": 8233000.0,
        "Consolidated Income": -23875000.0,
        "Earnings Before Tax Margin": -0.325676653896,
        "Net Profit Margin": -0.421529334911
    },
    "2016": {
        "Revenue": 68595000.0,
        "Revenue Growth": -0.193607166368852,
        "Cost of Revenue": 45811000.0,
        "Gross Profit": 22784000.0,
        "R&D Expenses": 104000.0,
        "SG&A Expense": 16320000.0,
        "Operating Expenses": 22760000.0,
        "Operating Income": 24000.0,
        "Interest Expense": 11841000.0,
        "Earnings before Tax": -16399000.0,
        "Income Tax Expense": 6071000.0,
        "Net Income - Non-Controlling int": 0.0,
        "Net Income - Discontinued ops": 0.0,
        "Net Income": -6243000.0,
        "Preferred Dividends": 0.0,
        "Net Income Com": -6243000.0,
        "EPS": -0.51,
        "EPS Diluted": -0.51,
        "Weighted Average Shs Out": 43885000.0,
        "Weighted Average Shs Out (Dil)": 43885000.0,
        "Dividend per Share": 0.0,
        "Gross Margin": 0.332152489248,
        "EBITDA Margin": 0.440994241563,
        "EBIT Margin": 0.000349879728843,
        "Profit Margin": -0.0910124644653,
        "Free Cash Flow margin": 0.314498141264,
        "EBITDA": 30250000.0,
        "EBIT": 24000.0,
        "Consolidated Income": -6243000.0,
        "Earnings Before Tax Margin": -0.239069903054,
        "Net Profit Margin": -0.0910124644653
    },
    "2015": {
        "Revenue": 85064000.0,
        "Revenue Growth": -0.395543175487465,
        "Cost of Revenue": 52662000.0,
        "Gross Profit": 32402000.0,
        "R&D Expenses": 370000.0,
        "SG&A Expense": 24138000.0,
        "Operating Expenses": 46420000.0,
        "Operating Income": -14018000.0,
        "Interest Expense": 13077000.0,
        "Earnings before Tax": -4436000.0,
        "Income Tax Expense": 3587000.0,
        "Net Income - Non-Controlling int": 0.0,
        "Net Income - Discontinued ops": 0.0,
        "Net Income": -107538000.0,
        "Preferred Dividends": 0.0,
        "Net Income Com": -107538000.0,
        "EPS": -0.65,
        "EPS Diluted": -0.65,
        "Weighted Average Shs Out": 40841000.0,
        "Weighted Average Shs Out (Dil)": 40841000.0,
        "Dividend per Share": 0.0,
        "Gross Margin": 0.380913194771,
        "EBITDA Margin": 0.298199003104,
        "EBIT Margin": -0.164793567196,
        "Profit Margin": -1.26420107213,
        "Free Cash Flow margin": 0.846727170131,
        "EBITDA": 25366000.0,
        "EBIT": -14018000.0,
        "Consolidated Income": -107538000.0,
        "Earnings Before Tax Margin": -0.0521489701872,
        "Net Profit Margin": -1.26420107213
    },
    "2014": {
        "Revenue": 140728000.0,
        "Revenue Growth": 0.0756800966161419,
        "Cost of Revenue": 68765000.0,
        "Gross Profit": 71963000.0,
        "R&D Expenses": 4285000.0,
        "SG&A Expense": 31625000.0,
        "Operating Expenses": 56187000.0,
        "Operating Income": 15776000.0,
        "Interest Expense": 6213000.0,
        "Earnings before Tax": 42143000.0,
        "Income Tax Expense": 1784000.0,
        "Net Income - Non-Controlling int": 0.0,
        "Net Income - Discontinued ops": 0.0,
        "Net Income": 29076000.0,
        "Preferred Dividends": 0.0,
        "Net Income Com": 29076000.0,
        "EPS": 0.77,
        "EPS Diluted": 0.77,
        "Weighted Average Shs Out": 37829000.0,
        "Weighted Average Shs Out (Dil)": 38031000.0,
        "Dividend per Share": 0.0,
        "Gross Margin": 0.511362344381,
        "EBITDA Margin": 0.467057017793,
        "EBIT Margin": 0.112102779831,
        "Profit Margin": 0.206611335342,
        "Free Cash Flow margin": 0.554630208629,
        "EBITDA": 65728000.0,
        "EBIT": 15776000.0,
        "Consolidated Income": 29076000.0,
        "Earnings Before Tax Margin": 0.299464214655,
        "Net Profit Margin": 0.206611335342
    },
    "2013": {
        "Revenue": 130827000.0,
        "Revenue Growth": -0.090898351724713,
        "Cost of Revenue": 57171000.0,
        "Gross Profit": 73656000.0,
        "R&D Expenses": 0.0,
        "SG&A Expense": 29020000.0,
        "Operating Expenses": 70870000.0,
        "Operating Income": 2786000.0,
        "Interest Expense": 3929000.0,
        "Earnings before Tax": -12164000.0,
        "Income Tax Expense": 128000.0,
        "Net Income - Non-Controlling int": 0.0,
        "Net Income - Discontinued ops": 0.0,
        "Net Income": -13713000.0,
        "Preferred Dividends": 0.0,
        "Net Income Com": -13713000.0,
        "EPS": -0.36,
        "EPS Diluted": -0.36,
        "Weighted Average Shs Out": 37069000.0,
        "Weighted Average Shs Out (Dil)": 37069000.0,
        "Dividend per Share": 0.0,
        "Gross Margin": 0.563003049829,
        "EBITDA Margin": 0.341045808587,
        "EBIT Margin": 0.0212952983711,
        "Profit Margin": -0.104817812837,
        "Free Cash Flow margin": 0.514801990415,
        "EBITDA": 44618000.0,
        "EBIT": 2786000.0,
        "Consolidated Income": -13713000.0,
        "Earnings Before Tax Margin": -0.0929777492414,
        "Net Profit Margin": -0.104817812837
    },
    "2012": {
        "Revenue": 143908000.0,
        "Revenue Growth": 0.139071379949026,
        "Cost of Revenue": 54423000.0,
        "Gross Profit": 89485000.0,
        "R&D Expenses": 0.0,
        "SG&A Expense": 33947000.0,
        "Operating Expenses": 78980000.0,
        "Operating Income": 10505000.0,
        "Interest Expense": 8340000.0,
        "Earnings before Tax": 118000.0,
        "Income Tax Expense": 4674000.0,