{
    "2018": {
        "Revenue": 13940000.0,
        "Revenue Growth": 0.0116844473474127,
        "Cost of Revenue": 0.0,
        "Gross Profit": 0.0,
        "R&D Expenses": 30056000.0,
        "SG&A Expense": 291768000.0,
        "Operating Expenses": 321824000.0,
        "Operating Income": 380788000.0,
        "Interest Expense": 249333000.0,
        "Earnings before Tax": 380788000.0,
        "Income Tax Expense": 79964000.0,
        "Net Income - Non-Controlling int": 0.0,
        "Net Income - Discontinued ops": 0.0,
        "Net Income": 300824000.0,
        "Preferred Dividends": 9750000.0,
        "Net Income Com": 300824000.0,
        "EPS": 5.83,
        "EPS Diluted": 5.79,
        "Weighted Average Shs Out": 49936702.0,
        "Weighted Average Shs Out (Dil)": 50272872.0,
        "Dividend per Share": 0.193941575488,
        "Gross Margin": 0.0,
        "EBITDA Margin": 29.6133428981,
        "EBIT Margin": 27.3162123386,
        "Profit Margin": 21.5799139168,
        "Free Cash Flow margin": -49.3088952654,
        "EBITDA": 412810000.0,
        "EBIT": 380788000.0,
        "Consolidated Income": 300824000.0,
        "Earnings Before Tax Margin": 27.3162123386,
        "Net Profit Margin": 21.5799139168
    },
    "2017": {
        "Revenue": 13779000.0,
        "Revenue Growth": 0.00283842794759825,
        "Cost of Revenue": 0.0,
        "Gross Profit": 0.0,
        "R&D Expenses": 31004000.0,
        "SG&A Expense": 264231000.0,
        "Operating Expenses": 295235000.0,
        "Operating Income": 325708000.0,
        "Interest Expense": 117971000.0,
        "Earnings before Tax": 325708000.0,
        "Income Tax Expense": 128645000.0,
        "Net Income - Non-Controlling int": 0.0,
        "Net Income - Discontinued ops": 0.0,
        "Net Income": 197063000.0,
        "Preferred Dividends": 9750000.0,
        "Net Income Com": 197063000.0,
        "EPS": 3.78,
        "EPS Diluted": 3.73,
        "Weighted Average Shs Out": 49587169.0,
        "Weighted Average Shs Out (Dil)": 50259834.0,
        "Dividend per Share": 0.193991886245,
        "Gross Margin": 0.0,
        "EBITDA Margin": 25.6607155817,
        "EBIT Margin": 23.6379998549,
        "Profit Margin": 14.301690979,
        "Free Cash Flow margin": 8.70135713767,
        "EBITDA": 353579000.0,
        "EBIT": 325708000.0,
        "Consolidated Income": 197063000.0,
        "Earnings Before Tax Margin": 23.6379998549,
        "Net Profit Margin": 14.301690979
    },
    "2016": {
        "Revenue": 13740000.0,
        "Revenue Growth": 0.00101996211569285,
        "Cost of Revenue": 0.0,
        "Gross Profit": 0.0,
        "R&D Expenses": 25562000.0,
        "SG&A Expense": 228985000.0,
        "Operating Expenses": 254547000.0,
        "Operating Income": 241197000.0,
        "Interest Expense": 63594000.0,
        "Earnings before Tax": 241197000.0,
        "Income Tax Expense": 86078000.0,
        "Net Income - Non-Controlling int": 0.0,
        "Net Income - Discontinued ops": 0.0,
        "Net Income": 155119000.0,
        "Preferred Dividends": 9750000.0,
        "Net Income Com": 155119000.0,
        "EPS": 3.14,
        "EPS Diluted": 3.11,
        "Weighted Average Shs Out": 46239210.0,
        "Weighted Average Shs Out (Dil)": 46765902.0,
        "Dividend per Share": 0.208485233536,
        "Gross Margin": 0.0,
        "EBITDA Margin": 19.1419941776,
        "EBIT Margin": 17.5543668122,
        "Profit Margin": 11.2895924309,
        "Free Cash Flow margin": -53.0181222707,
        "EBITDA": 263011000.0,
        "EBIT": 241197000.0,
        "Consolidated Income": 155119000.0,
        "Earnings Before Tax Margin": 17.5543668122,
        "Net Profit Margin": 11.2895924309
    },
    "2015": {
        "Revenue": 13726000.0,
        "Revenue Growth": -0.150250727419055,
        "Cost of Revenue": 0.0,
        "Gross Profit": 0.0,
        "R&D Expenses": 21425000.0,
        "SG&A Expense": 192610000.0,
        "Operating Expenses": 214035000.0,
        "Operating Income": 224495000.0,
        "Interest Expense": 46428000.0,
        "Earnings before Tax": 224495000.0,
        "Income Tax Expense": 79641000.0,
        "Net Income - Non-Controlling int": 0.0,
        "Net Income - Discontinued ops": 0.0,
        "Net Income": 144854000.0,
        "Preferred Dividends": 9750000.0,
        "Net Income Com": 144854000.0,
        "EPS": 2.95,
        "EPS Diluted": 2.91,
        "Weighted Average Shs Out": 45808440.0,
        "Weighted Average Shs Out (Dil)": 46437872.0,
        "Dividend per Share": 0.209957941225,
        "Gross Margin": 0.0,
        "EBITDA Margin": 17.5571907329,
        "EBIT Margin": 16.3554567973,
        "Profit Margin": 10.5532565933,
        "Free Cash Flow margin": 4.6560542037,
        "EBITDA": 240990000.0,
        "EBIT": 224495000.0,
        "Consolidated Income": 144854000.0,
        "Earnings Before Tax Margin": 16.3554567973,
        "Net Profit Margin": 10.5532565933
    },
    "2014": {
        "Revenue": 16153000.0,
        "Revenue Growth": 0.533998100664767,
        "Cost of Revenue": 0.0,
        "Gross Profit": 0.0,
        "R&D Expenses": 18667000.0,
        "SG&A Expense": 169051000.0,
        "Operating Expenses": 187718000.0,
        "Operating Income": 212362000.0,
        "Interest Expense": 37582000.0,
        "Earnings before Tax": 212362000.0,
        "Income Tax Expense": 76010000.0,
        "Net Income - Non-Controlling int": 0.0,
        "Net Income - Discontinued ops": 0.0,
        "Net Income": 136352000.0,
        "Preferred Dividends": 9750000.0,
        "Net Income Com": 136352000.0,
        "EPS": 2.93,
        "EPS Diluted": 2.88,
        "Weighted Average Shs Out": 43236344.0,
        "Weighted Average Shs Out (Dil)": 44003256.0,
        "Dividend per Share": 0.221574512577,
        "Gross Margin": 0.0,
        "EBITDA Margin": 14.0630223488,
        "EBIT Margin": 13.1469076952,
        "Profit Margin": 8.44128025754,
        "Free Cash Flow margin": 8.79062712809,
        "EBITDA": 227160000.0,
        "EBIT": 212362000.0,
        "Consolidated Income": 136352000.0,
        "Earnings Before Tax Margin": 13.1469076952,
        "Net Profit Margin": 8.44128025754
    },
    "2013": {
        "Revenue": 10530000.0,
        "Revenue Growth": 0.0,
        "Cost of Revenue": 0.0,
        "Gross Profit": 0.0,
        "R&D Expenses": 13762000.0,
        "SG&A Expense": 157752000.0,
        "Operating Expenses": 171514000.0,
        "Operating Income": 113652000.0,
        "Interest Expense": 25112000.0,
        "Earnings before Tax": 121046000.0,
        "Income Tax Expense": 66757000.0,
        "Net Income - Non-Controlling int": 0.0,
        "Net Income - Discontinued ops": 0.0,
        "Net Income": 113657000.0,
        "Preferred Dividends": 7394000.0,
        "Net Income Com": 113657000.0,
        "EPS": 2.78,
        "EPS Diluted": 2.72,
        "Weighted Average Shs Out": 40864225.0,
        "Weighted Average Shs Out (Dil)": 41779881.0,
        "Dividend per Share": 0.167544756769,
        "Gross Margin": 0.0,
        "EBITDA Margin": 11.8833808167,
        "EBIT Margin": 10.7931623932,
        "Profit Margin": 10.793637227,
        "Free Cash Flow margin": 17.5803418803,
        "EBITDA": 125132000.0,
        "EBIT": 113652000.0,
        "Consolidated Income": 113657000.0,
        "Earnings Before Tax Margin": 11.4953466287,
        "Net Profit Margin": 10.793637227
    },
    "2012": {
        "Revenue": 0.0,
        "Revenue Growth": -1.0,
        "Cost of Revenue": 0.0,
        "Gross Profit": 0.0,
        "R&D Expenses": 0.0,
        "SG&A Expense": 0.0,
        "Operating Expenses": 0.0,
        "Operating Income": 0.0,
        "Interest Expense": 0.0,
        "Earnings before Tax": 0.0,
        "Income Tax Expense": 0.0,
        "Net Income - Non-Controlling int": 0.0,
        "Net Income - Discontinued ops": 0.0,
        "Net Income": 0.0,
        "Preferred Dividends": 0.0,