{
    "2018": {
        "Revenue": 32435736.0,
        "Revenue Growth": 1.3942217560766,
        "Cost of Revenue": 23015506.0,
        "Gross Profit": 9420230.0,
        "R&D Expenses": 3092776.0,
        "SG&A Expense": 20970146.0,
        "Operating Expenses": 24062922.0,
        "Operating Income": -14642692.0,
        "Interest Expense": 0.0,
        "Earnings before Tax": -13118490.0,
        "Income Tax Expense": -143840.0,
        "Net Income - Non-Controlling int": 0.0,
        "Net Income - Discontinued ops": 0.0,
        "Net Income": -12974650.0,
        "Preferred Dividends": 0.0,
        "Net Income Com": -12974650.0,
        "EPS": -0.2,
        "EPS Diluted": -0.2,
        "Weighted Average Shs Out": 64548533.0,
        "Weighted Average Shs Out (Dil)": 64548533.0,
        "Dividend per Share": 0.0,
        "Gross Margin": 0.290427508721,
        "EBITDA Margin": -0.283235502965,
        "EBIT Margin": -0.451437019958,
        "Profit Margin": -0.400010963217,
        "Free Cash Flow margin": -0.363384169855,
        "EBITDA": -9186952.0,
        "EBIT": -14642692.0,
        "Consolidated Income": -12974650.0,
        "Earnings Before Tax Margin": -0.404445578173,
        "Net Profit Margin": -0.400010963217
    },
    "2017": {
        "Revenue": 13547507.0,
        "Revenue Growth": 0.0538041512900275,
        "Cost of Revenue": 9183010.0,
        "Gross Profit": 4364497.0,
        "R&D Expenses": 1479587.0,
        "SG&A Expense": 11672096.0,
        "Operating Expenses": 13151683.0,
        "Operating Income": -8787186.0,
        "Interest Expense": 0.0,
        "Earnings before Tax": -12355774.0,
        "Income Tax Expense": 107205.0,
        "Net Income - Non-Controlling int": 0.0,
        "Net Income - Discontinued ops": 0.0,
        "Net Income": -12462979.0,
        "Preferred Dividends": 0.0,
        "Net Income Com": -12462979.0,
        "EPS": -0.84,
        "EPS Diluted": -0.84,
        "Weighted Average Shs Out": 16338156.0,
        "Weighted Average Shs Out (Dil)": 16338156.0,
        "Dividend per Share": 0.0,
        "Gross Margin": 0.322162372752,
        "EBITDA Margin": -0.300908351625,
        "EBIT Margin": -0.648620148342,
        "Profit Margin": -0.919946304512,
        "Free Cash Flow margin": -0.246390941152,
        "EBITDA": -4076558.0,
        "EBIT": -8787186.0,
        "Consolidated Income": -12462979.0,
        "Earnings Before Tax Margin": -0.91203304047,
        "Net Profit Margin": -0.919946304512
    },
    "2016": {
        "Revenue": 12855811.0,
        "Revenue Growth": -0.585503039404261,
        "Cost of Revenue": 15165792.0,
        "Gross Profit": -2309981.0,
        "R&D Expenses": 3543590.0,
        "SG&A Expense": 13049110.0,
        "Operating Expenses": 16592700.0,
        "Operating Income": -18902681.0,
        "Interest Expense": 0.0,
        "Earnings before Tax": -31406418.0,
        "Income Tax Expense": 38286.0,
        "Net Income - Non-Controlling int": 0.0,
        "Net Income - Discontinued ops": 0.0,
        "Net Income": -31444704.0,
        "Preferred Dividends": 0.0,
        "Net Income Com": -31444704.0,
        "EPS": -4.67,
        "EPS Diluted": -4.67,
        "Weighted Average Shs Out": 6738971.0,
        "Weighted Average Shs Out (Dil)": 6738971.0,
        "Dividend per Share": 0.0,
        "Gross Margin": -0.179683802134,
        "EBITDA Margin": -1.04146062819,
        "EBIT Margin": -1.47036083527,
        "Profit Margin": -2.44595257351,
        "Free Cash Flow margin": -0.39445127188,
        "EBITDA": -13388821.0,
        "EBIT": -18902681.0,
        "Consolidated Income": -31444704.0,
        "Earnings Before Tax Margin": -2.44297446501,
        "Net Profit Margin": -2.44595257351
    },
    "2015": {
        "Revenue": 31015453.0,
        "Revenue Growth": 0.523618193292769,
        "Cost of Revenue": 15231683.0,
        "Gross Profit": 15783770.0,
        "R&D Expenses": 4543492.0,
        "SG&A Expense": 15538470.0,
        "Operating Expenses": 20081962.0,
        "Operating Income": -4298192.0,
        "Interest Expense": 0.0,
        "Earnings before Tax": -5023460.0,
        "Income Tax Expense": -17225.0,
        "Net Income - Non-Controlling int": 0.0,
        "Net Income - Discontinued ops": 0.0,
        "Net Income": -5006235.0,
        "Preferred Dividends": 0.0,
        "Net Income Com": -5006235.0,
        "EPS": -0.03,
        "EPS Diluted": -0.03,
        "Weighted Average Shs Out": 158202074.0,
        "Weighted Average Shs Out (Dil)": 158202074.0,
        "Dividend per Share": 0.0,
        "Gross Margin": 0.50890019243,
        "EBITDA Margin": 0.0915463011293,
        "EBIT Margin": -0.13858227381,
        "Profit Margin": -0.161410990837,
        "Free Cash Flow margin": 0.0409429131988,
        "EBITDA": 2839350.0,
        "EBIT": -4298192.0,
        "Consolidated Income": -5006235.0,
        "Earnings Before Tax Margin": -0.161966359157,
        "Net Profit Margin": -0.161410990837
    },
    "2014": {
        "Revenue": 20356447.0,
        "Revenue Growth": 0.0,
        "Cost of Revenue": 6688674.0,
        "Gross Profit": 13667773.0,
        "R&D Expenses": 7228663.0,
        "SG&A Expense": 14996277.0,
        "Operating Expenses": 30445159.0,
        "Operating Income": -16777386.0,
        "Interest Expense": 5176429.0,
        "Earnings before Tax": -21644986.0,
        "Income Tax Expense": 216931.0,
        "Net Income - Non-Controlling int": 0.0,
        "Net Income - Discontinued ops": 0.0,
        "Net Income": -21861917.0,
        "Preferred Dividends": 0.0,
        "Net Income Com": -21861917.0,
        "EPS": -3.75,
        "EPS Diluted": -3.75,
        "Weighted Average Shs Out": 6069974.0,
        "Weighted Average Shs Out (Dil)": 5908009.0,
        "Dividend per Share": 0.0,
        "Gross Margin": 0.6714,
        "EBITDA Margin": -0.405,
        "EBIT Margin": -0.809,
        "Profit Margin": -1.074,
        "Free Cash Flow margin": -0.489,
        "EBITDA": -8248338.0,
        "EBIT": -16468557.0,
        "Consolidated Income": -21861917.0,
        "Earnings Before Tax Margin": -1.0633,
        "Net Profit Margin": -1.074
    },
    "2013": {
        "Revenue": 0.0,
        "Revenue Growth": 0.0,
        "Cost of Revenue": 0.0,
        "Gross Profit": 0.0,
        "R&D Expenses": 0.0,
        "SG&A Expense": 0.0,
        "Operating Expenses": 0.0,
        "Operating Income": 0.0,
        "Interest Expense": 0.0,
        "Earnings before Tax": 0.0,
        "Income Tax Expense": 0.0,
        "Net Income - Non-Controlling int": 0.0,
        "Net Income - Discontinued ops": 0.0,
        "Net Income": 0.0,
        "Preferred Dividends": 0.0,
        "Net Income Com": 0.0,
        "EPS": 0.0,
        "EPS Diluted": 0.0,
        "Weighted Average Shs Out": 0.0,
        "Weighted Average Shs Out (Dil)": 0.0,
        "Dividend per Share": 0.0,
        "Gross Margin": 0.0,
        "EBITDA Margin": 0.0,
        "EBIT Margin": 0.0,
        "Profit Margin": 0.0,
        "Free Cash Flow margin": 0.0,
        "EBITDA": 0.0,
        "EBIT": 0.0,
        "Consolidated Income": 0.0,
        "Earnings Before Tax Margin": 0.0,
        "Net Profit Margin": 0.0
    },
    "2012": {
        "Revenue": 0.0,
        "Revenue Growth": -1.0,
        "Cost of Revenue": 0.0,
        "Gross Profit": 0.0,
        "R&D Expenses": 0.0,
        "SG&A Expense": 0.0,
        "Operating Expenses": 0.0,
        "Operating Income": 0.0,
        "Interest Expense": 0.0,
        "Earnings before Tax": 0.0,
        "Income Tax Expense": 0.0,
        "Net Income - Non-Controlling int": 0.0,
        "Net Income - Discontinued ops": 0.0,
        "Net Income": 0.0,
        "Preferred Dividends": 0.0,
        "Net Income Com": 0.0,
        "EPS": 0.0,
        "EPS Diluted": 0.0,
        "Weighted Average Shs Out": 0.0,
        "Weighted Average Shs Out (Dil)": 0.0,
        "Dividend per Share": 0.0,
        "Gross Margin": 0.0,
        "EBITDA Margin": 0.0,