{
    "2018": {
        "Revenue": 5125000000.0,
        "Revenue Growth": 0.174542787734336,
        "Cost of Revenue": 4158200000.0,
        "Gross Profit": 966800000.0,
        "R&D Expenses": 92700000.0,
        "SG&A Expense": 673500000.0,
        "Operating Expenses": 766200000.0,
        "Operating Income": 293300000.0,
        "Interest Expense": 73100000.0,
        "Earnings before Tax": 148700000.0,
        "Income Tax Expense": 37400000.0,
        "Net Income - Non-Controlling int": 0.0,
        "Net Income - Discontinued ops": 0.0,
        "Net Income": 113700000.0,
        "Preferred Dividends": 0.0,
        "Net Income Com": 113700000.0,
        "EPS": 1.51,
        "EPS Diluted": 1.48,
        "Weighted Average Shs Out": 75400000.0,
        "Weighted Average Shs Out (Dil)": 76900000.0,
        "Dividend per Share": 0.390117035111,
        "Gross Margin": 0.188643902439,
        "EBITDA Margin": 0.0688780487805,
        "EBIT Margin": 0.0572292682927,
        "Profit Margin": 0.0221853658537,
        "Free Cash Flow margin": -0.00187317073171,
        "EBITDA": 353000000.0,
        "EBIT": 293300000.0,
        "Consolidated Income": 113700000.0,
        "Earnings Before Tax Margin": 0.0290146341463,
        "Net Profit Margin": 0.0221853658537
    },
    "2017": {
        "Revenue": 4363400000.0,
        "Revenue Growth": -0.0179379262226824,
        "Cost of Revenue": 3547400000.0,
        "Gross Profit": 816000000.0,
        "R&D Expenses": 81000000.0,
        "SG&A Expense": 642400000.0,
        "Operating Expenses": 723400000.0,
        "Operating Income": 173600000.0,
        "Interest Expense": 67500000.0,
        "Earnings before Tax": 112000000.0,
        "Income Tax Expense": 52000000.0,
        "Net Income - Non-Controlling int": 0.0,
        "Net Income - Discontinued ops": 0.0,
        "Net Income": 128700000.0,
        "Preferred Dividends": 0.0,
        "Net Income Com": 128700000.0,
        "EPS": 1.39,
        "EPS Diluted": 1.36,
        "Weighted Average Shs Out": 92800000.0,
        "Weighted Average Shs Out (Dil)": 94900000.0,
        "Dividend per Share": 0.310853530032,
        "Gross Margin": 0.187010129715,
        "EBITDA Margin": 0.0550258972361,
        "EBIT Margin": 0.0397854883806,
        "Profit Margin": 0.0294953476647,
        "Free Cash Flow margin": 0.0250951093184,
        "EBITDA": 240100000.0,
        "EBIT": 173600000.0,
        "Consolidated Income": 128700000.0,
        "Earnings Before Tax Margin": 0.0256680570198,
        "Net Profit Margin": 0.0294953476647
    },
    "2016": {
        "Revenue": 4443100000.0,
        "Revenue Growth": -0.320948785743761,
        "Cost of Revenue": 3730700000.0,
        "Gross Profit": 712400000.0,
        "R&D Expenses": 86200000.0,
        "SG&A Expense": 684200000.0,
        "Operating Expenses": 770400000.0,
        "Operating Income": -147800000.0,
        "Interest Expense": 102000000.0,
        "Earnings before Tax": -270700000.0,
        "Income Tax Expense": -77400000.0,
        "Net Income - Non-Controlling int": 0.0,
        "Net Income - Discontinued ops": 0.0,
        "Net Income": -176100000.0,
        "Preferred Dividends": 0.0,
        "Net Income Com": -176100000.0,
        "EPS": -1.63,
        "EPS Diluted": -1.63,
        "Weighted Average Shs Out": 107900000.0,
        "Weighted Average Shs Out (Dil)": 107900000.0,
        "Dividend per Share": 0.278035217794,
        "Gross Margin": 0.160338502397,
        "EBITDA Margin": -0.0115009790462,
        "EBIT Margin": -0.0332650626815,
        "Profit Margin": -0.0396344894331,
        "Free Cash Flow margin": 0.0695235308681,
        "EBITDA": -51100000.0,
        "EBIT": -147800000.0,
        "Consolidated Income": -176100000.0,
        "Earnings Before Tax Margin": -0.0609259300939,
        "Net Profit Margin": -0.0396344894331
    },
    "2015": {
        "Revenue": 6543100000.0,
        "Revenue Growth": -0.104776368536989,
        "Cost of Revenue": 5234600000.0,
        "Gross Profit": 1308500000.0,
        "R&D Expenses": 119100000.0,
        "SG&A Expense": 918600000.0,
        "Operating Expenses": 1037700000.0,
        "Operating Income": 355200000.0,
        "Interest Expense": 104600000.0,
        "Earnings before Tax": 226600000.0,
        "Income Tax Expense": 81000000.0,
        "Net Income - Non-Controlling int": 0.0,
        "Net Income - Discontinued ops": 0.0,
        "Net Income": 145900000.0,
        "Preferred Dividends": 0.0,
        "Net Income Com": 145900000.0,
        "EPS": 1.36,
        "EPS Diluted": 1.33,
        "Weighted Average Shs Out": 107400000.0,
        "Weighted Average Shs Out (Dil)": 109600000.0,
        "Dividend per Share": 0.235401459854,
        "Gross Margin": 0.199981660069,
        "EBITDA Margin": 0.0738793538231,
        "EBIT Margin": 0.0542861946172,
        "Profit Margin": 0.0222982989714,
        "Free Cash Flow margin": 0.0166740535832,
        "EBITDA": 483400000.0,
        "EBIT": 355200000.0,
        "Consolidated Income": 145900000.0,
        "Earnings Before Tax Margin": 0.0346319023093,
        "Net Profit Margin": 0.0222982989714
    },
    "2014": {
        "Revenue": 7308900000.0,
        "Revenue Growth": 0.0317476002258611,
        "Cost of Revenue": 5855400000.0,
        "Gross Profit": 1453500000.0,
        "R&D Expenses": 86900000.0,
        "SG&A Expense": 1030400000.0,
        "Operating Expenses": 1117300000.0,
        "Operating Income": 423100000.0,
        "Interest Expense": 119100000.0,
        "Earnings before Tax": 297200000.0,
        "Income Tax Expense": 37700000.0,
        "Net Income - Non-Controlling int": 0.0,
        "Net Income - Discontinued ops": 0.0,
        "Net Income": 319000000.0,
        "Preferred Dividends": 0.0,
        "Net Income Com": 319000000.0,
        "EPS": 2.91,
        "EPS Diluted": 2.79,
        "Weighted Average Shs Out": 109700000.0,
        "Weighted Average Shs Out (Dil)": 114200000.0,
        "Dividend per Share": 0.190893169877,
        "Gross Margin": 0.198867134589,
        "EBITDA Margin": 0.0791911231512,
        "EBIT Margin": 0.057888327929,
        "Profit Margin": 0.0436454185992,
        "Free Cash Flow margin": 0.0452462066795,
        "EBITDA": 578800000.0,
        "EBIT": 423100000.0,
        "Consolidated Income": 319000000.0,
        "Earnings Before Tax Margin": 0.0406627536291,
        "Net Profit Margin": 0.0436454185992
    },
    "2013": {
        "Revenue": 7084000000.0,
        "Revenue Growth": -0.0359806216319199,
        "Cost of Revenue": 5644500000.0,
        "Gross Profit": 1439500000.0,
        "R&D Expenses": 85300000.0,
        "SG&A Expense": 1020400000.0,
        "Operating Expenses": 1105700000.0,
        "Operating Income": 419100000.0,
        "Interest Expense": 126100000.0,
        "Earnings before Tax": 291300000.0,
        "Income Tax Expense": 87400000.0,
        "Net Income - Non-Controlling int": 0.0,
        "Net Income - Discontinued ops": 0.0,
        "Net Income": 226000000.0,
        "Preferred Dividends": 0.0,
        "Net Income Com": 226000000.0,
        "EPS": 2.03,
        "EPS Diluted": 1.93,
        "Weighted Average Shs Out": 111100000.0,
        "Weighted Average Shs Out (Dil)": 117000000.0,
        "Dividend per Share": 0.0470085470085,
        "Gross Margin": 0.203204404291,
        "EBITDA Margin": 0.0806606437041,
        "EBIT Margin": 0.0591614906832,
        "Profit Margin": 0.031902879729,
        "Free Cash Flow margin": 0.0153867871259,
        "EBITDA": 571400000.0,
        "EBIT": 419100000.0,
        "Consolidated Income": 226000000.0,
        "Earnings Before Tax Margin": 0.0411208356861,
        "Net Profit Margin": 0.031902879729
    },
    "2012": {
        "Revenue": 7348400000.0,
        "Revenue Growth": 0.129723580235526,
        "Cost of Revenue": 5902800000.0,
        "Gross Profit": 1445600000.0,
        "R&D Expenses": 75600000.0,
        "SG&A Expense": 1047000000.0,