{
    "2018": {
        "Revenue": 8495423.0,
        "Revenue Growth": -0.342581030688755,
        "Cost of Revenue": 2578764.0,
        "Gross Profit": 5916659.0,
        "R&D Expenses": 0.0,
        "SG&A Expense": 11324469.0,
        "Operating Expenses": 12575144.0,
        "Operating Income": -6658485.0,
        "Interest Expense": 289819.0,
        "Earnings before Tax": -8111864.0,
        "Income Tax Expense": -479901.0,
        "Net Income - Non-Controlling int": 0.0,
        "Net Income - Discontinued ops": 0.0,
        "Net Income": -7631963.0,
        "Preferred Dividends": 0.0,
        "Net Income Com": -7631963.0,
        "EPS": -0.68,
        "EPS Diluted": -0.68,
        "Weighted Average Shs Out": 11218534.0,
        "Weighted Average Shs Out (Dil)": 11218534.0,
        "Dividend per Share": 0.0,
        "Gross Margin": 0.696452548625,
        "EBITDA Margin": -0.678390940628,
        "EBIT Margin": -0.783773215295,
        "Profit Margin": -0.898361741375,
        "Free Cash Flow margin": -2.77983956773,
        "EBITDA": -5763218.0,
        "EBIT": -6658485.0,
        "Consolidated Income": -7631963.0,
        "Earnings Before Tax Margin": -0.95485110041,
        "Net Profit Margin": -0.898361741375
    },
    "2017": {
        "Revenue": 12922388.0,
        "Revenue Growth": -0.324970045857511,
        "Cost of Revenue": 1247286.0,
        "Gross Profit": 11675102.0,
        "R&D Expenses": 0.0,
        "SG&A Expense": 12111075.0,
        "Operating Expenses": 13506784.0,
        "Operating Income": -1831682.0,
        "Interest Expense": 283636.0,
        "Earnings before Tax": -718719.0,
        "Income Tax Expense": 342856.0,
        "Net Income - Non-Controlling int": 0.0,
        "Net Income - Discontinued ops": 0.0,
        "Net Income": -1061575.0,
        "Preferred Dividends": 0.0,
        "Net Income Com": -1061575.0,
        "EPS": -0.1,
        "EPS Diluted": -0.1,
        "Weighted Average Shs Out": 11077845.0,
        "Weighted Average Shs Out (Dil)": 11077845.0,
        "Dividend per Share": 0.0,
        "Gross Margin": 0.903478675923,
        "EBITDA Margin": -0.0843040775436,
        "EBIT Margin": -0.14174485397,
        "Profit Margin": -0.0821500639046,
        "Free Cash Flow margin": -0.242172886312,
        "EBITDA": -1089410.0,
        "EBIT": -1831682.0,
        "Consolidated Income": -1061575.0,
        "Earnings Before Tax Margin": -0.0556181256901,
        "Net Profit Margin": -0.0821500639046
    },
    "2016": {
        "Revenue": 19143429.0,
        "Revenue Growth": 0.688737529597234,
        "Cost of Revenue": 1129031.0,
        "Gross Profit": 18014398.0,
        "R&D Expenses": 0.0,
        "SG&A Expense": 7299543.0,
        "Operating Expenses": 9571882.0,
        "Operating Income": 8442516.0,
        "Interest Expense": 135792.0,
        "Earnings before Tax": 8140143.0,
        "Income Tax Expense": 1769449.0,
        "Net Income - Non-Controlling int": 0.0,
        "Net Income - Discontinued ops": 0.0,
        "Net Income": 6370694.0,
        "Preferred Dividends": 0.0,
        "Net Income Com": 6370694.0,
        "EPS": 0.6,
        "EPS Diluted": 0.56,
        "Weighted Average Shs Out": 10641180.0,
        "Weighted Average Shs Out (Dil)": 11309190.0,
        "Dividend per Share": 0.0,
        "Gross Margin": 0.941022530499,
        "EBITDA Margin": 0.468370321743,
        "EBIT Margin": 0.44101378076,
        "Profit Margin": 0.332787506355,
        "Free Cash Flow margin": 0.167788174208,
        "EBITDA": 8966214.0,
        "EBIT": 8442516.0,
        "Consolidated Income": 6370694.0,
        "Earnings Before Tax Margin": 0.425218648132,
        "Net Profit Margin": 0.332787506355
    },
    "2015": {
        "Revenue": 11335941.0,
        "Revenue Growth": 1.40175263598809,
        "Cost of Revenue": 805684.0,
        "Gross Profit": 10530257.0,
        "R&D Expenses": 0.0,
        "SG&A Expense": 3253433.0,
        "Operating Expenses": 3837612.0,
        "Operating Income": 6692645.0,
        "Interest Expense": 0.0,
        "Earnings before Tax": 6718440.0,
        "Income Tax Expense": 1282331.0,
        "Net Income - Non-Controlling int": 0.0,
        "Net Income - Discontinued ops": 0.0,
        "Net Income": 5436109.0,
        "Preferred Dividends": 0.0,
        "Net Income Com": 5436109.0,
        "EPS": 0.57,
        "EPS Diluted": 0.56,
        "Weighted Average Shs Out": 9601034.0,
        "Weighted Average Shs Out (Dil)": 9656736.0,
        "Dividend per Share": 0.0,
        "Gross Margin": 0.92892658845,
        "EBITDA Margin": 0.620051480508,
        "EBIT Margin": 0.590391657825,
        "Profit Margin": 0.4795463385,
        "Free Cash Flow margin": 0.432919419746,
        "EBITDA": 7028867.0,
        "EBIT": 6692645.0,
        "Consolidated Income": 5436109.0,
        "Earnings Before Tax Margin": 0.59266716367,
        "Net Profit Margin": 0.4795463385
    },
    "2014": {
        "Revenue": 4719862.0,
        "Revenue Growth": 12.1528167915106,
        "Cost of Revenue": 434379.0,
        "Gross Profit": 4285483.0,
        "R&D Expenses": 0.0,
        "SG&A Expense": 2605985.0,
        "Operating Expenses": 2605985.0,
        "Operating Income": 1679498.0,
        "Interest Expense": 0.0,
        "Earnings before Tax": 1681583.0,
        "Income Tax Expense": 312046.0,
        "Net Income - Non-Controlling int": 0.0,
        "Net Income - Discontinued ops": 0.0,
        "Net Income": 1369537.0,
        "Preferred Dividends": 0.0,
        "Net Income Com": 1369537.0,
        "EPS": 0.01,
        "EPS Diluted": 0.01,
        "Weighted Average Shs Out": 214578213.0,
        "Weighted Average Shs Out (Dil)": 214578213.0,
        "Dividend per Share": 0.0,
        "Gross Margin": 0.907967860077,
        "EBITDA Margin": 0.401701787044,
        "EBIT Margin": 0.355836251145,
        "Profit Margin": 0.290164627695,
        "Free Cash Flow margin": 0.447949961249,
        "EBITDA": 1895977.0,
        "EBIT": 1679498.0,
        "Consolidated Income": 1369537.0,
        "Earnings Before Tax Margin": 0.356278001348,
        "Net Profit Margin": 0.290164627695
    },
    "2013": {
        "Revenue": 358848.0,
        "Revenue Growth": 0.0,
        "Cost of Revenue": 153161.0,
        "Gross Profit": 205687.0,
        "R&D Expenses": 0.0,
        "SG&A Expense": 205821.0,
        "Operating Expenses": 205811.0,
        "Operating Income": -124.0,
        "Interest Expense": 0.0,
        "Earnings before Tax": -124.0,
        "Income Tax Expense": 3545.0,
        "Net Income - Non-Controlling int": 0.0,
        "Net Income - Discontinued ops": 0.0,
        "Net Income": -3669.0,
        "Preferred Dividends": 0.0,
        "Net Income Com": -3669.0,
        "EPS": 0.0,
        "EPS Diluted": 0.0,
        "Weighted Average Shs Out": NaN,
        "Weighted Average Shs Out (Dil)": 8399040.0,
        "Dividend per Share": 0.0,
        "Gross Margin": 0.5732,
        "EBITDA Margin": 0.178,
        "EBIT Margin": -0.0003,
        "Profit Margin": -0.01,
        "Free Cash Flow margin": -1.1773,
        "EBITDA": 63733.0,
        "EBIT": -124.0,
        "Consolidated Income": -3669.0,
        "Earnings Before Tax Margin": -0.0003,
        "Net Profit Margin": -0.0102
    },
    "2012": {
        "Revenue": 0.0,
        "Revenue Growth": 0.0,
        "Cost of Revenue": 0.0,
        "Gross Profit": 0.0,
        "R&D Expenses": 182398.0,
        "SG&A Expense": 150822.0,
        "Operating Expenses": 333220.0,
        "Operating Income": -333220.0,
        "Interest Expense": 0.0,
        "Earnings before Tax": 0.0,
        "Income Tax Expense": -800.0,
        "Net Income - Non-Controlling int": 0.0,
        "Net Income - Discontinued ops": 0.0,
        "Net Income": -335584.0,
        "Preferred Dividends": 0.0,
        "Net Income Com": -335584.0,
        "EPS": -0.01,
        "EPS Diluted": -0.01,
        "Weighted Average Shs Out": 22789010.0,