{
    "2018": {
        "Revenue": 461914000.0,
        "Revenue Growth": 0.0183536196865444,
        "Cost of Revenue": 307639000.0,
        "Gross Profit": 154275000.0,
        "R&D Expenses": 0.0,
        "SG&A Expense": 100900000.0,
        "Operating Expenses": 100900000.0,
        "Operating Income": 53375000.0,
        "Interest Expense": 11449000.0,
        "Earnings before Tax": 53375000.0,
        "Income Tax Expense": 12926000.0,
        "Net Income - Non-Controlling int": 0.0,
        "Net Income - Discontinued ops": 0.0,
        "Net Income": 40449000.0,
        "Preferred Dividends": 0.0,
        "Net Income Com": 40449000.0,
        "EPS": 0.99,
        "EPS Diluted": 0.99,
        "Weighted Average Shs Out": 40910000.0,
        "Weighted Average Shs Out (Dil)": 40922000.0,
        "Dividend per Share": 0.601730120717,
        "Gross Margin": 0.333990742866,
        "EBITDA Margin": 0.238581207757,
        "EBIT Margin": 0.115551812675,
        "Profit Margin": 0.087568248635,
        "Free Cash Flow margin": 0.121801893859,
        "EBITDA": 110204000.0,
        "EBIT": 53375000.0,
        "Consolidated Income": 40449000.0,
        "Earnings Before Tax Margin": 0.115551812675,
        "Net Profit Margin": 0.087568248635
    },
    "2017": {
        "Revenue": 453589000.0,
        "Revenue Growth": -0.114353829692516,
        "Cost of Revenue": 311617000.0,
        "Gross Profit": 141972000.0,
        "R&D Expenses": 0.0,
        "SG&A Expense": 97602000.0,
        "Operating Expenses": 97602000.0,
        "Operating Income": 44370000.0,
        "Interest Expense": 12241000.0,
        "Earnings before Tax": 44370000.0,
        "Income Tax Expense": -103875000.0,
        "Net Income - Non-Controlling int": 0.0,
        "Net Income - Discontinued ops": 0.0,
        "Net Income": 148245000.0,
        "Preferred Dividends": 0.0,
        "Net Income Com": 148245000.0,
        "EPS": 3.61,
        "EPS Diluted": 3.61,
        "Weighted Average Shs Out": 41025000.0,
        "Weighted Average Shs Out (Dil)": 41041000.0,
        "Dividend per Share": 0.601690991935,
        "Gross Margin": 0.312997008305,
        "EBITDA Margin": 0.244143927653,
        "EBIT Margin": 0.0978198324915,
        "Profit Margin": 0.326826708761,
        "Free Cash Flow margin": 0.145362872556,
        "EBITDA": 110741000.0,
        "EBIT": 44370000.0,
        "Consolidated Income": 148245000.0,
        "Earnings Before Tax Margin": 0.0978198324915,
        "Net Profit Margin": 0.326826708761
    },
    "2016": {
        "Revenue": 512156000.0,
        "Revenue Growth": 0.0316096063553578,
        "Cost of Revenue": 350816000.0,
        "Gross Profit": 161340000.0,
        "R&D Expenses": 0.0,
        "SG&A Expense": 100144000.0,
        "Operating Expenses": 100144000.0,
        "Operating Income": 61196000.0,
        "Interest Expense": 13148000.0,
        "Earnings before Tax": 61196000.0,
        "Income Tax Expense": 21651000.0,
        "Net Income - Non-Controlling int": 0.0,
        "Net Income - Discontinued ops": 0.0,
        "Net Income": 39545000.0,
        "Preferred Dividends": 0.0,
        "Net Income Com": 39545000.0,
        "EPS": 0.96,
        "EPS Diluted": 0.96,
        "Weighted Average Shs Out": 41152000.0,
        "Weighted Average Shs Out (Dil)": 41167000.0,
        "Dividend per Share": 0.601428328516,
        "Gross Margin": 0.315021204477,
        "EBITDA Margin": 0.228610032881,
        "EBIT Margin": 0.119487031295,
        "Profit Margin": 0.0772128023493,
        "Free Cash Flow margin": 0.154519326143,
        "EBITDA": 117084000.0,
        "EBIT": 61196000.0,
        "Consolidated Income": 39545000.0,
        "Earnings Before Tax Margin": 0.119487031295,
        "Net Profit Margin": 0.0772128023493
    },
    "2015": {
        "Revenue": 496463000.0,
        "Revenue Growth": 0.0250955485031251,
        "Cost of Revenue": 444403000.0,
        "Gross Profit": 52060000.0,
        "R&D Expenses": 0.0,
        "SG&A Expense": 98289000.0,
        "Operating Expenses": 98289000.0,
        "Operating Income": -46229000.0,
        "Interest Expense": 16811000.0,
        "Earnings before Tax": -46229000.0,
        "Income Tax Expense": -11879000.0,
        "Net Income - Non-Controlling int": 0.0,
        "Net Income - Discontinued ops": 0.0,
        "Net Income": -34363000.0,
        "Preferred Dividends": 0.0,
        "Net Income Com": -34363000.0,
        "EPS": -0.83,
        "EPS Diluted": -0.83,
        "Weighted Average Shs Out": 41284000.0,
        "Weighted Average Shs Out (Dil)": 41312000.0,
        "Dividend per Share": 0.600479279628,
        "Gross Margin": 0.104861792319,
        "EBITDA Margin": 0.0348344186777,
        "EBIT Margin": -0.0931167075895,
        "Profit Margin": -0.0692156313764,
        "Free Cash Flow margin": 0.172919230638,
        "EBITDA": 17294000.0,
        "EBIT": -46229000.0,
        "Consolidated Income": -34363000.0,
        "Earnings Before Tax Margin": -0.0931167075895,
        "Net Profit Margin": -0.0692156313764
    },
    "2014": {
        "Revenue": 484309000.0,
        "Revenue Growth": 0.00761470428524765,
        "Cost of Revenue": 346321000.0,
        "Gross Profit": 137988000.0,
        "R&D Expenses": 0.0,
        "SG&A Expense": 96762000.0,
        "Operating Expenses": 96762000.0,
        "Operating Income": 41226000.0,
        "Interest Expense": 21237000.0,
        "Earnings before Tax": 41226000.0,
        "Income Tax Expense": 15822000.0,
        "Net Income - Non-Controlling int": 0.0,
        "Net Income - Discontinued ops": 0.0,
        "Net Income": 31114000.0,
        "Preferred Dividends": 0.0,
        "Net Income Com": 31114000.0,
        "EPS": 0.75,
        "EPS Diluted": 0.75,
        "Weighted Average Shs Out": 41377000.0,
        "Weighted Average Shs Out (Dil)": 41400000.0,
        "Dividend per Share": 0.600483091787,
        "Gross Margin": 0.284917273889,
        "EBITDA Margin": 0.24982810561,
        "EBIT Margin": 0.0851233406771,
        "Profit Margin": 0.0642441086166,
        "Free Cash Flow margin": 0.213173820846,
        "EBITDA": 120994000.0,
        "EBIT": 41226000.0,
        "Consolidated Income": 31114000.0,
        "Earnings Before Tax Margin": 0.0851233406771,
        "Net Profit Margin": 0.0642441086166
    },
    "2013": {
        "Revenue": 480649000.0,
        "Revenue Growth": -0.019403868124694,
        "Cost of Revenue": 437536000.0,
        "Gross Profit": 43113000.0,
        "R&D Expenses": 0.0,
        "SG&A Expense": 91676000.0,
        "Operating Expenses": 91676000.0,
        "Operating Income": -48563000.0,
        "Interest Expense": 31871000.0,
        "Earnings before Tax": -48563000.0,
        "Income Tax Expense": -42351000.0,
        "Net Income - Non-Controlling int": 0.0,
        "Net Income - Discontinued ops": 0.0,
        "Net Income": -6458000.0,
        "Preferred Dividends": 0.0,
        "Net Income Com": -6458000.0,
        "EPS": -0.16,
        "EPS Diluted": -0.16,
        "Weighted Average Shs Out": 41405000.0,
        "Weighted Average Shs Out (Dil)": 41423000.0,
        "Dividend per Share": 0.600511792965,
        "Gross Margin": 0.0896974715437,
        "EBITDA Margin": 0.0177946900961,
        "EBIT Margin": -0.10103630716,
        "Profit Margin": -0.0134360000749,
        "Free Cash Flow margin": 0.170159513491,
        "EBITDA": 8553000.0,
        "EBIT": -48563000.0,
        "Consolidated Income": -6458000.0,
        "Earnings Before Tax Margin": -0.10103630716,
        "Net Profit Margin": -0.0134360000749
    },
    "2012": {
        "Revenue": 490160000.0,
        "Revenue Growth": -0.0310075220670363,
        "Cost of Revenue": 377285000.0,
        "Gross Profit": 112875000.0,
        "R&D Expenses": 0.0,
        "SG&A Expense": 90407000.0,
        "Operating Expenses": 49190000.0,
        "Operating Income": 63685000.0,
        "Interest Expense": 41581000.0,
        "Earnings before Tax": 63685000.0,