{
    "2018": {
        "Revenue": 1819000000.0,
        "Revenue Growth": 0.0712603062426384,
        "Cost of Revenue": 1321000000.0,
        "Gross Profit": 498000000.0,
        "R&D Expenses": 11000000.0,
        "SG&A Expense": 267000000.0,
        "Operating Expenses": 278000000.0,
        "Operating Income": 200000000.0,
        "Interest Expense": 193000000.0,
        "Earnings before Tax": 30000000.0,
        "Income Tax Expense": 13000000.0,
        "Net Income - Non-Controlling int": 0.0,
        "Net Income - Discontinued ops": 0.0,
        "Net Income": -7000000.0,
        "Preferred Dividends": 0.0,
        "Net Income Com": -7000000.0,
        "EPS": -0.06,
        "EPS Diluted": -0.06,
        "Weighted Average Shs Out": 122881000.0,
        "Weighted Average Shs Out (Dil)": 122881000.0,
        "Dividend per Share": 0.187172955949,
        "Gross Margin": 0.27377680044,
        "EBITDA Margin": 0.223199560198,
        "EBIT Margin": 0.109950522265,
        "Profit Margin": -0.00384826827927,
        "Free Cash Flow margin": 0.0291368884002,
        "EBITDA": 406000000.0,
        "EBIT": 200000000.0,
        "Consolidated Income": -7000000.0,
        "Earnings Before Tax Margin": 0.0164925783397,
        "Net Profit Margin": -0.00384826827927
    },
    "2017": {
        "Revenue": 1698000000.0,
        "Revenue Growth": -0.188724319159102,
        "Cost of Revenue": 1310000000.0,
        "Gross Profit": 388000000.0,
        "R&D Expenses": 8000000.0,
        "SG&A Expense": 251000000.0,
        "Operating Expenses": 259000000.0,
        "Operating Income": 138000000.0,
        "Interest Expense": 0.0,
        "Earnings before Tax": -87000000.0,
        "Income Tax Expense": 6000000.0,
        "Net Income - Non-Controlling int": 0.0,
        "Net Income - Discontinued ops": 0.0,
        "Net Income": -285000000.0,
        "Preferred Dividends": 0.0,
        "Net Income Com": -285000000.0,
        "EPS": -2.39,
        "EPS Diluted": -2.39,
        "Weighted Average Shs Out": 119502000.0,
        "Weighted Average Shs Out (Dil)": 119502000.0,
        "Dividend per Share": 0.192465398069,
        "Gross Margin": 0.228504122497,
        "EBITDA Margin": 0.197290930506,
        "EBIT Margin": 0.0812720848057,
        "Profit Margin": -0.167844522968,
        "Free Cash Flow margin": 0.0441696113074,
        "EBITDA": 335000000.0,
        "EBIT": 138000000.0,
        "Consolidated Income": -285000000.0,
        "Earnings Before Tax Margin": -0.0512367491166,
        "Net Profit Margin": -0.167844522968
    },
    "2016": {
        "Revenue": 2093000000.0,
        "Revenue Growth": -0.00899621212121212,
        "Cost of Revenue": 1846000000.0,
        "Gross Profit": 247000000.0,
        "R&D Expenses": 11000000.0,
        "SG&A Expense": 210000000.0,
        "Operating Expenses": 221000000.0,
        "Operating Income": 36000000.0,
        "Interest Expense": 8000000.0,
        "Earnings before Tax": -173000000.0,
        "Income Tax Expense": -115000000.0,
        "Net Income - Non-Controlling int": 0.0,
        "Net Income - Discontinued ops": 0.0,
        "Net Income": -59000000.0,
        "Preferred Dividends": 0.0,
        "Net Income Com": -59000000.0,
        "EPS": -0.5,
        "EPS Diluted": -0.5,
        "Weighted Average Shs Out": 116161000.0,
        "Weighted Average Shs Out (Dil)": 116161000.0,
        "Dividend per Share": 0.396002100533,
        "Gross Margin": 0.11801242236,
        "EBITDA Margin": 0.135212613473,
        "EBIT Margin": 0.0172001911132,
        "Profit Margin": -0.0281892021022,
        "Free Cash Flow margin": 0.043956043956,
        "EBITDA": 283000000.0,
        "EBIT": 36000000.0,
        "Consolidated Income": -59000000.0,
        "Earnings Before Tax Margin": -0.0826564739608,
        "Net Profit Margin": -0.0281892021022
    },
    "2015": {
        "Revenue": 2112000000.0,
        "Revenue Growth": 0.215889464594128,
        "Cost of Revenue": 1992000000.0,
        "Gross Profit": 120000000.0,
        "R&D Expenses": 13000000.0,
        "SG&A Expense": 217000000.0,
        "Operating Expenses": 230000000.0,
        "Operating Income": -118000000.0,
        "Interest Expense": 8000000.0,
        "Earnings before Tax": -266000000.0,
        "Income Tax Expense": 41000000.0,
        "Net Income - Non-Controlling int": 0.0,
        "Net Income - Discontinued ops": 0.0,
        "Net Income": -318000000.0,
        "Preferred Dividends": 0.0,
        "Net Income Com": -318000000.0,
        "EPS": -2.75,
        "EPS Diluted": -2.75,
        "Weighted Average Shs Out": 115566000.0,
        "Weighted Average Shs Out (Dil)": 115566000.0,
        "Dividend per Share": 1.01240849385,
        "Gross Margin": 0.0568181818182,
        "EBITDA Margin": 0.092803030303,
        "EBIT Margin": -0.0558712121212,
        "Profit Margin": -0.150568181818,
        "Free Cash Flow margin": 0.0118371212121,
        "EBITDA": 196000000.0,
        "EBIT": -118000000.0,
        "Consolidated Income": -318000000.0,
        "Earnings Before Tax Margin": -0.125946969697,
        "Net Profit Margin": -0.150568181818
    },
    "2014": {
        "Revenue": 1737000000.0,
        "Revenue Growth": -0.0962539021852237,
        "Cost of Revenue": 1530000000.0,
        "Gross Profit": 207000000.0,
        "R&D Expenses": 11000000.0,
        "SG&A Expense": 192000000.0,
        "Operating Expenses": 203000000.0,
        "Operating Income": 0.0,
        "Interest Expense": 0.0,
        "Earnings before Tax": -149000000.0,
        "Income Tax Expense": 268000000.0,
        "Net Income - Non-Controlling int": 0.0,
        "Net Income - Discontinued ops": 0.0,
        "Net Income": -427000000.0,
        "Preferred Dividends": 0.0,
        "Net Income Com": -427000000.0,
        "EPS": -3.74,
        "EPS Diluted": -3.74,
        "Weighted Average Shs Out": 114281000.0,
        "Weighted Average Shs Out (Dil)": 114281000.0,
        "Dividend per Share": 1.01504187048,
        "Gross Margin": 0.119170984456,
        "EBITDA Margin": 0.17559009787,
        "EBIT Margin": 0.0,
        "Profit Margin": -0.245826137018,
        "Free Cash Flow margin": -0.0264824409902,
        "EBITDA": 305000000.0,
        "EBIT": 0.0,
        "Consolidated Income": -427000000.0,
        "Earnings Before Tax Margin": -0.0857800805987,
        "Net Profit Margin": -0.245826137018
    },
    "2013": {
        "Revenue": 1922000000.0,
        "Revenue Growth": 2.66793893129771,
        "Cost of Revenue": -1732000000.0,
        "Gross Profit": 190000000.0,
        "R&D Expenses": 10000000.0,
        "SG&A Expense": -187000000.0,
        "Operating Expenses": -177000000.0,
        "Operating Income": 3000000.0,
        "Interest Expense": 0.0,
        "Earnings before Tax": -61000000.0,
        "Income Tax Expense": 29000000.0,
        "Net Income - Non-Controlling int": 0.0,
        "Net Income - Discontinued ops": 0.0,
        "Net Income": -126000000.0,
        "Preferred Dividends": 0.0,
        "Net Income Com": -126000000.0,
        "EPS": -1.11,
        "EPS Diluted": -1.11,
        "Weighted Average Shs Out": 113416000.0,
        "Weighted Average Shs Out (Dil)": 113416000.0,
        "Dividend per Share": 1.01396628342,
        "Gross Margin": 0.098855359001,
        "EBITDA Margin": 0.179500520291,
        "EBIT Margin": 0.00156087408949,
        "Profit Margin": -0.0655567117586,
        "Free Cash Flow margin": 0.085848074922,
        "EBITDA": 345000000.0,
        "EBIT": 3000000.0,
        "Consolidated Income": -126000000.0,
        "Earnings Before Tax Margin": -0.031737773153,
        "Net Profit Margin": -0.0655567117586
    },
    "2012": {
        "Revenue": 524000000.0,
        "Revenue Growth": 0.0,
        "Cost of Revenue": 1568000000.0,
        "Gross Profit": 264000000.0,
        "R&D Expenses": 9000000.0,
        "SG&A Expense": 239000000.0,
        "Operating Expenses": 248000000.0,
        "Operating Income": -30000000.0,