{
    "2017": {
        "Revenue": 223326000.0,
        "Revenue Growth": 0.00146188340807175,
        "Cost of Revenue": 41137000.0,
        "Gross Profit": 182189000.0,
        "R&D Expenses": 308742000.0,
        "SG&A Expense": 336808000.0,
        "Operating Expenses": 702845000.0,
        "Operating Income": -479519000.0,
        "Interest Expense": 19758000.0,
        "Earnings before Tax": -494802000.0,
        "Income Tax Expense": 1324000.0,
        "Net Income - Non-Controlling int": 0.0,
        "Net Income - Discontinued ops": 0.0,
        "Net Income": -496126000.0,
        "Preferred Dividends": 0.0,
        "Net Income Com": -496126000.0,
        "EPS": -9.17,
        "EPS Diluted": -9.17,
        "Weighted Average Shs Out": 54080000.0,
        "Weighted Average Shs Out (Dil)": 54080000.0,
        "Dividend per Share": 0.0,
        "Gross Margin": 0.815798429202,
        "EBITDA Margin": -2.05195543734,
        "EBIT Margin": -2.14717050411,
        "Profit Margin": -2.22153264734,
        "Free Cash Flow margin": -1.81841344044,
        "EBITDA": -458255000.0,
        "EBIT": -479519000.0,
        "Consolidated Income": -496126000.0,
        "Earnings Before Tax Margin": -2.21560409446,
        "Net Profit Margin": -2.22153264734
    },
    "2016": {
        "Revenue": 44823000.0,
        "Revenue Growth": -0.00393333333333333,
        "Cost of Revenue": 1256000.0,
        "Gross Profit": 43567000.0,
        "R&D Expenses": 235144000.0,
        "SG&A Expense": 158578000.0,
        "Operating Expenses": 415773000.0,
        "Operating Income": -370950000.0,
        "Interest Expense": 16487000.0,
        "Earnings before Tax": -385997000.0,
        "Income Tax Expense": 1475000.0,
        "Net Income - Non-Controlling int": 0.0,
        "Net Income - Discontinued ops": 0.0,
        "Net Income": -387472000.0,
        "Preferred Dividends": 0.0,
        "Net Income Com": -387472000.0,
        "EPS": -8.13,
        "EPS Diluted": -8.13,
        "Weighted Average Shs Out": 47652000.0,
        "Weighted Average Shs Out (Dil)": 47652000.0,
        "Dividend per Share": 0.0,
        "Gross Margin": 0.971978671664,
        "EBITDA Margin": -7.97329496018,
        "EBIT Margin": -8.27588514825,
        "Profit Margin": -8.64449055173,
        "Free Cash Flow margin": -6.48252013475,
        "EBITDA": -357387000.0,
        "EBIT": -370950000.0,
        "Consolidated Income": -387472000.0,
        "Earnings Before Tax Margin": -8.61158333891,
        "Net Profit Margin": -8.64449055173
    },
    "2015": {
        "Revenue": 317000.0,
        "Revenue Growth": 1.0,
        "Cost of Revenue": 268000.0,
        "Gross Profit": 49000.0,
        "R&D Expenses": 155390000.0,
        "SG&A Expense": 78701000.0,
        "Operating Expenses": 236359000.0,
        "Operating Income": -236042000.0,
        "Interest Expense": 15414000.0,
        "Earnings before Tax": -251408000.0,
        "Income Tax Expense": 0.0,
        "Net Income - Non-Controlling int": 0.0,
        "Net Income - Discontinued ops": 0.0,
        "Net Income": -251408000.0,
        "Preferred Dividends": 0.0,
        "Net Income Com": -251408000.0,
        "EPS": -6.38,
        "EPS Diluted": -6.38,
        "Weighted Average Shs Out": 39387000.0,
        "Weighted Average Shs Out (Dil)": 39387000.0,
        "Dividend per Share": 0.0,
        "Gross Margin": 0.154574132492,
        "EBITDA Margin": -711.813880126,
        "EBIT Margin": -744.611987382,
        "Profit Margin": -793.085173502,
        "Free Cash Flow margin": -620.933753943,
        "EBITDA": -225645000.0,
        "EBIT": -236042000.0,
        "Consolidated Income": -251408000.0,
        "Earnings Before Tax Margin": -793.085173502,
        "Net Profit Margin": -793.085173502
    },
    "2014": {
        "Revenue": 0.0,
        "Revenue Growth": 0.0,
        "Cost of Revenue": 0.0,
        "Gross Profit": 0.0,
        "R&D Expenses": 118425000.0,
        "SG&A Expense": 23935000.0,
        "Operating Expenses": 167260000.0,
        "Operating Income": -167260000.0,
        "Interest Expense": -3776000.0,
        "Earnings before Tax": -171012000.0,
        "Income Tax Expense": 0.0,
        "Net Income - Non-Controlling int": 0.0,
        "Net Income - Discontinued ops": 0.0,
        "Net Income": -171012000.0,
        "Preferred Dividends": 0.0,
        "Net Income Com": -171012000.0,
        "EPS": -4.79,
        "EPS Diluted": -4.79,
        "Weighted Average Shs Out": 35739000.0,
        "Weighted Average Shs Out (Dil)": 35739000.0,
        "Dividend per Share": 0.0,
        "Gross Margin": 0.0,
        "EBITDA Margin": 0.0,
        "EBIT Margin": 0.0,
        "Profit Margin": 0.0,
        "Free Cash Flow margin": 0.0,
        "EBITDA": -164662000.0,
        "EBIT": -167260000.0,
        "Consolidated Income": -171012000.0,
        "Earnings Before Tax Margin": 0.0,
        "Net Profit Margin": 0.0
    },
    "2013": {
        "Revenue": 0.0,
        "Revenue Growth": 0.0,
        "Cost of Revenue": 0.0,
        "Gross Profit": 0.0,
        "R&D Expenses": 75725000.0,
        "SG&A Expense": 14780000.0,
        "Operating Expenses": 92445000.0,
        "Operating Income": -92445000.0,
        "Interest Expense": 0.0,
        "Earnings before Tax": 0.0,
        "Income Tax Expense": 0.0,
        "Net Income - Non-Controlling int": 0.0,
        "Net Income - Discontinued ops": 0.0,
        "Net Income": -92362000.0,
        "Preferred Dividends": 0.0,
        "Net Income Com": -92362000.0,
        "EPS": -2.93,
        "EPS Diluted": -2.93,
        "Weighted Average Shs Out": 31559000.0,
        "Weighted Average Shs Out (Dil)": 31559000.0,
        "Dividend per Share": 0.0,
        "Gross Margin": 0.0,
        "EBITDA Margin": 0.0,
        "EBIT Margin": 0.0,
        "Profit Margin": 0.0,
        "Free Cash Flow margin": 0.0,
        "EBITDA": -92266000.0,
        "EBIT": -92445000.0,
        "Consolidated Income": -92362000.0,
        "Earnings Before Tax Margin": 0.0,
        "Net Profit Margin": 0.0
    },
    "2012": {
        "Revenue": 0.0,
        "Revenue Growth": 0.0,
        "Cost of Revenue": 0.0,
        "Gross Profit": 0.0,
        "R&D Expenses": 47200000.0,
        "SG&A Expense": 6715000.0,
        "Operating Expenses": 61915000.0,
        "Operating Income": -61915000.0,
        "Interest Expense": 0.0,
        "Earnings before Tax": 0.0,
        "Income Tax Expense": 0.0,
        "Net Income - Non-Controlling int": 0.0,
        "Net Income - Discontinued ops": 0.0,
        "Net Income": -61763000.0,
        "Preferred Dividends": 0.0,
        "Net Income Com": -61763000.0,
        "EPS": -4.51,
        "EPS Diluted": -4.51,
        "Weighted Average Shs Out": 13696000.0,
        "Weighted Average Shs Out (Dil)": 13696000.0,
        "Dividend per Share": 0.0,
        "Gross Margin": 0.0,
        "EBITDA Margin": 0.0,
        "EBIT Margin": 0.0,
        "Profit Margin": 0.0,
        "Free Cash Flow margin": 0.0,
        "EBITDA": -61851000.0,
        "EBIT": -61915000.0,
        "Consolidated Income": -61763000.0,
        "Earnings Before Tax Margin": 0.0,
        "Net Profit Margin": 0.0
    }
}