{
    "2018": {
        "Revenue": 4028211000.0,
        "Revenue Growth": -0.18258124804052,
        "Cost of Revenue": 2492482000.0,
        "Gross Profit": 1535729000.0,
        "R&D Expenses": 0.0,
        "SG&A Expense": 712991000.0,
        "Operating Expenses": 3205473000.0,
        "Operating Income": 822738000.0,
        "Interest Expense": 163400000.0,
        "Earnings before Tax": 659764000.0,
        "Income Tax Expense": 127003000.0,
        "Net Income - Non-Controlling int": 0.0,
        "Net Income - Discontinued ops": 0.0,
        "Net Income": 576656000.0,
        "Preferred Dividends": 0.0,
        "Net Income Com": 576656000.0,
        "EPS": 3.17,
        "EPS Diluted": 3.14,
        "Weighted Average Shs Out": 181956000.0,
        "Weighted Average Shs Out (Dil)": 183919000.0,
        "Dividend per Share": 0.514123065045,
        "Gross Margin": 0.381243435361,
        "EBITDA Margin": 0.307163651556,
        "EBIT Margin": 0.204244018002,
        "Profit Margin": 0.143154368031,
        "Free Cash Flow margin": 0.230474769072,
        "EBITDA": 1237320000.0,
        "EBIT": 822738000.0,
        "Consolidated Income": 576656000.0,
        "Earnings Before Tax Margin": 0.163785859281,
        "Net Profit Margin": 0.143154368031
    },
    "2017": {
        "Revenue": 4927965000.0,
        "Revenue Growth": 0.181744365871422,
        "Cost of Revenue": 3577320000.0,
        "Gross Profit": 1350645000.0,
        "R&D Expenses": 0.0,
        "SG&A Expense": 616601000.0,
        "Operating Expenses": 4193921000.0,
        "Operating Income": 734044000.0,
        "Interest Expense": 0.0,
        "Earnings before Tax": 617562000.0,
        "Income Tax Expense": 65878000.0,
        "Net Income - Non-Controlling int": 0.0,
        "Net Income - Discontinued ops": 0.0,
        "Net Income": 586185000.0,
        "Preferred Dividends": 0.0,
        "Net Income Com": 586185000.0,
        "EPS": 3.19,
        "EPS Diluted": 3.16,
        "Weighted Average Shs Out": 183309000.0,
        "Weighted Average Shs Out (Dil)": 185430000.0,
        "Dividend per Share": 0.426128458178,
        "Gross Margin": 0.274077636509,
        "EBITDA Margin": 0.232380708873,
        "EBIT Margin": 0.148954791684,
        "Profit Margin": 0.118950723067,
        "Free Cash Flow margin": 0.159589810398,
        "EBITDA": 1145164000.0,
        "EBIT": 734044000.0,
        "Consolidated Income": 586185000.0,
        "Earnings Before Tax Margin": 0.125317854327,
        "Net Profit Margin": 0.118950723067
    },
    "2016": {
        "Revenue": 4170077000.0,
        "Revenue Growth": 0.500275405183806,
        "Cost of Revenue": 2993062000.0,
        "Gross Profit": 1177015000.0,
        "R&D Expenses": 0.0,
        "SG&A Expense": 603633000.0,
        "Operating Expenses": 3596695000.0,
        "Operating Income": 573382000.0,
        "Interest Expense": 0.0,
        "Earnings before Tax": 461214000.0,
        "Income Tax Expense": 161175000.0,
        "Net Income - Non-Controlling int": 0.0,
        "Net Income - Discontinued ops": 0.0,
        "Net Income": 319638000.0,
        "Preferred Dividends": 0.0,
        "Net Income Com": 319638000.0,
        "EPS": 1.74,
        "EPS Diluted": 1.73,
        "Weighted Average Shs Out": 182744000.0,
        "Weighted Average Shs Out (Dil)": 184448000.0,
        "Dividend per Share": 0.397824861207,
        "Gross Margin": 0.282252581907,
        "EBITDA Margin": 0.230510851478,
        "EBIT Margin": 0.137499139704,
        "Profit Margin": 0.0766503831944,
        "Free Cash Flow margin": 0.159895608642,
        "EBITDA": 961248000.0,
        "EBIT": 573382000.0,
        "Consolidated Income": 319638000.0,
        "Earnings Before Tax Margin": 0.110600835428,
        "Net Profit Margin": 0.0766503831944
    },
    "2015": {
        "Revenue": 2779541000.0,
        "Revenue Growth": 0.135954524890299,
        "Cost of Revenue": 1855181000.0,
        "Gross Profit": 924360000.0,
        "R&D Expenses": 0.0,
        "SG&A Expense": 390253000.0,
        "Operating Expenses": 2245434000.0,
        "Operating Income": 534107000.0,
        "Interest Expense": 0.0,
        "Earnings before Tax": 496888000.0,
        "Income Tax Expense": 151364000.0,
        "Net Income - Non-Controlling int": 0.0,
        "Net Income - Discontinued ops": 0.0,
        "Net Income": 364044000.0,
        "Preferred Dividends": 0.0,
        "Net Income Com": 364044000.0,
        "EPS": 1.98,
        "EPS Diluted": 1.97,
        "Weighted Average Shs Out": 182465000.0,
        "Weighted Average Shs Out (Dil)": 183622000.0,
        "Dividend per Share": 0.401242770474,
        "Gross Margin": 0.332558505163,
        "EBITDA Margin": 0.285877776223,
        "EBIT Margin": 0.19215654671,
        "Profit Margin": 0.130972703767,
        "Free Cash Flow margin": 0.196274852575,
        "EBITDA": 794609000.0,
        "EBIT": 534107000.0,
        "Consolidated Income": 364044000.0,
        "Earnings Before Tax Margin": 0.178766206363,
        "Net Profit Margin": 0.130972703767
    },
    "2014": {
        "Revenue": 2446877000.0,
        "Revenue Growth": 0.147500906275837,
        "Cost of Revenue": 1668892000.0,
        "Gross Profit": 777985000.0,
        "R&D Expenses": 0.0,
        "SG&A Expense": 343128000.0,
        "Operating Expenses": 2015237000.0,
        "Operating Income": 431640000.0,
        "Interest Expense": 0.0,
        "Earnings before Tax": 392929000.0,
        "Income Tax Expense": 129761000.0,
        "Net Income - Non-Controlling int": 0.0,
        "Net Income - Discontinued ops": 0.0,
        "Net Income": 322872000.0,
        "Preferred Dividends": 0.0,
        "Net Income Com": 322872000.0,
        "EPS": 1.73,
        "EPS Diluted": 1.72,
        "Weighted Average Shs Out": 184297000.0,
        "Weighted Average Shs Out (Dil)": 185756000.0,
        "Dividend per Share": 0.402657249295,
        "Gross Margin": 0.317950187116,
        "EBITDA Margin": 0.278664599814,
        "EBIT Margin": 0.176404453514,
        "Profit Margin": 0.131952689081,
        "Free Cash Flow margin": 0.197920859937,
        "EBITDA": 681858000.0,
        "EBIT": 431640000.0,
        "Consolidated Income": 322872000.0,
        "Earnings Before Tax Margin": 0.160583878961,
        "Net Profit Margin": 0.131952689081
    },
    "2013": {
        "Revenue": 2132353000.0,
        "Revenue Growth": 0.139703319985548,
        "Cost of Revenue": 1436331000.0,
        "Gross Profit": 696022000.0,
        "R&D Expenses": 0.0,
        "SG&A Expense": 295555000.0,
        "Operating Expenses": 1746106000.0,
        "Operating Income": 386247000.0,
        "Interest Expense": 0.0,
        "Earnings before Tax": 355919000.0,
        "Income Tax Expense": 112369000.0,
        "Net Income - Non-Controlling int": 0.0,
        "Net Income - Discontinued ops": 0.0,
        "Net Income": 244750000.0,
        "Preferred Dividends": 0.0,
        "Net Income Com": 244750000.0,
        "EPS": 1.3,
        "EPS Diluted": 1.29,
        "Weighted Average Shs Out": 187145000.0,
        "Weighted Average Shs Out (Dil)": 188793000.0,
        "Dividend per Share": 0.299322538442,
        "Gross Margin": 0.326410308237,
        "EBITDA Margin": 0.280953481905,
        "EBIT Margin": 0.181136519141,
        "Profit Margin": 0.114779307179,
        "Free Cash Flow margin": 0.193119994673,
        "EBITDA": 599092000.0,
        "EBIT": 386247000.0,
        "Consolidated Income": 244750000.0,
        "Earnings Before Tax Margin": 0.166913733327,
        "Net Profit Margin": 0.114779307179
    },
    "2012": {
        "Revenue": 1870972000.0,
        "Revenue Growth": 0.0342770400328143,
        "Cost of Revenue": 1262310000.0,
        "Gross Profit": 608662000.0,
        "R&D Expenses": 0.0,
        "SG&A Expense": 251010000.0,
        "Operating Expenses": 251010000.0,
        "Operating Income": 357652000.0,
        "Interest Expense": 0.0,