{
    "2018": {
        "Revenue": 2069700000.0,
        "Revenue Growth": -0.082498448444011,
        "Cost of Revenue": 692200000.0,
        "Gross Profit": 1377500000.0,
        "R&D Expenses": 15000000.0,
        "SG&A Expense": 1060500000.0,
        "Operating Expenses": 1075500000.0,
        "Operating Income": 319800000.0,
        "Interest Expense": 46500000.0,
        "Earnings before Tax": 276200000.0,
        "Income Tax Expense": 120300000.0,
        "Net Income - Non-Controlling int": 0.0,
        "Net Income - Discontinued ops": 0.0,
        "Net Income": 155900000.0,
        "Preferred Dividends": 0.0,
        "Net Income Com": 155900000.0,
        "EPS": 3.12,
        "EPS Diluted": 3.11,
        "Weighted Average Shs Out": 49900000.0,
        "Weighted Average Shs Out (Dil)": 50200000.0,
        "Dividend per Share": 2.74501992032,
        "Gross Margin": 0.665555394502,
        "EBITDA Margin": 0.182925061603,
        "EBIT Margin": 0.154515147123,
        "Profit Margin": 0.0753249263178,
        "Free Cash Flow margin": 0.0273469584964,
        "EBITDA": 378600000.0,
        "EBIT": 319800000.0,
        "Consolidated Income": 155900000.0,
        "Earnings Before Tax Margin": 0.133449292168,
        "Net Profit Margin": 0.0753249263178
    },
    "2017": {
        "Revenue": 2255800000.0,
        "Revenue Growth": 0.0192942027020921,
        "Cost of Revenue": 744600000.0,
        "Gross Profit": 1511200000.0,
        "R&D Expenses": 16700000.0,
        "SG&A Expense": 1162300000.0,
        "Operating Expenses": 1179000000.0,
        "Operating Income": 229100000.0,
        "Interest Expense": 46100000.0,
        "Earnings before Tax": 185100000.0,
        "Income Tax Expense": 450500000.0,
        "Net Income - Non-Controlling int": 0.0,
        "Net Income - Discontinued ops": 0.0,
        "Net Income": -265400000.0,
        "Preferred Dividends": 0.0,
        "Net Income Com": -265400000.0,
        "EPS": -5.22,
        "EPS Diluted": -5.22,
        "Weighted Average Shs Out": 50800000.0,
        "Weighted Average Shs Out (Dil)": 50800000.0,
        "Dividend per Share": 2.74606299213,
        "Gross Margin": 0.669917545882,
        "EBITDA Margin": 0.128646156574,
        "EBIT Margin": 0.101560422023,
        "Profit Margin": -0.117652274138,
        "Free Cash Flow margin": 0.0641457576026,
        "EBITDA": 290200000.0,
        "EBIT": 229100000.0,
        "Consolidated Income": -265400000.0,
        "Earnings Before Tax Margin": 0.0820551467329,
        "Net Profit Margin": -0.117652274138
    },
    "2016": {
        "Revenue": 2213100000.0,
        "Revenue Growth": -0.0309571766354322,
        "Cost of Revenue": 715000000.0,
        "Gross Profit": 1498100000.0,
        "R&D Expenses": 18300000.0,
        "SG&A Expense": 1170800000.0,
        "Operating Expenses": 1189100000.0,
        "Operating Income": 347000000.0,
        "Interest Expense": 48800000.0,
        "Earnings before Tax": 301300000.0,
        "Income Tax Expense": 77700000.0,
        "Net Income - Non-Controlling int": 0.0,
        "Net Income - Discontinued ops": 0.0,
        "Net Income": 223600000.0,
        "Preferred Dividends": 0.0,
        "Net Income Com": 223600000.0,
        "EPS": 4.43,
        "EPS Diluted": 4.41,
        "Weighted Average Shs Out": 50500000.0,
        "Weighted Average Shs Out (Dil)": 50700000.0,
        "Dividend per Share": 2.73767258383,
        "Gross Margin": 0.676923772084,
        "EBITDA Margin": 0.183046405495,
        "EBIT Margin": 0.156793637884,
        "Profit Margin": 0.101034747639,
        "Free Cash Flow margin": 0.0799783109665,
        "EBITDA": 405100000.0,
        "EBIT": 347000000.0,
        "Consolidated Income": 223600000.0,
        "Earnings Before Tax Margin": 0.136143870589,
        "Net Profit Margin": 0.101034747639
    },
    "2015": {
        "Revenue": 2283800000.0,
        "Revenue Growth": -0.123671386362764,
        "Cost of Revenue": 744400000.0,
        "Gross Profit": 1539400000.0,
        "R&D Expenses": 18100000.0,
        "SG&A Expense": 1217600000.0,
        "Operating Expenses": 1235700000.0,
        "Operating Income": 315200000.0,
        "Interest Expense": 47600000.0,
        "Earnings before Tax": 259900000.0,
        "Income Tax Expense": 74100000.0,
        "Net Income - Non-Controlling int": 0.0,
        "Net Income - Discontinued ops": 0.0,
        "Net Income": 185800000.0,
        "Preferred Dividends": 0.0,
        "Net Income Com": 185800000.0,
        "EPS": 3.72,
        "EPS Diluted": 3.69,
        "Weighted Average Shs Out": 49900000.0,
        "Weighted Average Shs Out (Dil)": 50400000.0,
        "Dividend per Share": 2.7380952381,
        "Gross Margin": 0.674052018566,
        "EBITDA Margin": 0.16568876434,
        "EBIT Margin": 0.138015588055,
        "Profit Margin": 0.0813556353446,
        "Free Cash Flow margin": 0.0720728610211,
        "EBITDA": 378400000.0,
        "EBIT": 315200000.0,
        "Consolidated Income": 185800000.0,
        "Earnings Before Tax Margin": 0.113801558805,
        "Net Profit Margin": 0.0813556353446
    },
    "2014": {
        "Revenue": 2606100000.0,
        "Revenue Growth": -0.0245171432849229,
        "Cost of Revenue": 884000000.0,
        "Gross Profit": 1722100000.0,
        "R&D Expenses": 19300000.0,
        "SG&A Expense": 1346100000.0,
        "Operating Expenses": 1365400000.0,
        "Operating Income": 367700000.0,
        "Interest Expense": 46500000.0,
        "Earnings before Tax": 298200000.0,
        "Income Tax Expense": 83800000.0,
        "Net Income - Non-Controlling int": 0.0,
        "Net Income - Discontinued ops": 0.0,
        "Net Income": 214400000.0,
        "Preferred Dividends": 0.0,
        "Net Income Com": 214400000.0,
        "EPS": 4.28,
        "EPS Diluted": 4.2,
        "Weighted Average Shs Out": 50100000.0,
        "Weighted Average Shs Out (Dil)": 51000000.0,
        "Dividend per Share": 2.61764705882,
        "Gross Margin": 0.660795825179,
        "EBITDA Margin": 0.165764936111,
        "EBIT Margin": 0.14109205326,
        "Profit Margin": 0.0822685238479,
        "Free Cash Flow margin": 0.0816162081271,
        "EBITDA": 432000000.0,
        "EBIT": 367700000.0,
        "Consolidated Income": 214400000.0,
        "Earnings Before Tax Margin": 0.114423851732,
        "Net Profit Margin": 0.0822685238479
    },
    "2013": {
        "Revenue": 2671600000.0,
        "Revenue Growth": 0.0339809582785045,
        "Cost of Revenue": 889800000.0,
        "Gross Profit": 1781800000.0,
        "R&D Expenses": 20000000.0,
        "SG&A Expense": 1369700000.0,
        "Operating Expenses": 1389700000.0,
        "Operating Income": 403500000.0,
        "Interest Expense": 40200000.0,
        "Earnings before Tax": 360400000.0,
        "Income Tax Expense": 86200000.0,
        "Net Income - Non-Controlling int": 0.0,
        "Net Income - Discontinued ops": 0.0,
        "Net Income": 274200000.0,
        "Preferred Dividends": 0.0,
        "Net Income Com": 274200000.0,
        "EPS": 5.28,
        "EPS Diluted": 5.17,
        "Weighted Average Shs Out": 51900000.0,
        "Weighted Average Shs Out (Dil)": 53100000.0,
        "Dividend per Share": 2.19962335217,
        "Gross Margin": 0.666941158856,
        "EBITDA Margin": 0.17180715676,
        "EBIT Margin": 0.151033088786,
        "Profit Margin": 0.102635125019,
        "Free Cash Flow margin": 0.0952612666567,
        "EBITDA": 459000000.0,
        "EBIT": 403500000.0,
        "Consolidated Income": 274200000.0,
        "Earnings Before Tax Margin": 0.134900434197,
        "Net Profit Margin": 0.102635125019
    },
    "2012": {
        "Revenue": 2583800000.0,
        "Revenue Growth": -0.0004642166344294,
        "Cost of Revenue": 856400000.0,
        "Gross Profit": 1727400000.0,
        "R&D Expenses": 18900000.0,
        "SG&A Expense": 1329500000.0,
        "Operating Expenses": 1348400000.0,