{
    "2018": {
        "Revenue": 1690084000.0,
        "Revenue Growth": 1.44409801358215,
        "Cost of Revenue": 1222536000.0,
        "Gross Profit": 467548000.0,
        "R&D Expenses": 0.0,
        "SG&A Expense": 71199000.0,
        "Operating Expenses": 73097000.0,
        "Operating Income": 394451000.0,
        "Interest Expense": 3187000.0,
        "Earnings before Tax": 389228000.0,
        "Income Tax Expense": 153263000.0,
        "Net Income - Non-Controlling int": 0.0,
        "Net Income - Discontinued ops": 0.0,
        "Net Income": 235965000.0,
        "Preferred Dividends": 0.0,
        "Net Income Com": 235965000.0,
        "EPS": 5.27,
        "EPS Diluted": 5.24,
        "Weighted Average Shs Out": 44750000.0,
        "Weighted Average Shs Out (Dil)": 45021000.0,
        "Dividend per Share": 0.248795006775,
        "Gross Margin": 0.276641871055,
        "EBITDA Margin": 0.305847520005,
        "EBIT Margin": 0.233391358063,
        "Profit Margin": 0.139617320796,
        "Free Cash Flow margin": 0.228786261511,
        "EBITDA": 516908000.0,
        "EBIT": 394451000.0,
        "Consolidated Income": 235965000.0,
        "Earnings Before Tax Margin": 0.230300979123,
        "Net Profit Margin": 0.139617320796
    },
    "2017": {
        "Revenue": 691496000.0,
        "Revenue Growth": 1.99350575192146,
        "Cost of Revenue": 578839000.0,
        "Gross Profit": 112657000.0,
        "R&D Expenses": 0.0,
        "SG&A Expense": 48405000.0,
        "Operating Expenses": 49886000.0,
        "Operating Income": 62771000.0,
        "Interest Expense": 4310000.0,
        "Earnings before Tax": 61796000.0,
        "Income Tax Expense": 2832000.0,
        "Net Income - Non-Controlling int": 0.0,
        "Net Income - Discontinued ops": 0.0,
        "Net Income": 58964000.0,
        "Preferred Dividends": 0.0,
        "Net Income Com": 58964000.0,
        "EPS": 1.42,
        "EPS Diluted": 1.42,
        "Weighted Average Shs Out": 41548000.0,
        "Weighted Average Shs Out (Dil)": 41639000.0,
        "Dividend per Share": 0.0,
        "Gross Margin": 0.162917789835,
        "EBITDA Margin": 0.228705589042,
        "EBIT Margin": 0.0907756516307,
        "Profit Margin": 0.0852701967907,
        "Free Cash Flow margin": 0.0833208001203,
        "EBITDA": 158149000.0,
        "EBIT": 62771000.0,
        "Consolidated Income": 58964000.0,
        "Earnings Before Tax Margin": 0.0893656651665,
        "Net Profit Margin": 0.0852701967907
    },
    "2016": {
        "Revenue": 230998721.0,
        "Revenue Growth": -0.372178603945784,
        "Cost of Revenue": 245331652.0,
        "Gross Profit": -14332931.0,
        "R&D Expenses": 0.0,
        "SG&A Expense": 15836165.0,
        "Operating Expenses": 16730975.0,
        "Operating Income": -31063906.0,
        "Interest Expense": 3711457.0,
        "Earnings before Tax": -34523124.0,
        "Income Tax Expense": 53884871.0,
        "Net Income - Non-Controlling int": 0.0,
        "Net Income - Discontinued ops": 0.0,
        "Net Income": -88407995.0,
        "Preferred Dividends": 0.0,
        "Net Income Com": -88407995.0,
        "EPS": -2.81,
        "EPS Diluted": -2.81,
        "Weighted Average Shs Out": 31500000.0,
        "Weighted Average Shs Out (Dil)": 31500000.0,
        "Dividend per Share": 0.0,
        "Gross Margin": -0.0620476638916,
        "EBITDA Margin": 0.178674192746,
        "EBIT Margin": -0.134476528119,
        "Profit Margin": -0.38272071212,
        "Free Cash Flow margin": 0.121652846727,
        "EBITDA": 41273510.0,
        "EBIT": -31063906.0,
        "Consolidated Income": -88407995.0,
        "Earnings Before Tax Margin": -0.14945158073,
        "Net Profit Margin": -0.38272071212
    },
    "2015": {
        "Revenue": 367937000.0,
        "Revenue Growth": 0.417726911095969,
        "Cost of Revenue": 274687000.0,
        "Gross Profit": 93250000.0,
        "R&D Expenses": 0.0,
        "SG&A Expense": 22400000.0,
        "Operating Expenses": 109023000.0,
        "Operating Income": -15773000.0,
        "Interest Expense": 5465000.0,
        "Earnings before Tax": -23409000.0,
        "Income Tax Expense": -1589000.0,
        "Net Income - Non-Controlling int": 0.0,
        "Net Income - Discontinued ops": 0.0,
        "Net Income": -21820000.0,
        "Preferred Dividends": 0.0,
        "Net Income Com": -21820000.0,
        "EPS": -0.73,
        "EPS Diluted": -0.73,
        "Weighted Average Shs Out": 38000000.0,
        "Weighted Average Shs Out (Dil)": 30000000.0,
        "Dividend per Share": 0.0,
        "Gross Margin": 0.2534,
        "EBITDA Margin": 0.154,
        "EBIT Margin": -0.0488,
        "Profit Margin": -0.059,
        "Free Cash Flow margin": 0.1158,
        "EBITDA": 56555000.0,
        "EBIT": -17944000.0,
        "Consolidated Income": -21820000.0,
        "Earnings Before Tax Margin": -0.0636,
        "Net Profit Margin": -0.0593
    },
    "2014": {
        "Revenue": 259526004.0,
        "Revenue Growth": NaN,
        "Cost of Revenue": 191068901.0,
        "Gross Profit": 68457103.0,
        "R&D Expenses": 0.0,
        "SG&A Expense": 17027863.0,
        "Operating Expenses": 52655028.0,
        "Operating Income": 15802075.0,
        "Interest Expense": 4788074.0,
        "Earnings before Tax": 5503646.0,
        "Income Tax Expense": 7514194.0,
        "Net Income - Non-Controlling int": 0.0,
        "Net Income - Discontinued ops": 0.0,
        "Net Income": -2010548.0,
        "Preferred Dividends": 0.0,
        "Net Income Com": -2010548.0,
        "EPS": -0.1,
        "EPS Diluted": -0.1,
        "Weighted Average Shs Out": NaN,
        "Weighted Average Shs Out (Dil)": 21056073.0,
        "Dividend per Share": 0.0,
        "Gross Margin": 0.2638,
        "EBITDA Margin": 0.177,
        "EBIT Margin": 0.0397,
        "Profit Margin": -0.008,
        "Free Cash Flow margin": -0.3868,
        "EBITDA": 45918885.0,
        "EBIT": 10291720.0,
        "Consolidated Income": -2010548.0,
        "Earnings Before Tax Margin": 0.0212,
        "Net Profit Margin": -0.0077
    }
}