{
    "2018": {
        "Revenue": 411769000.0,
        "Revenue Growth": 0.435976035040732,
        "Cost of Revenue": 156027000.0,
        "Gross Profit": 255742000.0,
        "R&D Expenses": 0.0,
        "SG&A Expense": 304004000.0,
        "Operating Expenses": 302282000.0,
        "Operating Income": -46540000.0,
        "Interest Expense": 108000.0,
        "Earnings before Tax": -43197000.0,
        "Income Tax Expense": -4867000.0,
        "Net Income - Non-Controlling int": 0.0,
        "Net Income - Discontinued ops": 0.0,
        "Net Income": -38330000.0,
        "Preferred Dividends": 0.0,
        "Net Income Com": -38330000.0,
        "EPS": -0.69,
        "EPS Diluted": -0.69,
        "Weighted Average Shs Out": 55833492.0,
        "Weighted Average Shs Out (Dil)": 55833492.0,
        "Dividend per Share": 0.0,
        "Gross Margin": 0.621081237296,
        "EBITDA Margin": -0.0334046516372,
        "EBIT Margin": -0.113024535601,
        "Profit Margin": -0.0930861721013,
        "Free Cash Flow margin": -0.0367099028824,
        "EBITDA": -13755000.0,
        "EBIT": -46540000.0,
        "Consolidated Income": -38330000.0,
        "Earnings Before Tax Margin": -0.104905905981,
        "Net Profit Margin": -0.0930861721013
    },
    "2017": {
        "Revenue": 286752000.0,
        "Revenue Growth": 0.392919597404111,
        "Cost of Revenue": 104168000.0,
        "Gross Profit": 182584000.0,
        "R&D Expenses": 0.0,
        "SG&A Expense": 213588000.0,
        "Operating Expenses": 212722000.0,
        "Operating Income": -30138000.0,
        "Interest Expense": 87000.0,
        "Earnings before Tax": -30720000.0,
        "Income Tax Expense": -1297000.0,
        "Net Income - Non-Controlling int": 0.0,
        "Net Income - Discontinued ops": 0.0,
        "Net Income": -29423000.0,
        "Preferred Dividends": 0.0,
        "Net Income Com": -29423000.0,
        "EPS": -0.6,
        "EPS Diluted": -0.6,
        "Weighted Average Shs Out": 49062611.0,
        "Weighted Average Shs Out (Dil)": 49062611.0,
        "Dividend per Share": 0.0,
        "Gross Margin": 0.636731391586,
        "EBITDA Margin": -0.0366658297065,
        "EBIT Margin": -0.105101272179,
        "Profit Margin": -0.102607828367,
        "Free Cash Flow margin": -0.0669916861957,
        "EBITDA": -10514000.0,
        "EBIT": -30138000.0,
        "Consolidated Income": -29423000.0,
        "Earnings Before Tax Margin": -0.107130900569,
        "Net Profit Margin": -0.102607828367
    },
    "2016": {
        "Revenue": 205864000.0,
        "Revenue Growth": 0.37065395421921,
        "Cost of Revenue": 74265000.0,
        "Gross Profit": 131599000.0,
        "R&D Expenses": 0.0,
        "SG&A Expense": 152631000.0,
        "Operating Expenses": 152631000.0,
        "Operating Income": -21032000.0,
        "Interest Expense": 0.0,
        "Earnings before Tax": -20684000.0,
        "Income Tax Expense": 0.0,
        "Net Income - Non-Controlling int": 0.0,
        "Net Income - Discontinued ops": 0.0,
        "Net Income": -20684000.0,
        "Preferred Dividends": 0.0,
        "Net Income Com": -20684000.0,
        "EPS": -0.44,
        "EPS Diluted": -0.44,
        "Weighted Average Shs Out": 46609751.0,
        "Weighted Average Shs Out (Dil)": 46609751.0,
        "Dividend per Share": 0.0,
        "Gross Margin": 0.639252127618,
        "EBITDA Margin": -0.0548031710255,
        "EBIT Margin": -0.10216453581,
        "Profit Margin": -0.100474099405,
        "Free Cash Flow margin": -0.0118427699841,
        "EBITDA": -11282000.0,
        "EBIT": -21032000.0,
        "Consolidated Income": -20684000.0,
        "Earnings Before Tax Margin": -0.100474099405,
        "Net Profit Margin": -0.100474099405
    },
    "2015": {
        "Revenue": 150194000.0,
        "Revenue Growth": 0.362439789911012,
        "Cost of Revenue": 59008000.0,
        "Gross Profit": 91186000.0,
        "R&D Expenses": 0.0,
        "SG&A Expense": 117034000.0,
        "Operating Expenses": 117284000.0,
        "Operating Income": -26098000.0,
        "Interest Expense": 0.0,
        "Earnings before Tax": -26733000.0,
        "Income Tax Expense": 0.0,
        "Net Income - Non-Controlling int": 0.0,
        "Net Income - Discontinued ops": 0.0,
        "Net Income": -26733000.0,
        "Preferred Dividends": 0.0,
        "Net Income Com": -26733000.0,
        "EPS": -0.63,
        "EPS Diluted": -0.63,
        "Weighted Average Shs Out": 42420356.0,
        "Weighted Average Shs Out (Dil)": 42420356.0,
        "Dividend per Share": 0.0,
        "Gross Margin": 0.60712145625,
        "EBITDA Margin": -0.125690773267,
        "EBIT Margin": -0.173761934565,
        "Profit Margin": -0.177989799859,
        "Free Cash Flow margin": -0.0889715967349,
        "EBITDA": -18878000.0,
        "EBIT": -26098000.0,
        "Consolidated Income": -26733000.0,
        "Earnings Before Tax Margin": -0.177989799859,
        "Net Profit Margin": -0.177989799859
    },
    "2014": {
        "Revenue": 110239000.0,
        "Revenue Growth": 0.326151551240872,
        "Cost of Revenue": 49479000.0,
        "Gross Profit": 60760000.0,
        "R&D Expenses": 0.0,
        "SG&A Expense": 88638000.0,
        "Operating Expenses": 88638000.0,
        "Operating Income": -27878000.0,
        "Interest Expense": 1213000.0,
        "Earnings before Tax": -28999000.0,
        "Income Tax Expense": 0.0,
        "Net Income - Non-Controlling int": 0.0,
        "Net Income - Discontinued ops": 0.0,
        "Net Income": -28999000.0,
        "Preferred Dividends": 89000.0,
        "Net Income Com": -28999000.0,
        "EPS": -0.91,
        "EPS Diluted": -0.91,
        "Weighted Average Shs Out": 32075107.0,
        "Weighted Average Shs Out (Dil)": 32075107.0,
        "Dividend per Share": 0.0,
        "Gross Margin": 0.55116610274,
        "EBITDA Margin": -0.202342183801,
        "EBIT Margin": -0.252886909351,
        "Profit Margin": -0.263055724381,
        "Free Cash Flow margin": -0.14049474324,
        "EBITDA": -22306000.0,
        "EBIT": -27878000.0,
        "Consolidated Income": -28999000.0,
        "Earnings Before Tax Margin": -0.263055724381,
        "Net Profit Margin": -0.263055724381
    },
    "2013": {
        "Revenue": 83127000.0,
        "Revenue Growth": 0.487625046976503,
        "Cost of Revenue": 22718000.0,
        "Gross Profit": 60409000.0,
        "R&D Expenses": 19472000.0,
        "SG&A Expense": 68943000.0,
        "Operating Expenses": 88415000.0,
        "Operating Income": -28006000.0,
        "Interest Expense": -27000.0,
        "Earnings before Tax": -27953000.0,
        "Income Tax Expense": 0.0,
        "Net Income - Non-Controlling int": 0.0,
        "Net Income - Discontinued ops": 0.0,
        "Net Income": -27953000.0,
        "Preferred Dividends": 347000.0,
        "Net Income Com": -28300000.0,
        "EPS": -3.81,
        "EPS Diluted": -3.81,
        "Weighted Average Shs Out": 39130341.0,
        "Weighted Average Shs Out (Dil)": 7432055.0,
        "Dividend per Share": 0.0,
        "Gross Margin": 0.7267,
        "EBITDA Margin": -0.284,
        "EBIT Margin": -0.3366,
        "Profit Margin": -0.34,
        "Free Cash Flow margin": -0.2798,
        "EBITDA": -23645000.0,
        "EBIT": -27980000.0,
        "Consolidated Income": -27953000.0,
        "Earnings Before Tax Margin": -0.3363,
        "Net Profit Margin": -0.3363
    },
    "2012": {
        "Revenue": 55879000.0,
        "Revenue Growth": 0.879359634076615,
        "Cost of Revenue": 14926000.0,
        "Gross Profit": 40953000.0,
        "R&D Expenses": 8299000.0,
        "SG&A Expense": 55732000.0,
        "Operating Expenses": 64031000.0,
        "Operating Income": -23078000.0,
        "Interest Expense": 73000.0,
        "Earnings before Tax": -23113000.0,
        "Income Tax Expense": 0.0,
        "Net Income - Non-Controlling int": 0.0,