{
    "2018": {
        "Revenue": 2825000000.0,
        "Revenue Growth": 0.0303450288131884,
        "Cost of Revenue": 2138700000.0,
        "Gross Profit": 686300000.0,
        "R&D Expenses": 31900000.0,
        "SG&A Expense": 370300000.0,
        "Operating Expenses": 402200000.0,
        "Operating Income": 284100000.0,
        "Interest Expense": 64000000.0,
        "Earnings before Tax": 143200000.0,
        "Income Tax Expense": 64300000.0,
        "Net Income - Non-Controlling int": 0.0,
        "Net Income - Discontinued ops": 0.0,
        "Net Income": 75500000.0,
        "Preferred Dividends": 0.0,
        "Net Income Com": 75500000.0,
        "EPS": 1.48,
        "EPS Diluted": 1.3,
        "Weighted Average Shs Out": 50946000.0,
        "Weighted Average Shs Out (Dil)": 73355000.0,
        "Dividend per Share": 0.0,
        "Gross Margin": 0.242938053097,
        "EBITDA Margin": 0.158654867257,
        "EBIT Margin": 0.100566371681,
        "Profit Margin": 0.0267256637168,
        "Free Cash Flow margin": 0.0135575221239,
        "EBITDA": 448200000.0,
        "EBIT": 284100000.0,
        "Consolidated Income": 75500000.0,
        "Earnings Before Tax Margin": 0.0506902654867,
        "Net Profit Margin": 0.0267256637168
    },
    "2017": {
        "Revenue": 2741800000.0,
        "Revenue Growth": -0.0279717800545964,
        "Cost of Revenue": 2263500000.0,
        "Gross Profit": 478300000.0,
        "R&D Expenses": 47200000.0,
        "SG&A Expense": 426500000.0,
        "Operating Expenses": 473700000.0,
        "Operating Income": 4600000.0,
        "Interest Expense": 52800000.0,
        "Earnings before Tax": -72100000.0,
        "Income Tax Expense": -5500000.0,
        "Net Income - Non-Controlling int": 0.0,
        "Net Income - Discontinued ops": 0.0,
        "Net Income": -65300000.0,
        "Preferred Dividends": 0.0,
        "Net Income Com": -65300000.0,
        "EPS": -1.3,
        "EPS Diluted": -1.3,
        "Weighted Average Shs Out": 50409000.0,
        "Weighted Average Shs Out (Dil)": 50409000.0,
        "Dividend per Share": 0.0,
        "Gross Margin": 0.174447443285,
        "EBITDA Margin": 0.0587570209352,
        "EBIT Margin": 0.00167772995842,
        "Profit Margin": -0.0238164709315,
        "Free Cash Flow margin": 0.0512801809031,
        "EBITDA": 161100000.0,
        "EBIT": 4600000.0,
        "Consolidated Income": -65300000.0,
        "Earnings Before Tax Margin": -0.0262965934787,
        "Net Profit Margin": -0.0238164709315
    },
    "2016": {
        "Revenue": 2820700000.0,
        "Revenue Growth": -0.0644754734503001,
        "Cost of Revenue": 2262100000.0,
        "Gross Profit": 558600000.0,
        "R&D Expenses": 55400000.0,
        "SG&A Expense": 455600000.0,
        "Operating Expenses": 511000000.0,
        "Operating Income": 47600000.0,
        "Interest Expense": 27400000.0,
        "Earnings before Tax": 20500000.0,
        "Income Tax Expense": 57200000.0,
        "Net Income - Non-Controlling int": 0.0,
        "Net Income - Discontinued ops": 0.0,
        "Net Income": -47700000.0,
        "Preferred Dividends": 0.0,
        "Net Income Com": -47700000.0,
        "EPS": -0.95,
        "EPS Diluted": -0.95,
        "Weighted Average Shs Out": 50060000.0,
        "Weighted Average Shs Out (Dil)": 50060000.0,
        "Dividend per Share": 0.0,
        "Gross Margin": 0.198035948523,
        "EBITDA Margin": 0.0720388556032,
        "EBIT Margin": 0.0168752437338,
        "Profit Margin": -0.0169106959265,
        "Free Cash Flow margin": 0.0658347218775,
        "EBITDA": 203200000.0,
        "EBIT": 47600000.0,
        "Consolidated Income": -47700000.0,
        "Earnings Before Tax Margin": 0.00726769950721,
        "Net Profit Margin": -0.0169106959265
    },
    "2015": {
        "Revenue": 3015100000.0,
        "Revenue Growth": -0.101686330592301,
        "Cost of Revenue": 2474200000.0,
        "Gross Profit": 540900000.0,
        "R&D Expenses": 76400000.0,
        "SG&A Expense": 519600000.0,
        "Operating Expenses": 596000000.0,
        "Operating Income": -55100000.0,
        "Interest Expense": 11900000.0,
        "Earnings before Tax": -58800000.0,
        "Income Tax Expense": 44400000.0,
        "Net Income - Non-Controlling int": 0.0,
        "Net Income - Discontinued ops": 0.0,
        "Net Income": -109900000.0,
        "Preferred Dividends": 0.0,
        "Net Income Com": -109900000.0,
        "EPS": -2.2,
        "EPS Diluted": -2.2,
        "Weighted Average Shs Out": 49905000.0,
        "Weighted Average Shs Out (Dil)": 49905000.0,
        "Dividend per Share": 0.0,
        "Gross Margin": 0.179397034924,
        "EBITDA Margin": 0.0414579947597,
        "EBIT Margin": -0.0182746840901,
        "Profit Margin": -0.0364498689927,
        "Free Cash Flow margin": -0.016052535571,
        "EBITDA": 125000000.0,
        "EBIT": -55100000.0,
        "Consolidated Income": -109900000.0,
        "Earnings Before Tax Margin": -0.019501840735,
        "Net Profit Margin": -0.0364498689927
    },
    "2014": {
        "Revenue": 3356400000.0,
        "Revenue Growth": -0.028959930565601,
        "Cost of Revenue": 2578600000.0,
        "Gross Profit": 777800000.0,
        "R&D Expenses": 68800000.0,
        "SG&A Expense": 554100000.0,
        "Operating Expenses": 622900000.0,
        "Operating Income": 154900000.0,
        "Interest Expense": 9200000.0,
        "Earnings before Tax": 145500000.0,
        "Income Tax Expense": 86200000.0,
        "Net Income - Non-Controlling int": 0.0,
        "Net Income - Discontinued ops": 0.0,
        "Net Income": 46700000.0,
        "Preferred Dividends": 2700000.0,
        "Net Income Com": 46700000.0,
        "EPS": 0.89,
        "EPS Diluted": 0.89,
        "Weighted Average Shs Out": 49280000.0,
        "Weighted Average Shs Out (Dil)": 49584000.0,
        "Dividend per Share": 0.080671184253,
        "Gross Margin": 0.231736384221,
        "EBITDA Margin": 0.0963830294363,
        "EBIT Margin": 0.0461506375879,
        "Profit Margin": 0.0139137170778,
        "Free Cash Flow margin": 0.0202895959957,
        "EBITDA": 323500000.0,
        "EBIT": 154900000.0,
        "Consolidated Income": 46700000.0,
        "Earnings Before Tax Margin": 0.0433500178763,
        "Net Profit Margin": 0.0139137170778
    },
    "2013": {
        "Revenue": 3456500000.0,
        "Revenue Growth": -0.0674239153895964,
        "Cost of Revenue": 2608100000.0,
        "Gross Profit": 848400000.0,
        "R&D Expenses": 69500000.0,
        "SG&A Expense": 559400000.0,
        "Operating Expenses": 628900000.0,
        "Operating Income": 219500000.0,
        "Interest Expense": 9900000.0,
        "Earnings before Tax": 219400000.0,
        "Income Tax Expense": 99300000.0,
        "Net Income - Non-Controlling int": 0.0,
        "Net Income - Discontinued ops": 0.0,
        "Net Income": 108500000.0,
        "Preferred Dividends": 16200000.0,
        "Net Income Com": 108500000.0,
        "EPS": 2.1,
        "EPS Diluted": 2.08,
        "Weighted Average Shs Out": 43899000.0,
        "Weighted Average Shs Out (Dil)": 44347000.0,
        "Dividend per Share": 0.365300922272,
        "Gross Margin": 0.245450600318,
        "EBITDA Margin": 0.109677419355,
        "EBIT Margin": 0.0635035440474,
        "Profit Margin": 0.0313901345291,
        "Free Cash Flow margin": 0.0405612613916,
        "EBITDA": 379100000.0,
        "EBIT": 219500000.0,
        "Consolidated Income": 108500000.0,
        "Earnings Before Tax Margin": 0.0634746130479,
        "Net Profit Margin": 0.0313901345291
    },
    "2012": {
        "Revenue": 3706400000.0,
        "Revenue Growth": -0.0382479630494577,
        "Cost of Revenue": 2732900000.0,
        "Gross Profit": 973500000.0,
        "R&D Expenses": 81500000.0,
        "SG&A Expense": 572800000.0,
        "Operating Expenses": 654300000.0,
        "Operating Income": 319200000.0,