{
    "2018": {
        "Revenue": 534060000.0,
        "Revenue Growth": 0.196014628258158,
        "Cost of Revenue": 350232000.0,
        "Gross Profit": 183828000.0,
        "R&D Expenses": 0.0,
        "SG&A Expense": 130407000.0,
        "Operating Expenses": 162609000.0,
        "Operating Income": 21219000.0,
        "Interest Expense": 0.0,
        "Earnings before Tax": 16578000.0,
        "Income Tax Expense": 4374000.0,
        "Net Income - Non-Controlling int": 0.0,
        "Net Income - Discontinued ops": 0.0,
        "Net Income": 12204000.0,
        "Preferred Dividends": 0.0,
        "Net Income Com": 12204000.0,
        "EPS": 1.49,
        "EPS Diluted": 1.49,
        "Weighted Average Shs Out": 8194000.0,
        "Weighted Average Shs Out (Dil)": 8218000.0,
        "Dividend per Share": 0.0,
        "Gross Margin": 0.344208515897,
        "EBITDA Margin": 0.0927667303299,
        "EBIT Margin": 0.0397314908437,
        "Profit Margin": 0.0228513650152,
        "Free Cash Flow margin": 0.0491405460061,
        "EBITDA": 49543000.0,
        "EBIT": 21219000.0,
        "Consolidated Income": 12204000.0,
        "Earnings Before Tax Margin": 0.0310414560162,
        "Net Profit Margin": 0.0228513650152
    },
    "2017": {
        "Revenue": 446533000.0,
        "Revenue Growth": 0.0406293186420849,
        "Cost of Revenue": 296770000.0,
        "Gross Profit": 149763000.0,
        "R&D Expenses": 0.0,
        "SG&A Expense": 122297000.0,
        "Operating Expenses": 151831000.0,
        "Operating Income": -2068000.0,
        "Interest Expense": 0.0,
        "Earnings before Tax": -6263000.0,
        "Income Tax Expense": -13760000.0,
        "Net Income - Non-Controlling int": 0.0,
        "Net Income - Discontinued ops": 0.0,
        "Net Income": 7497000.0,
        "Preferred Dividends": 0.0,
        "Net Income Com": 7497000.0,
        "EPS": 0.93,
        "EPS Diluted": 0.93,
        "Weighted Average Shs Out": 8029000.0,
        "Weighted Average Shs Out (Dil)": 8056000.0,
        "Dividend per Share": 0.0,
        "Gross Margin": 0.335390665416,
        "EBITDA Margin": 0.0591109727613,
        "EBIT Margin": -0.00463123666112,
        "Profit Margin": 0.0167893526346,
        "Free Cash Flow margin": 0.0481061870007,
        "EBITDA": 26395000.0,
        "EBIT": -2068000.0,
        "Consolidated Income": 7497000.0,
        "Earnings Before Tax Margin": -0.0140258390757,
        "Net Profit Margin": 0.0167893526346
    },
    "2016": {
        "Revenue": 429099000.0,
        "Revenue Growth": -0.155207172585415,
        "Cost of Revenue": 288730000.0,
        "Gross Profit": 140369000.0,
        "R&D Expenses": 0.0,
        "SG&A Expense": 122408000.0,
        "Operating Expenses": 147885000.0,
        "Operating Income": -7516000.0,
        "Interest Expense": 0.0,
        "Earnings before Tax": -11218000.0,
        "Income Tax Expense": -3519000.0,
        "Net Income - Non-Controlling int": 0.0,
        "Net Income - Discontinued ops": 0.0,
        "Net Income": -7699000.0,
        "Preferred Dividends": 0.0,
        "Net Income Com": -7699000.0,
        "EPS": -0.9,
        "EPS Diluted": -0.9,
        "Weighted Average Shs Out": 8550000.0,
        "Weighted Average Shs Out (Dil)": 8550000.0,
        "Dividend per Share": 0.0,
        "Gross Margin": 0.327124975821,
        "EBITDA Margin": 0.0522909631577,
        "EBIT Margin": -0.0175157714187,
        "Profit Margin": -0.017942246428,
        "Free Cash Flow margin": -0.0875415696611,
        "EBITDA": 22438000.0,
        "EBIT": -7516000.0,
        "Consolidated Income": -7699000.0,
        "Earnings Before Tax Margin": -0.0261431511143,
        "Net Profit Margin": -0.017942246428
    },
    "2015": {
        "Revenue": 507934000.0,
        "Revenue Growth": -0.156923832777019,
        "Cost of Revenue": 318972000.0,
        "Gross Profit": 188962000.0,
        "R&D Expenses": 0.0,
        "SG&A Expense": 140649000.0,
        "Operating Expenses": 165891000.0,
        "Operating Income": 23071000.0,
        "Interest Expense": 0.0,
        "Earnings before Tax": 19341000.0,
        "Income Tax Expense": 8272000.0,
        "Net Income - Non-Controlling int": 0.0,
        "Net Income - Discontinued ops": 0.0,
        "Net Income": 11069000.0,
        "Preferred Dividends": 0.0,
        "Net Income Com": 11069000.0,
        "EPS": 1.07,
        "EPS Diluted": 1.06,
        "Weighted Average Shs Out": 10337000.0,
        "Weighted Average Shs Out (Dil)": 10401000.0,
        "Dividend per Share": 0.0,
        "Gross Margin": 0.372020774353,
        "EBITDA Margin": 0.119210369851,
        "EBIT Margin": 0.0454212555174,
        "Profit Margin": 0.021792201349,
        "Free Cash Flow margin": -0.0119326526675,
        "EBITDA": 60551000.0,
        "EBIT": 23071000.0,
        "Consolidated Income": 11069000.0,
        "Earnings Before Tax Margin": 0.038077781759,
        "Net Profit Margin": 0.021792201349
    },
    "2014": {
        "Revenue": 602477000.0,
        "Revenue Growth": 0.0,
        "Cost of Revenue": 408850000.0,
        "Gross Profit": 193627000.0,
        "R&D Expenses": 0.0,
        "SG&A Expense": 153410000.0,
        "Operating Expenses": 176384000.0,
        "Operating Income": 17243000.0,
        "Interest Expense": 0.0,
        "Earnings before Tax": 11226000.0,
        "Income Tax Expense": 5193000.0,
        "Net Income - Non-Controlling int": 0.0,
        "Net Income - Discontinued ops": 0.0,
        "Net Income": 6033000.0,
        "Preferred Dividends": 0.0,
        "Net Income Com": 6033000.0,
        "EPS": 0.58,
        "EPS Diluted": 0.58,
        "Weighted Average Shs Out": 10356000.0,
        "Weighted Average Shs Out (Dil)": 10485000.0,
        "Dividend per Share": 0.0,
        "Gross Margin": 0.321384882742,
        "EBITDA Margin": 0.101369844824,
        "EBIT Margin": 0.0286201796915,
        "Profit Margin": 0.0100136602725,
        "Free Cash Flow margin": -0.00773141547312,
        "EBITDA": 61073000.0,
        "EBIT": 17243000.0,
        "Consolidated Income": 6033000.0,
        "Earnings Before Tax Margin": 0.0186330764494,
        "Net Profit Margin": 0.0100136602725
    },
    "2013": {
        "Revenue": 555005000.0,
        "Revenue Growth": 0.0830887461262851,
        "Cost of Revenue": 330973000.0,
        "Gross Profit": 224032000.0,
        "R&D Expenses": 0.0,
        "SG&A Expense": 147879000.0,
        "Operating Expenses": 234133000.0,
        "Operating Income": -10101000.0,
        "Interest Expense": 3662000.0,
        "Earnings before Tax": -14532000.0,
        "Income Tax Expense": -4539000.0,
        "Net Income - Non-Controlling int": 0.0,
        "Net Income - Discontinued ops": 0.0,
        "Net Income": -9993000.0,
        "Preferred Dividends": 0.0,
        "Net Income Com": -9993000.0,
        "EPS": -0.97,
        "EPS Diluted": -0.97,
        "Weighted Average Shs Out": 10547851.0,
        "Weighted Average Shs Out (Dil)": 10323000.0,
        "Dividend per Share": 0.0,
        "Gross Margin": 0.4037,
        "EBITDA Margin": 0.061,
        "EBIT Margin": -0.0196,
        "Profit Margin": -0.018,
        "Free Cash Flow margin": 0.0698,
        "EBITDA": 34077000.0,
        "EBIT": -10870000.0,
        "Consolidated Income": -9993000.0,
        "Earnings Before Tax Margin": -0.0262,
        "Net Profit Margin": -0.018
    },
    "2012": {
        "Revenue": 512428000.0,
        "Revenue Growth": -0.0134383759972892,
        "Cost of Revenue": 375761000.0,
        "Gross Profit": 136667000.0,
        "R&D Expenses": 0.0,
        "SG&A Expense": 142263000.0,
        "Operating Expenses": 159939000.0,
        "Operating Income": -23272000.0,
        "Interest Expense": 0.0,
        "Earnings before Tax": 0.0,
        "Income Tax Expense": -9589000.0,
        "Net Income - Non-Controlling int": 0.0,
        "Net Income - Discontinued ops": 0.0,
        "Net Income": -17671000.0,