{
    "2018": {
        "Revenue": 24175000000.0,
        "Revenue Growth": 0.00115288915330461,
        "Cost of Revenue": 19869000000.0,
        "Gross Profit": 4306000000.0,
        "R&D Expenses": 0.0,
        "SG&A Expense": 3647000000.0,
        "Operating Expenses": 3648000000.0,
        "Operating Income": 658000000.0,
        "Interest Expense": 175000000.0,
        "Earnings before Tax": 496000000.0,
        "Income Tax Expense": 89000000.0,
        "Net Income - Non-Controlling int": 0.0,
        "Net Income - Discontinued ops": 0.0,
        "Net Income": 407000000.0,
        "Preferred Dividends": 0.0,
        "Net Income Com": 407000000.0,
        "EPS": 1.88,
        "EPS Diluted": 1.87,
        "Weighted Average Shs Out": 216112021.0,
        "Weighted Average Shs Out (Dil)": 217825545.0,
        "Dividend per Share": 0.0,
        "Gross Margin": 0.178117890383,
        "EBITDA Margin": 0.0415718717684,
        "EBIT Margin": 0.0272182006205,
        "Profit Margin": 0.01683557394,
        "Free Cash Flow margin": 0.0154705274043,
        "EBITDA": 1005000000.0,
        "EBIT": 658000000.0,
        "Consolidated Income": 407000000.0,
        "Earnings Before Tax Margin": 0.0205170630817,
        "Net Profit Margin": 0.01683557394
    },
    "2017": {
        "Revenue": 24147161000.0,
        "Revenue Growth": 0.0535958501855768,
        "Cost of Revenue": 19929618000.0,
        "Gross Profit": 4217543000.0,
        "R&D Expenses": 0.0,
        "SG&A Expense": 3644290000.0,
        "Operating Expenses": 3644290000.0,
        "Operating Income": 573824000.0,
        "Interest Expense": 169582000.0,
        "Earnings before Tax": 404242000.0,
        "Income Tax Expense": -40052000.0,
        "Net Income - Non-Controlling int": 0.0,
        "Net Income - Discontinued ops": 0.0,
        "Net Income": 444294000.0,
        "Preferred Dividends": 0.0,
        "Net Income Com": 444294000.0,
        "EPS": 2.0,
        "EPS Diluted": 1.97,
        "Weighted Average Shs Out": 222383038.0,
        "Weighted Average Shs Out (Dil)": 225663785.0,
        "Dividend per Share": 0.0,
        "Gross Margin": 0.174659994191,
        "EBITDA Margin": 0.0396496300331,
        "EBIT Margin": 0.0237636217359,
        "Profit Margin": 0.0183994300614,
        "Free Cash Flow margin": 0.0218313863067,
        "EBITDA": 957426000.0,
        "EBIT": 573824000.0,
        "Consolidated Income": 444294000.0,
        "Earnings Before Tax Margin": 0.0167407671651,
        "Net Profit Margin": 0.0183994300614
    },
    "2016": {
        "Revenue": 22918808000.0,
        "Revenue Growth": -0.00902491454773471,
        "Cost of Revenue": 18865536000.0,
        "Gross Profit": 4053272000.0,
        "R&D Expenses": 0.0,
        "SG&A Expense": 3585986000.0,
        "Operating Expenses": 3639451000.0,
        "Operating Income": 413821000.0,
        "Interest Expense": 229080000.0,
        "Earnings before Tax": 131109000.0,
        "Income Tax Expense": -78685000.0,
        "Net Income - Non-Controlling int": 0.0,
        "Net Income - Discontinued ops": 0.0,
        "Net Income": 209794000.0,
        "Preferred Dividends": 0.0,
        "Net Income Com": 209794000.0,
        "EPS": 1.05,
        "EPS Diluted": 1.03,
        "Weighted Average Shs Out": 200129868.0,
        "Weighted Average Shs Out (Dil)": 204024726.0,
        "Dividend per Share": 0.0,
        "Gross Margin": 0.176853525716,
        "EBITDA Margin": 0.0366851539574,
        "EBIT Margin": 0.0180559564878,
        "Profit Margin": 0.00915379194241,
        "Free Cash Flow margin": 0.0170710012493,
        "EBITDA": 840780000.0,
        "EBIT": 413821000.0,
        "Consolidated Income": 209794000.0,
        "Earnings Before Tax Margin": 0.00572058546849,
        "Net Profit Margin": 0.00915379194241
    },
    "2014": {
        "Revenue": 23019801000.0,
        "Revenue Growth": NaN,
        "Cost of Revenue": 19222092000.0,
        "Gross Profit": 3797709000.0,
        "R&D Expenses": 0.0,
        "SG&A Expense": 3545453000.0,
        "Operating Expenses": 3545453000.0,
        "Operating Income": 252256000.0,
        "Interest Expense": 289202000.0,
        "Earnings before Tax": -36946000.0,
        "Income Tax Expense": 35968000.0,
        "Net Income - Non-Controlling int": 0.0,
        "Net Income - Discontinued ops": 0.0,
        "Net Income": -72914000.0,
        "Preferred Dividends": 0.0,
        "Net Income Com": -72914000.0,
        "EPS": -0.43,
        "EPS Diluted": -0.43,
        "Weighted Average Shs Out": NaN,
        "Weighted Average Shs Out (Dil)": 169467651.0,
        "Dividend per Share": 0.0,
        "Gross Margin": 0.165,
        "EBITDA Margin": 0.029,
        "EBIT Margin": 0.011,
        "Profit Margin": -0.003,
        "Free Cash Flow margin": 0.0122,
        "EBITDA": 663805000.0,
        "EBIT": 252256000.0,
        "Consolidated Income": -72914000.0,
        "Earnings Before Tax Margin": -0.0016,
        "Net Profit Margin": -0.0032
    }
}