{
    "2018": {
        "Revenue": 1189248000.0,
        "Revenue Growth": 0.135575045475596,
        "Cost of Revenue": 200710000.0,
        "Gross Profit": 988538000.0,
        "R&D Expenses": 10242000.0,
        "SG&A Expense": 275059000.0,
        "Operating Expenses": 800185000.0,
        "Operating Income": 188353000.0,
        "Interest Expense": 36000.0,
        "Earnings before Tax": 191510000.0,
        "Income Tax Expense": 65286000.0,
        "Net Income - Non-Controlling int": 0.0,
        "Net Income - Discontinued ops": 0.0,
        "Net Income": 126224000.0,
        "Preferred Dividends": 0.0,
        "Net Income Com": 126224000.0,
        "EPS": 5.24,
        "EPS Diluted": 5.12,
        "Weighted Average Shs Out": 24105000.0,
        "Weighted Average Shs Out (Dil)": 24642000.0,
        "Dividend per Share": 0.0,
        "Gross Margin": 0.831229482833,
        "EBITDA Margin": 0.1725426488,
        "EBIT Margin": 0.158379917393,
        "Profit Margin": 0.106137660101,
        "Free Cash Flow margin": 0.118298285976,
        "EBITDA": 205196000.0,
        "EBIT": 188353000.0,
        "Consolidated Income": 126224000.0,
        "Earnings Before Tax Margin": 0.16103453611,
        "Net Profit Margin": 0.106137660101
    },
    "2017": {
        "Revenue": 1047265000.0,
        "Revenue Growth": 0.0409330045334232,
        "Cost of Revenue": 179404000.0,
        "Gross Profit": 867861000.0,
        "R&D Expenses": 8952000.0,
        "SG&A Expense": 265094000.0,
        "Operating Expenses": 735357000.0,
        "Operating Income": 132504000.0,
        "Interest Expense": 46000.0,
        "Earnings before Tax": 134640000.0,
        "Income Tax Expense": 72105000.0,
        "Net Income - Non-Controlling int": 0.0,
        "Net Income - Discontinued ops": 0.0,
        "Net Income": 62535000.0,
        "Preferred Dividends": 0.0,
        "Net Income Com": 62535000.0,
        "EPS": 2.57,
        "EPS Diluted": 2.53,
        "Weighted Average Shs Out": 24349000.0,
        "Weighted Average Shs Out (Dil)": 24708000.0,
        "Dividend per Share": 0.0,
        "Gross Margin": 0.828692833237,
        "EBITDA Margin": 0.141906776222,
        "EBIT Margin": 0.126523850219,
        "Profit Margin": 0.0597126801717,
        "Free Cash Flow margin": 0.105573087996,
        "EBITDA": 148614000.0,
        "EBIT": 132504000.0,
        "Consolidated Income": 62535000.0,
        "Earnings Before Tax Margin": 0.128563448602,
        "Net Profit Margin": 0.0597126801717
    },
    "2016": {
        "Revenue": 1006083000.0,
        "Revenue Growth": 0.095355574693059,
        "Cost of Revenue": 180190000.0,
        "Gross Profit": 825893000.0,
        "R&D Expenses": 8842000.0,
        "SG&A Expense": 234194000.0,
        "Operating Expenses": 687271000.0,
        "Operating Income": 138622000.0,
        "Interest Expense": 444000.0,
        "Earnings before Tax": 138552000.0,
        "Income Tax Expense": 38511000.0,
        "Net Income - Non-Controlling int": 0.0,
        "Net Income - Discontinued ops": 0.0,
        "Net Income": 100041000.0,
        "Preferred Dividends": 0.0,
        "Net Income Com": 100041000.0,
        "EPS": 4.14,
        "EPS Diluted": 3.99,
        "Weighted Average Shs Out": 24185000.0,
        "Weighted Average Shs Out (Dil)": 25047000.0,
        "Dividend per Share": 0.0,
        "Gross Margin": 0.820899468533,
        "EBITDA Margin": 0.151184345626,
        "EBIT Margin": 0.137783860775,
        "Profit Margin": 0.0994361300211,
        "Free Cash Flow margin": 0.103701185687,
        "EBITDA": 152104000.0,
        "EBIT": 138622000.0,
        "Consolidated Income": 100041000.0,
        "Earnings Before Tax Margin": 0.13771428401,
        "Net Profit Margin": 0.0994361300211
    },
    "2015": {
        "Revenue": 790471000.0,
        "Revenue Growth": 0.100666272148153,
        "Cost of Revenue": 140794000.0,
        "Gross Profit": 649677000.0,
        "R&D Expenses": 5128000.0,
        "SG&A Expense": 184531000.0,
        "Operating Expenses": 533575000.0,
        "Operating Income": 116102000.0,
        "Interest Expense": 129000.0,
        "Earnings before Tax": 115653000.0,
        "Income Tax Expense": 39017000.0,
        "Net Income - Non-Controlling int": 0.0,
        "Net Income - Discontinued ops": 0.0,
        "Net Income": 76636000.0,
        "Preferred Dividends": 0.0,
        "Net Income Com": 76636000.0,
        "EPS": 5.8,
        "EPS Diluted": 5.6,
        "Weighted Average Shs Out": 13221000.0,
        "Weighted Average Shs Out (Dil)": 13689000.0,
        "Dividend per Share": 0.0,
        "Gross Margin": 0.82188593889,
        "EBITDA Margin": 0.158022242435,
        "EBIT Margin": 0.14687698853,
        "Profit Margin": 0.0969497932245,
        "Free Cash Flow margin": 0.107232270381,
        "EBITDA": 124912000.0,
        "EBIT": 116102000.0,
        "Consolidated Income": 76636000.0,
        "Earnings Before Tax Margin": 0.146308972752,
        "Net Profit Margin": 0.0969497932245
    },
    "2013": {
        "Revenue": 718175000.0,
        "Revenue Growth": 0.107054442091114,
        "Cost of Revenue": 127435000.0,
        "Gross Profit": 590740000.0,
        "R&D Expenses": 5083000.0,
        "SG&A Expense": 166208000.0,
        "Operating Expenses": 474028000.0,
        "Operating Income": 116712000.0,
        "Interest Expense": 1000.0,
        "Earnings before Tax": 116581000.0,
        "Income Tax Expense": 37557000.0,
        "Net Income - Non-Controlling int": 0.0,
        "Net Income - Discontinued ops": 0.0,
        "Net Income": 79024000.0,
        "Preferred Dividends": 0.0,
        "Net Income Com": 79024000.0,
        "EPS": 5.77,
        "EPS Diluted": 5.56,
        "Weighted Average Shs Out": 13695000.0,
        "Weighted Average Shs Out (Dil)": 14204000.0,
        "Dividend per Share": 0.0,
        "Gross Margin": 0.822557176176,
        "EBITDA Margin": 0.175104953528,
        "EBIT Margin": 0.162511922582,
        "Profit Margin": 0.110034462352,
        "Free Cash Flow margin": 0.126490061615,
        "EBITDA": 125756000.0,
        "EBIT": 116712000.0,
        "Consolidated Income": 79024000.0,
        "Earnings Before Tax Margin": 0.162329515787,
        "Net Profit Margin": 0.110034462352
    },
    "2012": {
        "Revenue": 648726000.0,
        "Revenue Growth": 0.114766324305468,
        "Cost of Revenue": 115804000.0,
        "Gross Profit": 532922000.0,
        "R&D Expenses": 4664000.0,
        "SG&A Expense": 154237000.0,
        "Operating Expenses": 434743000.0,
        "Operating Income": 98179000.0,
        "Interest Expense": 20000.0,
        "Earnings before Tax": 98426000.0,
        "Income Tax Expense": 31993000.0,
        "Net Income - Non-Controlling int": 0.0,
        "Net Income - Discontinued ops": 0.0,
        "Net Income": 66433000.0,
        "Preferred Dividends": 0.0,
        "Net Income Com": 66433000.0,
        "EPS": 4.57,
        "EPS Diluted": 4.45,
        "Weighted Average Shs Out": 14547000.0,
        "Weighted Average Shs Out (Dil)": 14923000.0,
        "Dividend per Share": 0.0,
        "Gross Margin": 0.821490120636,
        "EBITDA Margin": 0.164946371812,
        "EBIT Margin": 0.151341244223,
        "Profit Margin": 0.102405329831,
        "Free Cash Flow margin": 0.130059532067,
        "EBITDA": 107005000.0,
        "EBIT": 98179000.0,
        "Consolidated Income": 66433000.0,
        "Earnings Before Tax Margin": 0.151721990486,
        "Net Profit Margin": 0.102405329831
    },
    "2011": {
        "Revenue": 581939000.0,
        "Revenue Growth": 0.12420698395036,
        "Cost of Revenue": 101692000.0,
        "Gross Profit": 480247000.0,
        "R&D Expenses": 0.0,
        "SG&A Expense": 137063000.0,
        "Operating Expenses": 402991000.0,
        "Operating Income": 77256000.0,
        "Interest Expense": 9000.0,
        "Earnings before Tax": 77478000.0,
        "Income Tax Expense": 26726000.0,