{
    "2018": {
        "Revenue": 66501000000.0,
        "Revenue Growth": 0.111369219713555,
        "Cost of Revenue": 50750000000.0,
        "Gross Profit": 15751000000.0,
        "R&D Expenses": 2462000000.0,
        "SG&A Expense": 7066000000.0,
        "Operating Expenses": 8763000000.0,
        "Operating Income": 8553000000.0,
        "Interest Expense": 1038000000.0,
        "Earnings before Tax": 8280000000.0,
        "Income Tax Expense": 2626000000.0,
        "Net Income - Non-Controlling int": 0.0,
        "Net Income - Discontinued ops": 0.0,
        "Net Income": 5269000000.0,
        "Preferred Dividends": 0.0,
        "Net Income Com": 5269000000.0,
        "EPS": 6.58,
        "EPS Diluted": 6.5,
        "Weighted Average Shs Out": 800400000.0,
        "Weighted Average Shs Out (Dil)": 810100000.0,
        "Dividend per Share": 2.67868164424,
        "Gross Margin": 0.236853581149,
        "EBITDA Margin": 0.1652005233,
        "EBIT Margin": 0.128614607299,
        "Profit Margin": 0.0792318912498,
        "Free Cash Flow margin": 0.0664651659374,
        "EBITDA": 10986000000.0,
        "EBIT": 8553000000.0,
        "Consolidated Income": 5269000000.0,
        "Earnings Before Tax Margin": 0.124509405874,
        "Net Profit Margin": 0.0792318912498
    },
    "2017": {
        "Revenue": 59837000000.0,
        "Revenue Growth": 0.0452973237369855,
        "Cost of Revenue": 43953000000.0,
        "Gross Profit": 15884000000.0,
        "R&D Expenses": 2387000000.0,
        "SG&A Expense": 6183000000.0,
        "Operating Expenses": 8570000000.0,
        "Operating Income": 8672000000.0,
        "Interest Expense": 909000000.0,
        "Earnings before Tax": 7763000000.0,
        "Income Tax Expense": 2843000000.0,
        "Net Income - Non-Controlling int": 0.0,
        "Net Income - Discontinued ops": 0.0,
        "Net Income": 4552000000.0,
        "Preferred Dividends": 0.0,
        "Net Income Com": 4552000000.0,
        "EPS": 5.76,
        "EPS Diluted": 5.7,
        "Weighted Average Shs Out": 790000000.0,
        "Weighted Average Shs Out (Dil)": 799100000.0,
        "Dividend per Share": 2.59541984733,
        "Gross Margin": 0.265454484683,
        "EBITDA Margin": 0.180690876882,
        "EBIT Margin": 0.144927051824,
        "Profit Margin": 0.0760733325534,
        "Free Cash Flow margin": 0.0604475491753,
        "EBITDA": 10812000000.0,
        "EBIT": 8672000000.0,
        "Consolidated Income": 4552000000.0,
        "Earnings Before Tax Margin": 0.129735782208,
        "Net Profit Margin": 0.0760733325534
    },
    "2016": {
        "Revenue": 57244000000.0,
        "Revenue Growth": 0.0204285357766765,
        "Cost of Revenue": 41460000000.0,
        "Gross Profit": 15784000000.0,
        "R&D Expenses": 2337000000.0,
        "SG&A Expense": 6060000000.0,
        "Operating Expenses": 8397000000.0,
        "Operating Income": 8172000000.0,
        "Interest Expense": 1039000000.0,
        "Earnings before Tax": 7133000000.0,
        "Income Tax Expense": 1697000000.0,
        "Net Income - Non-Controlling int": 0.0,
        "Net Income - Discontinued ops": 0.0,
        "Net Income": 5055000000.0,
        "Preferred Dividends": 0.0,
        "Net Income Com": 5055000000.0,
        "EPS": 6.18,
        "EPS Diluted": 6.12,
        "Weighted Average Shs Out": 818200000.0,
        "Weighted Average Shs Out (Dil)": 826100000.0,
        "Dividend per Share": 2.50453940201,
        "Gross Margin": 0.275731954441,
        "EBITDA Margin": 0.177031653972,
        "EBIT Margin": 0.142757319544,
        "Profit Margin": 0.0883061980295,
        "Free Cash Flow margin": 0.0823317727622,
        "EBITDA": 10134000000.0,
        "EBIT": 8172000000.0,
        "Consolidated Income": 5055000000.0,
        "Earnings Before Tax Margin": 0.124606945706,
        "Net Profit Margin": 0.0883061980295
    },
    "2015": {
        "Revenue": 56098000000.0,
        "Revenue Growth": -0.138279569892473,
        "Cost of Revenue": 41044000000.0,
        "Gross Profit": 15054000000.0,
        "R&D Expenses": 2279000000.0,
        "SG&A Expense": 5886000000.0,
        "Operating Expenses": 7552000000.0,
        "Operating Income": 7291000000.0,
        "Interest Expense": 0.0,
        "Earnings before Tax": 6467000000.0,
        "Income Tax Expense": 2111000000.0,
        "Net Income - Non-Controlling int": 0.0,
        "Net Income - Discontinued ops": 0.0,
        "Net Income": 7608000000.0,
        "Preferred Dividends": 0.0,
        "Net Income Com": 7608000000.0,
        "EPS": 8.72,
        "EPS Diluted": 8.61,
        "Weighted Average Shs Out": 872700000.0,
        "Weighted Average Shs Out (Dil)": 883200000.0,
        "Dividend per Share": 2.47282608696,
        "Gross Margin": 0.268351812899,
        "EBITDA Margin": 0.163178722949,
        "EBIT Margin": 0.129968982851,
        "Profit Margin": 0.135619808193,
        "Free Cash Flow margin": 0.0899497308282,
        "EBITDA": 9154000000.0,
        "EBIT": 7291000000.0,
        "Consolidated Income": 7608000000.0,
        "Earnings Before Tax Margin": 0.115280402153,
        "Net Profit Margin": 0.135619808193
    },
    "2014": {
        "Revenue": 65100000000.0,
        "Revenue Growth": 0.039504359211829,
        "Cost of Revenue": 48329000000.0,
        "Gross Profit": 16771000000.0,
        "R&D Expenses": 2635000000.0,
        "SG&A Expense": 6500000000.0,
        "Operating Expenses": 8253000000.0,
        "Operating Income": 9769000000.0,
        "Interest Expense": 0.0,
        "Earnings before Tax": 8887000000.0,
        "Income Tax Expense": 2264000000.0,
        "Net Income - Non-Controlling int": 0.0,
        "Net Income - Discontinued ops": 0.0,
        "Net Income": 6220000000.0,
        "Preferred Dividends": 0.0,
        "Net Income Com": 6220000000.0,
        "EPS": 6.92,
        "EPS Diluted": 6.82,
        "Weighted Average Shs Out": 898300000.0,
        "Weighted Average Shs Out (Dil)": 911600000.0,
        "Dividend per Share": 2.2465993857,
        "Gross Margin": 0.257619047619,
        "EBITDA Margin": 0.17935483871,
        "EBIT Margin": 0.150061443932,
        "Profit Margin": 0.0955453149002,
        "Free Cash Flow margin": 0.0864055299539,
        "EBITDA": 11676000000.0,
        "EBIT": 9769000000.0,
        "Consolidated Income": 6220000000.0,
        "Earnings Before Tax Margin": 0.136513056836,
        "Net Profit Margin": 0.0955453149002
    },
    "2013": {
        "Revenue": 62626000000.0,
        "Revenue Growth": 0.0852221529077424,
        "Cost of Revenue": 46218000000.0,
        "Gross Profit": 16408000000.0,
        "R&D Expenses": 2529000000.0,
        "SG&A Expense": 6718000000.0,
        "Operating Expenses": 8350000000.0,
        "Operating Income": 9209000000.0,
        "Interest Expense": 0.0,
        "Earnings before Tax": 8312000000.0,
        "Income Tax Expense": 2238000000.0,
        "Net Income - Non-Controlling int": 0.0,
        "Net Income - Discontinued ops": 0.0,
        "Net Income": 5721000000.0,
        "Preferred Dividends": 0.0,
        "Net Income Com": 5721000000.0,
        "EPS": 6.35,
        "EPS Diluted": 6.25,
        "Weighted Average Shs Out": 901000000.0,
        "Weighted Average Shs Out (Dil)": 915100000.0,
        "Dividend per Share": 2.08501803082,
        "Gross Margin": 0.261999808386,
        "EBITDA Margin": 0.176124932137,
        "EBIT Margin": 0.147047552135,
        "Profit Margin": 0.0913518347012,
        "Free Cash Flow margin": 0.0928847443554,
        "EBITDA": 11030000000.0,
        "EBIT": 9209000000.0,
        "Consolidated Income": 5721000000.0,
        "Earnings Before Tax Margin": 0.132724427554,
        "Net Profit Margin": 0.0913518347012
    },
    "2012": {
        "Revenue": 57708000000.0,
        "Revenue Growth": -0.00828321017356934,
        "Cost of Revenue": 42926000000.0,
        "Gross Profit": 14782000000.0,
        "R&D Expenses": 2371000000.0,