{
    "2018": {
        "Revenue": 479804486.2518,
        "Revenue Growth": 0.626745941338872,
        "Cost of Revenue": 164832850.9407,
        "Gross Profit": 314971635.3111,
        "R&D Expenses": 47674384.9493,
        "SG&A Expense": 638352532.5615,
        "Operating Expenses": 686306367.5832,
        "Operating Income": -371334732.2721,
        "Interest Expense": 17431693.1983,
        "Earnings before Tax": -218224167.8726,
        "Income Tax Expense": 2110709.1172,
        "Net Income - Non-Controlling int": -2282344.4284,
        "Net Income - Discontinued ops": 0.0,
        "Net Income": -220334876.9899,
        "Preferred Dividends": 124996237.3372,
        "Net Income Com": -345331114.3271,
        "EPS": -2.1664,
        "EPS Diluted": -2.1664,
        "Weighted Average Shs Out": 133195835.3111,
        "Weighted Average Shs Out (Dil)": 69153221.8524,
        "Dividend per Share": 0.0,
        "Gross Margin": 0.6565,
        "EBITDA Margin": -0.0564,
        "EBIT Margin": -0.4185,
        "Profit Margin": -0.1042,
        "Free Cash Flow margin": -0.7261,
        "EBITDA": -187127930.5355,
        "EBIT": -200792474.6744,
        "Consolidated Income": -222617221.4182,
        "Earnings Before Tax Margin": -0.4548,
        "Net Profit Margin": -0.4592
    },
    "2017": {
        "Revenue": 294947400.2418,
        "Revenue Growth": 1.48442354185009,
        "Cost of Revenue": 113027206.7715,
        "Gross Profit": 181920193.4704,
        "R&D Expenses": 34161124.5466,
        "SG&A Expense": 423676541.717,
        "Operating Expenses": 457492442.5635,
        "Operating Income": -275572249.0931,
        "Interest Expense": 4562122.1282,
        "Earnings before Tax": -411430773.8815,
        "Income Tax Expense": 86154.7763,
        "Net Income - Non-Controlling int": -3809250.3023,
        "Net Income - Discontinued ops": 0.0,
        "Net Income": -411516928.6578,
        "Preferred Dividends": 186845072.5514,
        "Net Income Com": -598362001.2092,
        "EPS": -34.6932,
        "EPS Diluted": -34.6932,
        "Weighted Average Shs Out": 279000000.0,
        "Weighted Average Shs Out (Dil)": 7454483.0713,
        "Dividend per Share": 0.0,
        "Gross Margin": 0.6168,
        "EBITDA Margin": -0.203,
        "EBIT Margin": -1.3795,
        "Profit Margin": -0.3067,
        "Free Cash Flow margin": -0.9811,
        "EBITDA": -396006650.5441,
        "EBIT": -406868651.7533,
        "Consolidated Income": -415326178.9601,
        "Earnings Before Tax Margin": -1.3949,
        "Net Profit Margin": -1.3952
    },
    "2016": {
        "Revenue": 118718646.5083,
        "Revenue Growth": NaN,
        "Cost of Revenue": 76799280.0576,
        "Gross Profit": 41919366.4507,
        "R&D Expenses": 24159971.2023,
        "SG&A Expense": 198303527.7178,
        "Operating Expenses": 222177969.7624,
        "Operating Income": -180258603.3117,
        "Interest Expense": -97480.2016,
        "Earnings before Tax": -195239740.8207,
        "Income Tax Expense": 259899.2081,
        "Net Income - Non-Controlling int": -5065658.7473,
        "Net Income - Discontinued ops": 0.0,
        "Net Income": -195499640.0288,
        "Preferred Dividends": 61162562.995,
        "Net Income Com": -256662203.0238,
        "EPS": -15.5983,
        "EPS Diluted": -15.5983,
        "Weighted Average Shs Out": 14000000.0,
        "Weighted Average Shs Out (Dil)": 7080611.951,
        "Dividend per Share": 0.0,
        "Gross Margin": 0.3531,
        "EBITDA Margin": -0.2278,
        "EBIT Margin": -1.6454,
        "Profit Margin": -0.3113,
        "Free Cash Flow margin": -0.9032,
        "EBITDA": -187777393.8085,
        "EBIT": -195337221.0223,
        "Consolidated Income": -200565298.7761,
        "Earnings Before Tax Margin": -1.6446,
        "Net Profit Margin": -1.6467
    }
}