{
    "2018": {
        "Revenue": 2968000000.0,
        "Revenue Growth": 0.520534646211855,
        "Cost of Revenue": 937000000.0,
        "Gross Profit": 2031000000.0,
        "R&D Expenses": 0.0,
        "SG&A Expense": 725000000.0,
        "Operating Expenses": 1764000000.0,
        "Operating Income": 55000000.0,
        "Interest Expense": 0.0,
        "Earnings before Tax": 103000000.0,
        "Income Tax Expense": 51000000.0,
        "Net Income - Non-Controlling int": 0.0,
        "Net Income - Discontinued ops": 0.0,
        "Net Income": 55000000.0,
        "Preferred Dividends": 0.0,
        "Net Income Com": 55000000.0,
        "EPS": 1.64,
        "EPS Diluted": 1.61,
        "Weighted Average Shs Out": 33300000.0,
        "Weighted Average Shs Out (Dil)": 34000000.0,
        "Dividend per Share": 1.5,
        "Gross Margin": 0.684299191375,
        "EBITDA Margin": 0.0448113207547,
        "EBIT Margin": 0.0185309973046,
        "Profit Margin": 0.0185309973046,
        "Free Cash Flow margin": 0.019204851752,
        "EBITDA": 133000000.0,
        "EBIT": 55000000.0,
        "Consolidated Income": 55000000.0,
        "Earnings Before Tax Margin": 0.0347035040431,
        "Net Profit Margin": 0.0185309973046
    },
    "2017": {
        "Revenue": 1951945000.0,
        "Revenue Growth": 0.0776873238425715,
        "Cost of Revenue": 233185000.0,
        "Gross Profit": 1718760000.0,
        "R&D Expenses": 0.0,
        "SG&A Expense": 518940000.0,
        "Operating Expenses": 1487478000.0,
        "Operating Income": 225883000.0,
        "Interest Expense": 0.0,
        "Earnings before Tax": 225883000.0,
        "Income Tax Expense": -895000.0,
        "Net Income - Non-Controlling int": 0.0,
        "Net Income - Discontinued ops": 0.0,
        "Net Income": 226778000.0,
        "Preferred Dividends": 0.0,
        "Net Income Com": 226778000.0,
        "EPS": 8.38,
        "EPS Diluted": 8.18,
        "Weighted Average Shs Out": 27078000.0,
        "Weighted Average Shs Out (Dil)": 27733000.0,
        "Dividend per Share": 1.37121840407,
        "Gross Margin": 0.880537105298,
        "EBITDA Margin": 0.134201527195,
        "EBIT Margin": 0.11572201061,
        "Profit Margin": 0.116180527628,
        "Free Cash Flow margin": 0.0593638652728,
        "EBITDA": 261954000.0,
        "EBIT": 225883000.0,
        "Consolidated Income": 226778000.0,
        "Earnings Before Tax Margin": 0.11572201061,
        "Net Profit Margin": 0.116180527628
    },
    "2016": {
        "Revenue": 1811235000.0,
        "Revenue Growth": -0.0105044461428611,
        "Cost of Revenue": 208767000.0,
        "Gross Profit": 1602468000.0,
        "R&D Expenses": 0.0,
        "SG&A Expense": 458128000.0,
        "Operating Expenses": 1377197000.0,
        "Operating Income": 222928000.0,
        "Interest Expense": 0.0,
        "Earnings before Tax": 222928000.0,
        "Income Tax Expense": 85580000.0,
        "Net Income - Non-Controlling int": 0.0,
        "Net Income - Discontinued ops": 0.0,
        "Net Income": 137348000.0,
        "Preferred Dividends": 0.0,
        "Net Income Com": 137348000.0,
        "EPS": 4.93,
        "EPS Diluted": 4.83,
        "Weighted Average Shs Out": 27882000.0,
        "Weighted Average Shs Out (Dil)": 28422000.0,
        "Dividend per Share": 1.2031173035,
        "Gross Margin": 0.884737761803,
        "EBITDA Margin": 0.138292932723,
        "EBIT Margin": 0.123080660433,
        "Profit Margin": 0.0758311317968,
        "Free Cash Flow margin": 0.0581934425958,
        "EBITDA": 250481000.0,
        "EBIT": 222928000.0,
        "Consolidated Income": 137348000.0,
        "Earnings Before Tax Margin": 0.123080660433,
        "Net Profit Margin": 0.0758311317968
    },
    "2015": {
        "Revenue": 1736000000.0,
        "Revenue Growth": -0.008,
        "Cost of Revenue": 270000000.0,
        "Gross Profit": 1466000000.0,
        "R&D Expenses": 0.0,
        "SG&A Expense": 414000000.0,
        "Operating Expenses": 1308000000.0,
        "Operating Income": 151000000.0,
        "Interest Expense": 0.0,
        "Earnings before Tax": 151000000.0,
        "Income Tax Expense": 70000000.0,
        "Net Income - Non-Controlling int": 0.0,
        "Net Income - Discontinued ops": 0.0,
        "Net Income": 81000000.0,
        "Preferred Dividends": 0.0,
        "Net Income Com": 81000000.0,
        "EPS": 2.4,
        "EPS Diluted": 2.33,
        "Weighted Average Shs Out": 33700000.0,
        "Weighted Average Shs Out (Dil)": 34600000.0,
        "Dividend per Share": 0.231213872832,
        "Gross Margin": 0.844470046083,
        "EBITDA Margin": 0.100806451613,
        "EBIT Margin": 0.0869815668203,
        "Profit Margin": 0.0466589861751,
        "Free Cash Flow margin": 0.158986175115,
        "EBITDA": 175000000.0,
        "EBIT": 151000000.0,
        "Consolidated Income": 81000000.0,
        "Earnings Before Tax Margin": 0.0869815668203,
        "Net Profit Margin": 0.0466589861751
    },
    "2014": {
        "Revenue": 1750000000.0,
        "Revenue Growth": 0.0618932038834951,
        "Cost of Revenue": 287000000.0,
        "Gross Profit": 1463000000.0,
        "R&D Expenses": 0.0,
        "SG&A Expense": 415000000.0,
        "Operating Expenses": 1319000000.0,
        "Operating Income": 131000000.0,
        "Interest Expense": 0.0,
        "Earnings before Tax": 131000000.0,
        "Income Tax Expense": 51000000.0,
        "Net Income - Non-Controlling int": 0.0,
        "Net Income - Discontinued ops": 0.0,
        "Net Income": 80000000.0,
        "Preferred Dividends": 0.0,
        "Net Income Com": 80000000.0,
        "EPS": 2.25,
        "EPS Diluted": 2.18,
        "Weighted Average Shs Out": 35400000.0,
        "Weighted Average Shs Out (Dil)": 36600000.0,
        "Dividend per Share": 0.0,
        "Gross Margin": 0.836,
        "EBITDA Margin": 0.0914285714286,
        "EBIT Margin": 0.0748571428571,
        "Profit Margin": 0.0457142857143,
        "Free Cash Flow margin": 0.08,
        "EBITDA": 160000000.0,
        "EBIT": 131000000.0,
        "Consolidated Income": 80000000.0,
        "Earnings Before Tax Margin": 0.0748571428571,
        "Net Profit Margin": 0.0457142857143
    },
    "2012": {
        "Revenue": 1648000000.0,
        "Revenue Growth": 0.0216986980781153,
        "Cost of Revenue": 545000000.0,
        "Gross Profit": 1103000000.0,
        "R&D Expenses": 0.0,
        "SG&A Expense": 416000000.0,
        "Operating Expenses": 1078000000.0,
        "Operating Income": 37000000.0,
        "Interest Expense": 58000000.0,
        "Earnings before Tax": 37000000.0,
        "Income Tax Expense": 21000000.0,
        "Net Income - Non-Controlling int": 0.0,
        "Net Income - Discontinued ops": 0.0,
        "Net Income": 16000000.0,
        "Preferred Dividends": 0.0,
        "Net Income Com": 16000000.0,
        "EPS": 0.46,
        "EPS Diluted": 0.44,
        "Weighted Average Shs Out": 34400000.0,
        "Weighted Average Shs Out (Dil)": 36200000.0,
        "Dividend per Share": 0.0,
        "Gross Margin": 0.669296116505,
        "EBITDA Margin": 0.0449029126214,
        "EBIT Margin": 0.0224514563107,
        "Profit Margin": 0.00970873786408,
        "Free Cash Flow margin": 0.0885922330097,
        "EBITDA": 74000000.0,
        "EBIT": 37000000.0,
        "Consolidated Income": 16000000.0,
        "Earnings Before Tax Margin": 0.0224514563107,
        "Net Profit Margin": 0.00970873786408
    },
    "2011": {
        "Revenue": 1613000000.0,
        "Revenue Growth": 0.0183080808080808,
        "Cost of Revenue": 814000000.0,
        "Gross Profit": 799000000.0,
        "R&D Expenses": 0.0,
        "SG&A Expense": 423000000.0,
        "Operating Expenses": 1019000000.0,
        "Operating Income": -214000000.0,
        "Interest Expense": 47000000.0,
        "Earnings before Tax": -214000000.0,
        "Income Tax Expense": -36000000.0,