{
    "2018": {
        "Revenue": 36575000000.0,
        "Revenue Growth": 0.07678040451026,
        "Cost of Revenue": 22109000000.0,
        "Gross Profit": 14466000000.0,
        "R&D Expenses": 373000000.0,
        "SG&A Expense": 523000000.0,
        "Operating Expenses": 2511000000.0,
        "Operating Income": 11955000000.0,
        "Interest Expense": 2345000000.0,
        "Earnings before Tax": 6688000000.0,
        "Income Tax Expense": -172000000.0,
        "Net Income - Non-Controlling int": 36000000.0,
        "Net Income - Discontinued ops": 92000000.0,
        "Net Income": 6860000000.0,
        "Preferred Dividends": 0.0,
        "Net Income Com": 6860000000.0,
        "EPS": 1.32,
        "EPS Diluted": 1.32,
        "Weighted Average Shs Out": 5197432081.0,
        "Weighted Average Shs Out (Dil)": 5197432081.0,
        "Dividend per Share": 0.549,
        "Gross Margin": 0.3955,
        "EBITDA Margin": 0.339,
        "EBIT Margin": 0.247,
        "Profit Margin": 0.188,
        "Free Cash Flow margin": 0.2493,
        "EBITDA": 12384000000.0,
        "EBIT": 9033000000.0,
        "Consolidated Income": 6896000000.0,
        "Earnings Before Tax Margin": 0.1829,
        "Net Profit Margin": 0.1876
    },
    "2017": {
        "Revenue": 33967000000.0,
        "Revenue Growth": 0.235702852153667,
        "Cost of Revenue": 21039000000.0,
        "Gross Profit": 12928000000.0,
        "R&D Expenses": 340000000.0,
        "SG&A Expense": 531000000.0,
        "Operating Expenses": 1998000000.0,
        "Operating Income": 10930000000.0,
        "Interest Expense": 3273000000.0,
        "Earnings before Tax": 7002000000.0,
        "Income Tax Expense": 1495000000.0,
        "Net Income - Non-Controlling int": 14000000.0,
        "Net Income - Discontinued ops": 806000000.0,
        "Net Income": 5507000000.0,
        "Preferred Dividends": 0.0,
        "Net Income Com": 5507000000.0,
        "EPS": 1.05,
        "EPS Diluted": 1.05,
        "Weighted Average Shs Out": 5153374914.0,
        "Weighted Average Shs Out (Dil)": 5153374914.0,
        "Dividend per Share": 0.339,
        "Gross Margin": 0.3806,
        "EBITDA Margin": 0.412,
        "EBIT Margin": 0.3025,
        "Profit Margin": 0.162,
        "Free Cash Flow margin": 0.2537,
        "EBITDA": 13983000000.0,
        "EBIT": 10275000000.0,
        "Consolidated Income": 5521000000.0,
        "Earnings Before Tax Margin": 0.2061,
        "Net Profit Margin": 0.1621
    },
    "2016": {
        "Revenue": 27488000000.0,
        "Revenue Growth": 0.175504618542593,
        "Cost of Revenue": 17650000000.0,
        "Gross Profit": 9838000000.0,
        "R&D Expenses": 319000000.0,
        "SG&A Expense": 507000000.0,
        "Operating Expenses": 2786000000.0,
        "Operating Income": 7052000000.0,
        "Interest Expense": 2677000000.0,
        "Earnings before Tax": 6763000000.0,
        "Income Tax Expense": 2781000000.0,
        "Net Income - Non-Controlling int": -6000000.0,
        "Net Income - Discontinued ops": 1229000000.0,
        "Net Income": 3982000000.0,
        "Preferred Dividends": 0.0,
        "Net Income Com": 3982000000.0,
        "EPS": 0.77,
        "EPS Diluted": 0.77,
        "Weighted Average Shs Out": 5153374914.0,
        "Weighted Average Shs Out (Dil)": 5153374914.0,
        "Dividend per Share": 0.041,
        "Gross Margin": 0.3579,
        "EBITDA Margin": 0.47,
        "EBIT Margin": 0.3434,
        "Profit Margin": 0.145,
        "Free Cash Flow margin": 0.0528,
        "EBITDA": 12927000000.0,
        "EBIT": 9440000000.0,
        "Consolidated Income": 3976000000.0,
        "Earnings Before Tax Margin": 0.246,
        "Net Profit Margin": 0.1449
    },
    "2015": {
        "Revenue": 23384000000.0,
        "Revenue Growth": -0.334244391299396,
        "Cost of Revenue": 18751000000.0,
        "Gross Profit": 4633000000.0,
        "R&D Expenses": 395000000.0,
        "SG&A Expense": 612000000.0,
        "Operating Expenses": 10864000000.0,
        "Operating Income": -6231000000.0,
        "Interest Expense": 18446000000.0,
        "Earnings before Tax": -17378000000.0,
        "Income Tax Expense": -5249000000.0,
        "Net Income - Non-Controlling int": -491000000.0,
        "Net Income - Discontinued ops": 200000000.0,
        "Net Income": -12129000000.0,
        "Preferred Dividends": 0.0,
        "Net Income Com": -12129000000.0,
        "EPS": -2.33,
        "EPS Diluted": -2.33,
        "Weighted Average Shs Out": 5153375926.0,
        "Weighted Average Shs Out (Dil)": 5153375926.0,
        "Dividend per Share": 0.276,
        "Gross Margin": 0.1981,
        "EBITDA Margin": 0.205,
        "EBIT Margin": 0.0457,
        "Profit Margin": -0.519,
        "Free Cash Flow margin": -0.1788,
        "EBITDA": 4787000000.0,
        "EBIT": 1068000000.0,
        "Consolidated Income": -12620000000.0,
        "Earnings Before Tax Margin": -0.7432,
        "Net Profit Margin": -0.5187
    },
    "2014": {
        "Revenue": 35124000000.0,
        "Revenue Growth": -0.248957598306498,
        "Cost of Revenue": 22790000000.0,
        "Gross Profit": 12334000000.0,
        "R&D Expenses": 662000000.0,
        "SG&A Expense": 1036000000.0,
        "Operating Expenses": 3962000000.0,
        "Operating Income": 8372000000.0,
        "Interest Expense": 9722000000.0,
        "Earnings before Tax": 2260000000.0,
        "Income Tax Expense": 1603000000.0,
        "Net Income - Non-Controlling int": -304000000.0,
        "Net Income - Discontinued ops": 842000000.0,
        "Net Income": 657000000.0,
        "Preferred Dividends": 0.0,
        "Net Income Com": 657000000.0,
        "EPS": 0.13,
        "EPS Diluted": 0.13,
        "Weighted Average Shs Out": 5365304100.0,
        "Weighted Average Shs Out (Dil)": 5365304100.0,
        "Dividend per Share": 0.737,
        "Gross Margin": 0.3512,
        "EBITDA Margin": 0.451,
        "EBIT Margin": 0.3411,
        "Profit Margin": 0.019,
        "Free Cash Flow margin": 0.1091,
        "EBITDA": 15851000000.0,
        "EBIT": 11982000000.0,
        "Consolidated Income": 353000000.0,
        "Earnings Before Tax Margin": 0.0643,
        "Net Profit Margin": 0.0187
    },
    "2013": {
        "Revenue": 46767000000.0,
        "Revenue Growth": 0.00459691104762314,
        "Cost of Revenue": 24245000000.0,
        "Gross Profit": 22522000000.0,
        "R&D Expenses": 801000000.0,
        "SG&A Expense": 1302000000.0,
        "Operating Expenses": 7459000000.0,
        "Operating Income": 15063000000.0,
        "Interest Expense": 11031000000.0,
        "Earnings before Tax": 7417000000.0,
        "Income Tax Expense": 6833000000.0,
        "Net Income - Non-Controlling int": -178000000.0,
        "Net Income - Discontinued ops": 2000000.0,
        "Net Income": 584000000.0,
        "Preferred Dividends": 0.0,
        "Net Income Com": 584000000.0,
        "EPS": 0.11,
        "EPS Diluted": 0.11,
        "Weighted Average Shs Out": 5365304100.0,
        "Weighted Average Shs Out (Dil)": 5365304100.0,
        "Dividend per Share": 0.66,
        "Gross Margin": 0.4816,
        "EBITDA Margin": 0.483,
        "EBIT Margin": 0.3945,
        "Profit Margin": 0.012,
        "Free Cash Flow margin": 0.0361,
        "EBITDA": 22598000000.0,
        "EBIT": 18448000000.0,
        "Consolidated Income": 406000000.0,
        "Earnings Before Tax Margin": 0.1586,
        "Net Profit Margin": 0.0125
    },
    "2012": {
        "Revenue": 46553000000.0,
        "Revenue Growth": -0.22508531002913,
        "Cost of Revenue": 25390000000.0,
        "Gross Profit": 21163000000.0,
        "R&D Expenses": 1465000000.0,
        "SG&A Expense": 2172000000.0,
        "Operating Expenses": 11754000000.0,
        "Operating Income": 9409000000.0,
        "Interest Expense": 5617000000.0,
        "Earnings before Tax": 4280000000.0,
        "Income Tax Expense": -1174000000.0,