{
    "2019": {
        "Revenue": 3225100000.0,
        "Revenue Growth": 0.0,
        "Cost of Revenue": 1854800000.0,
        "Gross Profit": 1370300000.0,
        "R&D Expenses": 247600000.0,
        "SG&A Expense": 623100000.0,
        "Operating Expenses": 984100000.0,
        "Operating Income": 386200000.0,
        "Interest Expense": 8800000.0,
        "Earnings before Tax": 420800000.0,
        "Income Tax Expense": 128600000.0,
        "Net Income - Non-Controlling int": 0.0,
        "Net Income - Discontinued ops": 0.0,
        "Net Income": 291900000.0,
        "Preferred Dividends": 0.0,
        "Net Income Com": 291900000.0,
        "EPS": 3.21,
        "EPS Diluted": 3.18,
        "Weighted Average Shs Out": 91000000.0,
        "Weighted Average Shs Out (Dil)": 91900000.0,
        "Dividend per Share": 0.0,
        "Gross Margin": 0.424886050045,
        "EBITDA Margin": 0.148584540014,
        "EBIT Margin": 0.119748224861,
        "Profit Margin": 0.0905088214319,
        "Free Cash Flow margin": 0.0972993085486,
        "EBITDA": 479200000.0,
        "EBIT": 386200000.0,
        "Consolidated Income": 291900000.0,
        "Earnings Before Tax Margin": 0.13047657437,
        "Net Profit Margin": 0.0905088214319
    },
    "2018": {
        "Revenue": 2919100000.0,
        "Revenue Growth": 0.0,
        "Cost of Revenue": 1645500000.0,
        "Gross Profit": 1273600000.0,
        "R&D Expenses": 233900000.0,
        "SG&A Expense": 539300000.0,
        "Operating Expenses": 832000000.0,
        "Operating Income": 441600000.0,
        "Interest Expense": 6800000.0,
        "Earnings before Tax": 452100000.0,
        "Income Tax Expense": 301800000.0,
        "Net Income - Non-Controlling int": 0.0,
        "Net Income - Discontinued ops": 0.0,
        "Net Income": 149900000.0,
        "Preferred Dividends": 0.0,
        "Net Income Com": 149900000.0,
        "EPS": 1.64,
        "EPS Diluted": 1.62,
        "Weighted Average Shs Out": 91500000.0,
        "Weighted Average Shs Out (Dil)": 92500000.0,
        "Dividend per Share": 0.0,
        "Gross Margin": 0.436298859237,
        "EBITDA Margin": 0.17618444041,
        "EBIT Margin": 0.151279503957,
        "Profit Margin": 0.0513514439382,
        "Free Cash Flow margin": 0.139495049844,
        "EBITDA": 514300000.0,
        "EBIT": 441600000.0,
        "Consolidated Income": 149900000.0,
        "Earnings Before Tax Margin": 0.154876503032,
        "Net Profit Margin": 0.0513514439382
    },
    "2017": {
        "Revenue": 2668200000.0,
        "Revenue Growth": 0.0,
        "Cost of Revenue": 1512600000.0,
        "Gross Profit": 1155600000.0,
        "R&D Expenses": 210000000.0,
        "SG&A Expense": 552300000.0,
        "Operating Expenses": 813700000.0,
        "Operating Income": 341900000.0,
        "Interest Expense": 10700000.0,
        "Earnings before Tax": 344800000.0,
        "Income Tax Expense": 87700000.0,
        "Net Income - Non-Controlling int": 0.0,
        "Net Income - Discontinued ops": 0.0,
        "Net Income": 249600000.0,
        "Preferred Dividends": 0.0,
        "Net Income Com": 249600000.0,
        "EPS": 2.7,
        "EPS Diluted": 2.68,
        "Weighted Average Shs Out": 92500000.0,
        "Weighted Average Shs Out (Dil)": 93200000.0,
        "Dividend per Share": 0.0,
        "Gross Margin": 0.433100966944,
        "EBITDA Margin": 0.156959748145,
        "EBIT Margin": 0.128138820178,
        "Profit Margin": 0.0935462109287,
        "Free Cash Flow margin": 0.12742672963,
        "EBITDA": 418800000.0,
        "EBIT": 341900000.0,
        "Consolidated Income": 249600000.0,
        "Earnings Before Tax Margin": 0.129225695225,
        "Net Profit Margin": 0.0935462109287
    },
    "2016": {
        "Revenue": 3217800000.0,
        "Revenue Growth": 0.0,
        "Cost of Revenue": 1856500000.0,
        "Gross Profit": 1361300000.0,
        "R&D Expenses": 253500000.0,
        "SG&A Expense": 540100000.0,
        "Operating Expenses": 810500000.0,
        "Operating Income": 550800000.0,
        "Interest Expense": 11800000.0,
        "Earnings before Tax": 556400000.0,
        "Income Tax Expense": 153700000.0,
        "Net Income - Non-Controlling int": 0.0,
        "Net Income - Discontinued ops": 0.0,
        "Net Income": 402300000.0,
        "Preferred Dividends": 0.0,
        "Net Income Com": 402300000.0,
        "EPS": 4.22,
        "EPS Diluted": 4.19,
        "Weighted Average Shs Out": 95400000.0,
        "Weighted Average Shs Out (Dil)": 96000000.0,
        "Dividend per Share": 0.0,
        "Gross Margin": 0.42305301759,
        "EBITDA Margin": 0.195972403506,
        "EBIT Margin": 0.171172851016,
        "Profit Margin": 0.12502330785,
        "Free Cash Flow margin": 0.0857418111753,
        "EBITDA": 630600000.0,
        "EBIT": 550800000.0,
        "Consolidated Income": 402300000.0,
        "Earnings Before Tax Margin": 0.172913170489,
        "Net Profit Margin": 0.12502330785
    },
    "2015": {
        "Revenue": 3099111000.0,
        "Revenue Growth": 0.0,
        "Cost of Revenue": 1816419000.0,
        "Gross Profit": 1282692000.0,
        "R&D Expenses": 245211000.0,
        "SG&A Expense": 488514000.0,
        "Operating Expenses": 733725000.0,
        "Operating Income": 548967000.0,
        "Interest Expense": 7935000.0,
        "Earnings before Tax": 554662000.0,
        "Income Tax Expense": 142644000.0,
        "Net Income - Non-Controlling int": 0.0,
        "Net Income - Discontinued ops": 0.0,
        "Net Income": 411485000.0,
        "Preferred Dividends": 0.0,
        "Net Income Com": 411485000.0,
        "EPS": 4.13,
        "EPS Diluted": 4.09,
        "Weighted Average Shs Out": 99679000.0,
        "Weighted Average Shs Out (Dil)": 100552000.0,
        "Dividend per Share": 0.0,
        "Gross Margin": 0.413890305962,
        "EBITDA Margin": 0.199246493591,
        "EBIT Margin": 0.177136927332,
        "Profit Margin": 0.132775173267,
        "Free Cash Flow margin": 0.122025961639,
        "EBITDA": 617487000.0,
        "EBIT": 548967000.0,
        "Consolidated Income": 411485000.0,
        "Earnings Before Tax Margin": 0.178974551089,
        "Net Profit Margin": 0.132775173267
    },
    "2014": {
        "Revenue": 3049800000.0,
        "Revenue Growth": 0.0,
        "Cost of Revenue": 1748125000.0,
        "Gross Profit": 1301675000.0,
        "R&D Expenses": 234840000.0,
        "SG&A Expense": 470550000.0,
        "Operating Expenses": 730520000.0,
        "Operating Income": 571155000.0,
        "Interest Expense": 7159000.0,
        "Earnings before Tax": 574510000.0,
        "Income Tax Expense": 170807000.0,
        "Net Income - Non-Controlling int": 0.0,
        "Net Income - Discontinued ops": 0.0,
        "Net Income": 403703000.0,
        "Preferred Dividends": 0.0,
        "Net Income Com": 403703000.0,
        "EPS": 3.88,
        "EPS Diluted": 3.83,
        "Weighted Average Shs Out": 103964000.0,
        "Weighted Average Shs Out (Dil)": 105271000.0,
        "Dividend per Share": 0.0,
        "Gross Margin": 0.426806675848,
        "EBITDA Margin": 0.20775526264,
        "EBIT Margin": 0.187276214834,
        "Profit Margin": 0.132370319365,
        "Free Cash Flow margin": 0.117823135943,
        "EBITDA": 633612000.0,
        "EBIT": 571155000.0,
        "Consolidated Income": 403703000.0,
        "Earnings Before Tax Margin": 0.18837628697,
        "Net Profit Margin": 0.132370319365
    },
    "2013": {
        "Revenue": 2942897000.0,
        "Revenue Growth": 0.0,
        "Cost of Revenue": 1693210000.0,
        "Gross Profit": 1249687000.0,
        "R&D Expenses": 208208000.0,
        "SG&A Expense": 432589000.0,
        "Operating Expenses": 640797000.0,
        "Operating Income": 608890000.0,
        "Interest Expense": 4129000.0,
        "Earnings before Tax": 612083000.0,
        "Income Tax Expense": 173835000.0,