{
    "2018": {
        "Revenue": 1130333333.3333,
        "Revenue Growth": 0.404693197652023,
        "Cost of Revenue": 302889629.6296,
        "Gross Profit": 827443703.7037,
        "R&D Expenses": 0.0,
        "SG&A Expense": 38465925.9259,
        "Operating Expenses": 557680000.0,
        "Operating Income": 269763703.7037,
        "Interest Expense": 53895555.5556,
        "Earnings before Tax": 262739259.2593,
        "Income Tax Expense": 61517037.037,
        "Net Income - Non-Controlling int": 0.0,
        "Net Income - Discontinued ops": 0.0,
        "Net Income": 201222222.2222,
        "Preferred Dividends": 0.0,
        "Net Income Com": 201222222.2222,
        "EPS": 1.4296,
        "EPS Diluted": 1.4148,
        "Weighted Average Shs Out": 90458499.2593,
        "Weighted Average Shs Out (Dil)": 104162222.2222,
        "Dividend per Share": 1.5504,
        "Gross Margin": 0.732,
        "EBITDA Margin": 0.5185,
        "EBIT Margin": 0.2801,
        "Profit Margin": 0.1319,
        "Free Cash Flow margin": 0.1952,
        "EBITDA": 790912592.5926,
        "EBIT": 316634814.8148,
        "Consolidated Income": 201222222.2222,
        "Earnings Before Tax Margin": 0.2324,
        "Net Profit Margin": 0.178
    },
    "2017": {
        "Revenue": 804683424.9804,
        "Revenue Growth": 0.305353513215498,
        "Cost of Revenue": 224442262.3723,
        "Gross Profit": 580241162.608,
        "R&D Expenses": 0.0,
        "SG&A Expense": 42712490.1807,
        "Operating Expenses": 498483110.762,
        "Operating Income": 81758051.846,
        "Interest Expense": 45021995.2867,
        "Earnings before Tax": 97786331.5004,
        "Income Tax Expense": 48879811.469,
        "Net Income - Non-Controlling int": 0.0,
        "Net Income - Discontinued ops": 0.0,
        "Net Income": 48906520.0314,
        "Preferred Dividends": 0.0,
        "Net Income Com": 48906520.0314,
        "EPS": 0.4085,
        "EPS Diluted": 0.4006,
        "Weighted Average Shs Out": 92900791.8303,
        "Weighted Average Shs Out (Dil)": 94722702.2781,
        "Dividend per Share": 1.564,
        "Gross Margin": 0.7211,
        "EBITDA Margin": 0.5373,
        "EBIT Margin": 0.1775,
        "Profit Margin": 0.0479,
        "Free Cash Flow margin": 0.2669,
        "EBITDA": 550234878.2404,
        "EBIT": 142808326.7871,
        "Consolidated Income": 48906520.0314,
        "Earnings Before Tax Margin": 0.1215,
        "Net Profit Margin": 0.0608
    },
    "2016": {
        "Revenue": 616448660.7143,
        "Revenue Growth": -0.0241711388930439,
        "Cost of Revenue": 194714285.7143,
        "Gross Profit": 421734375.0,
        "R&D Expenses": 0.0,
        "SG&A Expense": 39307291.6667,
        "Operating Expenses": 510204613.0952,
        "Operating Income": -88470238.0952,
        "Interest Expense": 42378720.2381,
        "Earnings before Tax": -166092261.9048,
        "Income Tax Expense": -47006696.4286,
        "Net Income - Non-Controlling int": 0.0,
        "Net Income - Discontinued ops": 0.0,
        "Net Income": -119085565.4762,
        "Preferred Dividends": 0.0,
        "Net Income Com": -119085565.4762,
        "EPS": -1.0268,
        "EPS Diluted": -1.0268,
        "Weighted Average Shs Out": 83326983.631,
        "Weighted Average Shs Out (Dil)": 86082589.2857,
        "Dividend per Share": 1.4501,
        "Gross Margin": 0.6841,
        "EBITDA Margin": 0.3475,
        "EBIT Margin": -0.2007,
        "Profit Margin": -0.1436,
        "Free Cash Flow margin": 0.2035,
        "EBITDA": 287584821.4286,
        "EBIT": -123713541.6667,
        "Consolidated Income": -119085565.4762,
        "Earnings Before Tax Margin": -0.2694,
        "Net Profit Margin": -0.1932
    },
    "2015": {
        "Revenue": 631718004.3384,
        "Revenue Growth": -0.440347170812766,
        "Cost of Revenue": 193490961.6775,
        "Gross Profit": 438227042.6609,
        "R&D Expenses": 0.0,
        "SG&A Expense": 38744757.773,
        "Operating Expenses": 617819956.6161,
        "Operating Income": -179592913.9552,
        "Interest Expense": 43276934.201,
        "Earnings before Tax": -154674620.3905,
        "Income Tax Expense": 2449023.8612,
        "Net Income - Non-Controlling int": 0.0,
        "Net Income - Discontinued ops": 0.0,
        "Net Income": -157123644.2516,
        "Preferred Dividends": 0.0,
        "Net Income Com": -157123644.2516,
        "EPS": -1.4317,
        "EPS Diluted": -1.4317,
        "Weighted Average Shs Out": 77587404.1938,
        "Weighted Average Shs Out (Dil)": 79278380.3326,
        "Dividend per Share": 1.4606,
        "Gross Margin": 0.6937,
        "EBITDA Margin": 0.2719,
        "EBIT Margin": -0.1763,
        "Profit Margin": -0.18,
        "Free Cash Flow margin": -0.0817,
        "EBITDA": 237603759.9422,
        "EBIT": -111397686.1894,
        "Consolidated Income": -157123644.2516,
        "Earnings Before Tax Margin": -0.2448,
        "Net Profit Margin": -0.2487
    },
    "2014": {
        "Revenue": 1128767641.9966,
        "Revenue Growth": -0.00405525580136135,
        "Cost of Revenue": 236375215.1463,
        "Gross Profit": 892392426.8503,
        "R&D Expenses": 0.0,
        "SG&A Expense": 53121342.5129,
        "Operating Expenses": 499049913.9415,
        "Operating Income": 393342512.9088,
        "Interest Expense": 42732358.0034,
        "Earnings before Tax": 389907056.7986,
        "Income Tax Expense": 158129087.7797,
        "Net Income - Non-Controlling int": 0.0,
        "Net Income - Discontinued ops": 0.0,
        "Net Income": 231777969.0189,
        "Preferred Dividends": 0.0,
        "Net Income Com": 231777969.0189,
        "EPS": 2.1945,
        "EPS Diluted": 2.1601,
        "Weighted Average Shs Out": 87885348.537,
        "Weighted Average Shs Out (Dil)": 90746987.9518,
        "Dividend per Share": 2.0052,
        "Gross Margin": 0.7906,
        "EBITDA Margin": 0.6248,
        "EBIT Margin": 0.3833,
        "Profit Margin": 0.1764,
        "Free Cash Flow margin": -0.0888,
        "EBITDA": 819564543.8898,
        "EBIT": 432639414.8021,
        "Consolidated Income": 231777969.0189,
        "Earnings Before Tax Margin": 0.3454,
        "Net Profit Margin": 0.2053
    },
    "2013": {
        "Revenue": 1133363721.8045,
        "Revenue Growth": 0.0926700084805816,
        "Cost of Revenue": 210495300.7519,
        "Gross Profit": 922868421.0526,
        "R&D Expenses": 0.0,
        "SG&A Expense": 46907894.7368,
        "Operating Expenses": 386055451.1278,
        "Operating Income": 536812969.9248,
        "Interest Expense": 35886278.1955,
        "Earnings before Tax": 546218984.9624,
        "Income Tax Expense": 238285714.2857,
        "Net Income - Non-Controlling int": 0.0,
        "Net Income - Discontinued ops": 0.0,
        "Net Income": 307933270.6767,
        "Preferred Dividends": 0.0,
        "Net Income Com": 307933270.6767,
        "EPS": 3.0451,
        "EPS Diluted": 3.0075,
        "Weighted Average Shs Out": 93171905.0752,
        "Weighted Average Shs Out (Dil)": 94895676.6917,
        "Dividend per Share": 2.3694,
        "Gross Margin": 0.8143,
        "EBITDA Margin": 0.7528,
        "EBIT Margin": 0.5136,
        "Profit Margin": 0.2556,
        "Free Cash Flow margin": 0.1198,
        "EBITDA": 908187030.0752,
        "EBIT": 582105263.1579,
        "Consolidated Income": 307933270.6767,
        "Earnings Before Tax Margin": 0.4819,
        "Net Profit Margin": 0.2717
    },
    "2012": {
        "Revenue": 1037242454.7284,
        "Revenue Growth": 0.0846452738645738,
        "Cost of Revenue": 203777665.996,
        "Gross Profit": 833464788.7324,
        "R&D Expenses": 0.0,
        "SG&A Expense": 44037223.34,
        "Operating Expenses": 441752515.0905,
        "Operating Income": 391712273.6419,
        "Interest Expense": 27752515.0905,
        "Earnings before Tax": 355376257.5453,