{
    "2018": {
        "Revenue": 4382869000.0,
        "Revenue Growth": 0.12661581535184,
        "Cost of Revenue": 3281924000.0,
        "Gross Profit": 1100945000.0,
        "R&D Expenses": 0.0,
        "SG&A Expense": 333371000.0,
        "Operating Expenses": 333371000.0,
        "Operating Income": 747713000.0,
        "Interest Expense": 137977000.0,
        "Earnings before Tax": 623290000.0,
        "Income Tax Expense": 105449000.0,
        "Net Income - Non-Controlling int": 0.0,
        "Net Income - Discontinued ops": 0.0,
        "Net Income": 515805000.0,
        "Preferred Dividends": 0.0,
        "Net Income Com": 515805000.0,
        "EPS": 3.9,
        "EPS Diluted": 3.85,
        "Weighted Average Shs Out": 132393000.0,
        "Weighted Average Shs Out (Dil)": 133926000.0,
        "Dividend per Share": 1.10590176665,
        "Gross Margin": 0.251192768937,
        "EBITDA Margin": 0.249598835831,
        "EBIT Margin": 0.170598984364,
        "Profit Margin": 0.117686611213,
        "Free Cash Flow margin": 0.08297966469,
        "EBITDA": 1093959000.0,
        "EBIT": 747713000.0,
        "Consolidated Income": 515805000.0,
        "Earnings Before Tax Margin": 0.142210501843,
        "Net Profit Margin": 0.117686611213
    },
    "2017": {
        "Revenue": 3890296000.0,
        "Revenue Growth": 0.0828434697677241,
        "Cost of Revenue": 2889735000.0,
        "Gross Profit": 1000561000.0,
        "R&D Expenses": 0.0,
        "SG&A Expense": 323918000.0,
        "Operating Expenses": 323918000.0,
        "Operating Income": 647108000.0,
        "Interest Expense": 295522000.0,
        "Earnings before Tax": 361316000.0,
        "Income Tax Expense": -232075000.0,
        "Net Income - Non-Controlling int": 0.0,
        "Net Income - Discontinued ops": 0.0,
        "Net Income": 601185000.0,
        "Preferred Dividends": 0.0,
        "Net Income Com": 601185000.0,
        "EPS": 4.54,
        "EPS Diluted": 4.46,
        "Weighted Average Shs Out": 132513000.0,
        "Weighted Average Shs Out (Dil)": 134878000.0,
        "Dividend per Share": 0.981145924465,
        "Gross Margin": 0.257194054129,
        "EBITDA Margin": 0.244987270891,
        "EBIT Margin": 0.166339013792,
        "Profit Margin": 0.154534513569,
        "Free Cash Flow margin": 0.0475830116783,
        "EBITDA": 953073000.0,
        "EBIT": 647108000.0,
        "Consolidated Income": 601185000.0,
        "Earnings Before Tax Margin": 0.0928762233002,
        "Net Profit Margin": 0.154534513569
    },
    "2016": {
        "Revenue": 3592667000.0,
        "Revenue Growth": 0.0498179377420423,
        "Cost of Revenue": 2591850000.0,
        "Gross Profit": 1000817000.0,
        "R&D Expenses": 0.0,
        "SG&A Expense": 314986000.0,
        "Operating Expenses": 314986000.0,
        "Operating Income": 679582000.0,
        "Interest Expense": 134076000.0,
        "Earnings before Tax": 547257000.0,
        "Income Tax Expense": 124851000.0,
        "Net Income - Non-Controlling int": 0.0,
        "Net Income - Discontinued ops": 0.0,
        "Net Income": 419491000.0,
        "Preferred Dividends": 0.0,
        "Net Income Com": 419491000.0,
        "EPS": 3.15,
        "EPS Diluted": 3.09,
        "Weighted Average Shs Out": 133205000.0,
        "Weighted Average Shs Out (Dil)": 135790000.0,
        "Dividend per Share": 0.783069445467,
        "Gross Margin": 0.278572158232,
        "EBITDA Margin": 0.26846963551,
        "EBIT Margin": 0.189158082283,
        "Profit Margin": 0.116763117762,
        "Free Cash Flow margin": 0.0819558283582,
        "EBITDA": 964522000.0,
        "EBIT": 679582000.0,
        "Consolidated Income": 419491000.0,
        "Earnings Before Tax Margin": 0.152326113163,
        "Net Profit Margin": 0.116763117762
    },
    "2015": {
        "Revenue": 3422181000.0,
        "Revenue Growth": 0.142948510922396,
        "Cost of Revenue": 2564648000.0,
        "Gross Profit": 857533000.0,
        "R&D Expenses": 0.0,
        "SG&A Expense": 286844000.0,
        "Operating Expenses": 286844000.0,
        "Operating Income": 549778000.0,
        "Interest Expense": 220588000.0,
        "Earnings before Tax": 327857000.0,
        "Income Tax Expense": 94943000.0,
        "Net Income - Non-Controlling int": 0.0,
        "Net Income - Discontinued ops": 0.0,
        "Net Income": 221177000.0,
        "Preferred Dividends": 0.0,
        "Net Income Com": 221177000.0,
        "EPS": 1.66,
        "EPS Diluted": 1.64,
        "Weighted Average Shs Out": 133210000.0,
        "Weighted Average Shs Out (Dil)": 135093000.0,
        "Dividend per Share": 0.393906420022,
        "Gross Margin": 0.250580843035,
        "EBITDA Margin": 0.240957740108,
        "EBIT Margin": 0.160651350703,
        "Profit Margin": 0.0646304213599,
        "Free Cash Flow margin": 0.0625671172857,
        "EBITDA": 824601000.0,
        "EBIT": 549778000.0,
        "Consolidated Income": 221177000.0,
        "Earnings Before Tax Margin": 0.0958035241269,
        "Net Profit Margin": 0.0646304213599
    },
    "2014": {
        "Revenue": 2994169000.0,
        "Revenue Growth": 0.0806508370240253,
        "Cost of Revenue": 2406587000.0,
        "Gross Profit": 587582000.0,
        "R&D Expenses": 0.0,
        "SG&A Expense": 272288000.0,
        "Operating Expenses": 272288000.0,
        "Operating Income": 538138000.0,
        "Interest Expense": 243367000.0,
        "Earnings before Tax": 298838000.0,
        "Income Tax Expense": 91692000.0,
        "Net Income - Non-Controlling int": 0.0,
        "Net Income - Discontinued ops": 0.0,
        "Net Income": 204923000.0,
        "Preferred Dividends": 0.0,
        "Net Income Com": 204923000.0,
        "EPS": 1.56,
        "EPS Diluted": 1.54,
        "Weighted Average Shs Out": 131461000.0,
        "Weighted Average Shs Out (Dil)": 132991000.0,
        "Dividend per Share": 0.217187629238,
        "Gross Margin": 0.196242095887,
        "EBITDA Margin": 0.273075768268,
        "EBIT Margin": 0.17972866595,
        "Profit Margin": 0.0684406925594,
        "Free Cash Flow margin": 0.0118510344606,
        "EBITDA": 817635000.0,
        "EBIT": 538138000.0,
        "Consolidated Income": 204923000.0,
        "Earnings Before Tax Margin": 0.09980665754,
        "Net Profit Margin": 0.0684406925594
    },
    "2013": {
        "Revenue": 2770709000.0,
        "Revenue Growth": 0.0792265055641898,
        "Cost of Revenue": 2343829000.0,
        "Gross Profit": 426880000.0,
        "R&D Expenses": 0.0,
        "SG&A Expense": 259427000.0,
        "Operating Expenses": 259427000.0,
        "Operating Income": 190404000.0,
        "Interest Expense": 202588000.0,
        "Earnings before Tax": -3703000.0,
        "Income Tax Expense": -24459000.0,
        "Net Income - Non-Controlling int": 0.0,
        "Net Income - Discontinued ops": 0.0,
        "Net Income": 24382000.0,
        "Preferred Dividends": 0.0,
        "Net Income Com": 24382000.0,
        "EPS": 0.19,
        "EPS Diluted": 0.19,
        "Weighted Average Shs Out": 130272000.0,
        "Weighted Average Shs Out (Dil)": 131467000.0,
        "Dividend per Share": 0.0394851940031,
        "Gross Margin": 0.154068868293,
        "EBITDA Margin": 0.179561260313,
        "EBIT Margin": 0.0687203167132,
        "Profit Margin": 0.00879991366831,
        "Free Cash Flow margin": 0.0292773438134,
        "EBITDA": 497512000.0,
        "EBIT": 190404000.0,
        "Consolidated Income": 24382000.0,
        "Earnings Before Tax Margin": -0.00133648102345,
        "Net Profit Margin": 0.00879991366831
    },
    "2012": {
        "Revenue": 2567310000.0,
        "Revenue Growth": 0.0,
        "Cost of Revenue": 2233284000.0,
        "Gross Profit": 334026000.0,
        "R&D Expenses": 0.0,
        "SG&A Expense": 259140000.0,
        "Operating Expenses": 259140000.0,
        "Operating Income": 84781000.0,
        "Interest Expense": 213067000.0,