{
    "2018": {
        "Revenue": 2228000000.0,
        "Revenue Growth": -0.0404823428079242,
        "Cost of Revenue": 1798000000.0,
        "Gross Profit": 430000000.0,
        "R&D Expenses": 0.0,
        "SG&A Expense": 156000000.0,
        "Operating Expenses": 179000000.0,
        "Operating Income": -197000000.0,
        "Interest Expense": 1000000.0,
        "Earnings before Tax": -253000000.0,
        "Income Tax Expense": 42000000.0,
        "Net Income - Non-Controlling int": 0.0,
        "Net Income - Discontinued ops": 0.0,
        "Net Income": -276000000.0,
        "Preferred Dividends": 0.0,
        "Net Income Com": -276000000.0,
        "EPS": -3.17,
        "EPS Diluted": -3.17,
        "Weighted Average Shs Out": 87160000.0,
        "Weighted Average Shs Out (Dil)": 87160000.0,
        "Dividend per Share": 0.0,
        "Gross Margin": 0.192998204668,
        "EBITDA Margin": -0.0385996409336,
        "EBIT Margin": -0.0884201077199,
        "Profit Margin": -0.123877917415,
        "Free Cash Flow margin": -0.164721723519,
        "EBITDA": -86000000.0,
        "EBIT": -197000000.0,
        "Consolidated Income": -276000000.0,
        "Earnings Before Tax Margin": -0.11355475763,
        "Net Profit Margin": -0.123877917415
    },
    "2017": {
        "Revenue": 2322000000.0,
        "Revenue Growth": 0.0468890892696123,
        "Cost of Revenue": 1857000000.0,
        "Gross Profit": 465000000.0,
        "R&D Expenses": 375000000.0,
        "SG&A Expense": 110000000.0,
        "Operating Expenses": 756000000.0,
        "Operating Income": -291000000.0,
        "Interest Expense": 0.0,
        "Earnings before Tax": -187000000.0,
        "Income Tax Expense": 30000000.0,
        "Net Income - Non-Controlling int": -127000000.0,
        "Net Income - Discontinued ops": 0.0,
        "Net Income": -217000000.0,
        "Preferred Dividends": 0.0,
        "Net Income Com": -217000000.0,
        "EPS": -2.49,
        "EPS Diluted": -2.49,
        "Weighted Average Shs Out": 87132780.0,
        "Weighted Average Shs Out (Dil)": 87130000.0,
        "Dividend per Share": 0.0,
        "Gross Margin": 0.2003,
        "EBITDA Margin": -0.029,
        "EBIT Margin": -0.0805,
        "Profit Margin": -0.093,
        "Free Cash Flow margin": -0.0448,
        "EBITDA": -68000000.0,
        "EBIT": -187000000.0,
        "Consolidated Income": -344000000.0,
        "Earnings Before Tax Margin": -0.0805,
        "Net Profit Margin": -0.0935
    },
    "2016": {
        "Revenue": 2218000000.0,
        "Revenue Growth": 0.39619791010953,
        "Cost of Revenue": 1795000000.0,
        "Gross Profit": 423000000.0,
        "R&D Expenses": 300000000.0,
        "SG&A Expense": 110000000.0,
        "Operating Expenses": 445000000.0,
        "Operating Income": -22000000.0,
        "Interest Expense": 0.0,
        "Earnings before Tax": -15000000.0,
        "Income Tax Expense": 38000000.0,
        "Net Income - Non-Controlling int": -7000000.0,
        "Net Income - Discontinued ops": 0.0,
        "Net Income": -53000000.0,
        "Preferred Dividends": 0.0,
        "Net Income Com": -53000000.0,
        "EPS": -0.61,
        "EPS Diluted": -0.61,
        "Weighted Average Shs Out": 87000000.0,
        "Weighted Average Shs Out (Dil)": 87130000.0,
        "Dividend per Share": 0.0,
        "Gross Margin": 0.1907,
        "EBITDA Margin": 0.041,
        "EBIT Margin": -0.0068,
        "Profit Margin": -0.024,
        "Free Cash Flow margin": -0.0487,
        "EBITDA": 91000000.0,
        "EBIT": -15000000.0,
        "Consolidated Income": -60000000.0,
        "Earnings Before Tax Margin": -0.0068,
        "Net Profit Margin": -0.0239
    },
    "2015": {
        "Revenue": 1588600000.0,
        "Revenue Growth": NaN,
        "Cost of Revenue": 1310200000.0,
        "Gross Profit": 278400000.0,
        "R&D Expenses": 213600000.0,
        "SG&A Expense": 68000000.0,
        "Operating Expenses": 291400000.0,
        "Operating Income": -13000000.0,
        "Interest Expense": 300000.0,
        "Earnings before Tax": -8200000.0,
        "Income Tax Expense": 21800000.0,
        "Net Income - Non-Controlling int": 0.0,
        "Net Income - Discontinued ops": 0.0,
        "Net Income": -30000000.0,
        "Preferred Dividends": 0.0,
        "Net Income Com": -30000000.0,
        "EPS": -0.34,
        "EPS Diluted": -0.34,
        "Weighted Average Shs Out": NaN,
        "Weighted Average Shs Out (Dil)": NaN,
        "Dividend per Share": 0.0,
        "Gross Margin": 0.1752,
        "EBITDA Margin": 0.028,
        "EBIT Margin": -0.005,
        "Profit Margin": -0.019,
        "Free Cash Flow margin": -0.0193,
        "EBITDA": 45200000.0,
        "EBIT": -7900000.0,
        "Consolidated Income": -30000000.0,
        "Earnings Before Tax Margin": -0.0052,
        "Net Profit Margin": -0.0189
    }
}