{
    "2018": {
        "Revenue": 8176601000.0,
        "Revenue Growth": 0.0647973224711848,
        "Cost of Revenue": 6609220000.0,
        "Gross Profit": 1567381000.0,
        "R&D Expenses": 0.0,
        "SG&A Expense": 1151944000.0,
        "Operating Expenses": 1151944000.0,
        "Operating Income": 352440000.0,
        "Interest Expense": 0.0,
        "Earnings before Tax": 281025000.0,
        "Income Tax Expense": 55670000.0,
        "Net Income - Non-Controlling int": 0.0,
        "Net Income - Discontinued ops": 0.0,
        "Net Income": 227343000.0,
        "Preferred Dividends": 0.0,
        "Net Income Com": 227343000.0,
        "EPS": 4.87,
        "EPS Diluted": 4.82,
        "Weighted Average Shs Out": 46722000.0,
        "Weighted Average Shs Out (Dil)": 47199000.0,
        "Dividend per Share": 0.0,
        "Gross Margin": 0.191691021734,
        "EBITDA Margin": 0.0513561808874,
        "EBIT Margin": 0.0431034851768,
        "Profit Margin": 0.027804096103,
        "Free Cash Flow margin": 0.0318605493897,
        "EBITDA": 419919000.0,
        "EBIT": 352440000.0,
        "Consolidated Income": 227343000.0,
        "Earnings Before Tax Margin": 0.034369415849,
        "Net Profit Margin": 0.027804096103
    },
    "2017": {
        "Revenue": 7679021000.0,
        "Revenue Growth": 0.0467561620972252,
        "Cost of Revenue": 6194366000.0,
        "Gross Profit": 1484655000.0,
        "R&D Expenses": 0.0,
        "SG&A Expense": 1099748000.0,
        "Operating Expenses": 1099748000.0,
        "Operating Income": 320890000.0,
        "Interest Expense": 0.0,
        "Earnings before Tax": 252440000.0,
        "Income Tax Expense": 89307000.0,
        "Net Income - Non-Controlling int": 0.0,
        "Net Income - Discontinued ops": 0.0,
        "Net Income": 163460000.0,
        "Preferred Dividends": 0.0,
        "Net Income Com": 163460000.0,
        "EPS": 3.42,
        "EPS Diluted": 3.38,
        "Weighted Average Shs Out": 47849000.0,
        "Weighted Average Shs Out (Dil)": 48361000.0,
        "Dividend per Share": 0.0,
        "Gross Margin": 0.193339098825,
        "EBITDA Margin": 0.0506433046608,
        "EBIT Margin": 0.0417878789497,
        "Profit Margin": 0.0212865676497,
        "Free Cash Flow margin": 0.0166186549041,
        "EBITDA": 388891000.0,
        "EBIT": 320890000.0,
        "Consolidated Income": 163460000.0,
        "Earnings Before Tax Margin": 0.0328739822433,
        "Net Profit Margin": 0.0212865676497
    },
    "2016": {
        "Revenue": 7336017000.0,
        "Revenue Growth": -0.0242695106076528,
        "Cost of Revenue": 5887814000.0,
        "Gross Profit": 1448203000.0,
        "R&D Expenses": 0.0,
        "SG&A Expense": 1049286000.0,
        "Operating Expenses": 1049286000.0,
        "Operating Income": 332059000.0,
        "Interest Expense": 0.0,
        "Earnings before Tax": 131551000.0,
        "Income Tax Expense": 30431000.0,
        "Net Income - Non-Controlling int": 0.0,
        "Net Income - Discontinued ops": 0.0,
        "Net Income": 101588000.0,
        "Preferred Dividends": 0.0,
        "Net Income Com": 101588000.0,
        "EPS": 2.3,
        "EPS Diluted": 2.1,
        "Weighted Average Shs Out": 44116000.0,
        "Weighted Average Shs Out (Dil)": 48333000.0,
        "Dividend per Share": 0.0,
        "Gross Margin": 0.197409984192,
        "EBITDA Margin": 0.0552889940141,
        "EBIT Margin": 0.0452642080846,
        "Profit Margin": 0.0138478414104,
        "Free Cash Flow margin": 0.0384783732099,
        "EBITDA": 405601000.0,
        "EBIT": 332059000.0,
        "Consolidated Income": 101588000.0,
        "Earnings Before Tax Margin": 0.0179322103534,
        "Net Profit Margin": 0.0138478414104
    },
    "2015": {
        "Revenue": 7518487000.0,
        "Revenue Growth": -0.0470413933436135,
        "Cost of Revenue": 6024826000.0,
        "Gross Profit": 1493661000.0,
        "R&D Expenses": 0.0,
        "SG&A Expense": 1054951000.0,
        "Operating Expenses": 1054951000.0,
        "Operating Income": 373742000.0,
        "Interest Expense": 0.0,
        "Earnings before Tax": 303910000.0,
        "Income Tax Expense": 95537000.0,
        "Net Income - Non-Controlling int": 0.0,
        "Net Income - Discontinued ops": 0.0,
        "Net Income": 210687000.0,
        "Preferred Dividends": 0.0,
        "Net Income Com": 210687000.0,
        "EPS": 4.85,
        "EPS Diluted": 4.18,
        "Weighted Average Shs Out": 43433000.0,
        "Weighted Average Shs Out (Dil)": 50373000.0,
        "Dividend per Share": 0.0,
        "Gross Margin": 0.198665103764,
        "EBITDA Margin": 0.0599728376201,
        "EBIT Margin": 0.0497097354827,
        "Profit Margin": 0.0280225263407,
        "Free Cash Flow margin": 0.0347664363854,
        "EBITDA": 450905000.0,
        "EBIT": 373742000.0,
        "Consolidated Income": 210687000.0,
        "Earnings Before Tax Margin": 0.0404216965461,
        "Net Profit Margin": 0.0280225263407
    },
    "2014": {
        "Revenue": 7889626000.0,
        "Revenue Growth": 0.0500821072699739,
        "Cost of Revenue": 6278584000.0,
        "Gross Profit": 1611042000.0,
        "R&D Expenses": 0.0,
        "SG&A Expense": 1076808000.0,
        "Operating Expenses": 1076808000.0,
        "Operating Income": 466217000.0,
        "Interest Expense": 82064000.0,
        "Earnings before Tax": 384153000.0,
        "Income Tax Expense": 108716000.0,
        "Net Income - Non-Controlling int": 0.0,
        "Net Income - Discontinued ops": 0.0,
        "Net Income": 275906000.0,
        "Preferred Dividends": 0.0,
        "Net Income Com": 275906000.0,
        "EPS": 6.21,
        "EPS Diluted": 5.18,
        "Weighted Average Shs Out": 44440000.0,
        "Weighted Average Shs Out (Dil)": 53258000.0,
        "Dividend per Share": 0.0,
        "Gross Margin": 0.204197512024,
        "EBITDA Margin": 0.0687986984427,
        "EBIT Margin": 0.0590924081826,
        "Profit Margin": 0.034970732453,
        "Free Cash Flow margin": 0.0292292689159,
        "EBITDA": 542796000.0,
        "EBIT": 466217000.0,
        "Consolidated Income": 275906000.0,
        "Earnings Before Tax Margin": 0.048690901191,
        "Net Profit Margin": 0.034970732453
    },
    "2013": {
        "Revenue": 7513342000.0,
        "Revenue Growth": 0.141966601011262,
        "Cost of Revenue": 5967892000.0,
        "Gross Profit": 1545450000.0,
        "R&D Expenses": 0.0,
        "SG&A Expense": 996810000.0,
        "Operating Expenses": 996810000.0,
        "Operating Income": 480998000.0,
        "Interest Expense": 85607000.0,
        "Earnings before Tax": 379851000.0,
        "Income Tax Expense": 103333000.0,
        "Net Income - Non-Controlling int": 0.0,
        "Net Income - Discontinued ops": 0.0,
        "Net Income": 276430000.0,
        "Preferred Dividends": 0.0,
        "Net Income Com": 276430000.0,
        "EPS": 6.26,
        "EPS Diluted": 5.25,
        "Weighted Average Shs Out": 44148000.0,
        "Weighted Average Shs Out (Dil)": 52650000.0,
        "Dividend per Share": 0.0,
        "Gross Margin": 0.205694083938,
        "EBITDA Margin": 0.0742449897795,
        "EBIT Margin": 0.0640191808119,
        "Profit Margin": 0.0367918830262,
        "Free Cash Flow margin": 0.0382407722156,
        "EBITDA": 557828000.0,
        "EBIT": 480998000.0,
        "Consolidated Income": 276430000.0,
        "Earnings Before Tax Margin": 0.0505568627117,
        "Net Profit Margin": 0.0367918830262
    },
    "2012": {
        "Revenue": 6579301000.0,
        "Revenue Growth": 0.0740456873790142,
        "Cost of Revenue": 5247855000.0,
        "Gross Profit": 1331446000.0,
        "R&D Expenses": 0.0,
        "SG&A Expense": 961014000.0,
        "Operating Expenses": 961014000.0,
        "Operating Income": 332871000.0,
        "Interest Expense": 47762000.0,
        "Earnings before Tax": 281639000.0,