{
    "2018": {
        "Revenue": 6039109533.6508,
        "Revenue Growth": 0.0232026959792784,
        "Cost of Revenue": 0.0,
        "Gross Profit": 6039109533.6508,
        "R&D Expenses": 0.0,
        "SG&A Expense": 3610947973.7622,
        "Operating Expenses": 3907087788.6603,
        "Operating Income": 2132021744.9906,
        "Interest Expense": 0.0,
        "Earnings before Tax": 2503733489.0826,
        "Income Tax Expense": 676811034.2349,
        "Net Income - Non-Controlling int": 16593584.3292,
        "Net Income - Discontinued ops": 0.0,
        "Net Income": 1826922454.8477,
        "Preferred Dividends": 0.0,
        "Net Income Com": 1826922454.8477,
        "EPS": 7.5371,
        "EPS Diluted": 7.5371,
        "Weighted Average Shs Out": 604970.1015,
        "Weighted Average Shs Out (Dil)": 604970.1015,
        "Dividend per Share": 0.0,
        "Gross Margin": 1.0,
        "EBITDA Margin": 0.0004,
        "EBIT Margin": 0.4146,
        "Profit Margin": 0.0003,
        "Free Cash Flow margin": 1.3443,
        "EBITDA": 2748634198.9397,
        "EBIT": 2503733489.0826,
        "Consolidated Income": 1843516039.1769,
        "Earnings Before Tax Margin": 0.4146,
        "Net Profit Margin": 0.3025
    },
    "2017": {
        "Revenue": 5902163429.9653,
        "Revenue Growth": 0.195404409215614,
        "Cost of Revenue": 0.0,
        "Gross Profit": 5902163429.9653,
        "R&D Expenses": 0.0,
        "SG&A Expense": 3341883854.0201,
        "Operating Expenses": 4078475466.7417,
        "Operating Income": 1823687963.2236,
        "Interest Expense": 0.0,
        "Earnings before Tax": 1812145604.6533,
        "Income Tax Expense": 393487193.9206,
        "Net Income - Non-Controlling int": 16830847.1714,
        "Net Income - Discontinued ops": 0.0,
        "Net Income": 1418658410.7327,
        "Preferred Dividends": 0.0,
        "Net Income Com": 1418658410.7327,
        "EPS": 5.6263,
        "EPS Diluted": 5.6263,
        "Weighted Average Shs Out": 631645.7698,
        "Weighted Average Shs Out (Dil)": 631645.7698,
        "Dividend per Share": 0.0,
        "Gross Margin": 1.0,
        "EBITDA Margin": 0.345,
        "EBIT Margin": 0.307,
        "Profit Margin": 0.0002,
        "Free Cash Flow margin": -0.3407,
        "EBITDA": 2033362416.737,
        "EBIT": 1812145604.6533,
        "Consolidated Income": 1435489257.9041,
        "Earnings Before Tax Margin": 0.307,
        "Net Profit Margin": 0.2404
    },
    "2016": {
        "Revenue": 4937377998.9971,
        "Revenue Growth": 0.0109745998877608,
        "Cost of Revenue": 0.0,
        "Gross Profit": 4937377998.9971,
        "R&D Expenses": 0.0,
        "SG&A Expense": 3188089801.027,
        "Operating Expenses": 3879440007.6257,
        "Operating Income": 1057937991.3713,
        "Interest Expense": 0.0,
        "Earnings before Tax": 1274092063.8736,
        "Income Tax Expense": 228651948.4933,
        "Net Income - Non-Controlling int": 13483416.1524,
        "Net Income - Discontinued ops": 0.0,
        "Net Income": 1045440115.3803,
        "Preferred Dividends": 0.0,
        "Net Income Com": 1045440115.3803,
        "EPS": 3.8966,
        "EPS Diluted": 3.8966,
        "Weighted Average Shs Out": 558062.0965,
        "Weighted Average Shs Out (Dil)": 558062.0965,
        "Dividend per Share": 0.8,
        "Gross Margin": 1.0,
        "EBITDA Margin": 0.0002,
        "EBIT Margin": 0.2581,
        "Profit Margin": 0.212,
        "Free Cash Flow margin": 0.8008,
        "EBITDA": 1482995909.4696,
        "EBIT": 1274092063.8736,
        "Consolidated Income": 1058923531.5327,
        "Earnings Before Tax Margin": 0.2581,
        "Net Profit Margin": 0.2117
    },
    "2015": {
        "Revenue": 4883780462.4817,
        "Revenue Growth": -0.0121580642950389,
        "Cost of Revenue": 0.0,
        "Gross Profit": 4883780462.4817,
        "R&D Expenses": 0.0,
        "SG&A Expense": 3200239648.9687,
        "Operating Expenses": 4022880689.5354,
        "Operating Income": 860899772.9462,
        "Interest Expense": 0.0,
        "Earnings before Tax": 1221827629.756,
        "Income Tax Expense": 320457307.4213,
        "Net Income - Non-Controlling int": 13816409.827,
        "Net Income - Discontinued ops": 0.0,
        "Net Income": 901370322.3347,
        "Preferred Dividends": 0.0,
        "Net Income Com": 901370322.3347,
        "EPS": 3.3216,
        "EPS Diluted": 3.3216,
        "Weighted Average Shs Out": 572971.4319,
        "Weighted Average Shs Out (Dil)": 673271227.0,
        "Dividend per Share": 0.0,
        "Gross Margin": 1.0,
        "EBITDA Margin": 0.292,
        "EBIT Margin": 0.2502,
        "Profit Margin": 0.185,
        "Free Cash Flow margin": -0.0862,
        "EBITDA": 1426724093.9124,
        "EBIT": 1221827629.756,
        "Consolidated Income": 915186732.1616,
        "Earnings Before Tax Margin": 0.2502,
        "Net Profit Margin": 0.1846
    },
    "2014": {
        "Revenue": 4943888577.6766,
        "Revenue Growth": -0.0394198023007519,
        "Cost of Revenue": 0.0,
        "Gross Profit": 4943888577.6766,
        "R&D Expenses": 0.0,
        "SG&A Expense": 3320139049.445,
        "Operating Expenses": 4322563459.1291,
        "Operating Income": 621325118.5475,
        "Interest Expense": 0.0,
        "Earnings before Tax": 1372743165.1843,
        "Income Tax Expense": 263363267.5889,
        "Net Income - Non-Controlling int": -5493074.4859,
        "Net Income - Discontinued ops": 0.0,
        "Net Income": 1109379897.5954,
        "Preferred Dividends": 0.0,
        "Net Income Com": 1109379897.5954,
        "EPS": 4.444,
        "EPS Diluted": 4.444,
        "Weighted Average Shs Out": 736564.85,
        "Weighted Average Shs Out (Dil)": 676245192.0,
        "Dividend per Share": 0.0,
        "Gross Margin": 1.0,
        "EBITDA Margin": 0.323,
        "EBIT Margin": 0.2777,
        "Profit Margin": 0.224,
        "Free Cash Flow margin": 0.0327,
        "EBITDA": 1598658304.4485,
        "EBIT": 1372743165.1843,
        "Consolidated Income": 1103886823.1095,
        "Earnings Before Tax Margin": 0.2777,
        "Net Profit Margin": 0.2244
    },
    "2013": {
        "Revenue": 5146773366.2614,
        "Revenue Growth": -0.0924944242694611,
        "Cost of Revenue": 0.0,
        "Gross Profit": 5146773366.2614,
        "R&D Expenses": 0.0,
        "SG&A Expense": 2876135068.3891,
        "Operating Expenses": 5039185980.2432,
        "Operating Income": 107587386.0182,
        "Interest Expense": 0.0,
        "Earnings before Tax": -477386018.2371,
        "Income Tax Expense": 33335866.2614,
        "Net Income - Non-Controlling int": 166932940.7295,
        "Net Income - Discontinued ops": 0.0,
        "Net Income": -510721884.4985,
        "Preferred Dividends": 0.0,
        "Net Income Com": -510721884.4985,
        "EPS": -2.0061,
        "EPS Diluted": -2.0061,
        "Weighted Average Shs Out": 765590.1786,
        "Weighted Average Shs Out (Dil)": 765590.1786,
        "Dividend per Share": 0.0,
        "Gross Margin": 1.0,
        "EBITDA Margin": -0.037,
        "EBIT Margin": -0.0928,
        "Profit Margin": -0.0001,
        "Free Cash Flow margin": -0.5782,
        "EBITDA": -192001329.7872,
        "EBIT": -477386018.2371,
        "Consolidated Income": -677654825.228,
        "Earnings Before Tax Margin": -0.0928,
        "Net Profit Margin": -0.0992
    },
    "2012": {
        "Revenue": 5671340765.1719,
        "Revenue Growth": 0.0827812134669823,
        "Cost of Revenue": 0.0,
        "Gross Profit": 5671340765.1719,
        "R&D Expenses": 0.0,
        "SG&A Expense": 2778748899.7378,
        "Operating Expenses": 4468741281.2735,
        "Operating Income": 1202599483.8984,
        "Interest Expense": 0.0,
        "Earnings before Tax": 1869558927.5532,
        "Income Tax Expense": 335212429.2756,
        "Net Income - Non-Controlling int": 201347275.1543,