{
    "2018": {
        "Revenue": 5744000000.0,
        "Revenue Growth": NaN,
        "Cost of Revenue": 4514000000.0,
        "Gross Profit": 1230000000.0,
        "R&D Expenses": 139000000.0,
        "SG&A Expense": 894000000.0,
        "Operating Expenses": 1033000000.0,
        "Operating Income": 197000000.0,
        "Interest Expense": 614000000.0,
        "Earnings before Tax": -2757000000.0,
        "Income Tax Expense": 34000000.0,
        "Net Income - Non-Controlling int": NaN,
        "Net Income - Discontinued ops": NaN,
        "Net Income": -2811000000.0,
        "Preferred Dividends": NaN,
        "Net Income Com": -2811000000.0,
        "EPS": -2.82,
        "EPS Diluted": -2.82,
        "Weighted Average Shs Out": 997000000.0,
        "Weighted Average Shs Out (Dil)": 997000000.0,
        "Dividend per Share": NaN,
        "Gross Margin": 0.2141364902507,
        "EBITDA Margin": -0.27628830083565,
        "EBIT Margin": -0.37656685236769,
        "Profit Margin": -0.48938022284123,
        "Free Cash Flow margin": NaN,
        "EBITDA": -1587000000.0,
        "EBIT": -2163000000.0,
        "Consolidated Income": -2811000000.0,
        "Earnings Before Tax Margin": -0.4799791086351,
        "Net Profit Margin": -0.48938022284123
    },
    "2017": {
        "Revenue": 5699000000.0,
        "Revenue Growth": NaN,
        "Cost of Revenue": 4889000000.0,
        "Gross Profit": 810000000.0,
        "R&D Expenses": 158000000.0,
        "SG&A Expense": 1040000000.0,
        "Operating Expenses": 1198000000.0,
        "Operating Income": -388000000.0,
        "Interest Expense": 579000000.0,
        "Earnings before Tax": -2656000000.0,
        "Income Tax Expense": 137000000.0,
        "Net Income - Non-Controlling int": NaN,
        "Net Income - Discontinued ops": NaN,
        "Net Income": -2813000000.0,
        "Preferred Dividends": NaN,
        "Net Income Com": -2813000000.0,
        "EPS": -2.84,
        "EPS Diluted": -2.84,
        "Weighted Average Shs Out": 990000000.0,
        "Weighted Average Shs Out (Dil)": 990000000.0,
        "Dividend per Share": NaN,
        "Gross Margin": 0.1421301982804,
        "EBITDA Margin": -0.22389892963678,
        "EBIT Margin": -0.3679592911037,
        "Profit Margin": -0.49359536760835,
        "Free Cash Flow margin": NaN,
        "EBITDA": -1276000000.0,
        "EBIT": -2097000000.0,
        "Consolidated Income": -2813000000.0,
        "Earnings Before Tax Margin": -0.46604667485524,
        "Net Profit Margin": -0.49359536760835
    },
    "2016": {
        "Revenue": 5749000000.0,
        "Revenue Growth": NaN,
        "Cost of Revenue": 5189000000.0,
        "Gross Profit": 560000000.0,
        "R&D Expenses": 159000000.0,
        "SG&A Expense": 1109000000.0,
        "Operating Expenses": 1268000000.0,
        "Operating Income": -708000000.0,
        "Interest Expense": 499000000.0,
        "Earnings before Tax": -2877000000.0,
        "Income Tax Expense": 496000000.0,
        "Net Income - Non-Controlling int": NaN,
        "Net Income - Discontinued ops": NaN,
        "Net Income": -3392000000.0,
        "Preferred Dividends": NaN,
        "Net Income Com": -3392000000.0,
        "EPS": -3.82,
        "EPS Diluted": -3.82,
        "Weighted Average Shs Out": 887000000.0,
        "Weighted Average Shs Out (Dil)": 887000000.0,
        "Dividend per Share": NaN,
        "Gross Margin": 0.097408244912159,
        "EBITDA Margin": -0.24734736475909,
        "EBIT Margin": -0.41694207688294,
        "Profit Margin": -0.5900156548965,
        "Free Cash Flow margin": NaN,
        "EBITDA": -1422000000.0,
        "EBIT": -2397000000.0,
        "Consolidated Income": -3392000000.0,
        "Earnings Before Tax Margin": -0.50043485823622,
        "Net Profit Margin": -0.5900156548965
    },
    "2015": {
        "Revenue": 9433000000.0,
        "Revenue Growth": NaN,
        "Cost of Revenue": 8021000000.0,
        "Gross Profit": 1412000000.0,
        "R&D Expenses": 231000000.0,
        "SG&A Expense": 1580000000.0,
        "Operating Expenses": 1811000000.0,
        "Operating Income": -399000000.0,
        "Interest Expense": 468000000.0,
        "Earnings before Tax": -2096000000.0,
        "Income Tax Expense": -145000000.0,
        "Net Income - Non-Controlling int": NaN,
        "Net Income - Discontinued ops": NaN,
        "Net Income": -1985000000.0,
        "Preferred Dividends": NaN,
        "Net Income Com": -1985000000.0,
        "EPS": -2.55,
        "EPS Diluted": -2.55,
        "Weighted Average Shs Out": 779000000.0,
        "Weighted Average Shs Out (Dil)": 779000000.0,
        "Dividend per Share": NaN,
        "Gross Margin": 0.14968726810135,
        "EBITDA Margin": -0.045372628008057,
        "EBIT Margin": -0.17618997137708,
        "Profit Margin": -0.21043146400933,
        "Free Cash Flow margin": NaN,
        "EBITDA": -428000000.0,
        "EBIT": -1662000000.0,
        "Consolidated Income": -1985000000.0,
        "Earnings Before Tax Margin": -0.22219866426375,
        "Net Profit Margin": -0.21043146400933
    },
    "2014": {
        "Revenue": 14911000000.0,
        "Revenue Growth": NaN,
        "Cost of Revenue": 11461000000.0,
        "Gross Profit": 3450000000.0,
        "R&D Expenses": 290000000.0,
        "SG&A Expense": 2017000000.0,
        "Operating Expenses": 2307000000.0,
        "Operating Income": 1143000000.0,
        "Interest Expense": 498000000.0,
        "Earnings before Tax": -255000000.0,
        "Income Tax Expense": 284000000.0,
        "Net Income - Non-Controlling int": NaN,
        "Net Income - Discontinued ops": NaN,
        "Net Income": -584000000.0,
        "Preferred Dividends": NaN,
        "Net Income Com": -584000000.0,
        "EPS": -0.75,
        "EPS Diluted": -0.75,
        "Weighted Average Shs Out": 777000000.0,
        "Weighted Average Shs Out (Dil)": 777000000.0,
        "Dividend per Share": NaN,
        "Gross Margin": 0.23137281201797,
        "EBITDA Margin": 0.1082422372745,
        "EBIT Margin": 0.013278787472336,
        "Profit Margin": -0.039165716585071,
        "Free Cash Flow margin": NaN,
        "EBITDA": 1614000000.0,
        "EBIT": 198000000.0,
        "Consolidated Income": -584000000.0,
        "Earnings Before Tax Margin": -0.017101468714372,
        "Net Profit Margin": -0.039165716585071
    }
}