{
    "2018": {
        "Revenue": 250821000.0,
        "Revenue Growth": 0.22729474626778,
        "Cost of Revenue": 169497000.0,
        "Gross Profit": 81324000.0,
        "R&D Expenses": 31372000.0,
        "SG&A Expense": 52949000.0,
        "Operating Expenses": 84321000.0,
        "Operating Income": -2997000.0,
        "Interest Expense": 0.0,
        "Earnings before Tax": -4884000.0,
        "Income Tax Expense": -5153000.0,
        "Net Income - Non-Controlling int": 0.0,
        "Net Income - Discontinued ops": 0.0,
        "Net Income": -1220000.0,
        "Preferred Dividends": 0.0,
        "Net Income Com": -1220000.0,
        "EPS": -0.03,
        "EPS Diluted": -0.03,
        "Weighted Average Shs Out": 42066.0,
        "Weighted Average Shs Out (Dil)": 42066.0,
        "Dividend per Share": 0.0,
        "Gross Margin": 0.324231224658,
        "EBITDA Margin": 0.326172848366,
        "EBIT Margin": -0.0119487602713,
        "Profit Margin": -0.00486402653685,
        "Free Cash Flow margin": -0.0614342499233,
        "EBITDA": 81811000.0,
        "EBIT": -2997000.0,
        "Consolidated Income": -1220000.0,
        "Earnings Before Tax Margin": -0.0194720537754,
        "Net Profit Margin": -0.00486402653685
    },
    "2017": {
        "Revenue": 204369000.0,
        "Revenue Growth": 0.282564765538709,
        "Cost of Revenue": 141815000.0,
        "Gross Profit": 62554000.0,
        "R&D Expenses": 26754000.0,
        "SG&A Expense": 56501000.0,
        "Operating Expenses": 83255000.0,
        "Operating Income": -20701000.0,
        "Interest Expense": 0.0,
        "Earnings before Tax": -20854000.0,
        "Income Tax Expense": -2078000.0,
        "Net Income - Non-Controlling int": 0.0,
        "Net Income - Discontinued ops": 0.0,
        "Net Income": -19366000.0,
        "Preferred Dividends": 0.0,
        "Net Income Com": -19366000.0,
        "EPS": -0.49,
        "EPS Diluted": -0.49,
        "Weighted Average Shs Out": 39824.0,
        "Weighted Average Shs Out (Dil)": 39824.0,
        "Dividend per Share": 0.0,
        "Gross Margin": 0.306083603678,
        "EBITDA Margin": 0.253923050952,
        "EBIT Margin": -0.101292270354,
        "Profit Margin": -0.0947599684884,
        "Free Cash Flow margin": 0.119489746488,
        "EBITDA": 51894000.0,
        "EBIT": -20701000.0,
        "Consolidated Income": -19366000.0,
        "Earnings Before Tax Margin": -0.102040916186,
        "Net Profit Margin": -0.0947599684884
    },
    "2016": {
        "Revenue": 159344000.0,
        "Revenue Growth": 0.141220116597195,
        "Cost of Revenue": 114867000.0,
        "Gross Profit": 44477000.0,
        "R&D Expenses": 22126000.0,
        "SG&A Expense": 48448000.0,
        "Operating Expenses": 70574000.0,
        "Operating Income": -26097000.0,
        "Interest Expense": 0.0,
        "Earnings before Tax": -26556000.0,
        "Income Tax Expense": 427000.0,
        "Net Income - Non-Controlling int": 0.0,
        "Net Income - Discontinued ops": 0.0,
        "Net Income": -27331000.0,
        "Preferred Dividends": 0.0,
        "Net Income Com": -27331000.0,
        "EPS": -0.72,
        "EPS Diluted": -0.72,
        "Weighted Average Shs Out": 38025000.0,
        "Weighted Average Shs Out (Dil)": 38025000.0,
        "Dividend per Share": 0.0,
        "Gross Margin": 0.279125665227,
        "EBITDA Margin": 0.166639471835,
        "EBIT Margin": -0.163777738729,
        "Profit Margin": -0.17152199016,
        "Free Cash Flow margin": 0.0497916457476,
        "EBITDA": 26553000.0,
        "EBIT": -26097000.0,
        "Consolidated Income": -27331000.0,
        "Earnings Before Tax Margin": -0.166658299026,
        "Net Profit Margin": -0.17152199016
    },
    "2015": {
        "Revenue": 139626000.0,
        "Revenue Growth": 0.170406632186895,
        "Cost of Revenue": 100101000.0,
        "Gross Profit": 39525000.0,
        "R&D Expenses": 19147000.0,
        "SG&A Expense": 42009000.0,
        "Operating Expenses": 61156000.0,
        "Operating Income": -21631000.0,
        "Interest Expense": 0.0,
        "Earnings before Tax": -21697000.0,
        "Income Tax Expense": 481000.0,
        "Net Income - Non-Controlling int": 0.0,
        "Net Income - Discontinued ops": 0.0,
        "Net Income": -22292000.0,
        "Preferred Dividends": 0.0,
        "Net Income Com": -22292000.0,
        "EPS": -0.6,
        "EPS Diluted": -0.6,
        "Weighted Average Shs Out": 36849000.0,
        "Weighted Average Shs Out (Dil)": 36849000.0,
        "Dividend per Share": 0.0,
        "Gross Margin": 0.283077650294,
        "EBITDA Margin": 0.144944351339,
        "EBIT Margin": -0.154921003252,
        "Profit Margin": -0.159655078567,
        "Free Cash Flow margin": -0.0325225960781,
        "EBITDA": 20238000.0,
        "EBIT": -21631000.0,
        "Consolidated Income": -22292000.0,
        "Earnings Before Tax Margin": -0.155393694584,
        "Net Profit Margin": -0.159655078567
    },
    "2014": {
        "Revenue": 119297000.0,
        "Revenue Growth": 0.117578176231428,
        "Cost of Revenue": 88602000.0,
        "Gross Profit": 30695000.0,
        "R&D Expenses": 14879000.0,
        "SG&A Expense": 33842000.0,
        "Operating Expenses": 48721000.0,
        "Operating Income": -18026000.0,
        "Interest Expense": 0.0,
        "Earnings before Tax": -18067000.0,
        "Income Tax Expense": 700000.0,
        "Net Income - Non-Controlling int": 0.0,
        "Net Income - Discontinued ops": 0.0,
        "Net Income": -19521000.0,
        "Preferred Dividends": 0.0,
        "Net Income Com": -19521000.0,
        "EPS": -0.55,
        "EPS Diluted": -0.55,
        "Weighted Average Shs Out": 35753000.0,
        "Weighted Average Shs Out (Dil)": 35753000.0,
        "Dividend per Share": 0.0,
        "Gross Margin": 0.257299010034,
        "EBITDA Margin": 0.110111737931,
        "EBIT Margin": -0.151101871799,
        "Profit Margin": -0.163633620292,
        "Free Cash Flow margin": -0.416925823784,
        "EBITDA": 13136000.0,
        "EBIT": -18026000.0,
        "Consolidated Income": -19521000.0,
        "Earnings Before Tax Margin": -0.151445551858,
        "Net Profit Margin": -0.163633620292
    },
    "2013": {
        "Revenue": 106746000.0,
        "Revenue Growth": 0.0413634323844458,
        "Cost of Revenue": 67897000.0,
        "Gross Profit": 38849000.0,
        "R&D Expenses": 11432000.0,
        "SG&A Expense": 29311000.0,
        "Operating Expenses": 40743000.0,
        "Operating Income": -1894000.0,
        "Interest Expense": 0.0,
        "Earnings before Tax": -1857000.0,
        "Income Tax Expense": 1286000.0,
        "Net Income - Non-Controlling int": 0.0,
        "Net Income - Discontinued ops": 0.0,
        "Net Income": -3793000.0,
        "Preferred Dividends": 0.0,
        "Net Income Com": -3793000.0,
        "EPS": -0.11,
        "EPS Diluted": -0.11,
        "Weighted Average Shs Out": 35578000.0,
        "Weighted Average Shs Out (Dil)": 35578000.0,
        "Dividend per Share": 0.0,
        "Gross Margin": 0.363938695595,
        "EBITDA Margin": 0.180765555618,
        "EBIT Margin": -0.0177430536039,
        "Profit Margin": -0.0355329473704,
        "Free Cash Flow margin": -0.0827103591704,
        "EBITDA": 19296000.0,
        "EBIT": -1894000.0,
        "Consolidated Income": -3793000.0,
        "Earnings Before Tax Margin": -0.0173964364004,
        "Net Profit Margin": -0.0355329473704
    },
    "2012": {
        "Revenue": 102506000.0,
        "Revenue Growth": 0.0840542312654667,
        "Cost of Revenue": 57933000.0,
        "Gross Profit": 44573000.0,
        "R&D Expenses": 10772000.0,
        "SG&A Expense": 22955000.0,
        "Operating Expenses": 33727000.0,
        "Operating Income": 10846000.0,
        "Interest Expense": 0.0,
        "Earnings before Tax": 10989000.0,
        "Income Tax Expense": 2965000.0,