{
    "2018": {
        "Revenue": 153181000.0,
        "Revenue Growth": 0.451237304835531,
        "Cost of Revenue": 32063000.0,
        "Gross Profit": 121118000.0,
        "R&D Expenses": 0.0,
        "SG&A Expense": 44579000.0,
        "Operating Expenses": 114654000.0,
        "Operating Income": 38527000.0,
        "Interest Expense": 0.0,
        "Earnings before Tax": 26927000.0,
        "Income Tax Expense": 5208000.0,
        "Net Income - Non-Controlling int": 0.0,
        "Net Income - Discontinued ops": 0.0,
        "Net Income": 21719000.0,
        "Preferred Dividends": 0.0,
        "Net Income Com": 21719000.0,
        "EPS": 0.74,
        "EPS Diluted": 0.73,
        "Weighted Average Shs Out": 29231000.0,
        "Weighted Average Shs Out (Dil)": 29587000.0,
        "Dividend per Share": 6.44664886606,
        "Gross Margin": 0.790685528884,
        "EBITDA Margin": 0.292614619307,
        "EBIT Margin": 0.251512916093,
        "Profit Margin": 0.141786513993,
        "Free Cash Flow margin": 0.227103883641,
        "EBITDA": 44823000.0,
        "EBIT": 38527000.0,
        "Consolidated Income": 21719000.0,
        "Earnings Before Tax Margin": 0.175785508647,
        "Net Profit Margin": 0.141786513993
    },
    "2017": {
        "Revenue": 105552000.0,
        "Revenue Growth": 0.155354152300266,
        "Cost of Revenue": 28745000.0,
        "Gross Profit": 76807000.0,
        "R&D Expenses": 0.0,
        "SG&A Expense": 37151000.0,
        "Operating Expenses": 69272000.0,
        "Operating Income": 36280000.0,
        "Interest Expense": 0.0,
        "Earnings before Tax": 31149000.0,
        "Income Tax Expense": 3845000.0,
        "Net Income - Non-Controlling int": 0.0,
        "Net Income - Discontinued ops": 0.0,
        "Net Income": 27304000.0,
        "Preferred Dividends": 0.0,
        "Net Income Com": 27304000.0,
        "EPS": 0.94,
        "EPS Diluted": 0.93,
        "Weighted Average Shs Out": 29025000.0,
        "Weighted Average Shs Out (Dil)": 29424000.0,
        "Dividend per Share": 0.138322457858,
        "Gross Margin": 0.72766977414,
        "EBITDA Margin": 0.378467485221,
        "EBIT Margin": 0.343716840988,
        "Profit Margin": 0.258678187055,
        "Free Cash Flow margin": 0.23224571775,
        "EBITDA": 39948000.0,
        "EBIT": 36280000.0,
        "Consolidated Income": 27304000.0,
        "Earnings Before Tax Margin": 0.295105729877,
        "Net Profit Margin": 0.258678187055
    },
    "2016": {
        "Revenue": 91359000.0,
        "Revenue Growth": 0.171734920288833,
        "Cost of Revenue": 25308000.0,
        "Gross Profit": 66051000.0,
        "R&D Expenses": 0.0,
        "SG&A Expense": 33840000.0,
        "Operating Expenses": 62156000.0,
        "Operating Income": 29203000.0,
        "Interest Expense": 0.0,
        "Earnings before Tax": 24553000.0,
        "Income Tax Expense": 9119000.0,
        "Net Income - Non-Controlling int": 0.0,
        "Net Income - Discontinued ops": 0.0,
        "Net Income": 15434000.0,
        "Preferred Dividends": 0.0,
        "Net Income Com": 15434000.0,
        "EPS": 0.54,
        "EPS Diluted": 0.53,
        "Weighted Average Shs Out": 28637000.0,
        "Weighted Average Shs Out (Dil)": 28983000.0,
        "Dividend per Share": 2.87299451403,
        "Gross Margin": 0.722982957344,
        "EBITDA Margin": 0.35735942819,
        "EBIT Margin": 0.319651046969,
        "Profit Margin": 0.168937926203,
        "Free Cash Flow margin": 0.220120623037,
        "EBITDA": 32648000.0,
        "EBIT": 29203000.0,
        "Consolidated Income": 15434000.0,
        "Earnings Before Tax Margin": 0.268752941692,
        "Net Profit Margin": 0.168937926203
    },
    "2015": {
        "Revenue": 77969000.0,
        "Revenue Growth": 0.155969695621877,
        "Cost of Revenue": 22219000.0,
        "Gross Profit": 55750000.0,
        "R&D Expenses": 0.0,
        "SG&A Expense": 33350000.0,
        "Operating Expenses": 58251000.0,
        "Operating Income": 19718000.0,
        "Interest Expense": 0.0,
        "Earnings before Tax": 15845000.0,
        "Income Tax Expense": 5739000.0,
        "Net Income - Non-Controlling int": 0.0,
        "Net Income - Discontinued ops": 0.0,
        "Net Income": 10106000.0,
        "Preferred Dividends": 0.0,
        "Net Income Com": 10106000.0,
        "EPS": 0.37,
        "EPS Diluted": 0.36,
        "Weighted Average Shs Out": 27497000.0,
        "Weighted Average Shs Out (Dil)": 27816000.0,
        "Dividend per Share": 1.72558958873,
        "Gross Margin": 0.715027767446,
        "EBITDA Margin": 0.291526119355,
        "EBIT Margin": 0.252895381498,
        "Profit Margin": 0.129615616463,
        "Free Cash Flow margin": 0.142774692506,
        "EBITDA": 22730000.0,
        "EBIT": 19718000.0,
        "Consolidated Income": 10106000.0,
        "Earnings Before Tax Margin": 0.203221793277,
        "Net Profit Margin": 0.129615616463
    },
    "2014": {
        "Revenue": 67449000.0,
        "Revenue Growth": 0.143222766487568,
        "Cost of Revenue": 20473000.0,
        "Gross Profit": 46976000.0,
        "R&D Expenses": 0.0,
        "SG&A Expense": 26006000.0,
        "Operating Expenses": 28910000.0,
        "Operating Income": 18066000.0,
        "Interest Expense": 3684000.0,
        "Earnings before Tax": 14298000.0,
        "Income Tax Expense": 5312000.0,
        "Net Income - Non-Controlling int": 0.0,
        "Net Income - Discontinued ops": 0.0,
        "Net Income": 8986000.0,
        "Preferred Dividends": 0.0,
        "Net Income Com": 8986000.0,
        "EPS": 0.35,
        "EPS Diluted": 0.34,
        "Weighted Average Shs Out": NaN,
        "Weighted Average Shs Out (Dil)": 25846000.0,
        "Dividend per Share": 0.0,
        "Gross Margin": 0.6965,
        "EBITDA Margin": 0.31,
        "EBIT Margin": 0.2666,
        "Profit Margin": 0.133,
        "Free Cash Flow margin": 0.1907,
        "EBITDA": 20886000.0,
        "EBIT": 17982000.0,
        "Consolidated Income": 8986000.0,
        "Earnings Before Tax Margin": 0.212,
        "Net Profit Margin": 0.1332
    },
    "2013": {
        "Revenue": 58999000.0,
        "Revenue Growth": 0.143590936403636,
        "Cost of Revenue": 22176000.0,
        "Gross Profit": 36823000.0,
        "R&D Expenses": 0.0,
        "SG&A Expense": 18913000.0,
        "Operating Expenses": 21943000.0,
        "Operating Income": 14880000.0,
        "Interest Expense": 2863000.0,
        "Earnings before Tax": 12023000.0,
        "Income Tax Expense": 4493000.0,
        "Net Income - Non-Controlling int": 0.0,
        "Net Income - Discontinued ops": 0.0,
        "Net Income": 7530000.0,
        "Preferred Dividends": 0.0,
        "Net Income Com": 7530000.0,
        "EPS": 0.3,
        "EPS Diluted": 0.29,
        "Weighted Average Shs Out": NaN,
        "Weighted Average Shs Out (Dil)": 25168000.0,
        "Dividend per Share": 0.0,
        "Gross Margin": 0.6241,
        "EBITDA Margin": 0.304,
        "EBIT Margin": 0.2523,
        "Profit Margin": 0.128,
        "Free Cash Flow margin": 0.1485,
        "EBITDA": 17916000.0,
        "EBIT": 14886000.0,
        "Consolidated Income": 7530000.0,
        "Earnings Before Tax Margin": 0.2038,
        "Net Profit Margin": 0.1276
    },
    "2012": {
        "Revenue": 51591000.0,
        "Revenue Growth": NaN,
        "Cost of Revenue": 21262000.0,
        "Gross Profit": 30329000.0,
        "R&D Expenses": 0.0,
        "SG&A Expense": 15896000.0,
        "Operating Expenses": 21326000.0,
        "Operating Income": 9003000.0,
        "Interest Expense": 2431000.0,
        "Earnings before Tax": 6580000.0,
        "Income Tax Expense": 3000000.0,
        "Net Income - Non-Controlling int": 0.0,
        "Net Income - Discontinued ops": 0.0,
        "Net Income": 3580000.0,
        "Preferred Dividends": 0.0,
        "Net Income Com": 3580000.0,
        "EPS": 0.14,
        "EPS Diluted": 0.14,