{
    "2018": {
        "Revenue": 2081414000.0,
        "Revenue Growth": 0.404998531828936,
        "Cost of Revenue": 1235034000.0,
        "Gross Profit": 846380000.0,
        "R&D Expenses": 0.0,
        "SG&A Expense": 123250000.0,
        "Operating Expenses": 276501000.0,
        "Operating Income": 569879000.0,
        "Interest Expense": 197474000.0,
        "Earnings before Tax": 343867000.0,
        "Income Tax Expense": 1373000.0,
        "Net Income - Non-Controlling int": 0.0,
        "Net Income - Discontinued ops": 0.0,
        "Net Income": 342494000.0,
        "Preferred Dividends": 0.0,
        "Net Income Com": 342494000.0,
        "EPS": 3.77,
        "EPS Diluted": 3.73,
        "Weighted Average Shs Out": 90953000.0,
        "Weighted Average Shs Out (Dil)": 91869000.0,
        "Dividend per Share": 0.0,
        "Gross Margin": 0.40663702656,
        "EBITDA Margin": 0.66392750313,
        "EBIT Margin": 0.273794161085,
        "Profit Margin": 0.164548715441,
        "Free Cash Flow margin": 0.524644784747,
        "EBITDA": 1381908000.0,
        "EBIT": 569879000.0,
        "Consolidated Income": 342494000.0,
        "Earnings Before Tax Margin": 0.165208363161,
        "Net Profit Margin": 0.164548715441
    },
    "2017": {
        "Revenue": 1481435000.0,
        "Revenue Growth": 0.152883853625965,
        "Cost of Revenue": 1774731000.0,
        "Gross Profit": -293296000.0,
        "R&D Expenses": 0.0,
        "SG&A Expense": 124288000.0,
        "Operating Expenses": 1236033000.0,
        "Operating Income": -1529329000.0,
        "Interest Expense": 191088000.0,
        "Earnings before Tax": -1720641000.0,
        "Income Tax Expense": -482979000.0,
        "Net Income - Non-Controlling int": 0.0,
        "Net Income - Discontinued ops": 0.0,
        "Net Income": -1237648000.0,
        "Preferred Dividends": 0.0,
        "Net Income Com": -1237648000.0,
        "EPS": -13.65,
        "EPS Diluted": -13.65,
        "Weighted Average Shs Out": 90683000.0,
        "Weighted Average Shs Out (Dil)": 90683000.0,
        "Dividend per Share": 0.0,
        "Gross Margin": -0.197981011654,
        "EBITDA Margin": -0.370367245272,
        "EBIT Margin": -1.03232946434,
        "Profit Margin": -0.835438611886,
        "Free Cash Flow margin": 0.38956079747,
        "EBITDA": -548675000.0,
        "EBIT": -1529329000.0,
        "Consolidated Income": -1237648000.0,
        "Earnings Before Tax Margin": -1.16146911609,
        "Net Profit Margin": -0.835438611886
    },
    "2016": {
        "Revenue": 1284982000.0,
        "Revenue Growth": -0.373423418591202,
        "Cost of Revenue": 2048271000.0,
        "Gross Profit": -763289000.0,
        "R&D Expenses": 0.0,
        "SG&A Expense": 146878000.0,
        "Operating Expenses": 64917000.0,
        "Operating Income": -828206000.0,
        "Interest Expense": 557620000.0,
        "Earnings before Tax": -1426770000.0,
        "Income Tax Expense": -87646000.0,
        "Net Income - Non-Controlling int": 0.0,
        "Net Income - Discontinued ops": 0.0,
        "Net Income": -1339102000.0,
        "Preferred Dividends": 0.0,
        "Net Income Com": -1339102000.0,
        "EPS": -5.32,
        "EPS Diluted": -5.32,
        "Weighted Average Shs Out": 251869000.0,
        "Weighted Average Shs Out (Dil)": 251869000.0,
        "Dividend per Share": 0.0,
        "Gross Margin": -0.594007542518,
        "EBITDA Margin": 0.528369268986,
        "EBIT Margin": -0.644527316336,
        "Profit Margin": -1.04211732149,
        "Free Cash Flow margin": 0.46304928785,
        "EBITDA": 678945000.0,
        "EBIT": -828206000.0,
        "Consolidated Income": -1339102000.0,
        "Earnings Before Tax Margin": -1.11034240168,
        "Net Profit Margin": -1.04211732149
    },
    "2015": {
        "Revenue": 2050798000.0,
        "Revenue Growth": -0.335256557573392,
        "Cost of Revenue": 2434614000.0,
        "Gross Profit": -383816000.0,
        "R&D Expenses": 0.0,
        "SG&A Expense": 172616000.0,
        "Operating Expenses": 2609679000.0,
        "Operating Income": -2993495000.0,
        "Interest Expense": 334125000.0,
        "Earnings before Tax": -2993495000.0,
        "Income Tax Expense": -774227000.0,
        "Net Income - Non-Controlling int": 0.0,
        "Net Income - Discontinued ops": 0.0,
        "Net Income": -2219182000.0,
        "Preferred Dividends": 0.0,
        "Net Income Com": -2219182000.0,
        "EPS": -11.35,
        "EPS Diluted": -11.35,
        "Weighted Average Shs Out": 195472000.0,
        "Weighted Average Shs Out (Dil)": 195472000.0,
        "Dividend per Share": 0.0,
        "Gross Margin": -0.187154463775,
        "EBITDA Margin": -0.830738571034,
        "EBIT Margin": -1.4596732589,
        "Profit Margin": -1.0821065751,
        "Free Cash Flow margin": 0.512674578384,
        "EBITDA": -1703677000.0,
        "EBIT": -2993495000.0,
        "Consolidated Income": -2219182000.0,
        "Earnings Before Tax Margin": -1.4596732589,
        "Net Profit Margin": -1.0821065751
    },
    "2014": {
        "Revenue": 3085097000.0,
        "Revenue Growth": 0.0907627497670932,
        "Cost of Revenue": 1412616000.0,
        "Gross Profit": 1672481000.0,
        "R&D Expenses": 0.0,
        "SG&A Expense": 177211000.0,
        "Operating Expenses": 1528566000.0,
        "Operating Income": 143915000.0,
        "Interest Expense": 170642000.0,
        "Earnings before Tax": 143915000.0,
        "Income Tax Expense": 79170000.0,
        "Net Income - Non-Controlling int": 0.0,
        "Net Income - Discontinued ops": 0.0,
        "Net Income": 64807000.0,
        "Preferred Dividends": 0.0,
        "Net Income Com": 64807000.0,
        "EPS": 0.53,
        "EPS Diluted": 0.53,
        "Weighted Average Shs Out": 122138000.0,
        "Weighted Average Shs Out (Dil)": 122519000.0,
        "Dividend per Share": 0.0,
        "Gross Margin": 0.542116179815,
        "EBITDA Margin": 0.403696869175,
        "EBIT Margin": 0.0466484522205,
        "Profit Margin": 0.0210064707852,
        "Free Cash Flow margin": 0.588410024061,
        "EBITDA": 1245444000.0,
        "EBIT": 143915000.0,
        "Consolidated Income": 64807000.0,
        "Earnings Before Tax Margin": 0.0466484522205,
        "Net Profit Margin": 0.0210064707852
    },
    "2013": {
        "Revenue": 2828385000.0,
        "Revenue Growth": 0.301333086721032,
        "Cost of Revenue": 1235089000.0,
        "Gross Profit": 1593296000.0,
        "R&D Expenses": 0.0,
        "SG&A Expense": 137994000.0,
        "Operating Expenses": 1021425000.0,
        "Operating Income": 571871000.0,
        "Interest Expense": 112936000.0,
        "Earnings before Tax": 571871000.0,
        "Income Tax Expense": 205868000.0,
        "Net Income - Non-Controlling int": 0.0,
        "Net Income - Discontinued ops": 0.0,
        "Net Income": 366055000.0,
        "Preferred Dividends": 494000.0,
        "Net Income Com": 366055000.0,
        "EPS": 3.09,
        "EPS Diluted": 3.06,
        "Weighted Average Shs Out": 118260000.0,
        "Weighted Average Shs Out (Dil)": 119588000.0,
        "Dividend per Share": 0.00449877914172,
        "Gross Margin": 0.563323592792,
        "EBITDA Margin": 0.521779036447,
        "EBIT Margin": 0.202189942317,
        "Profit Margin": 0.129421913919,
        "Free Cash Flow margin": 0.616869697725,
        "EBITDA": 1475792000.0,
        "EBIT": 571871000.0,
        "Consolidated Income": 366055000.0,
        "Earnings Before Tax Margin": 0.202189942317,
        "Net Profit Margin": 0.129421913919
    },
    "2012": {
        "Revenue": 2173452000.0,
        "Revenue Growth": 0.144149730841188,
        "Cost of Revenue": 859472000.0,
        "Gross Profit": 1313980000.0,
        "R&D Expenses": 0.0,
        "SG&A Expense": 108573000.0,
        "Operating Expenses": 651969000.0,
        "Operating Income": 662011000.0,