{
    "2018": {
        "Revenue": 836190000.0,
        "Revenue Growth": 0.122419257197086,
        "Cost of Revenue": 180153000.0,
        "Gross Profit": 656037000.0,
        "R&D Expenses": 59142000.0,
        "SG&A Expense": 577961000.0,
        "Operating Expenses": 663833000.0,
        "Operating Income": -7796000.0,
        "Interest Expense": 0.0,
        "Earnings before Tax": -169840000.0,
        "Income Tax Expense": -536000.0,
        "Net Income - Non-Controlling int": 0.0,
        "Net Income - Discontinued ops": 0.0,
        "Net Income": -169505000.0,
        "Preferred Dividends": 0.0,
        "Net Income Com": -169505000.0,
        "EPS": -1.51,
        "EPS Diluted": -1.51,
        "Weighted Average Shs Out": 112592000.0,
        "Weighted Average Shs Out (Dil)": 112592000.0,
        "Dividend per Share": 0.0,
        "Gross Margin": 0.784554945646,
        "EBITDA Margin": 0.15955225487,
        "EBIT Margin": -0.00932323993351,
        "Profit Margin": -0.202711106328,
        "Free Cash Flow margin": -0.161680957677,
        "EBITDA": 133416000.0,
        "EBIT": -7796000.0,
        "Consolidated Income": -169505000.0,
        "Earnings Before Tax Margin": -0.203111732979,
        "Net Profit Margin": -0.202711106328
    },
    "2017": {
        "Revenue": 744989000.0,
        "Revenue Growth": 0.0791280516598538,
        "Cost of Revenue": 160947000.0,
        "Gross Profit": 584042000.0,
        "R&D Expenses": 50115000.0,
        "SG&A Expense": 525222000.0,
        "Operating Expenses": 603733000.0,
        "Operating Income": -19691000.0,
        "Interest Expense": 0.0,
        "Earnings before Tax": -99905000.0,
        "Income Tax Expense": -34968000.0,
        "Net Income - Non-Controlling int": 0.0,
        "Net Income - Discontinued ops": 0.0,
        "Net Income": -202598000.0,
        "Preferred Dividends": 0.0,
        "Net Income Com": -202598000.0,
        "EPS": -1.94,
        "EPS Diluted": -1.94,
        "Weighted Average Shs Out": 104531000.0,
        "Weighted Average Shs Out (Dil)": 104531000.0,
        "Dividend per Share": 0.0,
        "Gross Margin": 0.783960568545,
        "EBITDA Margin": 0.155594243673,
        "EBIT Margin": -0.0264312627435,
        "Profit Margin": -0.271947639495,
        "Free Cash Flow margin": -0.333272034889,
        "EBITDA": 115916000.0,
        "EBIT": -19691000.0,
        "Consolidated Income": -202598000.0,
        "Earnings Before Tax Margin": -0.13410265118,
        "Net Profit Margin": -0.271947639495
    },
    "2016": {
        "Revenue": 690362000.0,
        "Revenue Growth": 0.661677028650102,
        "Cost of Revenue": 192407000.0,
        "Gross Profit": 497955000.0,
        "R&D Expenses": 50514000.0,
        "SG&A Expense": 541558000.0,
        "Operating Expenses": 620913000.0,
        "Operating Income": -122958000.0,
        "Interest Expense": 0.0,
        "Earnings before Tax": -178340000.0,
        "Income Tax Expense": -13406000.0,
        "Net Income - Non-Controlling int": 0.0,
        "Net Income - Discontinued ops": 0.0,
        "Net Income": -432373000.0,
        "Preferred Dividends": 0.0,
        "Net Income Com": -432373000.0,
        "EPS": -4.2,
        "EPS Diluted": -4.2,
        "Weighted Average Shs Out": 102968000.0,
        "Weighted Average Shs Out (Dil)": 102968000.0,
        "Dividend per Share": 0.0,
        "Gross Margin": 0.721295494248,
        "EBITDA Margin": 0.0651745026522,
        "EBIT Margin": -0.178106558588,
        "Profit Margin": -0.6262989562,
        "Free Cash Flow margin": -0.0177805267381,
        "EBITDA": 44994000.0,
        "EBIT": -122958000.0,
        "Consolidated Income": -432373000.0,
        "Earnings Before Tax Margin": -0.258328239387,
        "Net Profit Margin": -0.6262989562
    },
    "2015": {
        "Revenue": 415461000.0,
        "Revenue Growth": 0.204398860134569,
        "Cost of Revenue": 119255000.0,
        "Gross Profit": 296206000.0,
        "R&D Expenses": 39855000.0,
        "SG&A Expense": 429398000.0,
        "Operating Expenses": 486175000.0,
        "Operating Income": -189969000.0,
        "Interest Expense": 0.0,
        "Earnings before Tax": -242211000.0,
        "Income Tax Expense": -3851000.0,
        "Net Income - Non-Controlling int": 0.0,
        "Net Income - Discontinued ops": 0.0,
        "Net Income": -298701000.0,
        "Preferred Dividends": 0.0,
        "Net Income Com": -298701000.0,
        "EPS": -4.61,
        "EPS Diluted": -4.61,
        "Weighted Average Shs Out": 64808000.0,
        "Weighted Average Shs Out (Dil)": 64808000.0,
        "Dividend per Share": 0.0,
        "Gross Margin": 0.712957413572,
        "EBITDA Margin": -0.279126079223,
        "EBIT Margin": -0.457248694823,
        "Profit Margin": -0.718962790731,
        "Free Cash Flow margin": -0.576554718734,
        "EBITDA": -115966000.0,
        "EBIT": -189969000.0,
        "Consolidated Income": -298701000.0,
        "Earnings Before Tax Margin": -0.582993349556,
        "Net Profit Margin": -0.718962790731
    },
    "2014": {
        "Revenue": 344953000.0,
        "Revenue Growth": 0.109319878183297,
        "Cost of Revenue": 83464000.0,
        "Gross Profit": 261489000.0,
        "R&D Expenses": 24139000.0,
        "SG&A Expense": 237158000.0,
        "Operating Expenses": 282911000.0,
        "Operating Income": -21422000.0,
        "Interest Expense": 5319000.0,
        "Earnings before Tax": -27881000.0,
        "Income Tax Expense": 1590000.0,
        "Net Income - Non-Controlling int": 0.0,
        "Net Income - Discontinued ops": 0.0,
        "Net Income": -29471000.0,
        "Preferred Dividends": 0.0,
        "Net Income Com": -29471000.0,
        "EPS": -0.6,
        "EPS Diluted": -0.6,
        "Weighted Average Shs Out": 48860.0,
        "Weighted Average Shs Out (Dil)": 48860.0,
        "Dividend per Share": 0.0,
        "Gross Margin": 0.758042399979,
        "EBITDA Margin": 0.0595820300157,
        "EBIT Margin": -0.0621012137885,
        "Profit Margin": -0.0854348273533,
        "Free Cash Flow margin": 0.00268152472946,
        "EBITDA": 20553000.0,
        "EBIT": -21422000.0,
        "Consolidated Income": -29471000.0,
        "Earnings Before Tax Margin": -0.0808255037643,
        "Net Profit Margin": -0.0854348273533
    },
    "2013": {
        "Revenue": 310959000.0,
        "Revenue Growth": 0.120492216777169,
        "Cost of Revenue": 86172000.0,
        "Gross Profit": 224787000.0,
        "R&D Expenses": 22387000.0,
        "SG&A Expense": 206851000.0,
        "Operating Expenses": 248861000.0,
        "Operating Income": -24074000.0,
        "Interest Expense": 7256000.0,
        "Earnings before Tax": -34077000.0,
        "Income Tax Expense": 2349000.0,
        "Net Income - Non-Controlling int": 0.0,
        "Net Income - Discontinued ops": 0.0,
        "Net Income": -36426000.0,
        "Preferred Dividends": 0.0,
        "Net Income Com": -36426000.0,
        "EPS": -0.79,
        "EPS Diluted": -0.79,
        "Weighted Average Shs Out": 45826.0,
        "Weighted Average Shs Out (Dil)": 45826.0,
        "Dividend per Share": 0.0,
        "Gross Margin": 0.722883081049,
        "EBITDA Margin": 0.0622879543605,
        "EBIT Margin": -0.0774185664348,
        "Profit Margin": -0.117140844935,
        "Free Cash Flow margin": 0.0709000221894,
        "EBITDA": 19369000.0,
        "EBIT": -24074000.0,
        "Consolidated Income": -36426000.0,
        "Earnings Before Tax Margin": -0.109586794401,
        "Net Profit Margin": -0.117140844935
    },
    "2012": {
        "Revenue": 277520000.0,
        "Revenue Growth": 0.0625174680597723,
        "Cost of Revenue": 81918000.0,
        "Gross Profit": 195602000.0,
        "R&D Expenses": 22524000.0,
        "SG&A Expense": 170447000.0,
        "Operating Expenses": 223936000.0,
        "Operating Income": -28334000.0,
        "Interest Expense": 3733000.0,