{
    "2019": {
        "Revenue": 1384733000.0,
        "Revenue Growth": 0.0,
        "Cost of Revenue": 1057766000.0,
        "Gross Profit": 326967000.0,
        "R&D Expenses": 0.0,
        "SG&A Expense": 186027000.0,
        "Operating Expenses": 193907000.0,
        "Operating Income": 129413000.0,
        "Interest Expense": 0.0,
        "Earnings before Tax": 111610000.0,
        "Income Tax Expense": 30049000.0,
        "Net Income - Non-Controlling int": 0.0,
        "Net Income - Discontinued ops": 0.0,
        "Net Income": 77772000.0,
        "Preferred Dividends": 0.0,
        "Net Income Com": 77772000.0,
        "EPS": 1.23,
        "EPS Diluted": 1.22,
        "Weighted Average Shs Out": 57025000.0,
        "Weighted Average Shs Out (Dil)": 57611000.0,
        "Dividend per Share": 0.453871656454,
        "Gross Margin": 0.236122776015,
        "EBITDA Margin": 0.145911161213,
        "EBIT Margin": 0.093457005791,
        "Profit Margin": 0.0561638958557,
        "Free Cash Flow margin": 0.0781854696898,
        "EBITDA": 202048000.0,
        "EBIT": 129413000.0,
        "Consolidated Income": 77772000.0,
        "Earnings Before Tax Margin": 0.0806003756681,
        "Net Profit Margin": 0.0561638958557
    },
    "2018": {
        "Revenue": 1330354000.0,
        "Revenue Growth": 0.0,
        "Cost of Revenue": 1027873000.0,
        "Gross Profit": 302481000.0,
        "R&D Expenses": 0.0,
        "SG&A Expense": 191156000.0,
        "Operating Expenses": 199224000.0,
        "Operating Income": 88254000.0,
        "Interest Expense": 0.0,
        "Earnings before Tax": 76942000.0,
        "Income Tax Expense": 11411000.0,
        "Net Income - Non-Controlling int": 0.0,
        "Net Income - Discontinued ops": 0.0,
        "Net Income": 62007000.0,
        "Preferred Dividends": 0.0,
        "Net Income Com": 62007000.0,
        "EPS": 1.0,
        "EPS Diluted": 0.99,
        "Weighted Average Shs Out": 55696000.0,
        "Weighted Average Shs Out (Dil)": 56334000.0,
        "Dividend per Share": 0.328007952569,
        "Gross Margin": 0.227368805596,
        "EBITDA Margin": 0.123419029822,
        "EBIT Margin": 0.0663387339009,
        "Profit Margin": 0.0466093987014,
        "Free Cash Flow margin": 0.0717185049994,
        "EBITDA": 164191000.0,
        "EBIT": 88254000.0,
        "Consolidated Income": 62007000.0,
        "Earnings Before Tax Margin": 0.0578357339475,
        "Net Profit Margin": 0.0466093987014
    },
    "2017": {
        "Revenue": 1257261000.0,
        "Revenue Growth": 0.0,
        "Cost of Revenue": 961451000.0,
        "Gross Profit": 295810000.0,
        "R&D Expenses": 0.0,
        "SG&A Expense": 202425000.0,
        "Operating Expenses": 210973000.0,
        "Operating Income": 76328000.0,
        "Interest Expense": 0.0,
        "Earnings before Tax": 64831000.0,
        "Income Tax Expense": 24615000.0,
        "Net Income - Non-Controlling int": 0.0,
        "Net Income - Discontinued ops": 0.0,
        "Net Income": 32950000.0,
        "Preferred Dividends": 0.0,
        "Net Income Com": 32950000.0,
        "EPS": 0.51,
        "EPS Diluted": 0.5,
        "Weighted Average Shs Out": 54919000.0,
        "Weighted Average Shs Out (Dil)": 55624000.0,
        "Dividend per Share": 0.302387458651,
        "Gross Margin": 0.235281297996,
        "EBITDA Margin": 0.119379349236,
        "EBIT Margin": 0.0607097492088,
        "Profit Margin": 0.0262077643385,
        "Free Cash Flow margin": 0.0457844473025,
        "EBITDA": 150091000.0,
        "EBIT": 76328000.0,
        "Consolidated Income": 32950000.0,
        "Earnings Before Tax Margin": 0.0515652676731,
        "Net Profit Margin": 0.0262077643385
    },
    "2016": {
        "Revenue": 1290678000.0,
        "Revenue Growth": 0.0,
        "Cost of Revenue": 1005326000.0,
        "Gross Profit": 285352000.0,
        "R&D Expenses": 0.0,
        "SG&A Expense": 180982000.0,
        "Operating Expenses": 190206000.0,
        "Operating Income": 94334000.0,
        "Interest Expense": 0.0,
        "Earnings before Tax": 21973000.0,
        "Income Tax Expense": 23498000.0,
        "Net Income - Non-Controlling int": 0.0,
        "Net Income - Discontinued ops": 0.0,
        "Net Income": 25052000.0,
        "Preferred Dividends": 0.0,
        "Net Income Com": 25052000.0,
        "EPS": 0.4,
        "EPS Diluted": 0.39,
        "Weighted Average Shs Out": 53978000.0,
        "Weighted Average Shs Out (Dil)": 55176000.0,
        "Dividend per Share": 0.294330868494,
        "Gross Margin": 0.221086901613,
        "EBITDA Margin": 0.129199536988,
        "EBIT Margin": 0.0730887177127,
        "Profit Margin": 0.0194099535283,
        "Free Cash Flow margin": 0.0700407072872,
        "EBITDA": 166755000.0,
        "EBIT": 94334000.0,
        "Consolidated Income": 25052000.0,
        "Earnings Before Tax Margin": 0.017024385633,
        "Net Profit Margin": 0.0194099535283
    },
    "2015": {
        "Revenue": 1180073000.0,
        "Revenue Growth": 0.0,
        "Cost of Revenue": 973960000.0,
        "Gross Profit": 206113000.0,
        "R&D Expenses": 0.0,
        "SG&A Expense": 137730000.0,
        "Operating Expenses": 147484000.0,
        "Operating Income": 58267000.0,
        "Interest Expense": 0.0,
        "Earnings before Tax": 823000.0,
        "Income Tax Expense": 9443000.0,
        "Net Income - Non-Controlling int": 0.0,
        "Net Income - Discontinued ops": 0.0,
        "Net Income": 8620000.0,
        "Preferred Dividends": 0.0,
        "Net Income Com": 8620000.0,
        "EPS": -0.06,
        "EPS Diluted": -0.06,
        "Weighted Average Shs Out": 51344000.0,
        "Weighted Average Shs Out (Dil)": 51344000.0,
        "Dividend per Share": 0.153260361483,
        "Gross Margin": 0.174661228585,
        "EBITDA Margin": 0.106051913738,
        "EBIT Margin": 0.0493757589573,
        "Profit Margin": 0.00730463284898,
        "Free Cash Flow margin": 0.0363536832043,
        "EBITDA": 125149000.0,
        "EBIT": 58267000.0,
        "Consolidated Income": 8620000.0,
        "Earnings Before Tax Margin": 0.000697414481985,
        "Net Profit Margin": 0.00730463284898
    },
    "2014": {
        "Revenue": 1067780000.0,
        "Revenue Growth": 0.0498258778372277,
        "Cost of Revenue": 875232000.0,
        "Gross Profit": 192548000.0,
        "R&D Expenses": 0.0,
        "SG&A Expense": 136939000.0,
        "Operating Expenses": 144221000.0,
        "Operating Income": 48327000.0,
        "Interest Expense": 18807000.0,
        "Earnings before Tax": 24018000.0,
        "Income Tax Expense": 19637000.0,
        "Net Income - Non-Controlling int": 3593000.0,
        "Net Income - Discontinued ops": 0.0,
        "Net Income": 4381000.0,
        "Preferred Dividends": 14143000.0,
        "Net Income Com": -9762000.0,
        "EPS": -0.21,
        "EPS Diluted": -0.21,
        "Weighted Average Shs Out": 52748211.0,
        "Weighted Average Shs Out (Dil)": 47277000.0,
        "Dividend per Share": 0.0,
        "Gross Margin": 0.1803,
        "EBITDA Margin": 0.1,
        "EBIT Margin": 0.0401,
        "Profit Margin": -0.009,
        "Free Cash Flow margin": 0.0295,
        "EBITDA": 106499000.0,
        "EBIT": 42825000.0,
        "Consolidated Income": 7974000.0,
        "Earnings Before Tax Margin": 0.0225,
        "Net Profit Margin": 0.0041
    },
    "2013": {
        "Revenue": 1017102000.0,
        "Revenue Growth": 0.00330059698783534,
        "Cost of Revenue": 829141000.0,
        "Gross Profit": 187961000.0,
        "R&D Expenses": 0.0,
        "SG&A Expense": 121406000.0,
        "Operating Expenses": 130483000.0,
        "Operating Income": 57478000.0,
        "Interest Expense": 18526000.0,
        "Earnings before Tax": 36595000.0,
        "Income Tax Expense": 15935000.0,
        "Net Income - Non-Controlling int": 2520000.0,
        "Net Income - Discontinued ops": 0.0,