{
    "2018": {
        "Revenue": 2267278000.0,
        "Revenue Growth": 0.28300590608326,
        "Cost of Revenue": 1983627000.0,
        "Gross Profit": 283651000.0,
        "R&D Expenses": 8800000.0,
        "SG&A Expense": 95114000.0,
        "Operating Expenses": 123382000.0,
        "Operating Income": 110987000.0,
        "Interest Expense": 28759000.0,
        "Earnings before Tax": 96004000.0,
        "Income Tax Expense": 26583000.0,
        "Net Income - Non-Controlling int": 0.0,
        "Net Income - Discontinued ops": 0.0,
        "Net Income": 69421000.0,
        "Preferred Dividends": 0.0,
        "Net Income Com": 69421000.0,
        "EPS": 1.22,
        "EPS Diluted": 1.19,
        "Weighted Average Shs Out": 56996000.0,
        "Weighted Average Shs Out (Dil)": 58430000.0,
        "Dividend per Share": 0.304090364539,
        "Gross Margin": 0.125106405125,
        "EBITDA Margin": 0.066895193267,
        "EBIT Margin": 0.0489516503931,
        "Profit Margin": 0.0306186537337,
        "Free Cash Flow margin": 0.0346062547248,
        "EBITDA": 151670000.0,
        "EBIT": 110987000.0,
        "Consolidated Income": 69421000.0,
        "Earnings Before Tax Margin": 0.0423432856491,
        "Net Profit Margin": 0.0306186537337
    },
    "2017": {
        "Revenue": 1767161000.0,
        "Revenue Growth": -0.0424196020036371,
        "Cost of Revenue": 1506286000.0,
        "Gross Profit": 260875000.0,
        "R&D Expenses": 3900000.0,
        "SG&A Expense": 77825000.0,
        "Operating Expenses": 98766000.0,
        "Operating Income": 130816000.0,
        "Interest Expense": 16400000.0,
        "Earnings before Tax": 122538000.0,
        "Income Tax Expense": 11116000.0,
        "Net Income - Non-Controlling int": 0.0,
        "Net Income - Discontinued ops": 0.0,
        "Net Income": 111422000.0,
        "Preferred Dividends": 0.0,
        "Net Income Com": 111422000.0,
        "EPS": 1.88,
        "EPS Diluted": 1.78,
        "Weighted Average Shs Out": 59358000.0,
        "Weighted Average Shs Out (Dil)": 62599000.0,
        "Dividend per Share": 0.244652470487,
        "Gross Margin": 0.147623787533,
        "EBITDA Margin": 0.0938618495994,
        "EBIT Margin": 0.0740260791179,
        "Profit Margin": 0.0630514141043,
        "Free Cash Flow margin": 0.0669565478188,
        "EBITDA": 165869000.0,
        "EBIT": 130816000.0,
        "Consolidated Income": 111422000.0,
        "Earnings Before Tax Margin": 0.0693417294746,
        "Net Profit Margin": 0.0630514141043
    },
    "2016": {
        "Revenue": 1845444000.0,
        "Revenue Growth": -0.0897884032909673,
        "Cost of Revenue": 1519910000.0,
        "Gross Profit": 325534000.0,
        "R&D Expenses": 6400000.0,
        "SG&A Expense": 74129000.0,
        "Operating Expenses": 100469000.0,
        "Operating Income": 202532000.0,
        "Interest Expense": 15663000.0,
        "Earnings before Tax": 185417000.0,
        "Income Tax Expense": 65984000.0,
        "Net Income - Non-Controlling int": 0.0,
        "Net Income - Discontinued ops": 0.0,
        "Net Income": 119433000.0,
        "Preferred Dividends": 0.0,
        "Net Income Com": 119433000.0,
        "EPS": 1.87,
        "EPS Diluted": 1.82,
        "Weighted Average Shs Out": 63729000.0,
        "Weighted Average Shs Out (Dil)": 65762000.0,
        "Dividend per Share": 0.0,
        "Gross Margin": 0.176398741983,
        "EBITDA Margin": 0.129671775464,
        "EBIT Margin": 0.109747031067,
        "Profit Margin": 0.0647177589783,
        "Free Cash Flow margin": 0.0858373377897,
        "EBITDA": 239302000.0,
        "EBIT": 202532000.0,
        "Consolidated Income": 119433000.0,
        "Earnings Before Tax Margin": 0.10047284014,
        "Net Profit Margin": 0.0647177589783
    },
    "2015": {
        "Revenue": 2027489000.0,
        "Revenue Growth": 0.0881085592076487,
        "Cost of Revenue": 1724046000.0,
        "Gross Profit": 303443000.0,
        "R&D Expenses": 4800000.0,
        "SG&A Expense": 73495000.0,
        "Operating Expenses": 99554000.0,
        "Operating Income": 180369000.0,
        "Interest Expense": 19548000.0,
        "Earnings before Tax": 163311000.0,
        "Income Tax Expense": 59022000.0,
        "Net Income - Non-Controlling int": 0.0,
        "Net Income - Discontinued ops": 0.0,
        "Net Income": 104289000.0,
        "Preferred Dividends": 0.0,
        "Net Income Com": 104289000.0,
        "EPS": 1.55,
        "EPS Diluted": 1.5,
        "Weighted Average Shs Out": 67201.0,
        "Weighted Average Shs Out (Dil)": 69368.0,
        "Dividend per Share": 0.0,
        "Gross Margin": 0.149664437144,
        "EBITDA Margin": 0.107703173729,
        "EBIT Margin": 0.0889617650207,
        "Profit Margin": 0.0514375170469,
        "Free Cash Flow margin": 0.0547218751865,
        "EBITDA": 218367000.0,
        "EBIT": 180369000.0,
        "Consolidated Income": 104289000.0,
        "Earnings Before Tax Margin": 0.0805484024821,
        "Net Profit Margin": 0.0514375170469
    },
    "2014": {
        "Revenue": 1863315000.0,
        "Revenue Growth": 0.1391642405694,
        "Cost of Revenue": 1630681000.0,
        "Gross Profit": 232634000.0,
        "R&D Expenses": 1700000.0,
        "SG&A Expense": 61694000.0,
        "Operating Expenses": 85272000.0,
        "Operating Income": 122386000.0,
        "Interest Expense": 22165000.0,
        "Earnings before Tax": 98462000.0,
        "Income Tax Expense": 37532000.0,
        "Net Income - Non-Controlling int": 0.0,
        "Net Income - Discontinued ops": 0.0,
        "Net Income": 60930000.0,
        "Preferred Dividends": 0.0,
        "Net Income Com": 60930000.0,
        "EPS": 0.88,
        "EPS Diluted": 0.85,
        "Weighted Average Shs Out": 68895.0,
        "Weighted Average Shs Out (Dil)": 71063.0,
        "Dividend per Share": 0.0,
        "Gross Margin": 0.124849528931,
        "EBITDA Margin": 0.0891180503565,
        "EBIT Margin": 0.0656818627017,
        "Profit Margin": 0.0326997850605,
        "Free Cash Flow margin": 0.039004677148,
        "EBITDA": 166055000.0,
        "EBIT": 122386000.0,
        "Consolidated Income": 60930000.0,
        "Earnings Before Tax Margin": 0.0528423803812,
        "Net Profit Margin": 0.0326997850605
    },
    "2013": {
        "Revenue": 1635686000.0,
        "Revenue Growth": 0.377716796210383,
        "Cost of Revenue": 1420563000.0,
        "Gross Profit": 215123000.0,
        "R&D Expenses": 2200000.0,
        "SG&A Expense": 58666000.0,
        "Operating Expenses": 82652000.0,
        "Operating Income": 103191000.0,
        "Interest Expense": 26308000.0,
        "Earnings before Tax": 77623000.0,
        "Income Tax Expense": 31094000.0,
        "Net Income - Non-Controlling int": 0.0,
        "Net Income - Discontinued ops": 0.0,
        "Net Income": 46529000.0,
        "Preferred Dividends": 0.0,
        "Net Income Com": 46529000.0,
        "EPS": 0.67,
        "EPS Diluted": 0.67,
        "Weighted Average Shs Out": 68460.0,
        "Weighted Average Shs Out (Dil)": 69081.0,
        "Dividend per Share": 0.0,
        "Gross Margin": 0.131518518836,
        "EBITDA Margin": 0.0893631173709,
        "EBIT Margin": 0.0630872918152,
        "Profit Margin": 0.0284461687634,
        "Free Cash Flow margin": 0.0674438737019,
        "EBITDA": 146170000.0,
        "EBIT": 103191000.0,
        "Consolidated Income": 46529000.0,
        "Earnings Before Tax Margin": 0.0474559298056,
        "Net Profit Margin": 0.0284461687634
    },
    "2012": {
        "Revenue": 1187244000.0,
        "Revenue Growth": 0.0,
        "Cost of Revenue": 1120524000.0,
        "Gross Profit": 66720000.0,
        "R&D Expenses": 1000000.0,
        "SG&A Expense": 30994000.0,
        "Operating Expenses": 34949000.0,
        "Operating Income": 19790000.0,
        "Interest Expense": 4136000.0,
        "Earnings before Tax": 15213000.0,