{
    "2018": {
        "Revenue": 7691651000.0,
        "Revenue Growth": 0.00089618887450545,
        "Cost of Revenue": 3974702000.0,
        "Gross Profit": 3716949000.0,
        "R&D Expenses": 0.0,
        "SG&A Expense": 6879557000.0,
        "Operating Expenses": 6879557000.0,
        "Operating Income": 812094000.0,
        "Interest Expense": 157185000.0,
        "Earnings before Tax": 812094000.0,
        "Income Tax Expense": 163028000.0,
        "Net Income - Non-Controlling int": 0.0,
        "Net Income - Discontinued ops": 0.0,
        "Net Income": 640749000.0,
        "Preferred Dividends": 0.0,
        "Net Income Com": 640749000.0,
        "EPS": 5.06,
        "EPS Diluted": 5.0,
        "Weighted Average Shs Out": 126698927.0,
        "Weighted Average Shs Out (Dil)": 128263558.0,
        "Dividend per Share": 1.98771189553,
        "Gross Margin": 0.483244624594,
        "EBITDA Margin": 0.122626728644,
        "EBIT Margin": 0.10558123347,
        "Profit Margin": 0.0833044817036,
        "Free Cash Flow margin": 0.0741504002197,
        "EBITDA": 943202000.0,
        "EBIT": 812094000.0,
        "Consolidated Income": 640749000.0,
        "Earnings Before Tax Margin": 0.10558123347,
        "Net Profit Margin": 0.0833044817036
    },
    "2017": {
        "Revenue": 7684764000.0,
        "Revenue Growth": 0.00399520053345987,
        "Cost of Revenue": 4002348000.0,
        "Gross Profit": 3682416000.0,
        "R&D Expenses": 0.0,
        "SG&A Expense": 6911994000.0,
        "Operating Expenses": 6911994000.0,
        "Operating Income": 772770000.0,
        "Interest Expense": 147297000.0,
        "Earnings before Tax": 772770000.0,
        "Income Tax Expense": 219433000.0,
        "Net Income - Non-Controlling int": 0.0,
        "Net Income - Discontinued ops": 0.0,
        "Net Income": 549094000.0,
        "Preferred Dividends": 0.0,
        "Net Income Com": 549094000.0,
        "EPS": 4.4,
        "EPS Diluted": 4.26,
        "Weighted Average Shs Out": 124843240.0,
        "Weighted Average Shs Out (Dil)": 129017613.0,
        "Dividend per Share": 1.45870781224,
        "Gross Margin": 0.479184006171,
        "EBITDA Margin": 0.115257410637,
        "EBIT Margin": 0.100558715922,
        "Profit Margin": 0.0714522918336,
        "Free Cash Flow margin": 0.0774472709897,
        "EBITDA": 885726000.0,
        "EBIT": 772770000.0,
        "Consolidated Income": 549094000.0,
        "Earnings Before Tax Margin": 0.100558715922,
        "Net Profit Margin": 0.0714522918336
    },
    "2016": {
        "Revenue": 7654184000.0,
        "Revenue Growth": 0.0621285882924161,
        "Cost of Revenue": 3845800000.0,
        "Gross Profit": 3808384000.0,
        "R&D Expenses": 0.0,
        "SG&A Expense": 6757746000.0,
        "Operating Expenses": 6757746000.0,
        "Operating Income": 896438000.0,
        "Interest Expense": 140896000.0,
        "Earnings before Tax": 896438000.0,
        "Income Tax Expense": 292953000.0,
        "Net Income - Non-Controlling int": 0.0,
        "Net Income - Discontinued ops": 0.0,
        "Net Income": 601916000.0,
        "Preferred Dividends": 0.0,
        "Net Income Com": 601916000.0,
        "EPS": 4.91,
        "EPS Diluted": 4.68,
        "Weighted Average Shs Out": 122650997.0,
        "Weighted Average Shs Out (Dil)": 128552838.0,
        "Dividend per Share": 1.43131029126,
        "Gross Margin": 0.49755584658,
        "EBITDA Margin": 0.128359731096,
        "EBIT Margin": 0.11711738312,
        "Profit Margin": 0.0786388202844,
        "Free Cash Flow margin": 0.104197521251,
        "EBITDA": 982489000.0,
        "EBIT": 896438000.0,
        "Consolidated Income": 601916000.0,
        "Earnings Before Tax Margin": 0.11711738312,
        "Net Profit Margin": 0.0786388202844
    },
    "2015": {
        "Revenue": 7206457000.0,
        "Revenue Growth": 0.0108752676419232,
        "Cost of Revenue": 3656270000.0,
        "Gross Profit": 3550187000.0,
        "R&D Expenses": 0.0,
        "SG&A Expense": 6474427000.0,
        "Operating Expenses": 6474427000.0,
        "Operating Income": 732030000.0,
        "Interest Expense": 130946000.0,
        "Earnings before Tax": 732030000.0,
        "Income Tax Expense": 227923000.0,
        "Net Income - Non-Controlling int": 0.0,
        "Net Income - Discontinued ops": 0.0,
        "Net Income": 503694000.0,
        "Preferred Dividends": 0.0,
        "Net Income Com": 503694000.0,
        "EPS": 4.06,
        "EPS Diluted": 3.87,
        "Weighted Average Shs Out": 124040313.0,
        "Weighted Average Shs Out (Dil)": 130188866.0,
        "Dividend per Share": 0.445767766346,
        "Gross Margin": 0.492639725735,
        "EBITDA Margin": 0.113394002073,
        "EBIT Margin": 0.101579736062,
        "Profit Margin": 0.069894817939,
        "Free Cash Flow margin": 0.1134735141,
        "EBITDA": 817169000.0,
        "EBIT": 732030000.0,
        "Consolidated Income": 503694000.0,
        "Earnings Before Tax Margin": 0.101579736062,
        "Net Profit Margin": 0.069894817939
    },
    "2014": {
        "Revenue": 7128928000.0,
        "Revenue Growth": 0.112411668565697,
        "Cost of Revenue": 3490567000.0,
        "Gross Profit": 3638361000.0,
        "R&D Expenses": 0.0,
        "SG&A Expense": 6176732000.0,
        "Operating Expenses": 6176732000.0,
        "Operating Income": 952196000.0,
        "Interest Expense": 128174000.0,
        "Earnings before Tax": 952196000.0,
        "Income Tax Expense": 302593000.0,
        "Net Income - Non-Controlling int": 0.0,
        "Net Income - Discontinued ops": 0.0,
        "Net Income": 648884000.0,
        "Preferred Dividends": 0.0,
        "Net Income Com": 648884000.0,
        "EPS": 5.07,
        "EPS Diluted": 4.86,
        "Weighted Average Shs Out": 127873708.0,
        "Weighted Average Shs Out (Dil)": 133651855.0,
        "Dividend per Share": 1.35792353948,
        "Gross Margin": 0.510365794128,
        "EBITDA Margin": 0.146029248717,
        "EBIT Margin": 0.133567908106,
        "Profit Margin": 0.0910212587362,
        "Free Cash Flow margin": 0.0971939960679,
        "EBITDA": 1041032000.0,
        "EBIT": 952196000.0,
        "Consolidated Income": 648884000.0,
        "Earnings Before Tax Margin": 0.133567908106,
        "Net Profit Margin": 0.0910212587362
    },
    "2013": {
        "Revenue": 6408534000.0,
        "Revenue Growth": 0.100450686985988,
        "Cost of Revenue": 3197024000.0,
        "Gross Profit": 3211510000.0,
        "R&D Expenses": 0.0,
        "SG&A Expense": 5709646000.0,
        "Operating Expenses": 5709646000.0,
        "Operating Income": 698888000.0,
        "Interest Expense": 123177000.0,
        "Earnings before Tax": 698888000.0,
        "Income Tax Expense": 193587000.0,
        "Net Income - Non-Controlling int": 0.0,
        "Net Income - Discontinued ops": 0.0,
        "Net Income": 499925000.0,
        "Preferred Dividends": 0.0,
        "Net Income Com": 499925000.0,
        "EPS": 3.69,
        "EPS Diluted": 3.55,
        "Weighted Average Shs Out": 135304752.0,
        "Weighted Average Shs Out (Dil)": 140742922.0,
        "Dividend per Share": 0.37456235277,
        "Gross Margin": 0.501130211683,
        "EBITDA Margin": 0.125142193207,
        "EBIT Margin": 0.109055830866,
        "Profit Margin": 0.0780092607763,
        "Free Cash Flow margin": 0.118068812618,
        "EBITDA": 801978000.0,
        "EBIT": 698888000.0,
        "Consolidated Income": 499925000.0,
        "Earnings Before Tax Margin": 0.109055830866,
        "Net Profit Margin": 0.0780092607763
    },
    "2012": {
        "Revenue": 5823554000.0,
        "Revenue Growth": 0.129474800542438,
        "Cost of Revenue": 2948479000.0,
        "Gross Profit": 2875075000.0,
        "R&D Expenses": 0.0,
        "SG&A Expense": 5121626000.0,
        "Operating Expenses": 5121626000.0,
        "Operating Income": 510592000.0,