{
    "2019": {
        "Revenue": 5671593000.0,
        "Revenue Growth": 0.0716568925123938,
        "Cost of Revenue": 3570580000.0,
        "Gross Profit": 2101013000.0,
        "R&D Expenses": 0.0,
        "SG&A Expense": 1665060000.0,
        "Operating Expenses": 1665060000.0,
        "Operating Income": 435953000.0,
        "Interest Expense": 0.0,
        "Earnings before Tax": 429247000.0,
        "Income Tax Expense": 95563000.0,
        "Net Income - Non-Controlling int": 0.0,
        "Net Income - Discontinued ops": 0.0,
        "Net Income": 333684000.0,
        "Preferred Dividends": 0.0,
        "Net Income Com": 333684000.0,
        "EPS": 4.1,
        "EPS Diluted": 4.05,
        "Weighted Average Shs Out": 81420000.0,
        "Weighted Average Shs Out (Dil)": 82340000.0,
        "Dividend per Share": 1.70421423367,
        "Gross Margin": 0.370444952591,
        "EBITDA Margin": 0.114775513687,
        "EBIT Margin": 0.0768660586188,
        "Profit Margin": 0.0588342640242,
        "Free Cash Flow margin": 0.069801200474,
        "EBITDA": 650960000.0,
        "EBIT": 435953000.0,
        "Consolidated Income": 333684000.0,
        "Earnings Before Tax Margin": 0.075683674763,
        "Net Profit Margin": 0.0588342640242
    },
    "2018": {
        "Revenue": 5292359000.0,
        "Revenue Growth": 0.0410217765723831,
        "Cost of Revenue": 3360648000.0,
        "Gross Profit": 1931711000.0,
        "R&D Expenses": 0.0,
        "SG&A Expense": 1477900000.0,
        "Operating Expenses": 1477900000.0,
        "Operating Income": 453811000.0,
        "Interest Expense": 0.0,
        "Earnings before Tax": 452439000.0,
        "Income Tax Expense": 192894000.0,
        "Net Income - Non-Controlling int": 0.0,
        "Net Income - Discontinued ops": 0.0,
        "Net Income": 259545000.0,
        "Preferred Dividends": 0.0,
        "Net Income Com": 259545000.0,
        "EPS": 3.03,
        "EPS Diluted": 3.02,
        "Weighted Average Shs Out": 85592000.0,
        "Weighted Average Shs Out (Dil)": 86080000.0,
        "Dividend per Share": 1.56842472119,
        "Gross Margin": 0.364999993387,
        "EBITDA Margin": 0.125135124053,
        "EBIT Margin": 0.0857483402014,
        "Profit Margin": 0.049041457694,
        "Free Cash Flow margin": 0.058573501911,
        "EBITDA": 662260000.0,
        "EBIT": 453811000.0,
        "Consolidated Income": 259545000.0,
        "Earnings Before Tax Margin": 0.0854890985287,
        "Net Profit Margin": 0.049041457694
    },
    "2017": {
        "Revenue": 5083812000.0,
        "Revenue Growth": 0.0216479203551383,
        "Cost of Revenue": 3200502000.0,
        "Gross Profit": 1883310000.0,
        "R&D Expenses": 0.0,
        "SG&A Expense": 1410711000.0,
        "Operating Expenses": 1410711000.0,
        "Operating Income": 472599000.0,
        "Interest Expense": 0.0,
        "Earnings before Tax": 471911000.0,
        "Income Tax Expense": 166524000.0,
        "Net Income - Non-Controlling int": 0.0,
        "Net Income - Discontinued ops": 0.0,
        "Net Income": 305387000.0,
        "Preferred Dividends": 0.0,
        "Net Income Com": 305387000.0,
        "EPS": 3.45,
        "EPS Diluted": 3.41,
        "Weighted Average Shs Out": 88594000.0,
        "Weighted Average Shs Out (Dil)": 89462000.0,
        "Dividend per Share": 1.49268963359,
        "Gross Margin": 0.370452329866,
        "EBITDA Margin": 0.131988751748,
        "EBIT Margin": 0.0929615414575,
        "Profit Margin": 0.0600704746753,
        "Free Cash Flow margin": 0.0643798393804,
        "EBITDA": 671006000.0,
        "EBIT": 472599000.0,
        "Consolidated Income": 305387000.0,
        "Earnings Before Tax Margin": 0.0928262099385,
        "Net Profit Margin": 0.0600704746753
    },
    "2016": {
        "Revenue": 4976090000.0,
        "Revenue Growth": 0.0590311955237161,
        "Cost of Revenue": 3131876000.0,
        "Gross Profit": 1844214000.0,
        "R&D Expenses": 0.0,
        "SG&A Expense": 1355580000.0,
        "Operating Expenses": 1355580000.0,
        "Operating Income": 488634000.0,
        "Interest Expense": 0.0,
        "Earnings before Tax": 462701000.0,
        "Income Tax Expense": 177939000.0,
        "Net Income - Non-Controlling int": 0.0,
        "Net Income - Discontinued ops": 0.0,
        "Net Income": 310068000.0,
        "Preferred Dividends": 0.0,
        "Net Income Com": 310068000.0,
        "EPS": 3.42,
        "EPS Diluted": 3.37,
        "Weighted Average Shs Out": 90787000.0,
        "Weighted Average Shs Out (Dil)": 92102000.0,
        "Dividend per Share": 1.38581138303,
        "Gross Margin": 0.370615081319,
        "EBITDA Margin": 0.136877548437,
        "EBIT Margin": 0.0981963750656,
        "Profit Margin": 0.0623115739466,
        "Free Cash Flow margin": 0.0685459869094,
        "EBITDA": 681115000.0,
        "EBIT": 488634000.0,
        "Consolidated Income": 310068000.0,
        "Earnings Before Tax Margin": 0.0929848535698,
        "Net Profit Margin": 0.0623115739466
    },
    "2015": {
        "Revenue": 4698719000.0,
        "Revenue Growth": 0.0708381638642181,
        "Cost of Revenue": 2898215000.0,
        "Gross Profit": 1800504000.0,
        "R&D Expenses": 0.0,
        "SG&A Expense": 1298239000.0,
        "Operating Expenses": 1298239000.0,
        "Operating Income": 502265000.0,
        "Interest Expense": 0.0,
        "Earnings before Tax": 482739000.0,
        "Income Tax Expense": 193349000.0,
        "Net Income - Non-Controlling int": 0.0,
        "Net Income - Discontinued ops": 0.0,
        "Net Income": 308854000.0,
        "Preferred Dividends": 0.0,
        "Net Income Com": 308854000.0,
        "EPS": 3.3,
        "EPS Diluted": 3.24,
        "Weighted Average Shs Out": 93634000.0,
        "Weighted Average Shs Out (Dil)": 95200000.0,
        "Dividend per Share": 1.32098739496,
        "Gross Margin": 0.383190397213,
        "EBITDA Margin": 0.146626559281,
        "EBIT Margin": 0.106894027925,
        "Profit Margin": 0.0657315323602,
        "Free Cash Flow margin": 0.0546738376992,
        "EBITDA": 688957000.0,
        "EBIT": 502265000.0,
        "Consolidated Income": 308854000.0,
        "Earnings Before Tax Margin": 0.102738427218,
        "Net Profit Margin": 0.0657315323602
    },
    "2014": {
        "Revenue": 4387889000.0,
        "Revenue Growth": 0.0853401172929132,
        "Cost of Revenue": 2683673000.0,
        "Gross Profit": 1704216000.0,
        "R&D Expenses": 0.0,
        "SG&A Expense": 1252118000.0,
        "Operating Expenses": 1252118000.0,
        "Operating Income": 452098000.0,
        "Interest Expense": 0.0,
        "Earnings before Tax": 448764000.0,
        "Income Tax Expense": 173780000.0,
        "Net Income - Non-Controlling int": 0.0,
        "Net Income - Discontinued ops": 0.0,
        "Net Income": 278902000.0,
        "Preferred Dividends": 0.0,
        "Net Income Com": 278902000.0,
        "EPS": 2.89,
        "EPS Diluted": 2.82,
        "Weighted Average Shs Out": 96669000.0,
        "Weighted Average Shs Out (Dil)": 98765000.0,
        "Dividend per Share": 1.12976256771,
        "Gross Margin": 0.388390864035,
        "EBITDA Margin": 0.142955986352,
        "EBIT Margin": 0.103033144184,
        "Profit Margin": 0.0635617719591,
        "Free Cash Flow margin": 0.0592120721376,
        "EBITDA": 627275000.0,
        "EBIT": 452098000.0,
        "Consolidated Income": 278902000.0,
        "Earnings Before Tax Margin": 0.10227332551,
        "Net Profit Margin": 0.0635617719591
    },
    "2013": {
        "Revenue": 4042870000.0,
        "Revenue Growth": 0.0865316005960931,
        "Cost of Revenue": 2450394000.0,
        "Gross Profit": 1592476000.0,
        "R&D Expenses": 0.0,
        "SG&A Expense": 1183313000.0,
        "Operating Expenses": 1183313000.0,
        "Operating Income": 409163000.0,
        "Interest Expense": 0.0,