{
    "2018": {
        "Revenue": 4546653000.0,
        "Revenue Growth": 0.0471442011720527,
        "Cost of Revenue": 3426401000.0,
        "Gross Profit": 1120252000.0,
        "R&D Expenses": 0.0,
        "SG&A Expense": 757452000.0,
        "Operating Expenses": 757452000.0,
        "Operating Income": 372082000.0,
        "Interest Expense": 0.0,
        "Earnings before Tax": 369342000.0,
        "Income Tax Expense": 72813000.0,
        "Net Income - Non-Controlling int": 0.0,
        "Net Income - Discontinued ops": 0.0,
        "Net Income": 242932000.0,
        "Preferred Dividends": 0.0,
        "Net Income Com": 242932000.0,
        "EPS": 6.5,
        "EPS Diluted": 6.49,
        "Weighted Average Shs Out": 34319890.0,
        "Weighted Average Shs Out (Dil)": 34374269.0,
        "Dividend per Share": 6.08647124976,
        "Gross Margin": 0.246390476687,
        "EBITDA Margin": 0.0866960817111,
        "EBIT Margin": 0.0818364629982,
        "Profit Margin": 0.0534309523951,
        "Free Cash Flow margin": 0.0337399841158,
        "EBITDA": 394177000.0,
        "EBIT": 372082000.0,
        "Consolidated Income": 242932000.0,
        "Earnings Before Tax Margin": 0.0812338218905,
        "Net Profit Margin": 0.0534309523951
    },
    "2017": {
        "Revenue": 4341955000.0,
        "Revenue Growth": 0.0287281594388801,
        "Cost of Revenue": 3276296000.0,
        "Gross Profit": 1065659000.0,
        "R&D Expenses": 0.0,
        "SG&A Expense": 715671000.0,
        "Operating Expenses": 715671000.0,
        "Operating Income": 353874000.0,
        "Interest Expense": 0.0,
        "Earnings before Tax": 347511000.0,
        "Income Tax Expense": 90221000.0,
        "Net Income - Non-Controlling int": 0.0,
        "Net Income - Discontinued ops": 0.0,
        "Net Income": 208221000.0,
        "Preferred Dividends": 0.0,
        "Net Income Com": 208221000.0,
        "EPS": 5.81,
        "EPS Diluted": 5.81,
        "Weighted Average Shs Out": 32824947.0,
        "Weighted Average Shs Out (Dil)": 32862633.0,
        "Dividend per Share": 4.99494364922,
        "Gross Margin": 0.245432990439,
        "EBITDA Margin": 0.0865755172497,
        "EBIT Margin": 0.0815010749766,
        "Profit Margin": 0.0479555868267,
        "Free Cash Flow margin": 0.0664778884166,
        "EBITDA": 375907000.0,
        "EBIT": 353874000.0,
        "Consolidated Income": 208221000.0,
        "Earnings Before Tax Margin": 0.0800356060807,
        "Net Profit Margin": 0.0479555868267
    },
    "2016": {
        "Revenue": 4220702000.0,
        "Revenue Growth": 0.0261261259071014,
        "Cost of Revenue": 3186118000.0,
        "Gross Profit": 1034584000.0,
        "R&D Expenses": 0.0,
        "SG&A Expense": 688952000.0,
        "Operating Expenses": 688952000.0,
        "Operating Income": 345632000.0,
        "Interest Expense": 0.0,
        "Earnings before Tax": 341919000.0,
        "Income Tax Expense": 105936000.0,
        "Net Income - Non-Controlling int": 0.0,
        "Net Income - Discontinued ops": 0.0,
        "Net Income": 182810000.0,
        "Preferred Dividends": 0.0,
        "Net Income Com": 182810000.0,
        "EPS": 5.16,
        "EPS Diluted": 5.15,
        "Weighted Average Shs Out": 32582385.0,
        "Weighted Average Shs Out (Dil)": 32616504.0,
        "Dividend per Share": 3.91225252099,
        "Gross Margin": 0.245121309204,
        "EBITDA Margin": 0.0866438805677,
        "EBIT Margin": 0.0818896951265,
        "Profit Margin": 0.0433127001148,
        "Free Cash Flow margin": 0.0554834243214,
        "EBITDA": 365698000.0,
        "EBIT": 345632000.0,
        "Consolidated Income": 182810000.0,
        "Earnings Before Tax Margin": 0.0810099836473,
        "Net Profit Margin": 0.0433127001148
    },
    "2015": {
        "Revenue": 4113239000.0,
        "Revenue Growth": 0.0427677245001952,
        "Cost of Revenue": 3105882000.0,
        "Gross Profit": 1007357000.0,
        "R&D Expenses": 0.0,
        "SG&A Expense": 670609000.0,
        "Operating Expenses": 670609000.0,
        "Operating Income": 336748000.0,
        "Interest Expense": 5547000.0,
        "Earnings before Tax": 331201000.0,
        "Income Tax Expense": 104677000.0,
        "Net Income - Non-Controlling int": 0.0,
        "Net Income - Discontinued ops": 0.0,
        "Net Income": 172929000.0,
        "Preferred Dividends": 0.0,
        "Net Income Com": 172929000.0,
        "EPS": 4.91,
        "EPS Diluted": 4.9,
        "Weighted Average Shs Out": 32435961.0,
        "Weighted Average Shs Out (Dil)": 32480356.0,
        "Dividend per Share": 3.03358743974,
        "Gross Margin": 0.244906021751,
        "EBITDA Margin": 0.0865169760376,
        "EBIT Margin": 0.0818693005682,
        "Profit Margin": 0.0420420500729,
        "Free Cash Flow margin": 0.0480606646003,
        "EBITDA": 355865000.0,
        "EBIT": 336748000.0,
        "Consolidated Income": 172929000.0,
        "Earnings Before Tax Margin": 0.0805207283117,
        "Net Profit Margin": 0.0420420500729
    },
    "2014": {
        "Revenue": 3944540000.0,
        "Revenue Growth": 0.0537516061902103,
        "Cost of Revenue": 2988138000.0,
        "Gross Profit": 956402000.0,
        "R&D Expenses": 0.0,
        "SG&A Expense": 650655000.0,
        "Operating Expenses": 650655000.0,
        "Operating Income": 305747000.0,
        "Interest Expense": 5206000.0,
        "Earnings before Tax": 300541000.0,
        "Income Tax Expense": 91839000.0,
        "Net Income - Non-Controlling int": 0.0,
        "Net Income - Discontinued ops": 0.0,
        "Net Income": 151387000.0,
        "Preferred Dividends": 0.0,
        "Net Income Com": 151387000.0,
        "EPS": 4.33,
        "EPS Diluted": 4.32,
        "Weighted Average Shs Out": 32308073.0,
        "Weighted Average Shs Out (Dil)": 32358854.0,
        "Dividend per Share": 2.15922356212,
        "Gross Margin": 0.242462238943,
        "EBITDA Margin": 0.0820562093425,
        "EBIT Margin": 0.0775114462016,
        "Profit Margin": 0.0383788730752,
        "Free Cash Flow margin": 0.0313009882014,
        "EBITDA": 323674000.0,
        "EBIT": 305747000.0,
        "Consolidated Income": 151387000.0,
        "Earnings Before Tax Margin": 0.0761916471883,
        "Net Profit Margin": 0.0383788730752
    },
    "2013": {
        "Revenue": 3743330000.0,
        "Revenue Growth": 0.0908054055818204,
        "Cost of Revenue": 2844077000.0,
        "Gross Profit": 899253000.0,
        "R&D Expenses": 0.0,
        "SG&A Expense": 628044000.0,
        "Operating Expenses": 628044000.0,
        "Operating Income": 271209000.0,
        "Interest Expense": 5830000.0,
        "Earnings before Tax": 171378000.0,
        "Income Tax Expense": 77660000.0,
        "Net Income - Non-Controlling int": 0.0,
        "Net Income - Discontinued ops": 0.0,
        "Net Income": 127723000.0,
        "Preferred Dividends": 0.0,
        "Net Income Com": 127723000.0,
        "EPS": 3.69,
        "EPS Diluted": 3.68,
        "Weighted Average Shs Out": 32195598.0,
        "Weighted Average Shs Out (Dil)": 32258068.0,
        "Dividend per Share": 1.23491586663,
        "Gross Margin": 0.240228085688,
        "EBITDA Margin": 0.0771812797696,
        "EBIT Margin": 0.072451266653,
        "Profit Margin": 0.0341201550491,
        "Free Cash Flow margin": 0.0362482068105,
        "EBITDA": 288915000.0,
        "EBIT": 271209000.0,
        "Consolidated Income": 127723000.0,
        "Earnings Before Tax Margin": 0.0457822313288,
        "Net Profit Margin": 0.0341201550491
    },
    "2012": {
        "Revenue": 3431712000.0,
        "Revenue Growth": 0.152447864316756,
        "Cost of Revenue": 2617317000.0,
        "Gross Profit": 814395000.0,
        "R&D Expenses": 0.0,
        "SG&A Expense": 589487000.0,
        "Operating Expenses": 589487000.0,
        "Operating Income": 224908000.0,
        "Interest Expense": 4665000.0,