{
    "2018": {
        "Revenue": 64644000.0,
        "Revenue Growth": 0.11949293433084,
        "Cost of Revenue": 43703000.0,
        "Gross Profit": 20941000.0,
        "R&D Expenses": 10744000.0,
        "SG&A Expense": 23194000.0,
        "Operating Expenses": 33938000.0,
        "Operating Income": -12997000.0,
        "Interest Expense": 254000.0,
        "Earnings before Tax": -12507000.0,
        "Income Tax Expense": 160000.0,
        "Net Income - Non-Controlling int": 0.0,
        "Net Income - Discontinued ops": 0.0,
        "Net Income": -12667000.0,
        "Preferred Dividends": 0.0,
        "Net Income Com": -12667000.0,
        "EPS": -0.78,
        "EPS Diluted": -0.78,
        "Weighted Average Shs Out": 16176415.0,
        "Weighted Average Shs Out (Dil)": 16176415.0,
        "Dividend per Share": 0.0,
        "Gross Margin": 0.323943444094,
        "EBITDA Margin": -0.114767031743,
        "EBIT Margin": -0.201055008972,
        "Profit Margin": -0.195950126849,
        "Free Cash Flow margin": -0.203731204752,
        "EBITDA": -7419000.0,
        "EBIT": -12997000.0,
        "Consolidated Income": -12667000.0,
        "Earnings Before Tax Margin": -0.193475032486,
        "Net Profit Margin": -0.195950126849
    },
    "2017": {
        "Revenue": 57744000.0,
        "Revenue Growth": 0.208336820959237,
        "Cost of Revenue": 43362000.0,
        "Gross Profit": 14382000.0,
        "R&D Expenses": 9909000.0,
        "SG&A Expense": 24155000.0,
        "Operating Expenses": 34064000.0,
        "Operating Income": -19682000.0,
        "Interest Expense": 94000.0,
        "Earnings before Tax": -19979000.0,
        "Income Tax Expense": 38000.0,
        "Net Income - Non-Controlling int": 0.0,
        "Net Income - Discontinued ops": 0.0,
        "Net Income": -20017000.0,
        "Preferred Dividends": 0.0,
        "Net Income Com": -20017000.0,
        "EPS": -1.25,
        "EPS Diluted": -1.25,
        "Weighted Average Shs Out": 16062424.0,
        "Weighted Average Shs Out (Dil)": 16062424.0,
        "Dividend per Share": 0.0,
        "Gross Margin": 0.249064837905,
        "EBITDA Margin": -0.232024106401,
        "EBIT Margin": -0.340849265725,
        "Profit Margin": -0.346650734275,
        "Free Cash Flow margin": -0.184607924633,
        "EBITDA": -13398000.0,
        "EBIT": -19682000.0,
        "Consolidated Income": -20017000.0,
        "Earnings Before Tax Margin": -0.345992657246,
        "Net Profit Margin": -0.346650734275
    },
    "2016": {
        "Revenue": 47788000.0,
        "Revenue Growth": 0.184249002552474,
        "Cost of Revenue": 33626000.0,
        "Gross Profit": 14162000.0,
        "R&D Expenses": 7814000.0,
        "SG&A Expense": 20722000.0,
        "Operating Expenses": 28536000.0,
        "Operating Income": -14374000.0,
        "Interest Expense": 298000.0,
        "Earnings before Tax": -14531000.0,
        "Income Tax Expense": 67000.0,
        "Net Income - Non-Controlling int": 0.0,
        "Net Income - Discontinued ops": 0.0,
        "Net Income": -14598000.0,
        "Preferred Dividends": 0.0,
        "Net Income Com": -14598000.0,
        "EPS": -0.92,
        "EPS Diluted": -0.92,
        "Weighted Average Shs Out": 15934935.0,
        "Weighted Average Shs Out (Dil)": 15934935.0,
        "Dividend per Share": 0.0,
        "Gross Margin": 0.296350548255,
        "EBITDA Margin": -0.177973549845,
        "EBIT Margin": -0.300786808404,
        "Profit Margin": -0.305474177618,
        "Free Cash Flow margin": -0.0836820959237,
        "EBITDA": -8505000.0,
        "EBIT": -14374000.0,
        "Consolidated Income": -14598000.0,
        "Earnings Before Tax Margin": -0.304072152005,
        "Net Profit Margin": -0.305474177618
    },
    "2015": {
        "Revenue": 40353000.0,
        "Revenue Growth": -0.0807972665148064,
        "Cost of Revenue": 32010000.0,
        "Gross Profit": 8343000.0,
        "R&D Expenses": 7279000.0,
        "SG&A Expense": 22576000.0,
        "Operating Expenses": 34274000.0,
        "Operating Income": -25931000.0,
        "Interest Expense": 152000.0,
        "Earnings before Tax": -26038000.0,
        "Income Tax Expense": -173000.0,
        "Net Income - Non-Controlling int": 0.0,
        "Net Income - Discontinued ops": 0.0,
        "Net Income": -25865000.0,
        "Preferred Dividends": 0.0,
        "Net Income Com": -25865000.0,
        "EPS": -1.79,
        "EPS Diluted": -1.79,
        "Weighted Average Shs Out": 14427956.0,
        "Weighted Average Shs Out (Dil)": 14427956.0,
        "Dividend per Share": 0.0,
        "Gross Margin": 0.206750427478,
        "EBITDA Margin": -0.513072138379,
        "EBIT Margin": -0.642604019528,
        "Profit Margin": -0.640968453399,
        "Free Cash Flow margin": -0.388075236042,
        "EBITDA": -20704000.0,
        "EBIT": -25931000.0,
        "Consolidated Income": -25865000.0,
        "Earnings Before Tax Margin": -0.645255619161,
        "Net Profit Margin": -0.640968453399
    },
    "2014": {
        "Revenue": 43900000.0,
        "Revenue Growth": 0.111955420466059,
        "Cost of Revenue": 33443000.0,
        "Gross Profit": 10457000.0,
        "R&D Expenses": 8178000.0,
        "SG&A Expense": 24029000.0,
        "Operating Expenses": 32207000.0,
        "Operating Income": -21750000.0,
        "Interest Expense": 144000.0,
        "Earnings before Tax": -21684000.0,
        "Income Tax Expense": 159000.0,
        "Net Income - Non-Controlling int": 0.0,
        "Net Income - Discontinued ops": 0.0,
        "Net Income": -21843000.0,
        "Preferred Dividends": 0.0,
        "Net Income Com": -21843000.0,
        "EPS": -1.52,
        "EPS Diluted": -1.52,
        "Weighted Average Shs Out": 14411054.0,
        "Weighted Average Shs Out (Dil)": 14411054.0,
        "Dividend per Share": 0.0,
        "Gross Margin": 0.238200455581,
        "EBITDA Margin": -0.392482915718,
        "EBIT Margin": -0.495444191344,
        "Profit Margin": -0.497562642369,
        "Free Cash Flow margin": -1.18480637813,
        "EBITDA": -17230000.0,
        "EBIT": -21750000.0,
        "Consolidated Income": -21843000.0,
        "Earnings Before Tax Margin": -0.493940774487,
        "Net Profit Margin": -0.497562642369
    },
    "2013": {
        "Revenue": 39480000.0,
        "Revenue Growth": 0.377673866769027,
        "Cost of Revenue": 23907000.0,
        "Gross Profit": 15573000.0,
        "R&D Expenses": 5127000.0,
        "SG&A Expense": 16119000.0,
        "Operating Expenses": 21246000.0,
        "Operating Income": -5673000.0,
        "Interest Expense": 372000.0,
        "Earnings before Tax": -5947000.0,
        "Income Tax Expense": 370000.0,
        "Net Income - Non-Controlling int": 0.0,
        "Net Income - Discontinued ops": 0.0,
        "Net Income": -6455000.0,
        "Preferred Dividends": 152000.0,
        "Net Income Com": -6455000.0,
        "EPS": -0.51,
        "EPS Diluted": -0.51,
        "Weighted Average Shs Out": 12838230.0,
        "Weighted Average Shs Out (Dil)": 12838230.0,
        "Dividend per Share": 0.0355189149906,
        "Gross Margin": 0.394452887538,
        "EBITDA Margin": -0.0836119554205,
        "EBIT Margin": -0.143693009119,
        "Profit Margin": -0.163500506586,
        "Free Cash Flow margin": -1.00058257345,
        "EBITDA": -3301000.0,
        "EBIT": -5673000.0,
        "Consolidated Income": -6455000.0,
        "Earnings Before Tax Margin": -0.150633232016,
        "Net Profit Margin": -0.163500506586
    },
    "2012": {
        "Revenue": 28657000.0,
        "Revenue Growth": 0.874231523871812,
        "Cost of Revenue": 16514000.0,
        "Gross Profit": 12143000.0,
        "R&D Expenses": 1930000.0,
        "SG&A Expense": 18285000.0,
        "Operating Expenses": 20215000.0,
        "Operating Income": -8072000.0,
        "Interest Expense": 842000.0,
        "Earnings before Tax": -9173000.0,